"統一編號","公司名稱","公司地址","登記狀態"
"03341208","振芳股份有限公司","臺北市中正區新生南路1段116號3樓","核准設立"
"04605797","得記食品有限公司","臺北市中正區羅斯福路4段26號1樓","核准設立"
"05634685","西北食品工業股份有限公司","新北市林口區粉寮路1段102號","核准設立"
"11768704","義美食品股份有限公司","臺北市大同區延平北路2段31號1樓","核准設立"
"12353675","禾鑽興企業有限公司","臺北市大同區迪化街2段149巷6號2樓","核准設立"
"12698729","傑登生研有限公司","新北市新店區北新路3段46號2樓","核准設立"
"12749430","亞洲虎食品股份有限公司","嘉義縣太保市嘉太工業區和順路6號","核准設立"
"12826338","萱展企業股份有限公司","新北市中和區建康路63號","核准設立"
"12981886","惠興國際有限公司","新北市土城區金城路3段101巷10號(1樓)","核准設立"
"13055999","津悅食品有限公司","臺中市西屯區協和里工業區41路33號1樓","核准設立"
"13065498","仲麟實業有限公司","高雄市鳳山區杭州西街164號3樓","核准設立"
"13082519","冠品華通國際股份有限公司","臺北市信義區信義路5段5號","核准設立"
"13101895","豆穌朋食品股份有限公司","新北市新店區寶興路45巷6弄10號1樓","核准設立"
"13125284","仲暘企業有限公司","新北市深坑區北深路3段240號","核准設立"
"13132428","金豐生物科技股份有限公司","臺北市中山區林森北路479號6樓之5","核准設立"
"13160155","海洋維義食品股份有限公司","高雄市鳳山區國泰路2段3巷11號","核准設立"
"13187561","宏偉冷凍食品股份有限公司","屏東縣高樹鄉新南村大和路1-15號","核准設立"
"15892970","信芳股份有限公司","桃園市龜山區嶺頂里茶專路19號","核准設立"
"16216505","山水米實業股份有限公司","苗栗縣苑裡鎮玉田里玉田91之2號","核准設立"
"16395577","正豐農畜產品有限公司","嘉義縣新港鄉南港村菜園28號","核准設立"
"16507784","賀洲國際企業有限公司","花蓮縣花蓮市國興里建興街71號1樓","核准設立"
"16737765","震菖實業有限公司","高雄市楠梓區藍昌路463號1樓","核准設立"
"16759248","台灣景兆豐股份有限公司","臺北市中正區忠孝西路1段50號22樓之18","核准設立"
"16961469","浩群開發股份有限公司","臺東縣臺東市光明里蘭州街86號1樓","核准設立"
"20815812","承成企業有限公司","臺北市南港區八德路4段931號1樓","核准設立"
"22004085","集山實業股份有限公司","宜蘭縣五結鄉成興村五濱路1段18號","核准設立"
"22165244","永詮食品股份有限公司","臺北市信義區基隆路1段186號6樓之6","核准設立"
"22338153","遠哲有限公司","桃園市楊梅區高青路36號","核准設立"
"22660856","長興育樂股份有限公司","桃園市大溪區康莊路96號","核准設立"
"23735308","呷七碗健康生技股份有限公司","新北市中和區中正路907號","核准設立"
"23794404","輝綠科技有限公司","新北市新莊區中正路829巷22弄9號3樓","核准設立"
"23967361","鼎永企業有限公司","屏東縣萬丹鄉社上村萬丹路3段332巷12號","核准設立"
"24214116","秉瀚食品股份有限公司","新北市三重區新北大道2段139巷27號","核准設立"
"24215683","台灣矽能能源股份有限公司","臺中市西屯區臺灣大道三段658號9樓之5","核准設立"
"24252390","源泰食品實業有限公司","桃園市蘆竹區蘆竹里南崁路2段147之18號1樓","核准設立"
"24273260","日紳食品有限公司","臺中市豐原區社皮里一心路169號1樓","核准設立"
"24330874","利口樂通路有限公司","臺北市北投區大業路490號1樓","核准設立"
"24336602","鑫湛國際管理顧問股份有限公司","臺北市中正區忠孝東路2段35號","核准設立"
"24369413","鼎發國際有限公司","新北市三峽區嘉添里嘉添181-12號2樓","核准設立"
"24376759","廣仁國際通商有限公司","臺南市安南區功安一街278號","核准設立"
"24402102","力康捷生技醫學股份有限公司","屏東縣潮州鎮永春里長春路29號1樓","解散"
"24406873","茶月食品有限公司","嘉義市東區後湖里保順路327號1樓","核准設立"
"24424252","金味屋食品股份有限公司","臺中市西屯區港尾里20鄰中清路二段1250巷41號1樓","核准設立"
"24427498","潔心國際貿易有限公司","桃園市中壢區普忠里普忠路211巷8弄20號","核准設立"
"24441506","精鵠股份有限公司","花蓮縣玉里鎮中城里忠孝路27號1樓","核准設立"
"24511615","速達國際企業有限公司","高雄市三民區遼寧2街269號夾層","核准設立"
"24512403","樂活新宇宙有限公司","高雄市三民區平等路27號","解散"
"24529072","高穩食品有限公司","高雄市三民區建武路53巷20號","核准設立"
"24539661","薏麗生技有限公司","臺北市大安區信義路4段281號11樓","解散"
"24551974","北大莊飲食有限公司","臺北市南港區南港路1段105、107號","核准設立"
"24568139","台灣四葉食品科技股份有限公司","新北市汐止區新台五路1段79號19樓之11、12","核准設立"
"24568285","松強食品有限公司","臺北市中山區松江路2號11樓","核准設立"
"24578994","齊芳食業有限公司","臺中市神岡區豐原大道七段522號3樓","核准設立"
"24583309","世界環球交通股份有限公司","臺中市北屯區北屯路360號17樓之2","核准設立"
"24594740","登鋒有限公司","臺中市潭子區東寶里7鄰崇德路五段13號","核准設立"
"24595585","翔美實業有限公司","臺中市太平區華安街90號","核准設立"
"24597893","念川有限公司","臺中市西屯區潮洋里黎明路二段885號","核准設立"
"24604331","福來實業有限公司","新北市汐止區大安街56巷7弄13號","核准設立"
"24616110","大同全球綜合股份有限公司","南投縣南投市文化路559巷4號2樓","核准設立"
"24616646","聚德生醫有限公司","彰化縣彰化市平和七街25號1樓","核准設立"
"24621697","基隆天婦羅有限公司","基隆市信義區孝賢里深澳坑路5-3號","核准設立"
"20765290","溢霖貿易股份有限公司","臺北市內湖區行忠路48號2樓","核准設立"
"16776437","台菌生技股份有限公司","南投縣南投市工業北路26-1號","核准設立"
"12469465","洪國實業股份有限公司","宜蘭縣蘇澳鎮德興七路7號","核准設立"
"05072544","聯企食品股份有限公司","臺北市中正區仁愛路1段22號5樓","核准設立"
"12607565","品香世家股份有限公司","桃園市大溪區永福里向榮街二巷24號1樓","核准設立"
"12737949","台灣普右實業有限公司","彰化縣埔心鄉舊館村興霖路162之1號1樓","核准設立"
"12754242","元吉利有限公司","花蓮縣吉安鄉東昌村東里十一街6號1樓","核准設立"
"12885933","上金實業有限公司","臺南市安南區州北里安和路六段20巷120弄30號","核准設立"
"12941914","弼聖科技股份有限公司","臺北市南港區重陽路198號3樓","核准設立"
"13001072","真鍋事業股份有限公司","桃園市八德區瑞興里介壽路二段252巷71弄77號1樓","核准設立"
"13011445","嘉利食品有限公司","嘉義縣民雄鄉興南村3鄰工業一路8-1號","核准設立"
"13193965","冠均食品有限公司","高雄市岡山區嘉華路135號1樓","核准設立"
"13195773","一田冷凍有限公司","高雄市前鎮區金福路7號","核准設立"
"16186501","新力香食品有限公司","新北市三峽區介壽路1段318巷17號","核准設立"
"16195852","寬達生技有限公司","彰化縣彰化市南美里崙美路230-1號","核准設立"
"16305582","金記食品有限公司","新北市三重區疏洪西路246號3樓","核准設立"
"16365949","富爾禮食品股份有限公司","臺南市永康區王行里永科環路105號3樓","核准設立"
"16571618","祺翔實業有限公司","雲林縣水林鄉灣東村正義南路3號","核准設立"
"16584389","盛豐興農業有限公司","臺北市大安區羅斯福路3段125號11樓之1","核准設立"
"16728409","怡饗美食股份有限公司","臺中市西屯區工業區十路11號之1","核准設立"
"16856804","齊成咖啡食品有限公司","臺中市西屯區潮洋里朝馬二街83號1樓","核准設立"
"16907563","天恩食品有限公司","嘉義縣中埔鄉金蘭村金蘭24-11號","核准設立"
"22468253","信和股份有限公司","新北市五股區五權五路6號","核准設立"
"22749178","誌滿興業有限公司","臺北市大安區和平東路2段53巷2號3樓","核准設立"
"23060232","台灣善美的股份有限公司","臺北市中山區敬業四路33號8樓","核准設立"
"23360245","福壽新實業股份有限公司","臺中市沙鹿區大同街36之1號","核准設立"
"23750519","道昇國際股份有限公司","臺北市文山區羅斯福路6段142巷82號1樓","核准設立"
"23967587","三憶食品股份有限公司","新竹縣芎林鄉柯子林56之10號","核准設立"
"24203223","易珈生技股份有限公司","臺中市南區忠明南路787號27樓","核准設立"
"24224418","利安鑫食品有限公司","高雄市岡山區為隨里為隨東路58巷27號","核准設立"
"24281249","弘乙立實業有限公司","臺中市南屯區鎮平里筏子東街一段62號1樓","核准設立"
"24332612","富賽特生技有限公司","臺北市北投區立德路121巷14號","核准設立"
"24342576","湖旺餐飲有限公司","臺北市信義區基隆路1段155號13樓之5","解散"
"24389065","吉弘生物科技股份有限公司","高雄市岡山區為隨里為隨東路５８巷５號","核准設立"
"24418553","福慧園生技食品有限公司","新竹縣竹北市十興里縣政二路612號","核准設立"
"24424149","台灣達欣園國際貿易有限公司","臺中市北屯區太和二街26號1樓","核准設立"
"24425885","合慶食品有限公司","臺中市太平區東平路123號","核准設立"
"24433344","上大能科技股份有限公司","臺中市大雅區雅潭路296之15號","核准設立"
"24457181","醇品香企業有限公司","新北市汐止區福德一路381巷7號","解散"
"24473350","仕琦有限公司","臺北市中正區濟南路2段62巷15號2樓","核准設立"
"24519779","協乘生物科技股份有限公司","高雄市苓雅區中正一路372號11樓之3","核准設立"
"24520712","勤豐事業有限公司","高雄市鼓山區葆禎路266之7號1樓","核准設立"
"24524175","港潮臺夯國際事業有限公司","高雄市三民區九如2路597號8樓之3","解散"
"24583292","玄帝國際商城股份有限公司","臺中市北屯區平興里北屯路360號17樓之1","核准設立"
"24584975","玉帝大業股份有限公司","臺中市北屯區平興里北屯路366號17樓之3","核准設立"
"24602283","恩佑食品有限公司","臺中市潭子區福仁里大新路80巷25號","解散"
"24604156","雲嘉食品股份有限公司","臺中市太平區德隆里工業十七路9號2樓","核准設立"
"24608218","富宥生技有限公司","雲林縣土庫鎮越港里大同路1之2號1樓","核准設立"
"24624408","連群農產品有限公司","彰化縣彰化市中庄里台化街2之4號1樓","核准設立"
"24626089","斟豆農業生技有限公司","雲林縣大埤鄉南和村中正路152號","核准設立"
"24628262","辰翃營造有限公司","桃園市龜山區新興里中興路１７１巷２號","核准設立"
"24650643","津棧食品有限公司","彰化縣彰化市延平里文心街18號1樓","核准設立"
"24658011","亞比亞實業股份有限公司","桃園市大溪區南興里仁和路二段37巷36號","解散"
"24661753","融疇科技有限公司","高雄市鳳山區三商街68號1樓","核准設立"
"24679249","三能進出口貿易有限公司","高雄市大寮區萬丹路528號1樓","核准設立"
"24692427","年輕人食品有限公司","新北市樹林區三俊街84號(1樓)","核准設立"
"24694229","力克利克有限公司","新北市汐止區福德一路430巷15號(1樓)","核准設立"
"24695986","蓮合有限公司","新北市土城區峯廷里金城路3段166號3樓","核准設立"
"23401766","永鋒油脂有限公司","新北市新莊區四維路171巷20號","核准設立"
"23009572","世鑫食品股份有限公司","臺南市永康區王行里經華路16號","核准設立"
"22812946","好品味生技食品股份有限公司","彰化縣北斗鎮大新里新工一路108號","核准設立"
"22398807","佑煌企業有限公司","臺南市麻豆區大埕里平等路17號","核准設立"
"22211704","美一塑膠實業股份有限公司","臺南市關廟區埤頭里關新路二段223號","核准設立"
"16001119","仟軒實業股份有限公司","桃園市蘆竹區長興里興隆街40巷26號2樓","核准設立"
"12467902","富味鄉食品股份有限公司","彰化縣芳苑鄉仁愛村斗苑路芳苑段73號","核准設立"
"12338577","寶祥貿易股份有限公司","桃園市桃園區春日路1434巷158號","核准設立"
"02360677","大川生技企業有限公司","新北市中和區員山路466巷32號(2樓)","核准設立"
"07067309","味王股份有限公司","臺北市中山區聚盛里中山北路2段79號5樓","核准設立"
"11892605","嘉新食品化纖股份有限公司","臺北市大安區忠孝東路4段219號6樓","破產程序終結(終止)"
"12622290","晨欣食品有限公司","屏東縣屏東市勝利里廣東路998號11樓之2","核准設立"
"12624635","金平陽實業有限公司","彰化縣溪湖鎮太平里太平街新市巷28號","核准設立"
"12693371","三皇生物科技股份有限公司","臺北市中山區復興北路66號4樓之1","核准設立"
"12828672","喜樂之泉股份有限公司","臺中市北區錦平里中華路二段179之3號1樓","核准設立"
"13139554","金衣生命科學股份有限公司","臺北市中山區松江路87號17樓","核准設立"
"16351522","昇孚企業管理有限公司","苗栗縣竹南鎮照南里8鄰華東街3號1樓","核准設立"
"16678864","華森健康國際有限公司","新北市樹林區俊英街81巷61之2號(1樓)","核准設立"
"16878461","愛恩科技股份有限公司","屏東縣東港鎮新勝里新勝街138號","核准設立"
"22075004","西塢食品廠有限公司","高雄市大社區保社里中正路570號","核准設立"
"22265497","皇家可口股份有限公司","臺北市中正區懷寧街64號7樓","核准設立"
"22515349","盛饌實業股份有限公司","桃園市龜山區南上里民生北路一段292巷11號","核准設立"
"22522670","全能營養技術股份有限公司","臺南市永康區蔦松二街3號","核准設立"
"23295701","承威企業有限公司","臺北市信義區莊敬路239巷1弄7號1樓","核准設立"
"23539782","西螺大同醬油股份有限公司","新北市板橋區中山路2段416巷32弄5號","核准設立"
"23553475","永大昌食品股份有限公司","高雄市岡山區後協里介壽西路2號","核准設立"
"24209465","禾康生技製藥股份有限公司","屏東縣屏東市大連里興豐路161號7樓之3","核准設立"
"24216260","臺陽生技有限公司","彰化縣線西鄉頂犁村和線路879號","核准設立"
"24229899","承宇食品有限公司","臺中市沙鹿區興安里斗潭路392之1號","核准設立"
"24233182","商崴有限公司","新北市樹林區和平街５１號","核准設立"
"24238594","九昇素食有限公司","桃園市桃園區成功路2段157號7樓","解散"
"24283871","金穗有限公司","屏東縣屏東市大連里豐年街75巷22號1樓","核准設立"
"24315070","優氏科物企業有限公司","新北市永和區新生里新生路160巷1弄14號","核准設立"
"24336011","全國維他命有限公司","臺北市內湖區民權東路6段15巷38號4樓","核准設立"
"24350913","詠創精密股份有限公司","宜蘭縣蘇澳鎮龍德里龍祥一路6號","核准設立"
"24355522","國代食品有限公司","高雄市仁武區工業二路17巷91號","核准設立"
"24362333","達能生技開發有限公司","新北市五股區成泰路1段2之8號13樓","解散"
"24369862","九天國際股份有限公司","新竹市北區西大路764號7樓之2","核准設立"
"24370489","紘裕食品股份有限公司","新北市三峽區介壽路1段276巷5號","核准設立"
"24380515","樂津食品有限公司","高雄市林園區西溪里西溪路193巷1之1號","核准設立"
"24386258","鮮到味有限公司","新北市三重區中興北街42號2樓","核准設立"
"24386320","垂坤食品有限公司","臺北市松山區南京東路4段164號11樓之3","核准設立"
"24393027","長華生物科技有限公司","高雄市大樹區瓦厝街119巷26弄29號","核准設立"
"24403019","玖芳食品有限公司","新北市三峽區大埔里中園街108之1號(2樓)","核准設立"
"24488213","米林香有限公司","臺北市中正區延平南路216巷8號","核准設立"
"24501692","喜得寶科技有限公司","高雄市鼓山區中華一路164號1樓","核准設立"
"24511571","欣韋投資有限公司","高雄市三民區大昌二路80號11樓之2","核准設立"
"24535118","量智國際科技有限公司","臺北市大安區光復南路578號12樓之1","核准設立"
"24554304","銀葡萄股份有限公司","臺北市松山區民生東路3段156號14樓","核准設立"
"24555296","辰宏事業有限公司","臺北市萬華區桂林路242巷81號","核准設立"
"24580197","新明國際有限公司","臺中市南屯區南屯里五權西路二段666號8樓之5","核准設立"
"24622160","核氧生技有限公司","嘉義市西區福民里徐州一街38號1樓","核准設立"
"24628973","德寶生物科技有限公司","彰化縣田中鎮東路里新生街85號1樓","核准設立"
"24630268","順易昌食品有限公司","臺北市中正區中山北路1段2號4樓之2","核准設立"
"24642124","群富食品有限公司","桃園市中壢區芝芭里民權路三段1050號1樓","核准設立"
"24658244","豐農食品有限公司","高雄市三民區光富路72之1號1樓","核准設立"
"22735391","衡平股份有限公司","臺北市信義區信義路4段460號19樓之1","核准設立"
"22247837","久芳興業有限公司","臺南市東山區聖賢里頂窩17號","核准設立"
"12294162","穎寶企業有限公司","新北市五股區五權路16號2樓","核准設立"
"11087101","方大股份有限公司","臺北市中山區中山北路2段21號7樓","核准設立"
"06499265","豐生製藥生物科技股份有限公司","臺南市官田區二鎮里成功街６０號１樓","核准設立"
"23409330","得荔企業有限公司","新竹市東區復中里經國路一段379巷10弄21號","核准設立"
"24677376","自然力國際科技有限公司","高雄市鼓山區華寧路153號1樓","核准設立"
"24677853","品味實業有限公司","高雄市鳳山區立信街69號1樓","核准設立"
"24682862","香味廣開發有限公司","高雄市仁武區工業二路17巷68弄42號","核准設立"
"24686396","京澄國際餐飲有限公司","高雄市鼓山區明華路237號1樓","核准設立"
"24691481","臺灣吉品臻貿易有限公司","新北市新莊區化成路364巷3號","核准設立"
"24694425","王統冷凍食品有限公司","新北市三峽區嘉添181之15號","核准設立"
"24713942","富侑食品有限公司","新北市樹林區民權街5巷19弄20號","核准設立"
"24726741","茂盛食品工業有限公司","新北市深坑區萬福里北深路3段71號(2樓)","核准設立"
"24727609","饕寶有限公司","新北市中和區立人街31號(1樓)","核准設立"
"24730077","有鴻生物科技股份有限公司","新北市中和區建八路16號7樓之2","核准設立"
"24731385","兆發開發國際實業有限公司","新北市汐止區翠峰街2巷11弄4號","核准設立"
"24831960","五更物產有限公司","臺中市大里區塗城路33巷7號","核准設立"
"24840031","淞富開發有限公司","臺中市西區公平里公益北街15號1樓","核准設立"
"24852465","植萃食研有限公司","桃園市八德區大義里永福街107巷10號1樓","解散"
"24870127","儀安國際有限公司","桃園市中壢區仁和里仁德五街5號1樓","核准設立"
"24871202","三遠生技有限公司","雲林縣莿桐鄉埔子村莿桐北路一段16號","核准設立"
"24872835","一條路整合行銷有限公司","苗栗縣苗栗市上苗里中正路165號8樓","核准設立"
"24873503","嘉佑食品有限公司","嘉義市西區保福里國安三街23號3樓之2","核准設立"
"24911746","艾琍亞國際開發有限公司","臺南市安南區府安路三段311巷19號1樓","核准設立"
"24933158","禾餘麥酒有限公司","臺北市松山區民生東路5段153號4樓之14","核准設立"
"24952859","御樂食品企業有限公司","臺北市松山區民生東路5段36巷8弄15號1樓","核准設立"
"24954316","日升旺國際貿易有限公司","臺北市士林區承德路4段1巷29號1樓","核准設立"
"24962857","涼翊國際有限公司","臺北市大安區安和路2段7號1樓","核准設立"
"24965968","合洋開發實業有限公司","臺北市中正區重慶南路1段49號9樓","核准設立"
"24980969","季洋臣興業有限公司","高雄市三民區褒揚東街40號2樓","核准設立"
"24985388","得馨黑豆茶兒實業有限公司","高雄市前金區中正四路103號6樓之6","核准設立"
"24986751","杰森食品開發有限公司","高雄市大樹區瓦厝街6之126號","核准設立"
"25018610","大順製油股份有限公司","彰化縣線西鄉寓埔村彰濱東七路6號","核准設立"
"25019189","廣有實業股份有限公司","新北市泰山區義學里明志路2段136巷21弄10號2樓","核准設立"
"25024916","道香村生技有限公司","高雄市鳳山區文德里八德路2段159號4樓","核准設立"
"25028048","伯美食品有限公司","新北市五股區五工二路116巷15號3樓","核准設立"
"25057330","風味房企業有限公司","臺南市仁德區仁德里22鄰文南街56號","核准設立"
"25060428","誠珍食品廠有限公司","新北市淡水區中正路2段18號3樓之1","解散"
"25072162","麗健福生物科技股份有限公司","嘉義市西區保生里自由路506號8樓之4","核准設立"
"25078882","和星食品企業有限公司","高雄市岡山區為隨東路66巷18號","核准設立"
"25099423","杰邑商行有限公司","臺中市南屯區文心南三路41之7號2樓","核准設立"
"25101363","弘達流通股份有限公司","臺北市中山區敬業四路33號8樓","核准設立"
"25116817","傳騰國際有限公司","臺北市信義區忠孝東路5段790巷24弄8號1樓","核准設立"
"25122228","福農健康實業股份有限公司","臺北市南港區市民大道8段369號2樓之1","核准設立"
"25122825","丹陽國際興業有限公司","臺北市士林區德行東路109巷87號1樓","核准設立"
"25150835","振盛農產品有限公司","臺中市梧棲區大庄里光華南街2號","核准設立"
"25157844","長炘食品有限公司","桃園市龜山區龜山里自強西路102巷3號","核准設立"
"25167694","伊爾發食品有限公司","彰化縣花壇鄉橋頭村花橋街臨180號","核准設立"
"25175104","勁通行銷有限公司","彰化縣埤頭鄉崙腳村崙腳路113號","核准設立"
"25190013","六堆釀興業有限公司","屏東縣竹田鄉履豐村豐振路2-8號","核准設立"
"25194550","集元泰食品有限公司","臺南市鹽水區歡雅里下寮16號1樓","解散"
"25195832","展峰貿易有限公司","基隆市中正區中正路36號1樓","解散"
"27222259","元冠村食品有限公司","高雄市三民區本揚里清華街91號15樓之1","核准設立"
"27316185","栗馬生技股份有限公司","臺北市士林區重慶北路4段110號1樓","核准設立"
"27434198","里美事業有限公司","高雄市三民區灣興街41號","核准設立"
"27436392","三可食品有限公司","南投縣草屯鎮草溪路二一一之三五號","核准設立"
"27511758","禾懋生物醫學股份有限公司","屏東縣萬丹鄉社上村萬丹路3段332巷3號","核准設立"
"27557450","達新威科技有限公司","臺北市內湖區金湖路326巷58號2樓","核准設立"
"27571925","行天生技股份有限公司","臺北市大安區羅斯福路3段245號11樓之1","解散"
"27574351","斯克福開發股份有限公司","臺北市中山區中山北路2段103號4樓之1","廢止"
"27583041","青埔休閒開發有限公司","桃園市桃園區西埔里永安路1326號","核准設立"
"27603320","天銘食品有限公司","桃園市八德區和平路１３４６巷３５號","解散"
"27609181","川岳生物科技股份有限公司","臺南市仁德區保安里文賢路1段510號","核准設立"
"27627322","上水企業有限公司","臺南市後壁區嘉田里上茄苳４８之３號","核准設立"
"27647495","吉家食品股份有限公司","新北市土城區中華路2段243號","核准設立"
"27648733","天之村食品有限公司","基隆市信義區義六路３４巷１４號","核准設立"
"27680753","台灣木德生技股份有限公司","屏東縣長治鄉德和村農科路29號","核准設立"
"27687101","達湧興業有限公司","高雄市三民區正興里德山街35巷17號15樓之1","核准設立"
"27700792","茶多棻事業有限公司","高雄市苓雅區人和里苓雅2路73號","核准設立"
"27746925","生發號農產有限公司","臺北市北投區立德路120巷18號4樓","核准設立"
"27766175","聖陶莎食品有限公司","臺北市北投區立功街80巷5號1樓","核准設立"
"27770451","風尚國際開發股份有限公司","新北市板橋區三民路1段89號10樓","核准設立"
"27807582","久品香食品有限公司","臺中市太平區德隆里光興路103號1樓","核准設立"
"27834981","好家在股份有限公司","臺北市內湖區成功路4段224號1樓","核准設立"
"27849963","峰甲生物科技有限公司","雲林縣土庫鎮崙內里崙內路22之3號1樓","核准設立"
"27854521","詳和食品有限公司","臺南市安南區安中路１段１３０巷１６號","解散"
"27863140","點線麵餐飲股份有限公司","桃園市八德區福德一路237號","核准設立"
"04850123","中祥食品工業股份有限公司","臺北市文山區木新路2段275號1樓","核准設立"
"09405278","先智生物科技股份有限公司","新北市瑞芳區頂坪路瑞芳工業區14號","核准設立"
"11347802","味全食品工業股份有限公司","臺北市中山區松江路125號","核准設立"
"12542260","佳郁企業股份有限公司","新北市樹林區東興街4巷8號","核准設立"
"12713860","豐茂生技有機食品股份有限公司","新北市新莊區五權三路4號之2","核准設立"
"12755241","國福行有限公司","彰化縣溪州鄉東州村中通路68巷18號","核准設立"
"12758731","仁勝工業有限公司","嘉義縣義竹鄉龍蛟村龍蛟潭186附1號","核准設立"
"12776843","木林森國際開發有限公司","臺中市烏日區烏日里公園路396巷37弄3號1樓","核准設立"
"12889847","米加食品有限公司","臺中市太平區富平路13巷5、7、9號","核准設立"
"12914037","新興寧波食品有限公司","新北市深坑區松柏街47巷18號","核准設立"
"13013470","廸笙企業有限公司","高雄市鳳山區鳳仁路92之20號","核准設立"
"13099928","齊欣國際有限公司","臺北市信義區松德路25巷46號","核准設立"
"16164470","宇宙天然能生化科技有限公司","臺北市文山區羅斯福路6段138號2樓","核准設立"
"16579935","百鄴企業有限公司","嘉義縣水上鄉粗溪村粗溪87-1號","核准設立"
"16675557","鉅台有限公司","臺中市外埔區三崁里二崁路23號","核准設立"
"16775367","亨康股份有限公司","新北市汐止區康寧街一六九巷三一之一號一０樓之一","解散"
"22369438","森由企業股份有限公司","雲林縣虎尾鎮平和里光明路56號","核准設立"
"22425683","日正食品工業股份有限公司","臺北市文山區萬芳路21號1樓","核准設立"
"22614185","展新興業股份有限公司","新北市三重區重新路5段609巷20號8樓之2","核准設立"
"22835743","帝箂實業股份有限公司","嘉義縣竹崎鄉文峰村檨仔寮45號","核准設立"
"23100282","唯他有限公司","新北市新店區安和路2段169巷13號4樓","核准設立"
"23212527","鴻昕食品有限公司","花蓮縣吉安鄉東昌村東里十一街8號1樓","核准設立"
"23411856","偉鑫食品業有限公司","雲林縣二崙鄉湳仔村湳仔路144之2號","核准設立"
"23632979","新旭有限公司","新北市中和區建三路４２號","核准設立"
"23994515","義美生機股份有限公司","臺北市大安區信義路2段88號11樓","核准設立"
"24233492","佳隆農畜實業有限公司","雲林縣西螺鎮漢光里中正路258、260號","核准設立"
"24236694","大全興業有限公司","新北市三重區集美街203號3樓","解散"
"24254833","穀物農莊有限公司","高雄市彌陀區產業路199號","核准設立"
"24293977","四海遊龍食品股份有限公司","新北市中和區中山路2段351號4樓之6","核准設立"
"24328434","自由花園有限公司","臺北市中正區仁愛路2段71號12樓之5","核准設立"
"24332063","樺懋預防生技股份有限公司","臺北市中正區忠孝東路2段80號6樓","核准設立"
"24357296","明洧股份有限公司","臺北市大安區光復南路630號4樓","核准設立"
"24358915","極緻經典美味有限公司","桃園市桃園區建華一街19號","解散"
"24402665","永霖開發食品有限公司","新竹縣竹東鎮竹東里大同路31號2樓","廢止"
"24412410","蘿拉生活事業有限公司","苗栗縣公館鄉尖山村6鄰75號","核准設立"
"24427482","台北松榮貿易股份有限公司","新北市三重區重新路5段609巷16號2樓之9","解散"
"24434890","立棋食品科技股份有限公司","桃園市蘆竹區瓦窯里南山路一段109-5號","核准設立"
"24476785","名賀國際股份有限公司","臺北市大安區安和路1段90巷1號","核准設立"
"24498731","益美生物科技股份有限公司","臺北市大安區信義路2段88號10樓","核准設立"
"24519172","耕驊馨有限公司","高雄市三民區遼寧1街210號1樓","解散"
"24536361","三愛賀爾喜股份有限公司","臺北市松山區八德路2段386號9樓之11","核准設立"
"24567693","勝捷餐飲股份有限公司","臺北市中山區南京東路2段96號7樓","核准設立"
"24579712","旅贊餐飲有限公司","臺中市西區和龍里篤信街16號","核准設立"
"24584742","君越國際有限公司","臺中市南屯區五權西路二段673號1樓","核准設立"
"24585566","三英開發建設股份有限公司","臺中市北屯區平興里北屯路366號17樓之3","核准設立"
"24622176","泰康泉生技有限公司","嘉義市西區福民里徐州一街38號1樓","核准設立"
"24625498","鳳凰人際網路股份有限公司","南投縣南投市南崗二路322號1樓","核准設立"
"24625693","甲子園食品有限公司","宜蘭縣冬山鄉義成路三段282巷18號1樓","核准設立"
"24625954","沛澧生技有限公司","新竹市東區文華里經國路一段682號7樓之2","核准設立"
"24626911","宏笙食品有限公司","彰化縣花壇鄉長沙村忠孝街239號","核准設立"
"24639394","一吉旺國際股份有限公司","雲林縣斗六市榴中里榴南路70號","核准設立"
"24644468","和峰食品有限公司","苗栗縣竹南鎮崎頂里13鄰崎頂5號","核准設立"
"24648746","廻鄉有機事業股份有限公司","苗栗縣通霄鎮平安里中正路243號","核准設立"
"24649132","山海珍食品有限公司","雲林縣二崙鄉湳仔村湳子路166-50號1樓","核准設立"
"24657884","金展睿國際股份有限公司","桃園市龍潭區中山里北龍路333號3樓","核准設立"
"24661037","禾豐團膳有限公司","高雄市前金區巿中一路9號9樓之4","核准設立"
"22345387","祥美食品股份有限公司","臺北市大安區信義路2段88號5樓","核准設立"
"05007903","金車股份有限公司","臺北市中正區羅斯福路3段230號","核准設立"
"05002225","唯豐實業股份有限公司","新北市土城區中央路一段３６５巷１８弄７號","解散"
"23831870","梅香莊企業有限公司","彰化縣員林鎮崙雅里崙雅巷8之20號","核准設立"
"22729519","農豪生物科技股份有限公司","臺北市內湖區南京東路6段346號11樓之2","核准設立"
"20923592","岡泉企業股份有限公司","臺北市松山區八德路2段356號6樓","解散"
"24669609","喫果族股份有限公司","高雄市燕巢區安林二街31號","解散"
"24678065","不二製果有限公司","高雄市仁武區京富路60之1號","核准設立"
"24690883","安吉氣象決策資訊有限公司","新北市三重區永清里永福街111巷29號2樓","核准設立"
"24707435","天御一品企業有限公司","新北市汐止區新台五路1段159號13樓之9","解散"
"24709406","和安堂極品科技有限公司","新北市永和區永利路222號2樓","核准設立"
"24724429","滿滿堂有限公司","新北市永和區永樂里自由街51號9樓之1","核准設立"
"24740271","鑫鼎國際股份有限公司","臺北市信義區莊敬路391巷16弄3號4樓","核准設立"
"24743220","元之素食品有限公司","臺北市信義區永吉路30巷157弄5號","核准設立"
"24748061","甜豐食品有限公司","臺北市大同區承德路1段105號7樓之2","核准設立"
"24748359","美泰企業有限公司","臺北市內湖區成功路4段70號7樓之1","核准設立"
"24764287","三分甜食品股份有限公司","臺北市中山區南京東路2段206號4樓之1","核准設立"
"24765912","真善美食品有限公司","臺北市士林區天玉街81巷2號1樓","核准設立"
"24772619","全立嘉有限公司","臺北市大安區永康街12巷8號1樓","核准設立"
"24774709","立和國際良品有限公司","臺北市萬華區和平西路3段30巷58號","核准設立"
"24780343","人本自然生技有限公司","臺北市松山區東興路12號12樓","核准設立"
"24823602","泓濱食品有限公司","臺中市大里區東興里大明路317巷45號1樓","核准設立"
"24852303","聯合食在有限公司","南投縣埔里鎮東門里北辰街66號1樓","核准設立"
"24853366","田王食品有限公司","雲林縣西螺鎮振興里福德街36號","核准設立"
"24861372","觀心園企業有限公司","南投縣南投市營北里營北路164號1樓","核准設立"
"24868895","峻盟股份有限公司","彰化縣彰化市福山里彰南路一段185巷11號1樓","核准設立"
"24881623","稻畝薪有限公司","新竹縣芎林鄉華龍村五和街268號3樓","核准設立"
"24889879","原豐農業股份有限公司","屏東縣內埔鄉豐田村建工路12-2號","核准設立"
"24897771","十二籃國際企業有限公司","新竹縣竹北市東平里六家一路一段140號10樓之1","核准設立"
"24901114","尚品咖啡食品有限公司","臺南市仁德區仁德里文華路三段428巷152弄3號","核准設立"
"24966039","我在家設計科技股份有限公司","臺北市士林區中山北路6段172巷16弄2號4樓之6","核准設立"
"24979604","富益昇食品有限公司","高雄市鳥松區美山路19巷18號1樓","核准設立"
"24983570","翻轉食糧有限公司","高雄市鼓山區美術北五街55號7樓","核准設立"
"25011546","極上食品有限公司","新北市板橋區仁化街64巷36之3號 ","核准設立"
"25019174","豆花開了股份有限公司","臺中市沙鹿區鹿寮里成功東街111號3樓","核准設立"
"25038897","彩園農業生物科技股份有限公司","高雄市左營區博愛四路80號1樓","廢止"
"25041680","豐味香食品科技有限公司","苗栗縣通霄鎮平安里18鄰平元103號","核准設立"
"25049965","青田蔬果有限公司","嘉義市友孝路123號6樓之2","核准設立"
"25054951","激活科技有限公司","屏東縣內埔鄉老埤村25鄰壽比路196號","解散"
"25076688","保羅食品有限公司","高雄市鳥松區仁美里美山路36巷1之39號","解散"
"25088571","美福龍有限公司","桃園市大溪區南興里廣福39-10號","核准設立"
"25108648","瑞勝國際企業有限公司","新北市新店區中興路1段161號12樓","核准設立"
"25123731","清香號沙茶食品有限公司","臺北市萬華區西寧南路90巷11號2樓","核准設立"
"25151834","馨園日本料理有限公司","嘉義市劉厝里博愛路二段882號1樓","核准設立"
"25193320","毫纖生物科技股份有限公司","雲林縣二崙鄉湳仔村湳子路144之2號","核准設立"
"25199942","玖展貿易有限公司","彰化縣彰化市向陽里崙平南路306號1樓","核准設立"
"27408065","鑫球食品有限公司","臺中市神岡區豐洲里豐洲路256巷27號1樓","核准設立"
"27454503","儲匯實業有限公司","臺中市神岡區圳前里神清路83號","核准設立"
"27479764","燁鉅實業有限公司","桃園市桃園區自強路一三一號一樓","解散"
"27516563","甫洲實業有限公司","高雄市大寮區上寮路146之5號","核准設立"
"27530684","寶川企業有限公司","臺北市中正區寧波西街237號1樓","核准設立"
"27653741","韓寶國際企業有限公司","新北市泰山區新北大道6段401號2樓","核准設立"
"27666653","豐年食品科技股份有限公司","新竹縣新豐鄉坡頭村坡子頭７６號","解散"
"27674324","大億食品股份有限公司","彰化縣田中鎮北路里中山街394號1樓","核准設立"
"27704164","自由度網路科技股份有限公司","高雄市三民區民壯路73巷21號1樓","核准設立"
"27723991","裕太國際股份有限公司","新北市淡水區中正東路1段3巷26號(1樓)","解散"
"27730888","韓一軒有限公司","臺北市中正區丹陽街37號1樓","核准設立"
"27769829","珍點養生堂股份有限公司","臺北市士林區忠義街２４號１樓","解散"
"27771698","兆峯群有限公司","臺北市中正區忠孝東路1段45號5樓之3","核准設立"
"27808695","盛香華咖啡實業有限公司","雲林縣古坑鄉永光村光華路１６５之２號１樓","廢止"
"27827601","高浤珍食品有限公司","高雄市林園區中門里中門路339巷26弄32號","廢止"
"27868763","范記天下素食有限公司","新北市中和區立德街52巷17號1樓","核准設立"
"27940553","金門特產加工廠有限公司","金門縣金城鎮伯玉路1段80巷18弄28號","廢止"
"27953212","九松食品興業有限公司","臺北市文山區木柵路１段３２５之３號","解散"
"27963128","百鍵生物科技有限公司","臺北市南港區富康街19號1樓","核准設立"
"27971669","綠地球綠色食研股份有限公司","臺北市大安區敦化南路2段97號16樓","核准設立"
"28039420","卡瓦國際有限公司","臺中市西區雲龍里公益路89號1樓","核准設立"
"28075179","鮮覺生物科技股份有限公司","臺中市神岡區豐洲里豐洲路412-7號","核准設立"
"28087479","奇緯食品有限公司","高雄市鳳山區正義里正義街16巷12號5樓","廢止"
"28090397","金山實業股份有限公司","屏東縣屏東市前進里清進巷１７６號","解散"
"28184465","日向屋餐飲股份有限公司","臺北市信義區松山路465巷29弄14號","解散"
"07710527","品佶企業股份有限公司","宜蘭縣員山鄉尚惠路242號","核准設立"
"04827003","乾恩工廠有限公司","臺北市南港區南港路1段4之2號","核准設立"
"02486752","興霖食品股份有限公司","南投縣南投市永豐里工業北路5號","核准設立"
"23256236","康乃久實業股份有限公司","桃園市蘆竹區長興里興隆街40巷26號1樓","核准設立"
"07228207","昌泰實業廠有限公司","臺北市大同區重慶北路3段76號10樓之2","核准設立"
"23061936","方奕企業有限公司","新北市中和區立德街98巷72號1樓","核准設立"
"24622268","全民文創產業股份有限公司","南投縣南投市漳和里南崗二路322號","核准設立"
"24622302","富源成食品工業有限公司","雲林縣西螺鎮新安里新社40之2號1樓","核准設立"
"24625526","泰興黃豆食品有限公司","桃園市觀音區保障里5鄰草漯29號","核准設立"
"24629826","坤元妙齋食品有限公司","桃園市平鎮區義民里環南路二段27號6樓","核准設立"
"24634742","隨果樂活事業有限公司","新竹縣竹北市東平里嘉豐六路2段79巷3號1樓","核准設立"
"24638825","潘朵拉貿易有限公司","基隆市中正區正砂里中正路171號","核准設立"
"24642481","巧吉食品有限公司","桃園市桃園區西湖里三民路3段170之4號","核准設立"
"24649581","領仙生技股份有限公司","新竹市東區新莊街129巷70弄1號","核准設立"
"24655725","瀧昌生物科技有限公司","屏東縣萬丹鄉萬惠村大憲街25號","解散"
"24677642","生活禪企業有限公司","高雄市仁武區八德一路212之6號","核准設立"
"24681081","盛天發企業有限公司","高雄市仁武區鳳仁路326之1號","核准設立"
"24683953","高新食品有限公司","高雄市大樹區九大路368號","核准設立"
"24692910","黑傑克食品有限公司","新北市土城區永平街28號","核准設立"
"24697582","品安暢流行銷國際股份有限公司","臺北市中山區一江街45號2樓","核准設立"
"24703493","鴻緯智慧科技股份有限公司","新北市中和區建八路16號7樓之2","核准設立"
"24707131","繽豆國際股份有限公司","新北市新店區中興路1段267之2號3樓","核准設立"
"24725089","富瑞璽實業有限公司","新北市土城區沛陂里自強街11巷3號2樓","核准設立"
"24741399","一道氏家族有限公司","臺北市大安區敦化南路1段187巷70號1樓","核准設立"
"24781477","富喜健股份有限公司","臺北市松山區敦化南路1段100巷7弄49號1樓","核准設立"
"24781737","墣禹科技有限公司","臺北市南港區舊莊街1段3巷30號2樓之5","核准設立"
"24849413","上甘國際有限公司","桃園市桃園區武陵里民生路60號7樓之5","解散"
"24851487","派大興有限公司","基隆市七堵區崇廉街55-3號4樓","核准設立"
"24871131","豐明有限公司","桃園市龜山區嶺頂里茶專路19號","核准設立"
"24887274","成鑫食品有限公司","屏東縣萬丹鄉社皮村建隆路218號2樓","核准設立"
"24888822","世豐農業股份有限公司","臺東縣臺東市大勇路18號","核准設立"
"24892375","福灣莊園巧克力有限公司","屏東縣東港鎮大鵬里大鵬路100號","核准設立"
"24930357","加賀水生技有限公司","臺北市松山區寶清街34號1樓","核准設立"
"24952020","光沐有限公司","臺北市北投區明德路335巷1號","核准設立"
"24974571","綠拇指股份有限公司","臺北市信義區松德路12號9樓","核准設立"
"24975608","黑美豆豆有限公司","新北市蘆洲區信義路37巷1號","核准設立"
"24977367","豐達食品有限公司","臺北市中正區愛國西路52號2樓","核准設立"
"25009653","于點創意行銷有限公司","新北市新莊區自重街50號1樓","核准設立"
"25014797","皇美樂活企業有限公司","高雄市楠梓區德賢路530巷31號1樓","核准設立"
"25035815","四季甜煮食品有限公司","新北市八里區觀海大道241號(1樓)","核准設立"
"25044292","貫博生技有限公司","彰化縣彰化市西興里景宗街139號","核准設立"
"25058979","佑柏有限公司","新北市三重區成功路68之1號","核准設立"
"25066470","富迪工業股份有限公司","雲林縣斗六市溪洲里科加路13號","核准設立"
"25076673","長隆國際食品股份有限公司","高雄市仁武區灣內里仁心路20巷22號","核准設立"
"25082154","美旺實業有限公司","桃園市蘆竹區中福里文中路一段119巷3之4號","核准設立"
"25083787","東興田豆有限公司","新北市板橋區長安街138巷7弄19號1樓","核准設立"
"25088050","小春文創有限公司","雲林縣斗六市龍潭里八德路5號1樓","核准設立"
"25091196","安隆食品股份有限公司","新北市新莊區瓊林南路72號","核准設立"
"25099508","樂津股份有限公司","新北市三芝區海景三街2-1號1樓","解散"
"25113425","約亞拿國際股份有限公司","新北市林口區中山路532號3樓之10","核准設立"
"25120306","圓典國際有限公司","臺北市松山區南京東路4段170號2樓之3","撤銷"
"25132324","易康國際有限公司","臺北市內湖區民權東路6段15巷42號4樓","核准設立"
"25144172","泰鄉食品廠有限公司","臺北市內湖區港華街85巷12號","核准設立"
"25151335","阿婆鐵蛋有限公司","新北市淡水區民安里中正路135號之1","核准設立"
"25168342","佳昊實業有限公司","高雄市大社區保社里萬金路7之9號","核准設立"
"27218706","視覺運動創意有限公司","高雄市苓雅區輔仁路177巷2號之3，4樓之1","核准設立"
"27287843","鴻達生物科技有限公司","新北市永和區中正路442巷24號1樓","解散"
"27344106","龍蓁淳國際行銷有限公司","臺北市大安區忠孝東路4段153號12樓","核准設立"
"27533578","夢工廠創意股份有限公司","臺北市內湖區文湖街21巷112弄8號6樓","核准設立"
"27542534","豆之府有限公司","臺北市大安區信義路2段86巷4號1樓","核准設立"
"27543442","大豐生物科技股份有限公司","彰化縣社頭鄉仁雅巷177弄11號","解散"
"27598184","真味上品實業有限公司","臺中市北區北平路2段137之1號2樓","核准設立"
"27599542","台富食品工業股份有限公司","新北市新莊區中正路653號9樓","核准設立"
"27605517","味丹生物科技股份有限公司","臺中市沙鹿區興安路81號","核准設立"
"27611996","六品國際食品有限公司","高雄市燕巢區安招里安林5街22號","核准設立"
"27655591","健創國際企業有限公司","臺中市西區公民里五權路1-67號14樓之1","核准設立"
"27661329","佳源國際開發有限公司","高雄市大樹區竹寮路321號","廢止"
"27662235","金大豐天然食品股份有限公司","臺中市南屯區寶山里工業區二十路４８號１樓","核准設立"
"27670452","泓霖食品工業有限公司","新北市土城區承天路71巷4弄21號","核准設立"
"27694784","立熒企業有限公司","高雄市仁武區竹後里鳳仁路369巷28弄7號","核准設立"
"27697207","溯河生物科技股份有限公司","高雄市三民區大港街１３號","核准設立"
"27723177","云晟企管顧問股份有限公司","臺北市大安區和平東路2段181號2樓","核准設立"
"27778067","台灣智慧美食有限公司","桃園市八德區仁和街４１巷６８弄７號","解散"
"27796065","以晟聯合實業有限公司","高雄市大寮區華東路50號","核准設立"
"27808885","信大國際事業有限公司","雲林縣林內鄉九芎村大埔15號1樓","核准設立"
"27862281","昊天開發生物科技有限公司","臺南市南區新興路１６０號２樓","核准設立"
"27906892","松葉食品股份有限公司","嘉義縣民雄鄉福樂村成功五街１號１樓","廢止"
"27917265","溢大食品有限公司","高雄市仁武區竹後里鳳仁路369巷28弄19號","核准設立"
"27980816","亞泰國際實業有限公司","臺北市信義區大道路89號","廢止"
"28007932","安美得國際有限公司","臺北市大安區龍泉街5巷12號","核准設立"
"28022722","廣耘食品有限公司","桃園市八德區新興路１１７１巷６號","解散"
"28052035","采津香食品有限公司","高雄市岡山區為隨西路１３巷６號","核准設立"
"28058312","仙客來科技有限公司","臺中市大里區仁化里仁化路316巷33號1樓","核准設立"
"28069802","德久食品有限公司","花蓮縣花蓮市民心里美工路９號","核准設立"
"28082214","展安食品有限公司","新北市土城區中華路2段243號","核准設立"
"28180094","幸味村有限公司","臺北市內湖區民權東路6段160號5樓","核准設立"
"28281635","歐美醫藥生物科技股份有限公司","高雄市鳥松區坔埔里松埔路11之10號","核准設立"
"28332016","永興開發貿易有限公司","臺北市大同區承德路3段165之1號8樓之2","核准設立"
"28350533","味宣有限公司","新北市三重區力行路1段188巷18號","核准設立"
"28351603","澎湖第一酒廠股份有限公司","澎湖縣馬公市西文里西文澳97-12號","核准設立"
"28361362","廣晉興業有限公司","高雄市鳳山區興中里4鄰復仁街4號","核准設立"
"28365043","詩唯諾健怡食品有限公司","新北市深坑區北深路3段266號1樓","核准設立"
"28366232","達盛食品有限公司","嘉義縣水上鄉民生村立業街3巷2之2號","核准設立"
"28392920","禾宏生技食品股份有限公司","屏東縣內埔鄉龍泉村16鄰和平新路95-1號","核准設立"
"28446952","養生研股份有限公司","臺北市大同區承德路2段215號5樓之4","核准設立"
"28465079","海拓貿易有限公司","臺北市信義區松隆路282號","核准設立"
"28473887","玉希頂生物科技股份有限公司","新北市新莊區福興里五權一路7號之5（2樓）","解散"
"28491371","哈旺食品有限公司","屏東縣屏東市清溪里建國路332巷25號1樓","核准設立"
"28500239","宏恩素食食品有限公司","嘉義縣竹崎鄉紫雲村３６–１１號","廢止"
"28500391","茂記食品廠有限公司","嘉義縣東石鄉東石118之24號1樓","解散"
"28532247","利河伯工房經貿有限公司","臺中市北屯區松安里松安街228號1樓","核准設立"
"28544953","赤鬼食品股份有限公司","臺中市南屯區大墩路632號","核准設立"
"28551412","台灣國貨館股份有限公司","臺中市北屯區北平路四段89-5號1樓","核准設立"
"28736559","力久咖啡有限公司","臺中市西區大忠里存中街165號1樓","核准設立"
"28741997","真享加有限公司","新北市新店區寶中路106號及108號","核准設立"
"28742948","達義科技工程有限公司","新北市樹林區三福街166號4樓","核准設立"
"28862464","熊屋實業有限公司","新北市三重區光明路13巷22號1樓","核准設立"
"28888274","超賀股份有限公司","新北市新莊區中平路81巷20號5樓","核准設立"
"28914884","富鼎資源科技股份有限公司","彰化縣芳苑鄉仁愛村斗苑路芳苑段63號","核准設立"
"28945296","應騰科技有限公司","新竹市香山區內湖里16鄰五福路1段1巷65號","核准設立"
"29021573","天生地長生醫有限公司","高雄市左營區重義路5號4樓之2","核准設立"
"29068648","纖理股份有限公司","臺北市士林區中山北路7段14巷29之9號2樓","解散"
"29073706","永達雞鴨有限公司","屏東縣潮州鎮三共里文化路107號","解散"
"29080592","台灣楓康超市股份有限公司","臺中市西屯區福星路189號1樓","核准設立"
"29130869","陽光農業科技股份有限公司","臺北市中山區雙城街3巷13號1樓及13-1號1樓","解散"
"29134041","藻芝道生物科技有限公司","新北市板橋區雨農路27巷1號","核准設立，但已命令解散"
"29135436","夢想家食品有限公司","新北市土城區自強街11巷1號2樓","核准設立"
"29160336","宇軒生技企業有限公司","新北市新莊區化成里化成路63巷33號","核准設立"
"29177575","豐田國際實業有限公司","新北市板橋區大觀路2段156巷13號","核准設立"
"30817825","鴻昇發國際有限公司","臺北市中山區南京東路1段1巷5號5樓之6","核准設立"
"34732519","正雄實業有限公司","臺北市大同區赤峰街49巷16號2樓","核准設立"
"42582302","愛爸爸實業有限公司","宜蘭縣羅東鎮復興路一段51號1樓","核准設立"
"42588679","瓃慕爾企業有限公司","屏東縣屏東市明正里北平路16號1樓","核准設立"
"42599850","劉記食品有限公司","桃園市觀音區新坡里張厝137-2號1樓","核准設立"
"42613678","芓芯圓有限公司","臺北市信義區忠孝東路5段1之1號10樓","核准設立"
"42630212","口中好飲食有限公司","臺北市信義區文昌街316號3樓之3","核准設立"
"42647662","艾莫芽學苑股份有限公司","臺北市士林區士東路220號1樓","核准設立"
"42668981","神谷山莊園有限公司","臺中市南屯區大興里南屯路二段2號10樓之1","核准設立"
"52787374","亘原實業股份有限公司","臺中市沙鹿區錦華街17號3樓","核准設立"
"52903486","雅方國際企業股份有限公司","臺中市南區德富路96巷8號1樓","核准設立"
"53032403","勁好佳食品有限公司","彰化縣花壇鄉南口村中山路2段460號之1","解散"
"53051457","展味食品有限公司","臺南市安平區國平里建平一街189巷138號1樓","核准設立"
"53075090","中嘉食品科技有限公司","桃園市八德區和成路33號","核准設立"
"53118437","禮輝食品股份有限公司","臺北市內湖區新湖三路237號(1樓)","核准設立"
"53118957","崇儉實業有限公司","臺北市中山區安東街16巷13弄6號3樓","核准設立"
"53176597","統先食品有限公司","臺中市龍井區竹坑里沙田路四段5號","解散"
"53195659","靚水堂生物科技股份有限公司","臺北市中山區敬業一路128巷18號","核准設立"
"53207249","綠舍企業有限公司","新北市蘆洲區正和街99號2樓","核准設立"
"53208681","臺灣巨申國際行銷有限公司","新北市新店區中正路189巷13號1樓","解散"
"53210379","美力香食品有限公司","新北市土城區復興街5號","核准設立"
"53235961","蕙如企管顧問有限公司","高雄市苓雅區四維四路5號7樓之1","解散"
"53239832","亞洲龍食品股份有限公司","高雄市大寮區利民街30號1樓","核准設立"
"53251390","瑞禾素食調理食品有限公司","高雄市仁武區後庄巷40之2號","核准設立"
"53255797","晏雅餐飲有限公司","高雄市三民區大昌二路111之3號3樓","解散"
"53257985","速麗美國際貿易有限公司","高雄市鳥松區大智路60號1樓","核准設立"
"53275013","橙子瑋彩塑膠有限公司","臺中市北屯區舊社里舊社巷108號","解散"
"53277167","卉生綠能有限公司","桃園市龜山區萬壽路一段163號16樓之2","核准設立"
"53284300","瑞源豆類股份有限公司","臺中市梧棲區草湳里中港加工出口區緯六路15號","核准設立"
"53301357","米助米粉有限公司","彰化縣鹿港鎮東崎里彰鹿路五段2巷42號1樓","核准設立"
"53329101","二百歲身心靈有限公司","臺北市北投區西安街1段329號1樓","解散"
"53331958","夢工房股份有限公司","臺北市中山區南京東路1段92號4樓","核准設立"
"53340653","天宏國際能量生物有限公司","臺北市大安區通安街5號","廢止"
"53342786","康瑞科研股份有限公司","臺北市信義區松山路421號15樓之3","核准設立"
"53354918","無限大國際行銷有限公司","臺北市內湖區康寧路1段269號6樓","核准設立"
"53355509","珍綠品股份有限公司","臺北市中山區中山北路2段27巷3之3號7樓","核准設立"
"53372177","鴻奕有限公司","臺東縣臺東市民生里中正路361號1樓","核准設立"
"53382169","宜大科技股份有限公司","臺北市大安區敦化南路1段233巷37號3樓","核准設立"
"53382858","承新食品有限公司","桃園市八德區廣興里廣福路517之2號","核准設立"
"53387880","元傑食品有限公司","雲林縣土庫鎮東平里忠孝街135號","核准設立"
"53393519","安記製麵食品有限公司","臺中市烏日區前竹里中山路一段和平巷71號","解散"
"53429158","品邑食品有限公司","新北市永和區福和路149號","核准設立"
"53432724","坤耘有限公司","新北市中和區連城路222巷8弄6號(1樓)","核准設立"
"53464611","匯芯農產品商業有限公司","新北市樹林區民權街5巷19弄8號","核准設立"
"53465148","波兒咖啡有限公司","新北市三重區大榮街4號(1樓)","核准設立"
"53497887","台灣精緻咖啡豆股份有限公司","雲林縣斗六市三平里西平路161之1號1樓","核准設立"
"53545425","予安國際有限公司","新北市三重區力行路2段161號1樓及2樓","核准設立"
"53554079","金漢生物科技有限公司","臺北市萬華區西寧南路36號7樓之52","核准設立"
"53561418","海瀧興業有限公司","臺北市士林區中正路650號3樓","核准設立"
"53570205","有明國際食品有限公司","高雄市左營區天祥二路111巷12號3樓","解散"
"53573006","速博王貿易有限公司","高雄市三民區建興路351號2樓","核准設立"
"53587206","德米樂股份有限公司","高雄市湖內區中山路二段２９號","核准設立"
"53602380","衡一生技有限公司","臺南市永康區中正路269巷38號","核准設立"
"53614631","永和素料股份有限公司","雲林縣西螺鎮東興里東興27-2號1樓","核准設立"
"53626192","傳信鑫業有限公司","桃園市大溪區美華里茄苳坑26之1號1樓","核准設立"
"53638649","新寶珍食品有限公司","嘉義縣六腳鄉蒜頭村蒜頭77號之28","核准設立"
"53639582","協珍貿易有限公司","臺中市南屯區鎮平里筏子東街一段58號1樓","核准設立"
"53648914","峰偉生技有限公司","臺東縣臺東市豐榮里豐榮路86巷35號","核准設立"
"53683756","仁寶食品有限公司","新北市五股區五權路16號2樓","核准設立"
"53700880","台宏貿易有限公司","新北市汐止區福德二路168號3樓","核准設立"
"53703681","裕森企業有限公司","新北市樹林區八德街31號","核准設立"
"53711520","台原生物科技股份有限公司","新北市新店區中央六街40號5樓","核准設立"
"53711541","駿霖開發有限公司","新北市三重區河邊北街128巷23號2樓","核准設立"
"53715531","禾豐農業科技有限公司","新北市中和區景安路200巷17號2樓","核准設立"
"53721007","豐有有限公司","新北市中和區連和里中山路2段315巷10號6樓","解散"
"53729198","郭師傅食品企業有限公司","臺北市大同區重慶北路3段76號1樓","核准設立"
"53732975","碧倫生物技術股份有限公司","宜蘭縣五結鄉成興村利工三路101號","核准設立"
"53741828","巧思數位行銷股份有限公司","臺北市大安區忠孝東路4段333號11樓之2","核准設立"
"53780482","遠宇工業有限公司","臺中市太平區鵬儀路107巷2弄6號1樓","核准設立"
"53782469","聖盈國際雜糧有限公司","彰化縣和美鎮中圍里彰新路三段373巷8號1樓","核准設立"
"53804581","塔加企業有限公司","臺東縣臺東市民生里博愛路160號","核准設立"
"53853724","金紅企業有限公司","臺中市西屯區協和里安和路99-10號1樓","核准設立"
"53863194","元香珍食品有限公司","屏東縣屏東市忠孝路468號","核准設立"
"53887793","全緯豆腐食品有限公司","高雄市燕巢區安林四街7號","核准設立"
"53898840","樂享網科技有限公司","高雄市茄萣區民治路37號1樓","核准設立"
"53902680","銀座屋股份有限公司","高雄市苓雅區中正一路135號1樓","解散"
"53909038","廣味美開發有限公司","高雄市仁武區工業二路17巷68弄42號","核准設立"
"53915664","鴻鈺身心靈有限公司","基隆市仁愛區同風里忠四路8號","核准設立"
"53924869","台北卡樂比食品股份有限公司","臺北市中山區松江路125號10樓","核准設立"
"53926228","福久米糧實業股份有限公司","臺北市南港區重陽路196號","核准設立"
"53946012","原味湯廚有限公司","臺北市大同區南京西路25巷48號","核准設立"
"53966353","麥禾豆貿易股份有限公司","雲林縣虎尾鎮新興里光明路123號1樓","解散"
"53985056","禾合生技有限公司","宜蘭縣宜蘭市新生里中山路5段222巷39弄18號1樓","核准設立"
"53985871","京紅豆文化主題館有限公司","屏東縣萬丹鄉中興路二段258號","核准設立"
"54013609","建泰食品有限公司","新北市板橋區大觀路2段153巷46弄18號","核准設立"
"54019879","上河農業開發股份有限公司","新北市新店區民權路100號5樓","核准設立"
"54025507","一國際建設有限公司","臺中市龍井區龍社路68、70號1樓","核准設立"
"54034962","鼎鑫食品加工有限公司","新北市新莊區裕民里11鄰裕民街62號","核准設立"
"54064326","平安餐飲股份有限公司","臺南市安平區安平路49號1樓","核准設立"
"54082366","台農企業有限公司","臺南市學甲區秀昌里下溪洲1-4號2樓","核准設立"
"54083392","八方百玉食品有限公司","臺南市安南區長和路3段133巷111之1號","核准設立"
"54097570","宏暉實業有限公司","新北市汐止區茄苳路88巷6弄14號1樓","核准設立"
"54104376","冠詮生技股份有限公司","新竹縣竹北市鹿場里自強三路31號3樓","核准設立"
"54105369","易采食品有限公司","屏東縣佳冬鄉萬建村忠信街145號","核准設立"
"54121500","安道食品有限公司","彰化縣北斗鎮大道里復興路512號","核准設立"
"54138740","福科食品有限公司","嘉義縣民雄鄉北斗村26鄰中山路65號1樓","核准設立"
"54162065","甲飽二農業科技股份有限公司","桃園市桃園區介壽路459巷6弄1號1樓","解散"
"54171352","岱醇有限公司","臺北市中正區愛國東路92號4樓","核准設立"
"54171395","京饌國際有限公司","臺北市內湖區安泰街51巷2號3樓","核准設立"
"54208040","歐吉鄉食品股份有限公司","高雄市鳳山區鳳仁路100之22號","核准設立"
"54211729","台灣真牛生物科技有限公司","高雄市三民區北平二街16號3樓之2","核准設立"
"54215128","盈香實業有限公司","高雄市鳳山區中山東路136巷37號1樓","核准設立"
"54239775","昌富食品有限公司","雲林縣北港鎮南安里信義路47-1號1樓","解散"
"54242292","太吉企業有限公司","新竹縣湖口鄉鳳山村新興路458-9號","核准設立"
"54243742","醬將食品實業有限公司","南投縣草屯鎮和平里和興街55號2樓","核准設立"
"54245798","鈞曜工業股份有限公司","彰化縣彰化市磚磘里14鄰竹仔腳路181號1樓","核准設立"
"54253348","台灣彩色營養米業股份有限公司","花蓮縣新城鄉北埔村復興路286巷8號1樓","核准設立"
"54253889","兆品興業有限公司","宜蘭縣宜蘭市凱旋里縣政十二街2號","核准設立"
"54270331","廣豐盈食品股份有限公司","新北市中和區中山路2段354號10樓","解散"
"54288705","艾弗式農業技術股份有限公司","新北市新店區北新路3段217號13樓","核准設立"
"54315891","老董企業有限公司","新北市五股區自強路21號","核准設立"
"54316462","快樂園地烘焙材料有限公司","新北市三重區永福街242號(1樓)","核准設立"
"54320260","偶爾吃素餐飲有限公司","臺北市松山區民生東路3段113巷7弄8號(1樓)","核准設立"
"54325716","利迪萊恩有限公司","臺北市信義區松德路171號13樓之2","核准設立"
"54347710","金亞鼎有限公司","臺北市中正區重慶南路1段57號11樓之18","核准設立"
"54396155","日商四葉乳業股份有限公司","新北市汐止區新台五路1段79號19樓之11、12","核准設立"
"54507899","珺康有限公司","新竹縣關西鎮中豐路二段15號1樓","解散"
"54513323","台醬有限公司","桃園市平鎮區建安里金陵路四段28號1樓","核准設立"
"54514694","鴻業海洋冷凍食品有限公司","嘉義縣布袋鎮振寮里後壁寮205之15號","核准設立"
"54516497","明暘全球股份有限公司","宜蘭縣五結鄉四結村清水路1號2樓","核准設立"
"54519683","浦丞企業有限公司","桃園市楊梅區富岡里富聯路356巷6號","廢止"
"54539512","太昌企業有限公司","新竹縣湖口鄉鳳山村新興路458-9號","核准設立"
"54539631","太福企業有限公司","新竹縣湖口鄉鳳山村新興路458-9號","核准設立"
"54540861","香富食品有限公司","新竹市東區光復里忠孝路62號","核准設立"
"54563189","饗饌健康生技有限公司","臺南市仁德區新田里北保東路8巷12號1樓","核准設立"
"54582833","榮晟企業有限公司","臺中市烏日區前竹里中山路一段和平巷71號","核准設立"
"54583919","平安烘焙股份有限公司","臺中市西區向上路一段79巷72號2樓","解散"
"54602486","雄賀國際有限公司","臺中市南屯區三厝里向上路二段328號1樓","解散"
"54606504","威瑪咖啡有限公司","臺中市外埔區水美里水美路130號1樓","核准設立"
"54617045","可瑪國際餐飲有限公司","高雄市三民區新民路105號","核准設立"
"54617360","仙道生物科技股份有限公司","高雄市岡山區為隨西路138號2樓","核准設立"
"54631222","柏彥有限公司","高雄市鳳山區八德路148號12樓","核准設立"
"54637387","華品國際食品有限公司","高雄市苓雅區光華一路206號17樓之2","核准設立"
"54638689","鴻芝禧企業股份有限公司","高雄市仁武區仁光路171號1樓","解散"
"54648379","嚮味有限公司","臺北市中山區南京東路3段189號8樓","核准設立"
"54653082","笛蜜特國際有限公司","新北市板橋區雙十路2段217號21樓","核准設立"
"54653479","日育德養有限公司","臺北市大安區忠孝東路4段148號5樓之6","核准設立"
"11653034","甲天下股份有限公司","臺北市大同區西寧北路62號8樓之11","核准設立"
"09463213","慈生有限公司","桃園市龜山區萬壽路一段１６１號１０樓之３","核准設立"
"03601013","聯夏企業股份有限公司","臺北市中正區仁愛路1段22號5樓","核准設立"
"00403405","福元化學製藥股份有限公司","新北市瑞芳區大寮路95之1號","核准設立"
"23251056","賞味佳食品工業有限公司","新北市新莊區昌平街82巷13弄10號(1樓)","核准設立"
"07634628","盛霖實業有限公司","桃園市中壢區高下路3號","核准設立"
"22888430","妙鷹實驗農場股份有限公司","臺北市內湖區新明路156號1樓","解散"
"24717320","高高高有限公司","新北市永和區信義里永和路2段57號7樓","核准設立"
"24720937","愷得食品有限公司","新北市深坑區萬福里北深路3段286巷23號","核准設立"
"24737085","翔井生技有限公司","新北市三重區朝陽街26巷1弄15號","核准設立"
"24840519","方成圓國際有限公司","臺中市南屯區同心里大墩五街302號1樓","核准設立"
"24875559","宏燁食品有限公司","屏東縣東港鎮船頭里新義路86號","核准設立"
"24886021","五十大地有限公司","宜蘭縣宜蘭市文化里10鄰文化路92-3號","核准設立"
"24904196","幸福良食有限公司","臺南市學甲區慈福里中山路89之1號1樓","核准設立"
"24943374","老祖宗有限公司","臺北市內湖區瑞光路258巷2號10樓之4","核准設立"
"24943894","禾合國際股份有限公司","臺北市信義區忠孝東路5段457號10樓之4","核准設立"
"24947097","天御一品國際企業有限公司","臺北市南港區三重路41巷33號11樓","核准設立"
"24950775","大力顧問有限公司","臺北市松山區塔悠路303號","核准設立"
"24953301","享食創作顧問有限公司","臺北市中正區中華路2段75巷3號1樓","核准設立"
"24971498","糖芯健康管理顧問有限公司","臺北市信義區信義路4段460號18樓","核准設立"
"24975987","和禮生技有限公司","臺北市萬華區中華路2段6號2樓","核准設立"
"25038989","新延香企業有限公司","屏東縣屏東市瑞光里香揚巷391弄9號","核准設立"
"25040697","元魁有限公司","彰化縣彰化市和調里實踐路76巷3-2號","解散"
"25050364","三合豆類有限公司","新北市土城區安和里金城路3段101巷13號13樓","解散"
"25067962","昇晉國際有限公司","新北市蘆洲區中華里8鄰正和街72巷22號","核准設立"
"25069342","台灣欣榮食品股份有限公司","高雄市旗山區三協里磚廠巷16、16之1、16之2號","核准設立"
"25069856","同賀食品有限公司","新北市新莊區西盛里新樹路527巷6號1樓","核准設立"
"25076462","僑泰食品有限公司","臺中市豐原區北湳里角潭路一段113號1樓","核准設立"
"25080281","均安豪生物科技有限公司","臺中市西屯區青海路二段490號9樓之1","核准設立"
"25095192","昱品美食股份有限公司","臺中市太平區新仁路一段22巷71之3號","核准設立"
"25153039","欣隆久企業有限公司","臺中市太平區中山路四段212巷7弄9號","核准設立"
"25166739","長壽田國際貿易有限公司","嘉義縣梅山鄉梅北村中山路617號1樓","核准設立"
"25170207","冰之島食品有限公司","臺中市大里區大元里國中一路72號1樓","核准設立"
"25171851","東靚規劃設計有限公司","花蓮縣吉安鄉北昌村中央路三段554號1樓","核准設立"
"25177378","新勝榮興業有限公司","苗栗縣三義鄉西湖村西湖11之8號","廢止"
"25177742","家珈企業有限公司","桃園市平鎮區宋屋里延平路三段104巷11弄59號1樓","核准設立"
"25178735","老船長咖啡股份有限公司","苗栗縣苗栗市維新里復興路2段108號1樓","解散"
"25181106","彩宸生活事業股份有限公司","臺南市永康區王行里環工路3號","核准設立"
"25190750","順億興食品有限公司","高雄市大寮區新厝里鳳林二路293之20號","核准設立"
"27229289","快樂餐飲事業有限公司","高雄市新興區渤海街23之1號","核准設立"
"27300584","巨勝食品興業有限公司","新北市泰山區明志路3段407巷3號(1樓)","核准設立"
"27467471","普羅生化科技股份有限公司","臺中市豐原區社皮里成功路356巷5號","核准設立"
"27559984","台灣原鄉文創顧問有限公司","臺北市中正區金山北路1號5樓之5","核准設立"
"27578700","名記豆腐有限公司","新北市新莊區復興路3段50號","核准設立"
"27583561","美賜康生化科技股份有限公司","彰化縣鹿港鎮海埔里鹿草路二段559巷3弄26號","核准設立"
"27593694","旭日有機農場股份有限公司","屏東縣恆春鎮網紗里省北路３７４號之１","解散"
"27620165","喬群食品有限公司","高雄市甲仙區寶隆里光華路44巷4號","廢止"
"27641719","貝麗企業有限公司","嘉義市東區吳鳳南路216號","廢止"
"27784928","珈琠有限公司","臺中市西區存中街165號1樓","解散"
"27789276","大爺農產素食有限公司","彰化縣大村鄉美港村美港橫巷9-6號","核准設立"
"27794329","林之林科技股份有限公司","臺中市大雅區二和里雅潭路4段430巷10號","核准設立"
"27799632","晨恩食品有限公司","桃園市八德區興隆街25巷19號1樓","解散"
"27807577","同記安平豆花有限公司","臺南市安平區西門里安北路４３３號","核准設立"
"27820706","台灣香腸食品股份有限公司","雲林縣林內鄉九芎村大埔15號1樓","核准設立"
"27855107","金是金股份有限公司","宜蘭縣員山鄉永和村永同路3段20號","核准設立"
"27857745","榖之鄉食品有限公司","臺中市大里區國光路１段１之１號３樓、４樓","解散"
"27880725","丸有食品工業股份有限公司","新北市三重區碧華街１１２巷１５號１樓","解散"
"27953281","威購國際有限公司","新北市板橋區中正路216巷98號1樓","核准設立"
"27988541","甘寶生物科技有限公司","南投縣南投市東山里東山路13之8號","核准設立"
"27998365","坤淇企業有限公司","臺北市北投區大度路11號","核准設立"
"28017880","廣福生科股份有限公司","屏東縣長治鄉德和村德和路１９０之７號","廢止"
"28076851","三富生技有限公司","臺中市南屯區大墩四街321號地下一層","核准設立"
"28084352","台鼎食品國際有限公司","桃園市龜山區文化２路３４巷２２號","廢止"
"28091059","素仚食品有限公司","新北市樹林區東豐街49巷8弄29號","核准設立"
"28142352","金椿茶油工坊有限公司","苗栗縣三灣鄉永和村3鄰石馬店18之3號","核准設立"
"28145885","台灣大光生物科技有限公司","臺中市南屯區寶山里工業區21路41號1樓","解散"
"28190065","永承享生活有限公司","臺北市大同區承德路1段32號12樓之12","核准設立"
"28202724","布立斯生化科技有限公司","新北市板橋區重慶路89巷48弄12號(1樓)","解散"
"28215798","台灣參太股份有限公司","臺北市南港區南港路3段130巷3弄6號1樓","核准設立"
"28224207","茂榮國際企業股份有限公司","臺北市大安區敦化南路2段267號10樓","解散"
"28280798","味益食品有限公司","高雄市鼓山區九如4路1384號2樓","核准設立"
"28291802","全好食品有限公司","高雄市燕巢區鳳東路312巷8號","核准設立"
"28345758","綠世紀生物科技股份有限公司","雲林縣斗六市榴中里民有街16號","核准設立"
"28362165","生百興業有限公司","宜蘭縣宜蘭市新生里中山路5段222巷39弄12號","核准設立"
"28399304","宜秦食品股份有限公司","彰化縣伸港鄉溪底村工東一路30號","核准設立"
"28402223","福康油茶有限公司","苗栗縣頭份鎮民權里8鄰東興路197巷10號","核准設立"
"28474979","萌點實業有限公司","桃園市桃園區有恆街159號","廢止"
"28513706","萬禾國際興業有限公司","臺中市北區忠明路175號1樓","核准設立"
"28520087","正華食品有限公司","臺南市中西區和緯路四段277巷8弄2號","核准設立"
"28525196","德揚食品有限公司","新北市三峽區嘉添里嘉添225之2號","核准設立"
"28525560","天媽美食有限公司","新北市五股區五權路23號2樓","解散"
"28539451","池上米業有限公司","臺東縣臺東市自強里正氣北路134號","核准設立"
"28542131","華誠開發股份有限公司","新北市樹林區俊英街207號12樓之2","核准設立"
"28544068","小南門食品有限公司","新北市中和區中山路二段340巷35號","核准設立"
"28594329","鴻興製酒股份有限公司","高雄市林園區中門路339巷26弄17號","核准設立"
"28606248","金龍彩食品股份有限公司","高雄市前金區中正四路83之1號1樓","核准設立"
"28720212","清淨母語有限公司","臺北市大安區金華街253-2號","核准設立"
"28743138","明記黃豆食品有限公司","桃園市八德區廣興里廣福路451巷35號2樓","核准設立"
"28747818","綠源生物科技股份有限公司","新北市中和區中原里立德街78號","核准設立"
"28753629","普傳農產股份有限公司","桃園市蘆竹區大竹北路15巷120號","核准設立"
"28784995","寶賀興業有限公司","桃園市桃園區春日里春日路916號1樓之2","廢止"
"28791790","大普實業有限公司","苗栗縣苑裡鎮新復里8鄰新復107-7號","核准設立"
"28807239","保康麗國際股份有限公司","新北市三重區三和路4段111號3樓","解散"
"28836023","百冠生化科技股份有限公司","臺北市大同區承德路3段267號9樓","核准設立"
"28865693","環球可頌企業有限公司","臺北市文山區下崙路11巷31號地下之3","核准設立"
"28866383","同欣緣國際股份有限公司","新北市新莊區新莊路459號","解散"
"28874074","欣忠奇食品有限公司","高雄市路竹區中華路492號1樓","核准設立"
"28941904","南澤有限公司","彰化縣溪湖鎮西溪里員鹿路2段459巷59號","核准設立"
"29039460","欣享食品有限公司","桃園市中壢區永福西園路105號","解散"
"29045028","黃金貿有限公司","臺北市信義區基隆路1段155號8樓之3","核准設立，但已命令解散"
"29064349","東燦科技股份有限公司","臺北市松山區南京東路4段170號3樓之7","核准設立"
"29130447","活力廚坊有限公司","新北市瑞芳區中山路322巷3號","核准設立"
"29150560","晉發機械有限公司","新北市蘆洲區中山一路97巷32弄5號7樓","核准設立"
"29155191","久馥食品有限公司","新北市三重區永福街236號(1樓)","核准設立"
"29160096","尉豐興業股份有限公司","新北市樹林區光興里光興街135號7樓","核准設立"
"29168652","綠易有機農園有限公司","宜蘭縣壯圍鄉忠孝村1鄰壯六路1之3號","解散"
"29169717","祥和全球實業有限公司","新北市永和區中和路345號7樓之2","核准設立"
"33252104","泰豐異瓷股份有限公司","新北市鶯歌區中山路4巷7號","解散"
"35426782","萬家香醬園股份有限公司","臺北市中山區德惠街9號5樓之6","核准設立"
"42566345","正皓工業有限公司","彰化縣彰化市茄南里茄南街70巷22號","核准設立"
"42567512","香取食品有限公司","花蓮縣吉安鄉福興村福興路9號1樓","核准設立"
"42569342","神農氏開發股份有限公司","桃園市桃園區博愛路6號1樓","核准設立"
"42575533","永力豐有限公司","桃園市桃園區汴洲里健行路115號","核准設立"
"42578031","阿米巴國際股份有限公司","桃園市新屋區下田里中山西路2段1181巷6弄2號3樓","核准設立"
"42599161","御盛達有限公司","澎湖縣馬公市林森路87巷14號1樓","核准設立"
"42614228","可鼻阿爸的寶寶副食品有限公司","臺北市中山區民權東路2段92巷7弄20號1樓","核准設立"
"42622254","宣美國際股份有限公司","臺北市內湖區新湖一路87號6樓","核准設立"
"42623916","禾膳坊國際股份有限公司","臺北市內湖區文湖街2之1號3樓","核准設立"
"42638333","馬爾席灣生態農業股份有限公司","臺北市內湖區堤頂大道2段477號2樓","核准設立"
"42643096","久鼎食品有限公司","臺北市松山區八德路4段495號","核准設立"
"52782146","源熠食品股份有限公司","彰化縣社頭鄉協和村山腳路4段159號","核准設立"
"53063566","濟公企業有限公司","嘉義縣布袋鎮光復里18鄰太平東路107號","解散"
"53065699","道祥有限公司","花蓮縣花蓮市主農里中正路73號","核准設立"
"53069885","永璿釀酒股份有限公司","屏東縣春日鄉七佳村自強一路93號","核准設立"
"53080657","樂饗食品有限公司","臺北市士林區忠誠路2段154巷3號1樓","廢止"
"53089664","昊鼎股份有限公司","新竹縣新豐鄉福興村7鄰圓山子116-2號5樓","核准設立"
"53107446","健康佳生物科技股份有限公司","臺北市大安區忠孝東路4段205巷24號7樓","解散"
"53111005","王記府城肉粽有限公司","臺北市松山區八德路2段374號1樓","核准設立"
"53189805","台穀有限公司","臺北市中山區吉林路218巷14號1樓","核准設立"
"53191936","海力士國際股份有限公司","新北市中和區建康路272號6樓","核准設立"
"53257922","万嘉棠食品有限公司","高雄市彌陀區產業路202號","核准設立"
"53274393","銘記食品有限公司","雲林縣二崙鄉湳仔村湳子路99之5號1樓","核准設立"
"53281606","顯新食品有限公司","臺中市大肚區磺溪里文昌二街194號1樓","核准設立"
"53291604","豆豆食品有限公司","桃園市龜山區大華里頂湖五街16號","核准設立"
"53304501","全球絲路有限公司","桃園市桃園區大興里23鄰春日路987-8號","核准設立"
"53320024","御品國際實業有限公司","臺北市北投區懷德街84巷3號1樓","核准設立"
"53323937","無限創意科技工程有限公司","臺北市信義區松德路10號7樓","核准設立"
"53338853","得利通有限公司","臺北市信義區忠孝東路5段372巷27弄77之1號1樓","核准設立"
"53349063","亞太國際綠色產業開發股份有限公司","臺北市大安區忠孝東路4段216巷33弄4號1樓","核准設立"
"53358323","杏子餐飲股份有限公司","臺北市中山區南京東路2段96號7樓","核准設立"
"53376048","鉦豐農畜產品有限公司","嘉義縣六腳鄉崙陽村131號","核准設立"
"53392552","禾亞食品有限公司","臺中市大雅區四德里龍善三街7號2樓","核准設立"
"53401222","雨露生物科技股份有限公司","基隆市暖暖區八堵路73號1樓","核准設立"
"53419399","如月國際有限公司","臺北市中山區南京東路1段25號9樓","核准設立"
"53454120","齊家國際有限公司","新北市中和區中正路827號10樓之1","核准設立"
"53455373","康禾園企業有限公司","新北市永和區民權里民生路46巷2號15樓","核准設立"
"53473105","佳美生物科技有限公司","南投縣水里鄉南光村中山路一段40號","核准設立"
"53485904","子午生物科技有限公司","臺中市北屯區平田里旅順路二段257-2號1樓","核准設立"
"53534692","上路心喜媒體科技有限公司","臺北市內湖區瑞光路513巷36號3樓","核准設立"
"53540836","佳一國際事業有限公司","臺北市信義區基隆路1段155號11樓之5","廢止"
"53546901","鼎廚食品開發股份有限公司","臺北市松山區光復北路89號4樓","核准設立"
"53587830","森森生物科技有限公司","高雄市左營區大中二路７５５號５樓","核准設立"
"53593122","道盛生技有限公司","高雄市鳳山區八德路二段159號4樓","核准設立"
"53595206","四海食品有限公司","高雄市三民區應安街10號6樓之2","核准設立"
"53605226","九濡生物科技有限公司","花蓮縣吉安鄉東昌村東里二街46號1樓","核准設立"
"53636121","寶嘉生物科技股份有限公司","彰化縣員林鎮溝皂里田中央巷54弄12號","核准設立"
"53647176","賀田農業科技股份有限公司","桃園市平鎮區雙連里中央路65號","核准設立"
"53648359","台東深層海水豆腐有限公司","臺東縣臺東市興國里8鄰復興路186號1樓","解散"
"53663153","英屬維京群島商賓蘭股份有限公司","臺北市中山區南京東路3段201號3樓","核准設立"
"53673645","英屬維京群島商享甜貿易有限公司","臺中市南屯區工業區二十三路35號2樓","撤回認許"
"53685255","煌彬食品有限公司","新北市汐止區自強里復興路70號3樓","解散"
"53696871","幸福實業股份有限公司","新竹縣竹北市鹿場里自強南路8號8樓之11","解散"
"53697055","元鴻食品有限公司","新北市新店區建業路13號(1樓)","解散"
"53700951","唯客戀品股份有限公司","新北市五股區五權八路31號6樓","廢止"
"53754203","台御食品股份有限公司","桃園市桃園區大有里民有東路55號3樓之2","核准設立"
"53761513","食在舒活股份有限公司","臺北市中山區德惠街19號2樓","核准設立"
"53770999","實愛食品有限公司","臺北市大安區安和路1段29號13樓","核准設立"
"53790284","廣品食品有限公司","屏東縣枋寮鄉中山路342號","核准設立"
"53806461","萬媽媽有限公司","新竹縣湖口鄉鳳山村國泰街8巷13號4樓","核准設立"
"53811339","拓展環保科技有限公司","彰化縣埔心鄉瓦北村瑤鳳路一段330號","核准設立"
"53816257","生展生鮮蔬果股份有限公司","臺中市大里區仁德里仁化路711號","核准設立"
"53861338","恒昇企業股份有限公司","臺東縣臺東市永樂里山西路一段502號","解散"
"53861581","麥豆股份有限公司","南投縣草屯鎮玉屏路100之9號1樓","核准設立"
"53864617","太農生技有限公司","新竹縣湖口鄉鳳山村新興路458-9號","核准設立"
"53865382","合興通有限公司","臺中市北區博館路65巷6號1樓","核准設立"
"53880004","詠馨有限公司","高雄市鳥松區松埔北巷4之40號8樓","解散"
"53896815","台灣欣達食品股份有限公司","桃園市觀音區大同一路17之1號","核准設立"
"53901373","酵泉生物科技股份有限公司","高雄市鳳山區五甲二路226號3樓","核准設立"
"53901802","六號金鑽食品有限公司","高雄市三民區察哈爾二街7巷19弄2號4樓","解散"
"53907637","榛果食品有限公司","高雄市新興區中山一路277號","解散"
"53907897","金皇龍食品股份有限公司","高雄市前金區中正四路83之2號","核准設立"
"53914659","西井村股份有限公司","臺北市信義區松德路171號12樓","解散"
"53924609","亞群食品有限公司","臺北市中山區合江街73巷31號","核准設立"
"53929941","新達豐食品有限公司","臺北市中山區吉林路10巷22號5樓","核准設立"
"53929978","合心坊珍味有限公司","臺北市內湖區安康路228巷21弄38號3樓","核准設立"
"53936252","安盛生活股份有限公司","臺北市松山區八德路4段245巷32弄38號2樓","核准設立"
"53953548","小器生活創意股份有限公司","臺北市大同區鄭州路87號11樓之2","核准設立"
"53959304","立全食品有限公司","臺中市南屯區豐樂里文心南一路93號1樓","解散"
"53959698","旨味屋食品有限公司","宜蘭縣羅東鎮公正里公正路212號","廢止"
"53960610","池谷貿易有限公司","臺東縣卑南鄉賓朗村賓朗路302號1樓","核准設立"
"53969611","品冠生物科技有限公司","臺中市大里區新里里大里路230號1樓","核准設立"
"53973679","廣岳香食品有限公司","南投縣名間鄉新街村客庄巷15-1號","核准設立"
"53980329","瑞寶生物科技有限公司","臺中市北屯區水湳里文心路4段81號12樓之1","核准設立"
"53994885","甘丹食品股份有限公司","桃園市八德區福德一路237號4樓","核准設立"
"53999489","滬蘴生技有限公司","臺中市梧棲區永安里臨港路三段166巷28號1樓","核准設立"
"54025181","深坑大關臭豆腐有限公司","臺北市大同區南京西路163號2樓之73","核准設立"
"54033561","鋐泰企業有限公司","新北市板橋區南雅西路2段2之1號(2樓)","解散"
"54040541","微笑有限公司","新北市三重區頂崁街206巷14號(2樓)","核准設立"
"54046931","鋐展企業有限公司","新北市板橋區四川路2段243號3樓","核准設立"
"54051645","福威國際有限公司","新北市中和區中正路551之2號","核准設立"
"54053355","元太有機農場股份有限公司","新北市新店區民權路100號5樓","核准設立"
"54055537","廣伯食品有限公司","新北市新莊區新泰路305巷60號2樓","核准設立"
"54058078","全新愛有限公司","臺北市大安區東豐街60號2樓","核准設立"
"54060399","大地回春生機有限公司","臺南市新營區三仙里健康路93號1樓","核准設立"
"54080070","品雅實業有限公司","臺南市新化區觀音里忠孝街49號1樓","核准設立"
"54090295","慧云有限公司","臺中市北屯區平陽里梅川東路五段2號5樓","解散"
"54122655","宬閎生物科技有限公司","宜蘭縣宜蘭市進士路12之40號1樓","核准設立"
"54126316","澎湖名產有限公司","桃園市蘆竹區錦中里南崁路一段76號2樓","核准設立"
"54132422","昌利食品股份有限公司","嘉義縣民雄鄉西安村西安路75號1樓","核准設立"
"54163509","虹喬食品有限公司","臺北市內湖區康樂街136巷18弄48號5樓","核准設立"
"54199020","麻香園食品企業有限公司","高雄市楠梓區土庫八街505號","核准設立"
"54202572","吳任庭國際公關顧問有限公司","高雄市左營區尾北里洲仔巷6號","核准設立"
"54203559","捷銳科技有限公司","高雄市鼓山區中華一路21號5樓","核准設立"
"54224800","萬鑫企業有限公司","桃園市蘆竹區內厝里南山路二段5之1號","核准設立"
"54230697","龍景貨櫃股份有限公司","桃園市楊梅區高榮路316號1樓","核准設立"
"54263774","台灣達欣園有限公司","臺中市北屯區太和二街26號2樓","核准設立"
"54265317","食亨餐飲事業股份有限公司","嘉義市東區荖藤里後厝仔1-1號","核准設立"
"54310734","和駿商社有限公司","新北市板橋區懷德街191巷26弄11號2樓","核准設立"
"54315175","百軒食品有限公司","新北市樹林區佳園路1段41巷1號4樓之5","核准設立"
"54318503","瑞毅實業有限公司","新北市土城區永安街41號","核准設立"
"54331858","艾歐西咖啡烘焙科技有限公司","臺北市大安區瑞安街142巷5號7樓","核准設立"
"54335073","御福堂生物科技有限公司","臺北市萬華區廣州街32號9樓","核准設立"
"54348957","大久生物科技股份有限公司","臺北市松山區寶清街89巷31號","核准設立"
"54350518","杰果國際有限公司","臺北市南港區忠孝東路6段269巷1弄9號4樓","核准設立"
"54352115","合和堂餅店有限公司","臺北市松山區饒河街74號","解散"
"54354280","艾兒長榮有限公司","臺北市中正區開封街1段2號12樓","核准設立"
"54357630","我思有限公司","臺北市中正區八德路1段5-2號","核准設立"
"54380597","駿禾股份有限公司","金門縣金湖鎮太湖路二段198號","核准設立"
"54381977","英屬維京群島商皮可吉科技股份有限公司","新北市中和區平河里中正路736號17樓之5","核准設立"
"54510803","純穀坊有限公司","桃園市中壢區三光路158巷16號3樓","核准設立"
"54516378","明輝食品有限公司","桃園市大溪區仁善里仁德九街80號1樓","核准設立"
"54527728","盛泰企業有限公司","雲林縣北港鎮番溝里番溝路100-16號","核准設立"
"54546366","陳上有限公司","雲林縣元長鄉瓦村南安路15之1號1樓","核准設立"
"54547739","太弘陽光有限公司","新竹縣湖口鄉鳳山村新興路458-9號","核准設立"
"54549259","良芯事業有限公司","臺南市仁德區太子里太子三街17-1號1樓","解散"
"54550136","滿記興業有限公司","臺南市安南區安和里安和路一段150巷20弄8號","解散"
"54557638","永豐穀物有限公司","臺南市東區東門路3段98巷9號1樓","核准設立"
"54558003","秝湘國際有限公司","臺南市東區復興里東成街185巷79號2樓","核准設立"
"54565068","鼎聖食品有限公司","臺南市新營區新東里開元路205號1樓","解散"
"54571239","大旺生醫有限公司","臺南市新市區港墘里三民街139號4樓","核准設立"
"54572130","恆鼎生物科技股份有限公司","臺南市東區崇信里東門路2段332號2樓","核准設立"
"54581840","佳盛永業有限公司","臺中市太平區建國里鵬儀路312巷7-1號1樓","解散"
"54596317","台灣木產生技股份有限公司","臺中市南區和平里南平路2-19號1樓","核准設立"
"54600797","福慶食品有限公司","臺中市大肚區王田里沙田路一段168巷47之1號1樓","核准設立"
"54619331","寶虹生物科技有限公司","高雄市三民區北平二街12號5樓","核准設立"
"54622526","東裕烘焙食品有限公司","高雄市仁武區鳳仁路369巷36號1樓","核准設立"
"54631905","人良食品股份有限公司","高雄市鳥松區明湖路1號13樓之1","核准設立"
"54646040","樂金食品股份有限公司","新北市五股區興珍里五工六路15號","核准設立"
"54648693","台灣綠百合國際有限公司","新北市新店區中央路175號2樓之2","核准設立"
"54656927","悅洋生技食品有限公司","臺北市信義區永吉路278巷37弄27號","核准設立"
"54677325","牙行有限公司","臺北市松山區南京東路5段291巷5弄1號1樓","核准設立"
"54689510","雅旭食品有限公司","新北市土城區慶祥街79號","核准設立"
"54707165","洺林食品有限公司","新北市三峽區中園街108之1號","核准設立"
"27899061","諧和實業股份有限公司","新北市土城區中華路1段70巷33號","核准設立"
"27903207","銘崧有限公司","臺中市大雅區西寶里昌平路四段522巷5號1樓","核准設立"
"27915554","寶翔食品有限公司","臺中市西屯區潮洋里朝馬2街7號1樓","解散"
"28020724","巧雲小棧休閒茶水舖有限公司","嘉義縣梅山鄉太興村10鄰橫山6之17號","核准設立"
"28026229","飲君子咖啡有限公司","臺北市士林區中山北路6段288號1樓","核准設立"
"28053858","永和國際開發股份有限公司","臺北市內湖區康寧路3段165巷14弄11號","核准設立"
"28079610","福井食品股份有限公司","高雄市仁武區竹楠路138號1樓","核准設立"
"28089700","禾田四季傳媒股份有限公司","臺北市松山區基隆路1段10號16樓之1","核准設立"
"28137490","淳豐國際有限公司","桃園市蘆竹區中正路１７號","解散"
"28147194","嘉軒食品廠有限公司","新北市土城區日新街33巷7號","核准設立"
"28194040","金吉王食品股份有限公司","新北市五股區五工六路51號2樓","核准設立"
"28201605","楠達企業有限公司","臺北市萬華區西昌街82號1樓","解散"
"28213193","台灣轉生有限公司","臺北市大同區市民大道1段211號14樓之8","核准設立"
"28292078","中南美食實業有限公司","高雄市新興區八德1路308號1樓","核准設立"
"28310511","天然生技股份有限公司","臺北市大安區信義路4段296號6樓之5","核准設立"
"28318696","金益裕實業有限公司","臺中市西屯區文心路三段66號4樓","核准設立"
"28352286","平衡木生物科技有限公司","新北市板橋區文化路1段46巷6之1號","核准設立"
"28365901","祥欣興業有限公司","新北市板橋區南雅南路一段4巷12號5樓","核准設立"
"28372353","王田麵包食品有限公司","臺中市龍井區竹坑里中華路一段31號","核准設立"
"28391324","金唐貿易有限公司","高雄市大寮區過溪里鳳林二路500號","解散"
"28413517","日商好侍食品股份有限公司","臺北市中山區中山北路2段114號9樓","核准設立"
"28476420","益平商務有限公司","新北市中和區捷運路8之2號10樓","解散"
"28554939","禾力豐股份有限公司","臺南市官田區南廍里南廍108號1樓","核准設立"
"28633462","海瑞企業有限公司","臺中市烏日區仁德里興祥街19巷21號1樓","核准設立"
"28685741","凱豐科技股份有限公司","臺北市信義區松德路269巷2號1樓","核准設立"
"28730675","醫世代生物科技有限公司","屏東縣新園鄉新園村媽祖路407巷1弄8號","核准設立"
"28763470","磐石咖啡事業有限公司","臺中市南區國光路１５６–８號１樓","核准設立"
"28769501","得倍力股份有限公司","新北市新店區中正路四維巷2弄6號1樓","解散"
"28769805","寬宇國際有限公司","臺中市烏日區公園路396巷37弄7號1樓","核准設立"
"28841601","萬匯科技實業有限公司","臺北市大安區仁愛路3段30號12樓","核准設立"
"28842496","大人物國際股份有限公司","臺北市中正區忠孝西路1段50號13樓之3","核准設立"
"28961561","瑞雄生物科技有限公司","高雄市湖內區田尾里中山路一段848巷18弄158號1樓","核准設立"
"28968353","醇酵酐生物科技有限公司","新北市板橋區和平路10號2樓","核准設立"
"28969368","味萬田食品股份有限公司","花蓮縣壽豐鄉共和村大同路1號","核准設立"
"28978090","淶豐實業有限公司","金門縣金城鎮珠浦東路18-7號","核准設立"
"29003239","米豆食尚有限公司","高雄市苓雅區中正二路56巷33弄8號1樓","核准設立"
"29007848","豪順企業有限公司","高雄市左營區重清路178號1樓","核准設立"
"29011857","台灣多納瓦奴咖啡股份有限公司","高雄市三民區九如一路913號","解散"
"29040353","經世顧問股份有限公司","臺北市信義區基隆路1段155號11樓之5","核准設立"
"29065305","全養知國際有限公司","臺北市信義區信義路5段150巷2號15樓之3","核准設立"
"29065656","廣潔工程有限公司","臺北市松山區南京東路5段47號4樓之2","核准設立"
"29088671","美德國際生物科技股份有限公司","臺南市北區成功里北成路128巷81弄12號1樓","核准設立"
"29104969","吉元食品有限公司","桃園市平鎮區民族路雙連二段118巷49弄49號","核准設立"
"29111595","知森堂有限公司","新北市蘆洲區集賢路269巷18弄1號1樓","核准設立"
"29124584","隆順食品有限公司","高雄市鳥松區仁美里美山路36巷1之38號","核准設立"
"29129292","農達實業有限公司","雲林縣北港鎮光復里大同路３３９號１樓","核准設立"
"29139741","賽門鄧普拉食品有限公司","新北市樹林區俊興街224巷1號及3號","核准設立"
"29141514","東方佳聯生物科技有限公司","臺北市大安區信義路4段263號9樓之5","核准設立"
"29184631","喬本生醫股份有限公司","屏東縣長治鄉德和村神農東路9號","核准設立"
"30873797","蜂蜜蜜蜂咖啡豆有限公司","臺北市大安區新生南路2段30巷23號","核准設立"
"33115502","艾德蒙海外股份有限公司","新北市中和區中正路716號12樓之3","核准設立"
"35427115","圓金釀造食品股份有限公司","新北市新莊區新樹路268巷22號","核准設立"
"35549807","廣達香食品股份有限公司","新北市新莊區化成路382巷18號","核准設立"
"36232150","鍇盟有限公司","臺北市大同區延平北路3段113巷22號1樓","核准設立"
"42564607","美香珍美食有限公司","南投縣南投市平和里信義街5巷24號1樓","核准設立"
"42618940","橙達實業有限公司","臺北市大安區延吉街133號","核准設立"
"42636031","盛聚有限公司","臺北市大安區安和路2段35巷16號6樓之1","核准設立"
"42645762","盧貝思有限公司","臺北市文山區景興路177巷7號4樓","核准設立"
"43953288","源友企業股份有限公司","桃園市平鎮區湧豐里15鄰工業五路8號","核准設立"
"53042612","三凰企業有限公司","臺南市南區彰南里新和一路3巷5號、7號1樓","解散"
"53044273","御醬生物科技有限公司","嘉義縣新港鄉古民村中正路336號1樓","核准設立"
"53045033","寶翔國際行銷有限公司","彰化縣埔鹽鄉三省村好金路1巷15-1號","核准設立"
"53063171","鳳山古城餅舖有限公司","高雄市燕巢區安南路26巷39弄4號1樓","核准設立"
"53072093","正迪實業有限公司","臺中市大里區西湖里草溪西路156號","核准設立"
"53088139","東區粉圓有限公司","臺北市大安區忠孝東路4段216巷38號","核准設立"
"53091726","創怡科技有限公司","臺北市松山區南京東路4段133巷5弄21號","核准設立"
"53092041","樂明福健康股份有限公司","臺北市文山區萬和街8號9樓之2","解散"
"53095321","心覺漿有限公司","臺北市信義區松山路204巷28號13樓","解散"
"53137976","漢克餐飲事業有限公司","新竹縣竹北市竹義里中華路331之4號1樓","核准設立"
"53156396","大元生技食品有限公司","屏東縣麟洛鄉麟趾村中華路農田巷7號","解散"
"53172522","晨幸食品有限公司","屏東縣屏東市斯文里信義路261號1樓","核准設立"
"53181228","揚鯨科技股份有限公司","新北市新莊區中港里27鄰中和街204巷10號12樓","解散"
"53193174","恆欣基業有限公司","新北市永和區環河東路4段166號8樓","核准設立"
"53201815","惠森國際有限公司","臺北市中正區中華路1段59號7樓","核准設立"
"53213523","金億食品企業有限公司","新北市淡水區行忠路258號(2樓)","核准設立"
"53226175","醇味食品有限公司","新北市瑞芳區上天里大寮路114之1號","核准設立"
"53230993","旭芳食品有限公司","高雄市鳳山區北門里鳳仁路248巷5號","核准設立"
"53247679","盛禾堂國際有限公司","高雄市鹽埕區大安街98號1樓","核准設立"
"53257606","仙林鎮食品有限公司","高雄市仁武區京富路６０之１號","核准設立"
"53259392","地寶食品有限公司","雲林縣北港鎮東陽里中山路60號","核准設立"
"53264058","聯豐食品有限公司","雲林縣元長鄉西莊村西庄路16-6號","核准設立"
"53264959","山秀開發有限公司","桃園市平鎮區高雙路8巷36號6樓","核准設立"
"53268738","有季食品有限公司","高雄市仁武區五和里五和路376號","核准設立"
"53281269","真味上品股份有限公司","臺中市西屯區西屯路三段166之70號","核准設立"
"53282318","錦香食品有限公司","苗栗縣銅鑼鄉銅鑼村中正路94-1號","核准設立"
"53291822","金頌國際股份有限公司","嘉義市東區中庄里忠孝路515號10樓之2","核准設立"
"53300462","恆興食品有限公司","屏東縣竹田鄉頭崙村三山路228巷15-1號","核准設立"
"53329600","全鼎香食品有限公司","臺北市內湖區內湖路1段91巷12弄10號2樓","核准設立"
"53345783","米樂園股份有限公司","臺東縣池上鄉新開園146之2號","核准設立"
"53378720","七畝田農業有限公司","桃園市楊梅區高山里三陽路368巷22號1樓","解散"
"53389661","泓羿食品有限公司","臺南市永康區正北三路111號","核准設立"
"53395143","莘曜生技有限公司","屏東縣東港鎮下廍里下廍路13-11號","核准設立"
"53426498","鑫翼開發有限公司","新北市鶯歌區二橋里鶯華新村25號(1樓)","核准設立"
"53428340","玖旺食品有限公司","新北市五股區五工六路51號","核准設立"
"53452185","伯杰有限公司","新北市樹林區中山路3段175號8樓之3","解散"
"53475292","進昌食品有限公司","臺中市北屯區文昌三街11號1樓","核准設立"
"53499604","達特恩萊生物科技有限公司","屏東縣屏東市大連里建豐路282巷6號1樓","核准設立"
"53536376","艾菩提生活事業股份有限公司","臺北市信義區忠孝東路5段552號9樓","核准設立"
"53543398","訊息傳導生命科技有限公司","臺北市南港區忠孝東路6段456號3樓","核准設立"
"53563942","台肥生技股份有限公司","臺北市中山區南京東路2段88號10樓","核准設立"
"53596562","新萬豐醬業有限公司","高雄市鳳山區光華路29號1樓","核准設立"
"53600735","太吉市休閒農場有限公司","臺中市大里區工業九路1號1樓","核准設立"
"53602585","日月潭美食股份有限公司","雲林縣斗六市龍潭里信義路10號1樓","核准設立"
"53604606","綠金王生技股份有限公司","臺中市北屯區舊社里北屯路418號1樓","核准設立"
"53625784","加濱有限公司","屏東縣佳冬鄉六根村佳和路57-7號","核准設立"
"53630169","佳良國際有限公司","臺中市西區民龍里英才路470巷9號1樓","核准設立"
"53632976","鴻源麵包有限公司","嘉義縣民雄鄉福樂村4鄰成功五街1號1樓","核准設立"
"53643690","箴愛璀璨生物科技股份有限公司","臺南市北區成德里中華北路二段212號1樓","解散"
"53645677","豆干味食品有限公司","南投縣鹿谷鄉竹林村田頭巷31-8號","核准設立"
"53648421","台灣源味本舖有限公司","高雄市左營區辛亥路250號8樓之9","核准設立"
"53687232","全民食品有限公司","新北市板橋區中山路2段416巷32弄5號","核准設立"
"53690757","樂饕食品有限公司","臺北市士林區忠誠路2段154巷3號1樓","核准設立"
"53693332","翁三食品股份有限公司","新北市中和區三民路2段154巷14號","核准設立"
"53713858","加祥食品有限公司","新北市五股區成泰路2段91巷15號5樓之2","解散"
"53728873","傳恩食品有限公司","新北市鶯歌區鶯桃路61之3號(1樓)","核准設立"
"53740476","小南門餐飲有限公司","臺北市松山區東興路17號及15巷2號2樓","核准設立"
"53786508","飛越國際餐飲有限公司","臺北市大安區忠孝東路3段251巷4弄16號","核准設立"
"53790411","日品鮮食品有限公司","雲林縣水林鄉水北村廟前路6之1號","核准設立"
"53807659","宗崴生物科技有限公司","臺南市麻豆區麻口里麻豆口32-17號1樓","核准設立"
"53809410","精品生技有限公司","屏東縣屏東市新生里和生路1段836號1樓","核准設立"
"53813580","海吉雅生物科技有限公司","臺南市永康區小東路477巷46弄3-17號1樓","核准設立"
"53816622","源芳興業有限公司","桃園市中壢區健行里龍岡路一段215號1樓","解散"
"53829372","采园生技有限公司","臺南市南區南華里中華南路2段302巷6弄4號3樓","核准設立"
"53855883","弘兆錦國際有限公司","桃園市中壢區山東里月眉路一段275巷10號","核准設立"
"53861626","千太陽光科技股份有限公司","新竹縣湖口鄉鳳山村新興路458-9號","核准設立"
"53871357","永佳食品有限公司","臺南市七股區大埕里大埕108之6號","核准設立"
"53877486","金地咖啡有限公司","桃園市蘆竹區長興里南崁路二段277巷8之7號","核准設立"
"53891522","全民發食品有限公司","高雄市仁武區仁心路246號","核准設立"
"53908734","尚發食品有限公司","高雄市燕巢區中民路775號","核准設立"
"53970292","臺灣第一製糖股份有限公司","臺中市西屯區臺灣大道二段910號13樓之1","核准設立"
"53973869","安鴻生物科技有限公司","雲林縣西螺鎮大同路54巷1號","核准設立"
"53976063","金安信食品有限公司","臺中市南屯區寶山里工業區二十二路17號1樓","核准設立"
"53986793","聯勝食品有限公司","臺中市南屯區豐樂里文心南一路93號2樓","核准設立"
"54012453","屏山榮園有限公司","新北市汐止區福德一路351巷11弄1號3樓","核准設立"
"54015212","宜饌食品有限公司","新北市中和區中正里連城路383之1號4樓","核准設立"
"54022760","歐連吉股份有限公司","新北市新店區新和里安和路3段130號(1樓)","核准設立"
"54027391","金大亨科技實業有限公司","新北市板橋區仁愛路62巷15弄11號","核准設立"
"54032227","采遠實業有限公司","新北市中和區捷運路8之21號5樓","核准設立"
"54040486","怡合食品有限公司","新北市三重區光華路67號(2樓)","核准設立"
"54048380","優世貿易企業有限公司","新北市中和區立德街156號2樓","核准設立"
"54057747","尚鼎龍有限公司","新北市新莊區中正路56巷12弄6號","核准設立"
"54062241","合和興業有限公司","臺南市仁德區仁德里文南街56號2樓","核准設立"
"54062559","福佑生技有限公司","臺南市西港區慶安里中山路447號","核准設立"
"54089184","大農佑有限公司","雲林縣北港鎮樹腳里過溝路35-2號","核准設立"
"54092596","東南國際實業有限公司","桃園市大溪區光明里齋明街8-3號5樓","核准設立"
"54104903","虹嶺茶葉有限公司","臺中市西屯區廣福里廣福路163巷75號1樓","解散"
"54112431","富瑞佳實業有限公司","基隆市安樂區樂利三街263巷14號","核准設立"
"54122276","大佬爺國際貿易有限公司","臺中市沙鹿區南勢里南斗路31巷52號1樓","核准設立"
"54128052","綠動國際有限公司","臺東縣綠島鄉公館村公館路61號","核准設立"
"54157648","谷威有限公司","臺北市中山區南京東路3段89巷3弄3號1樓","核准設立"
"54182689","杏桃餐飲股份有限公司","臺北市大安區忠孝東路4段216巷19弄16號","核准設立"
"54193736","啓福生技有限公司","高雄市前鎮區崗山北街341巷7號11樓","核准設立"
"54207056","橘樂安廚有限公司","高雄市三民區青年路2段537號","核准設立"
"54218820","建豪生技有限公司","高雄市三民區灣中街323巷3號1樓","核准設立"
"54242618","舞川國際有限公司","桃園市桃園區玉山里育樂街27號","核准設立"
"54263248","禾康食品有限公司","臺中市潭子區潭北里人和路253巷1弄19號","核准設立"
"54263417","江記食品股份有限公司","桃園市中壢區月眉路二段133號","核准設立"
"54264231","廣達豐興業有限公司","高雄市岡山區新樂街1之3號11樓","核准設立"
"54273920","慶桐食品有限公司","新北市汐止區福德一路421巷15、17號","核准設立"
"54279298","尚九餐飲國際有限公司","新北市土城區中央路3段126巷23號5樓","核准設立"
"54286039","高町有限公司","新北市新店區安康路3段352號","核准設立"
"54288199","臻食樂園有限公司","新北市淡水區淡金路3段308巷2弄1號","核准設立"
"54305330","喜泉生物科技股份有限公司","新北市新莊區五權一路7號之5(2樓)","核准設立"
"54315479","蛇吞象食品有限公司","新北市五股區中興路1段88巷14號","核准設立"
"54317906","穅傑貿易有限公司","新北市土城區國際路139巷48號","核准設立"
"54321084","京王品餐飲股份有限公司","臺北市松山區復興北路473號1樓","核准設立"
"54338016","南洋火山咖啡有限公司","臺北市中山區松江路50號8樓","解散"
"54340097","北大荒飲食有限公司","臺北市南港區南港路1段201號","核准設立"
"54350003","真食補生技有限公司","臺北市大安區辛亥路1段93號","核准設立"
"54354140","美綠股份有限公司","臺北市中山區中山北路2段27巷3之3號1樓","核准設立"
"54356301","供活股份有限公司","臺北市中山區錦州街154號","核准設立"
"54363106","中華轉生有限公司","臺北市中山區雙城街3巷2號3樓之8","核准設立"
"54364533","創使國際股份有限公司","新北市板橋區板新路23號6樓","核准設立"
"54390201","薩摩亞商璽睿股份有限公司","新北市五股區五權二路23號","核准設立"
"54393875","新加坡商萊札譜股份有限公司","臺北市大同區華陰街79號10樓之1","核准設立"
"54501071","健樂寶國際有限公司","新竹縣竹北市新泰路33號3樓","核准設立"
"54501656","溪州尚水農產股份有限公司","彰化縣溪州鄉溪州村復興路50號1樓","核准設立"
"54515589","台灣馬偕壹號牛樟生醫有限公司","桃園市龍潭區中豐路上林段533號","核准設立"
"54518360","力愷國際有限公司","桃園市平鎮區南勢里中豐路南勢二段487巷18弄25號1樓","核准設立"
"54522287","力優有限公司","桃園市八德區瑞豐里友聯街51巷28號","核准設立"
"54523286","富億軒企業有限公司","南投縣竹山鎮下坪里枋坪巷26之6號","核准設立"
"54524905","宜晟興業有限公司","桃園市龍潭區烏林里工五路250號1樓","解散"
"54533432","阿萬之家食品有限公司","宜蘭縣五結鄉成興村成功路2巷2弄63號","核准設立"
"54533947","宗來發有限公司","新竹縣竹東鎮三重里中興路二段222巷6號1樓","核准設立"
"54547800","太昱陽光有限公司","新竹縣湖口鄉鳳山村新興路458-9號","核准設立"
"54547941","太全陽光有限公司","新竹縣湖口鄉鳳山村新興路458-9號","核准設立"
"54593162","丹聯生技股份有限公司","臺中市沙鹿區大同街18-3號1樓","核准設立"
"54599150","圓翔國際股份有限公司","臺中市西屯區惠來里市政路386號13樓之7","核准設立"
"54602417","國綜生物科技有限公司","臺中市豐原區三村里大明路235巷1號1樓","解散"
"54678204","亨斯亞食品有限公司","臺北市文山區辛亥路6段100巷4號","核准設立"
"54678859","福驛食品有限公司","臺北市中山區伊通街8之1號1樓","核准設立"
"54679702","勝吉餐飲股份有限公司","臺北市中山區南京東路2段96號7樓","核准設立"
"54695512","我上青有限公司","新北市三峽區復興路179號","解散"
"54700141","識悟有限公司","新北市三峽區龍埔里國光街32號(2樓)","核准設立"
"54713618","台灣浮仕卡國際有限公司","新北市樹林區俊保路12號14樓","核准設立"
"54731340","台益食品企業有限公司","新北市淡水區中正東路1段3巷25號6樓","核准設立"
"54731496","全世達企業股份有限公司","新北市三重區中興南街27號","核准設立"
"54758488","順之素國際有限公司","臺中市烏日區榮泉里榮泉路99巷28弄37號1樓","核准設立"
"54762949","東豐食品有限公司","臺中市烏日區前竹里中山路一段和平巷69號","核准設立"
"54772480","太昇陽光有限公司","新竹縣湖口鄉鳳山村新興路458-9號","核准設立"
"54772550","日太陽光有限公司","新竹縣湖口鄉鳳山村新興路458-9號","核准設立"
"54774852","食尚良品事業有限公司","基隆市信義區孝賢里深澳坑路5-3號","核准設立"
"54786251","台灣海淡能源股份有限公司","臺中市北屯區平興里北屯路360號17樓之2","核准設立"
"54813623","展誌企業有限公司","彰化縣北斗鎮光復里文苑東路102號1樓","核准設立"
"54831951","鋐淇冷凍水產有限公司","新北市蘆洲區成功里長安街375巷25號7樓","核准設立"
"54834248","清晨日光食品有限公司","新北市八里區中華路2段372號11樓","核准設立"
"54841557","清城有限公司","新北市土城區學府路1段164巷5弄3號17樓","核准設立"
"54849869","台灣吉豚屋餐飲股份有限公司","新北市板橋區大同街43號4樓","核准設立"
"54850422","黑方國際有限公司","新北市新莊區中平路364號6樓","核准設立"
"54854715","德盛製麵股份有限公司","新北市樹林區八德街280巷3號(3樓)","核准設立"
"56248004","通順產業股份有限公司","臺北市松山區光復北路68號7樓之2","核准設立"
"65607901","晉安製藥股份有限公司","嘉義縣民雄鄉福樂村建國路3段260巷9號","核准設立"
"69297837","黑橋牌企業股份有限公司","臺南市南區中華西路1段103號","核准設立"
"70355671","佳正實業有限公司","新北市新莊區興漢里新興街16號","核准設立"
"70472679","八方雲集國際股份有限公司","新北市淡水區水梘頭42之1號","核准設立"
"70503413","富特摩實業有限公司","嘉義縣民雄鄉興中村江厝店１號","廢止"
"79983461","歐德鋁鎂鈦科技股份有限公司","新北市三重區重新路五段６０９巷２０號８樓之２","核准設立"
"80099497","忠朋食品有限公司","臺中市南屯區豐樂里文心南一路93號4樓","核准設立"
"80134071","佳宜開發食品有限公司","基隆市信義區信綠里東信路296號1樓","核准設立"
"80224805","春鑫食品有限公司","高雄市大樹區大樹里大樹路167號","核准設立"
"80413046","九威能源開發股份有限公司","臺北市萬華區昆明街76號8樓","廢止"
"80437531","大郭食品有限公司","桃園市龍潭區八德里29鄰梅龍三街116巷241弄2之1號","核准設立"
"80458177","信欣國際有限公司","臺南市新化區協興里正新路363巷20號12樓之1","核准設立"
"80470030","嵂洧企業有限公司","嘉義縣竹崎鄉復金村復鐤金10之7號","核准設立"
"80716148","頤農股份有限公司","新竹縣新豐鄉山崎村福德街94巷1弄7號1樓","核准設立"
"84302937","至鴻科技股份有限公司","新北市中和區建一路166號7樓之1","核准設立"
"84548643","旺來旺食品股份有限公司","新北市新莊區國泰里新樹路67巷40弄3號","核准設立"
"84585132","長照科技股份有限公司","高雄市阿蓮區和蓮里信義路８９號","核准設立"
"84643105","偉翔生技開發股份有限公司","臺北市南港區園區街3號11樓之5","核准設立"
"84810150","棟良實業有限公司","高雄市鳳山區文衡路261號3樓","核准設立"
"86658270","尚冠冷凍食品有限公司","新北市三重區大同北路221巷18號3樓","核准設立"
"86722771","世林有限公司","臺北市文山區和興路44巷14弄2之1號3樓","核准設立"
"86761627","嘉義食品工業股份有限公司","新北市中和區中正路907號","核准設立"
"86906047","謙易生物科技有限公司","雲林縣水林鄉大溝村大溝路165之12號","核准設立"
"86956550","統芳生物科技股份有限公司","臺南市永康區東橋里中正路279巷2弄55號","核准設立"
"89302491","箴得企業有限公司","新北市三重區仁愛街422巷14號2樓","核准設立"
"89664944","名忠食品股份有限公司","桃園市中壢區永光里民權路3段334巷50號","核准設立"
"89881908","佳里企業有限公司","臺南市北區南園街127巷29號1樓","核准設立"
"97013662","宗寅國際實業有限公司","新北市泰山區明志路3段44號","核准設立"
"97140061","長輝事業股份有限公司","高雄市苓雅區新光路38號14樓之5","核准設立"
"97200270","慶合順企業有限公司","新北市板橋區金門街369巷57弄7號","核准設立"
"97320227","微塵本草生命科技有限公司","臺北市南港區忠孝東路6段456號3樓","核准設立"
"86929267","素味香食品有限公司","雲林縣斗六市久安里久安西路65之1號","核准設立"
"86040902","龐克樂股份有限公司","高雄市前鎮區二聖2路129號3樓","核准設立"
"84153042","菓風食品實業有限公司","南投縣南投市南崗三路107號","核准設立"
"83728956","正義股份有限公司","高雄市仁武區仁林路148號","核准設立"
"76329150","蓮香齋國際股份有限公司","臺北市松山區南京東路5段188號地下1樓","核准設立"
"59491410","永泉實業有限公司","彰化縣員林鎮員集路二段244巷60號","核准設立"
"56192509","洽發興農業科技股份有限公司","臺中市沙鹿區大同街33號","核准設立"
"56192402","福壽實業股份有限公司","臺中市沙鹿區沙田路45號","核准設立"
"97358898","全善企業股份有限公司","臺南市仁德區土庫里土庫路139巷5號","核准設立"
"97077905","大玉成食品工業股份有限公司","新北市淡水區北新路2段58號","核准設立"
"94823078","糖發興業有限公司","花蓮縣吉安鄉福興村福興路170號","核准設立"
"84081961","俊昇飼料股份有限公司","臺南市仁德區開發七路3號","核准設立"
"66608338","老楊食品股份有限公司","嘉義縣民雄鄉大崎村十四甲16之4號","核准設立"
"54715947","宇晨餐飲有限公司","新北市板橋區中正路178號、178之1號","核准設立"
"54723242","先進綠色生物科技股份有限公司","臺北市內湖區民權東路6段47巷10弄12號2樓","核准設立"
"54727140","大元堡食品有限公司","新北市新莊區丹鳳里壽山路33之10號","核准設立"
"54734536","喬元手創食品有限公司","新北市新莊區新樹路136巷27號","核准設立"
"54762510","鑫釀生物科技有限公司","臺中市西屯區福中里中工二路230號1樓","核准設立"
"54772496","全太陽光有限公司","新竹縣湖口鄉鳳山村新興路458-9號","核准設立"
"54780138","野夫藏臻股份有限公司","桃園市龜山區萬壽路二段412之2號10樓","核准設立"
"54780192","晶華食品有限公司","新竹縣竹北市文興路一段301號","核准設立"
"54780329","觀自在農業企業有限公司","花蓮縣花蓮市民運里民享八街26號1樓","核准設立"
"54785725","新峰農場股份有限公司","桃園市八德區龍友里7鄰龍宮街34號","核准設立"
"54805659","大和豆製食品有限公司","桃園市大溪區中華路70巷28號1樓","核准設立"
"54805927","上富陽光有限公司","新竹縣湖口鄉鳳山村新興路458-9號","核准設立"
"54806735","三達原物料事業有限公司","雲林縣北港鎮光復里光復二路5-7號","核准設立"
"54816620","潤泰堂食品有限公司","屏東縣竹田鄉大湖村大明路157號","核准設立"
"54823087","金硯有限公司","高雄市鳥松區美山路19巷8之8號","核准設立"
"54849740","黑方國際有限公司","新北市新莊區中平路364號6樓","核准設立"
"54855159","寶奇生技股份有限公司","新北市板橋區五權街30巷12弄7號","核准設立"
"54858206","佑時企業有限公司","新北市汐止區新興路26號8樓","核准設立"
"54868577","老婆嘴企業有限公司","新北市八里區龍米路2段86之1號","核准設立"
"54873614","百為有限公司","新北市新店區中興路2段125號5樓","核准設立"
"54886364","天貝王有限公司","臺中市大里區工業路宏巨二巷2弄42號1樓","核准設立"
"59661701","泰山企業股份有限公司","彰化縣田中鎮興工路6號","核准設立"
"70492788","四季工坊有限公司","臺中市霧峰區中正路５６５巷１７號","核准設立"
"70502651","百桂食品有限公司","彰化縣溪湖鎮東溪里員鹿路一段336號","核准設立"
"70604411","德鎮盛工程股份有限公司","臺中市北區五常里五權路401之1號6樓","核准設立"
"70728876","德普興業有限公司","臺南市仁德區仁義里中正路二段1078巷13號","核准設立"
"73251209","統一企業股份有限公司","臺南市永康區鹽行里中正路301號","核准設立"
"76316325","中華食品實業股份有限公司","高雄市大樹區龍目路110之6號","核准設立"
"76406607","勝福實業股份有限公司","高雄市鳳山區大德里公園一街４１號","解散"
"80006667","永宣有限公司","臺北市中山區龍江路370巷24號1樓","核准設立"
"80072315","秋虎企業有限公司","雲林縣莿桐鄉興貴村興南31-26號","核准設立"
"80230829","景富食品有限公司","新北市汐止區中正路260號1樓","核准設立"
"80459529","宸享食品有限公司","高雄市三民區金鼎路176之2號1樓","廢止"
"80481254","貝克利有限公司","新北市五股區五工五路24號","核准設立"
"80490319","維格餅家股份有限公司","臺北市大同區承德路3段27號","核准設立"
"80657892","品元實業股份有限公司","新北市淡水區中正東路2段27之10號12樓","核准設立"
"80669905","晴佳國際有限公司","臺北市中山區松江路235巷35號2樓之1","核准設立"
"80697711","銓唯食品有限公司","臺北市萬華區和平西路3段30巷58號","核准設立"
"81002274","天明製藥股份有限公司","新北市新莊區福基里新北大道2段217號13樓","核准設立"
"84093832","美菩居實業有限公司","新北市蘆洲區忠孝路88號1樓","核准設立"
"84285579","良友國際食品股份有限公司","臺北市內湖區行忠路48號2樓","核准設立"
"86382127","台灣芙滋食品股份有限公司","臺南市官田區二鎮里成功街55號","核准設立"
"86729492","銀杏生物科技有限公司","新北市中和區建一路7號4樓","核准設立"
"86990760","品佳翔貿易有限公司","臺南市白河區河東里156之6號","核准設立"
"88682374","陵鴻企業有限公司","高雄市湖內區中賢里中正路二段４２０巷２２號","核准設立"
"89418367","速八國際食品有限公司","高雄市三民區安東街39號","核准設立"
"89603601","家佑食品有限公司","新北市泰山區明志路3段407巷3號","核准設立"
"89632704","綠風實業有限公司","新北市汐止區大同路3段198號9樓","核准設立"
"89940287","九鼎生物科技股份有限公司","新北市新店區寶橋路154巷8號3樓","核准設立"
"96853483","億焜實業有限公司","彰化縣埔鹽鄉三省村好金路31-9號","核准設立"
"97135428","打狗餅舖股份有限公司","高雄市苓雅區中正一路137號","核准設立"
"97220043","弘爺國際企業股份有限公司","臺中市烏日區溪埧里溪福路128巷50號2樓","核准設立"
"85844038","鎰壯實業有限公司","屏東縣潮州鎮永春里光復路３５號","核准設立"
"84522019","常弘生物科技有限公司","彰化縣北斗鎮新政里中正路１７５號１樓","核准設立"
"97364028","竹金倉儲股份有限公司","新竹縣竹北市泰和路146號","核准設立"
"89521236","泉順食品企業股份有限公司","苗栗縣苑裡鎮玉田里玉田91之1號","核准設立"
"89295392","大榕樹企業有限公司","桃園市中壢區健行里龍岡路一段281號1樓","核准設立"
"89236514","茂喜股份有限公司","新北市中和區中正路716號5樓之6","核准設立"
"88686792","明德食品工業股份有限公司","高雄市岡山區後協里通校路46號","核准設立"
"86931025","立義食品有限公司","新竹縣關西鎮東安里11鄰上三屯9之3號","核准設立"
"86909945","億發食品股份有限公司","屏東縣內埔鄉豐田村建民路3號","核准設立"
"86766670","佳琪食品股份有限公司","高雄市鳥松區美庄路10號1樓","核准設立"
"86766448","誠富生機食品有限公司","新竹縣湖口鄉長嶺村中平路1段645號","核准設立"
"86346832","榮洲食品股份有限公司","臺中市西屯區協和里工業區41路17之1號","核准設立"
"54607047","藍德堡國際貿易有限公司","臺中市南屯區田心里大墩四街321號地下一層","核准設立"
"54609903","福樂農業生物科技股份有限公司","高雄市新興區開封路39號","核准設立"
"54638007","新正發行有限公司","高雄市路竹區延平路769號1樓","核准設立"
"54656840","總舖師實業股份有限公司","臺北市內湖區民權東路6段11巷41號1樓","核准設立"
"54660289","亞商卓盛華閣股份有限公司","臺北市信義區忠孝東路5段31巷18弄3號","核准設立"
"54669401","鼎味有限公司","臺北市內湖區內湖路1段365號4樓","核准設立"
"54674122","悅揚全球生物科技股份有限公司","桃園市桃園區新埔六街97號17樓","解散"
"54688322","樂法美食股份有限公司","新北市五股區興珍里五工六路28號(2樓)","核准設立"
"54718037","賽門自然廚坊有限公司","新北市板橋區板新路110號(1樓)","核准設立"
"54720596","宥宏國際有限公司","新北市五股區五權六路11號(4樓)","核准設立"
"54724312","長珍食品有限公司","新北市樹林區東順街82之4號2樓","核准設立"
"54724679","我愛購國際有限公司","新北市淡水區八勢一街46號3樓","核准設立"
"54725017","益康豐有限公司","新北市蘆洲區光榮路61巷17號2樓","核准設立"
"54726727","神灯有限公司","新北市新店區寶橋路235巷126號","核准設立"
"54736035","旗山龍鳳食品股份有限公司","臺北市松山區八德路4段111號7樓","核准設立"
"54739666","綠圃食品科技有限公司","臺中市南區永興里工學二街151巷43號","核准設立"
"54739814","三奇醬園有限公司","臺中市大里區夏田里國中路483巷5號","核准設立"
"54764968","合菽企業有限公司","臺中市大雅區橫山里永和路111之18號","核准設立"
"54771095","江湖開放工作室有限公司","桃園市桃園區莊敬里中正路1535巷91號2樓","核准設立"
"54772539","太碩陽光有限公司","新竹縣湖口鄉鳳山村新興路458-9號","核准設立"
"54772622","昇太陽光有限公司","新竹縣湖口鄉鳳山村新興路458-9號","核准設立"
"54780117","活躍分子生技股份有限公司","彰化縣二水鄉修仁村南通路二段138號","核准設立"
"54790939","裕禾豐有限公司","彰化縣埤頭鄉崙腳村興工路61號","核准設立"
"54791830","昱創能源科技有限公司","苗栗縣竹南鎮山佳里30鄰佳北二街50巷15號","核准設立"
"54792768","御多福實業有限公司","臺中市西屯區逢福里櫻城五街21之8號7樓","核准設立"
"54800774","華陽食品有限公司","雲林縣北港鎮府番里府番路209號","核准設立"
"54805855","景上陽光有限公司","新竹縣湖口鄉鳳山村新興路458-9號","核准設立"
"54805996","太上陽光有限公司","新竹縣湖口鄉鳳山村新興路458-9號","核准設立"
"54806192","福上陽光有限公司","新竹縣湖口鄉鳳山村新興路458-9號","核准設立"
"54808558","奇順美有限公司","桃園市桃園區汴洲里健行路115號","核准設立"
"54810175","達驛科研生技股份有限公司","雲林縣虎尾鎮平和里光明路56號","核准設立"
"54841851","喜悅雜糧餐包有限公司","新北市板橋區縣民大道3段270巷1號(2樓)","核准設立"
"54864973","心伝食材網有限公司","新北市林口區自強二街66號4樓","核准設立"
"54868197","樂璽企業有限公司","新北市中和區員山路394巷12弄1號2樓","核准設立"
"54882424","聯合豆製品工業有限公司","臺中市北區錦祥里育樂街1之19號1樓","核准設立"
"54883752","東榮食品工業有限公司","臺中市大里區仁德里仁化路701巷22號1樓","核准設立"
"54896308","富良野企業有限公司","臺中市北區邱厝里英才路160號1樓","核准設立"
"54910821","精鑽股份有限公司","臺中市豐原區南嵩里北陽路339巷20號2樓","核准設立"
"56121907","味丹企業股份有限公司","臺中市沙鹿區興安路65號","核准設立"
"56622183","松豐實業股份有限公司","臺中市清水區菁埔里菁埔路370號","核准設立"
"56651454","進方企業股份有限公司","臺中市梧棲區草湳里港埠路一段529號","核准設立"
"59869913","維力食品工業股份有限公司","彰化縣田中鎮員集路3段465號","核准設立"
"70473451","泰崴科技有限公司","臺北市大同區民族西路74號1樓","核准設立"
"70520073","水勝開發食品有限公司","高雄市大樹區九曲里九大路河濱2巷5號","核准設立"
"70535251","鉅坤科技股份有限公司","臺北市大同區民族西路74號1樓","核准設立"
"70741490","香積食品有限公司","高雄市前鎮區新展路2號","核准設立"
"79955280","饗賓餐旅事業股份有限公司","桃園市大園區五青路150巷12號","核准設立"
"80090313","純全科技產物有限公司","屏東縣屏東市新生里和生路一段八三八號一樓　","核准設立"
"80367325","延尚企業有限公司","高雄市三民區德山街35巷17號15樓之1","核准設立"
"80369490","東園生技製藥股份有限公司","高雄市三民區南台路195巷13號23樓之16","核准設立"
"80557943","健康資源國際有限公司","新北市中和區民享街93巷12號","核准設立"
"80576765","呈康食品股份有限公司","宜蘭縣五結鄉利工一路二段64號","核准設立"
"80587876","品膳西湖食品有限公司","臺中市西區安龍里民生路142-1號1樓","核准設立"
"80598748","丹芙美有限公司","新北市板橋區大東街24號1樓","核准設立"
"80610779","華宏國際物料股份有限公司","新北市新莊區中正路700之37號13樓","核准設立"
"80731611","北田食品股份有限公司","桃園市龍潭區武漢里九座寮６５之７號","核准設立"
"84111563","智邦知行國際股份有限公司","臺北市松山區南京東路5段163號7樓","核准設立"
"86593798","榮駿興業有限公司","臺中市大雅區大楓里前村東路27號","核准設立"
"89477034","亞旺實業有限公司","臺北市松山區南京東路5段163號7樓","核准設立"
"89546031","勝典企業有限公司","臺中市北區忠明路175號2樓","核准設立"
"89956891","麗神國際股份有限公司","新北市三重區重新路四段97號19樓","核准設立"
"96865278","億勳股份有限公司","苗栗縣頭份鎮民權里8鄰東興路197巷12號","核准設立"
"97156598","聚合商業資源開發有限公司","高雄市楠梓區壽豐路445之4號","解散"
"28187293","太拿創意有限公司","臺北市北投區中央北路3段40巷34弄9號","核准設立"
"28216847","蘭陽有機農業開發股份有限公司","臺北市內湖區行忠路27號2樓","核准設立"
"28282120","飛迅國際有限公司","高雄市左營區光興街58巷20號5樓","核准設立"
"28317129","綠盛生物科技有限公司","高雄市左營區文川路431號3樓","核准設立"
"28336548","豐業興業國際有限公司","桃園市蘆竹區南昌路2號9樓","解散"
"28379314","加州健康生技有限公司","臺南市東區裕農路95號","核准設立"
"28382325","納康國際股份有限公司","嘉義市西區自強里興業西路１４９號","解散"
"28392246","富禾食品有限公司","雲林縣虎尾鎮公安里明正路27巷14號1樓","核准設立"
"28461411","川饌國際有限公司","臺北市大安區忠孝東路4段250之3號1樓","核准設立"
"28495284","品領企業有限公司","高雄市仁武區永宏巷12弄21號","核准設立"
"28501722","韓恩國際實業有限公司","新北市泰山區新北大道6段401號4樓","核准設立"
"28555445","玉國食品有限公司","苗栗縣公館鄉玉谷村8鄰145號","核准設立"
"28607921","安得蘆食品有限公司","高雄市仁武區澄觀路992號","核准設立"
"28624169","源泰豐食品有限公司","臺中市外埔區六分路123之7號","核准設立"
"28633300","德米食品有限公司","新北市新莊區民安西路411號","核准設立"
"28666272","完美生物科技有限公司","高雄市林園區西溪里西溪路193巷5之4號","核准設立"
"28670228","普庭科技有限公司","基隆市中山區安民里中山一路35巷8號1樓","解散"
"28676861","元天科技有限公司","新北市板橋區中山路2段318巷2弄12號1樓","核准設立"
"28687142","禾百利生物科技股份有限公司","臺北市松山區北寧路32巷6號","核准設立"
"28754710","昆鼎國際有限公司","宜蘭縣宜蘭市思源里泰山路397巷38號","解散"
"28754726","益爾伸特販有限公司","臺中市龍井區忠和里台西南路256巷30弄6號1樓","核准設立"
"28757126","綉婷生技有限公司","彰化縣彰化市和調里中山路３段１２１巷１６８號","解散"
"28758547","天心園地國際有限公司","新北市汐止區福德一路392巷41弄12號","廢止"
"28771773","宏洋水產食品有限公司","屏東縣東港鎮東和里和美街34號","廢止"
"28831358","藝多廚食材股份有限公司","臺北市中山區南京東路2段88號18樓","核准設立"
"28894590","統大食品有限公司","高雄市鳥松區仁美里美山路３６巷１之１３號","核准設立"
"28900447","貝比艾斯有限公司","臺南市安南區安和路4段274巷70號","解散"
"28927190","五花馬國際行銷股份有限公司","臺南市新化區全興里竹子脚200號","核准設立"
"28931119","順得裕食品有限公司","南投縣埔里鎮南環路358號1樓","核准設立"
"28978423","金門八二三實業有限公司","金門縣金湖鎮復興西路18號","核准設立"
"29008760","大自然生機股份有限公司","屏東縣長治鄉德和村園西二路8號3樓","核准設立"
"29015447","永康國際生技有限公司","高雄市左營區實踐路179號","核准設立"
"29027128","海德堡貿易有限公司","高雄市苓雅區興中1路8巷38號3樓","解散"
"29049468","十味觀食品股份有限公司","臺北市大安區敦化南路2段38號8樓之1","核准設立"
"29075090","連蓉園食品有限公司","臺北市文山區木柵路4段149巷3號2樓","解散"
"29097854","勤德農產食品有限公司","屏東縣萬巒鄉佳和村佳興路89號1樓","核准設立"
"29099620","思慕思麗蘭心國際事業有限公司","高雄市梓官區海景路22巷5號1樓","核准設立"
"29148299","喜瑞小屋有限公司","新北市林口區南勢里文化三路1段358號2樓之2","解散"
"29172918","元弘開發實業有限公司","新北市板橋區華翠里莒光路133巷28號","核准設立"
"34598392","二利國際事業有限公司","臺北市南港區忠孝東路6段456號3樓","核准設立"
"36166150","春福企業有限公司","桃園市中壢區忠福里中福路699號1樓","核准設立"
"36254745","高羚有限公司","新北市新莊區新莊路241號","核准設立"
"42561995","豐年行實業有限公司","雲林縣口湖鄉口湖村成功路94號1樓","核准設立"
"42569758","鼎旺旺企業有限公司","彰化縣溪湖鎮平和里光平街75號1樓","核准設立"
"42585005","全翔貨運股份有限公司","桃園市觀音區工業七路10號","核准設立"
"42586715","珍會饌有限公司","桃園市平鎮區明德北路35號1樓","核准設立"
"42588066","亞諾賓士國際有限公司","南投縣南投市文化路137巷2弄13號1樓","核准設立"
"42589353","田頭家農產研發有限公司","雲林縣口湖鄉成龍村成龍路171號1樓","核准設立"
"42593217","希望生機有限公司","苗栗縣後龍鎮北龍里中華路61號二樓","核准設立"
"42596517","高林油脂股份有限公司","嘉義縣太保市麻寮里北港路二段399號2樓","核准設立"
"42607991","亮寶興業有限公司","桃園市中壢區內厝里中正路二段473號1樓","核准設立"
"42625885","貫中開發有限公司","臺北市北投區大業路540號8樓","核准設立"
"42631367","德田農業生技股份有限公司","臺北市內湖區瑞湖街58號12樓","核准設立"
"42641858","淘哇哇有限公司","臺北市松山區復興北路179號5樓","核准設立"
"42661994","龍子祥生技食品有限公司","臺中市大雅區員林里雅環路三段49號1樓","核准設立"
"52470087","大統長基食品廠股份有限公司","彰化縣線西鄉寓埔村彰濱東七路6號","核准設立"
"53041070","福昌欣業有限公司","臺中市烏日區溪埧里溪南路一段363之1號","核准設立"
"53046440","富麟食品有限公司","屏東縣東港鎮船頭路23之48號","核准設立"
"53071279","佳福源生物科技股份有限公司","桃園市桃園區北門里19鄰三民路二段262號","核准設立"
"53073163","享味食品有限公司","桃園市平鎮區東勢里東龍街21號","解散"
"53088709","九甲食品有限公司","臺北市中山區吉林路24號11樓之1","核准設立"
"53112709","陸香豐盛有限公司","臺北市中山區長春路61巷20號2樓之5","解散"
"53147480","米其林評鑑股份有限公司","桃園市桃園區南埔里大興西路二段265號18樓之2","解散"
"53150463","兩串蕉文創事業有限公司","臺中市西屯區何明里太原路1段181號","核准設立"
"53159366","廷豐生物科技有限公司","臺南市官田區湖山里烏山頭29號之7一樓","核准設立"
"53166021","羽峰食品有限公司","桃園市龜山區光峰路千禧新城139號2樓","核准設立"
"53170947","義香股份有限公司","屏東縣崁頂鄉崁頂村中興路19號","核准設立"
"53179412","福鼎原海洋科技有限公司","新北市新莊區國泰里新樹路67巷40弄3號","核准設立"
"53181711","友益興業有限公司","新北市三重區三和路3段151巷23號3樓","核准設立"
"53182970","君成國際有限公司","新北市新莊區中信里4鄰中信街62號3樓","核准設立"
"53183507","利豆皇實業股份有限公司","新北市樹林區俊英街195號","解散"
"53205586","愛依特有限公司","新北市土城區中央路3段76巷50弄3號","解散"
"53220411","冠珏食品股份有限公司","新北市五股區興珍里五工六路24號(2樓)","解散"
"53231515","戊記食品有限公司","高雄市燕巢區安林2街63號","核准設立"
"53254170","北廚食品開發有限公司","桃園市蘆竹區海湖里中圳街18巷14號1樓","解散"
"53267689","廣國際有限公司","臺中市北屯區進化北路16號1樓","解散"
"53297902","綠柚子生物科技有限公司","雲林縣斗六市大智街53號1樓","核准設立"
"53340921","鄰鄉良食股份有限公司","臺北市大安區泰順街38巷30號","核准設立"
"53347207","永豐盈國際有限公司","臺北市大同區重慶北路2段74號7樓","核准設立"
"53383934","桔緣香素食有限公司","桃園市平鎮區北勢里金華街101之1號","核准設立"
"53387235","興饌有限公司","新竹市北區湳雅里2鄰武陵路238-18號1樓","核准設立"
"53396115","樺蓁食品有限公司","桃園市平鎮區龍泉一街4巷16號1樓","解散"
"53402242","新視野國際股份有限公司","新竹縣竹北市北崙里縣政九路155號5樓之1","核准設立"
"53407491","隆興製麵有限公司","屏東縣潮州鎮三星里三星路45-2號","核准設立"
"53412972","清清國際有限公司","新北市三重區頂崁里中山路379號9樓之2","解散"
"53426997","田禾形象國際發展有限公司","新北市蘆洲區長興路415號5樓","核准設立"
"53452848","正恩食品有限公司","新北市中和區中山路2段396號","核准設立"
"53483130","台灣天貝生技食品有限公司","臺中市潭子區頭家里和平路33巷17號4樓之1","核准設立"
"53499251","武暖餐飲開發有限公司","宜蘭縣礁溪鄉光武村武暖路133號1樓","核准設立"
"53503494","兆品科技有限公司","桃園市中壢區永光里4鄰家興新村25號1樓","核准設立"
"53511001","松永國際有限公司","桃園市蘆竹區錦中里聯福街1-1號1樓","核准設立"
"53512579","添記食品實業有限公司","臺中市神岡區豐洲里豐洲路456巷26弄26號","核准設立"
"53518757","尚選食品有限公司","桃園市大溪區仁和里埔頂路一段245巷188弄80號1樓","核准設立"
"53523978","典十國際有限公司","臺北市松山區南京東路4段168號170號","核准設立"
"53531225","凰鶯越南餐館有限公司","臺北市南港區新民街76號1樓","核准設立"
"53578902","阿囉哈食品有限公司","高雄市鹽埕區鹽埕街40巷18號10樓之3","核准設立"
"53590223","古早傳統小吃有限公司","高雄市旗津區廟前路25號1樓","核准設立"
"53599998","臻弘食品有限公司","臺中市大里區立仁里甲堤七街59號1樓","核准設立"
"53614392","新福源國際企業有限公司","新竹市埔前里中華路四段434巷3號","核准設立"
"53623977","薏仁志業有限公司","臺南市中西區青年路69號2樓","核准設立"
"53640265","雲海健康生技有限公司","臺中市太平區新興里新興路35巷47號","核准設立"
"53684045","和御企業有限公司","新北市汐止區康寧街15號4樓","核准設立"
"53689956","愛一家親社會企業股份有限公司","新北市三重區介壽里萬全街51號","核准設立"
"53698505","有機寶貝有限公司","新北市汐止區南陽街277號","核准設立"
"53705750","台灣健康生活生機科技有限公司","新北市深坑區深坑里平埔街22巷21號6樓","核准設立"
"53715342","臻晶實業有限公司","新北市中和區建八路175號4樓","核准設立"
"53728249","拓成國際有限公司","新北市萬里區龜吼里翡翠路18號","核准設立"
"53728260","豐隆食品有限公司","新北市新莊區立泰里新泰路401巷3號","解散"
"53728819","豐溱國際貿易有限公司","新北市林口區信義路382號14樓之1","核准設立"
"53739082","品帝股份有限公司","臺北市內湖區成功路3段174巷26弄7號1樓","核准設立"
"53753957","台灣月香國際貿易有限公司","臺北市中正區忠孝西路1段41號6樓之1","核准設立"
"53763012","航海者貿易有限公司","臺北市大安區忠孝東路4段311號6樓之2","核准設立"
"53772096","台灣樂菲股份有限公司","臺北市大安區仁愛路4段418號","核准設立"
"53785901","天然尚好食品有限公司","新竹縣竹東鎮五豐里4鄰自強路22號1樓","核准設立"
"53786269","宝柚食品有限公司","彰化縣社頭鄉社頭村員集路二段320巷24弄6號1樓","核准設立"
"53787247","陞航才神有限公司","臺中市南屯區春社里中台路314巷1號","核准設立"
"53796077","友昌食品有限公司","臺中市北屯區旅順路二段318號2樓","核准設立"
"53799525","五萂有限公司","臺中市龍井區忠和里海尾路278巷33弄16號1樓","核准設立"
"53819016","鴻鮮有限公司","桃園市平鎮區新勢里中豐路103巷4號1樓","解散"
"53824334","佳合農產股份有限公司","屏東縣萬丹鄉大學路230號","核准設立"
"53831551","宏承即食食品有限公司","彰化縣員林鎮南平里南平街178號2樓","核准設立"
"53836253","微果宅食倉庫有限公司","新竹縣竹北市六家五路二段136號1樓","核准設立"
"53837458","哈德客國際事業有限公司","桃園市平鎮區湧興路98號1樓","核准設立"
"53861533","中太陽光科技股份有限公司","新竹縣湖口鄉鳳山村新興路458-9號","核准設立"
"53872406","牛排王子一號店有限公司","彰化縣彰化市延平里大埔路513號","核准設立"
"53874122","聖鑫生物科技有限公司","新竹市香山區香山里美森街8巷1號1樓","核准設立"
"53882050","三強進出口貿易有限公司","高雄市大寮區萬丹路528號1樓","核准設立"
"53884584","皇呈開發有限公司","高雄市仁武區文南四街42號","核准設立"
"53893373","益多芳食品有限公司","高雄市苓雅區三多一路283巷3弄12號1樓","核准設立"
"53895457","安林軒食品有限公司","高雄市燕巢區安林四街20號1樓","核准設立"
"53905700","台灣雙牛生物科技有限公司","高雄市三民區北平二街173號","核准設立"
"53907405","台灣多娜瓦魯有限公司","高雄市鳳山區南正二路98巷2號3樓","解散"
"53935465","歡喜創意有限公司","臺北市信義區松德路153號","核准設立"
"53955243","鼎超食品有限公司","臺北市萬華區長泰街139巷17號5樓","核准設立"
"53961694","絨豐有限公司","桃園市大溪區月眉里信義路376號1樓","核准設立"
"53968970","圓心圓國際事業股份有限公司","宜蘭縣羅東鎮羅莊街398號","核准設立"
"54016140","揚明食品有限公司","新北市樹林區中山路2段151巷15弄10號","核准設立"
"54020284","煌鑫貿易有限公司","新北市汐止區大同路3段394號","核准設立"
"54038329","頂芳實業有限公司","新北市中和區保平路245號7樓","核准設立"
"54039880","寶耕生技股份有限公司","新北市中和區中原里立德街148巷40號3樓","核准設立"
"54048728","樂寶食品有限公司","新北市深坑區北深路3段266號","核准設立"
"54052481","準備好了有限公司","新北市三重區新北大道1段149號17樓","核准設立"
"54061073","雅十達食品有限公司","臺南市北區光武里長榮路5段341號1樓","解散"
"54064374","順豐農產品有限公司","臺南市新化區唪口里大德路182號","核准設立"
"54066507","鳳凰橋食品股份有限公司","臺南市東區東門路2段365巷13號","核准設立"
"54066577","吉好國際有限公司","臺南市歸仁區武東里高鐵十二路149號1樓","核准設立"
"54074014","古典豆豆食品股份有限公司","臺南市東區東寧路西段5號","核准設立"
"54075077","台灣之光食品有限公司","臺南市後壁區侯伯里後壁寮59-95號1樓","核准設立"
"54093841","家煇實業有限公司","臺中市大甲區頂店里中山路1段998之1號","解散"
"54102530","學甲農業生技股份有限公司","嘉義縣朴子市竹村里鴨母寮1-3號","解散"
"54106183","源天然農業有限公司","臺東縣池上鄉福原村中山路99號","核准設立"
"54106233","茂群生物科技有限公司","臺中市北區賴福里中清路一段416號6樓","解散"
"54115660","真穀農產生技有限公司","臺中市南區忠明南路711號1樓","核准設立"
"54117962","味源國際有限公司","臺中市西區精誠20街10號5樓","核准設立"
"54125127","頂鮮股份有限公司","嘉義市西區光路里民生南路466巷13號","核准設立"
"54178616","富名國際實業有限公司","臺北市中正區信義路2段45巷13號1樓","核准設立"
"54181892","台灣善商股份有限公司","新北市五股區五權八路42號","核准設立"
"54182647","勝政餐飲股份有限公司","臺北市中山區南京東路2段96號7樓","核准設立"
"54188950","品天食品事業有限公司","臺北市文山區辛亥路5段77之1號地下","核准設立"
"54201861","騏鐿新企業有限公司","高雄市三民區堯山街74之3號","核准設立"
"54215817","三代食品有限公司","高雄市三民區新民路83巷32號1樓","核准設立"
"54219341","行略企業有限公司","臺中市北屯區松勇里北屯路471巷6號","核准設立"
"54241842","大城食品有限公司","彰化縣大城鄉上山村魚寮路49-1號1樓","核准設立"
"54242032","太喜有限公司","新竹縣湖口鄉鳳山村新興路458-9號","核准設立"
"54243031","睿展生技食品有限公司","彰化縣溪湖鎮東溪里員鹿路一段336號2樓","核准設立"
"54268840","谷樂行銷有限公司","宜蘭縣五結鄉成興村22鄰五濱路1段136巷21號12樓之11","核准設立"
"54271937","美顏國際有限公司","臺北市大安區辛亥路2段121號1樓","核准設立"
"54283758","黃家香食品有限公司","新北市樹林區俊英街223巷24號1樓","解散"
"54286832","協麟企業股份有限公司","高雄市前鎮區佛中路64號11樓","核准設立"
"54289795","壹零國際有限公司","新北市板橋區陽明街55號(1樓)","核准設立"
"54299560","東之亮國際餐飲開發有限公司","新北市深坑區深坑街132號5樓","核准設立"
"54299739","七海生技有限公司","新北市永和區國中路33號","解散"
"54300996","禾村盈國際有限公司","新北市中和區秀士里景德街60號4樓","核准設立"
"54334525","阿米果有限公司","臺北市萬華區萬大路277巷14弄16號9樓","核准設立"
"54368290","天地人文創有限公司","臺北市中正區齊東街74號1樓","核准設立"
"54500116","寬珍實業有限公司","臺中市烏日區烏日里大同七街5號1樓","核准設立"
"54512470","富元生態農業科技有限公司","苗栗縣苗栗市文山里祥發街27號1樓","核准設立"
"54524807","安芯社會企業有限公司","新北市三芝區淡金路2段97號(1樓)","核准設立"
"54527473","新鮪豐貿易股份有限公司","基隆市安樂區武隆街13巷21號","核准設立"
"54534951","台素食品有限公司","桃園市平鎮區平東路659巷8號","核准設立"
"54539294","太璽企業有限公司","新竹市三民里三民路6號","核准設立"
"54546247","芸崴國際餐飲事業有限公司","新竹市前溪里公道五路三段536巷66號","核准設立"
"54547843","太源陽光有限公司","新竹縣竹北市文化里6鄰文義街261號","核准設立"
"54547956","太鑽陽光有限公司","新竹縣湖口鄉鳳山村新興路458-9號","核准設立"
"54566398","德豐耀企業有限公司","臺南市安南區城南里城西街2段226號1樓","核准設立"
"54571505","佳橙食品有限公司","臺南市關廟區下湖里關新路1段10號","核准設立"
"54573840","永禾豐生物科技有限公司","臺南市官田區富強路7號","核准設立"
"54573877","新世紀事業有限公司","臺南市中西區和緯路五段225號","核准設立"
"54584369","一善醬業有限公司","臺中市東區東英里三賢街55號2樓","核准設立"
"54629056","食尚佳實業有限公司","高雄市燕巢區安林二街57號","核准設立"
"54633397","董師傅有限公司","高雄市苓雅區三多三路214之6號","核准設立"
"54647646","愛毛孩企業有限公司","花蓮縣花蓮市主義里南京街228號","核准設立"
"86114256","喬志亞生技股份有限公司","高雄市大樹區竹寮里竹寮路308、309號","核准設立"
"86430325","新振發食品有限公司","臺中市豐原區圳寮里豐洲路40之5號","核准設立"
"86087286","冠億食品股份有限公司","臺中市西屯區工業區35路67號1樓","核准設立"
"97283742","艾美麗國際股份有限公司","新北市三重區新北大道2段260號14樓之3","核准設立"
"97374763","旺家實業有限公司","臺南市東區德光里德光街62巷32號","核准設立"
"84699395","屹兆莊企業有限公司","新北市蘆洲區長興路353號","核准設立"
"83371273","三喜產業股份有限公司","屏東縣內埔鄉中林村大同路五段88號","核准設立"
"81133395","馬玉山食品工業股份有限公司","高雄市左營區民族一路709號","核准設立"
"81082889","茂安企業有限公司","高雄市鳥松區美山路101之1號","核准設立"
"72088308","力漢企業股份有限公司","高雄市路竹區竹園里環球路15號","核准設立"
"69534233","亘上實業股份有限公司","臺南市麻豆區麻口里麻豆口1-14號","核准設立"
"97628106","駿馨咖啡實業有限公司","雲林縣古坑鄉荷苞村小坑5-2號","核准設立"
"97388366","祥溢實業有限公司","彰化縣彰化市崙平里平和十二街18號","核准設立"
"97238058","凱吉祥食品有限公司","桃園市中壢區中央西路2段30號14樓","核准設立"
"86661401","臺灣農特企業股份有限公司","苗栗縣後龍鎮埔頂里中華路1499號","核准設立"
"86219619","富昕股份有限公司","新北市新店區安和路2段169巷13號4樓","核准設立"
"54688651","優維碧企業有限公司","臺北市大安區仁愛路4段396之1號14樓","核准設立"
"54715989","彌亞有限公司","新北市新莊區海山里福海街31巷8號3樓","核准設立"
"54723691","廣益國際實業有限公司","新北市蘆洲區中興街8號","核准設立"
"54729415","長和國際股份有限公司","新北市樹林區復興路198號9樓","核准設立"
"54736979","松鈺食品有限公司","新北市土城區自強街11巷3號2樓","解散"
"54740609","華緯生物科技有限公司","嘉義市西區美源里世賢路四段161號","核准設立"
"54742141","立崧食品有限公司","臺中市北區忠明路175號3樓","核准設立"
"54751540","毅鼎新光電有限公司","臺中市神岡區社口里民權一街63號1樓","核准設立"
"54753300","佺眾有限公司","臺中市大里區四育街24號","核准設立"
"54763068","味一全統股份有限公司","臺中市北屯區平興里北屯路360號17樓之2","核准設立"
"54772469","弘太陽光有限公司","新竹縣湖口鄉鳳山村新興路458-9號","核准設立"
"54772518","詠太陽光有限公司","新竹縣湖口鄉鳳山村新興路458-9號","核准設立"
"54772600","太日陽光有限公司","新竹縣湖口鄉鳳山村新興路458-9號","核准設立"
"54781241","雅仕茵企業有限公司","彰化縣和美鎮中圍里彰新路3段373巷4號1樓","解散"
"54783043","傳香油坊有限公司","彰化縣埔心鄉埔心村埔新路37號1樓","核准設立"
"54783959","得意黃豆食品有限公司","桃園市龍潭區三林里15鄰三角林37-9號","核准設立"
"54799925","金喜來食品有限公司","屏東縣里港鄉永春村永春路4之3號","核准設立"
"54805840","上昇陽光有限公司","新竹縣湖口鄉鳳山村新興路458-9號","核准設立"
"54810273","璽農農業開發有限公司","屏東縣里港鄉過江村過江路41-117號","核准設立"
"54816641","紀和股份有限公司","桃園市桃園區自強路48號","核准設立"
"54837977","嘉豐興企業有限公司","新北市樹林區忠信街15號6樓","核准設立"
"54850865","啡茶道餐飲股份有限公司","新北市林口區文化三路1段402巷2號(1樓及2樓)","核准設立"
"54891958","築塑企業有限公司","臺中市太平區宜昌里宜昌路536巷2號1樓","核准設立"
"54895271","久泓食品有限公司","臺中市豐原區南陽里2鄰南陽路123巷59弄81號地下一層","核准設立"
"54909253","鼎豐食品有限公司","臺中市南屯區豐樂里文心南一路95號1樓","核准設立"
"55658253","東龍工業股份有限公司","臺中市豐原區三村里西勢路550號","核准設立"
"66296264","景山興業股份有限公司","桃園市楊梅區高榮里高榮路316號","核准設立"
"70422741","摩法堂奈米科技有限公司","臺南市安平區慶平路555號之2","核准設立"
"70438027","優墾整合行銷有限公司","臺北市大安區忠孝東路3段136號10樓之3","核准設立"
"75669974","台灣維生食品股份有限公司","高雄市三民區民族一路2巷60號","核准設立"
"80003021","龍億生化股份有限公司","臺南市後壁區嘉民里146號","核准設立"
"80091376","宝玉事業有限公司","新竹市復中里民生路142號1樓","解散"
"80212505","祥益食品有限公司","雲林縣口湖鄉成龍村成龍200之1號","核准設立"
"80413593","麒宏食品工業有限公司","臺南市西港區劉厝里63之9號","核准設立"
"80425970","百亞國際有限公司","新北市板橋區民族路218號4樓","核准設立"
"80485033","池上多力米股份有限公司","臺東縣池上鄉福原村中山路193之1號","核准設立"
"80607795","佳質食品研發有限公司","桃園市蘆竹區內厝里內溪路60之8號","核准設立"
"80615134","亞泰食品有限公司","桃園市蘆竹區文中路1段119巷3之4號","核准設立"
"80624062","冠詮科技股份有限公司","新竹縣竹北市鹿場里自強三路31號3樓","核准設立"
"80726201","讚美科技股份有限公司","臺中市西屯區上石里西屯路二段259-3號13樓之6","核准設立"
"84342380","耆盛企業股份有限公司","新北市樹林區八德街280巷3號(4樓)","核准設立"
"84358431","高德實業有限公司","宜蘭縣五結鄉成興村利工三路59號","核准設立"
"84385009","楷燁國際貿易有限公司","臺北市文山區木新路2段218巷12號3樓","核准設立"
"84540585","得雅農產品有限公司","臺中市南屯區大墩四街261之7號3樓","核准設立"
"84929657","山鉅國際有限公司","臺北市中山區錦州街48號8樓之5","核准設立"
"86078358","嘉倫生技有限公司","臺南市北區公園路595號之23","核准設立"
"86107467","益大理研股份有限公司","桃園市八德區友聯街29巷34號","核准設立"
"86347282","名典實業有限公司","臺中市豐原區西安里瑞安街21號","核准設立"
"86396678","易生食品科技有限公司","臺中市西屯區河南路52號1樓","核准設立"
"86511662","合身國際有限公司","臺北市中山區中山北路1段126巷12之1號","核准設立"
"86958282","立德食品股份有限公司","桃園市桃園區忠義里大有路63號1樓","核准設立"
"89377979","東庭國際事業股份有限公司","臺中市西區吉龍里五權五街151號5樓之3","核准設立"
"89381880","顥通企業有限公司","彰化縣社頭鄉仁雅村仁雅巷177弄10號","核准設立"
"89864289","綠指南貿易有限公司","新北市板橋區信義路163巷5號10樓","核准設立"
"89932940","勁揚股份有限公司","臺北市內湖區行愛路78巷28號4樓之2","核准設立"
"96865024","鮮大王企業股份有限公司","桃園市平鎮區關爺東路35號","核准設立"
"97025153","大正銳業有限公司","桃園市新屋區石牌里6鄰石牌嶺1之3號","核准設立"
"97058436","蔡技企業有限公司","基隆市七堵區福一街129號","核准設立"
