01130298,順達汽車材料行,臺北市大同區南京西路64巷24弄5號,汽、機車零件配備零售業
83925274,駿榮汽車商行,臺北市中山區民族東路160號1樓,汽、機車零件配備零售業
25543678,順發車行,臺北市內湖區成功路4段68號8樓之6,汽、機車零件配備零售業
73875958,吉歷汽車商行,臺北市士林區重慶北路4段9號1樓,汽、機車零件配備零售業
15974389,建旭汽車商行,臺北市萬華區西藏路261之1號,汽、機車零件配備零售業
31880085,福源實業社,臺北市內湖區民權東路6段56巷35號,汽、機車零件配備零售業
13832463,昱鑫汽車材料行,臺北市內湖區金湖路364號2樓,汽、機車零件配備零售業
26213719,明源汽車精品店,臺北市北投區中央南路2段33之2號,汽、機車零件配備零售業
38503447,盛鴻行,臺北市士林區延平北路6段139號4樓,汽、機車零件配備零售業
13475893,德龍車業行,臺北市士林區故宮路41巷1號1樓,汽、機車零件配備零售業
83934870,利大車業行,臺北市大同區庫倫街2號,汽、機車零件配備零售業
31873036,嘉越順汽車商行,臺北市北投區中央北路4段378號,汽、機車零件配備零售業
25534657,優能機車行,臺北市信義區松隆路219號,汽、機車零件配備零售業
14332640,金匯晟汽車商行,臺北市中山區民族東路512巷22號1樓,汽、機車零件配備零售業
77492799,明欣機車行,臺北市中山區新生北路3段57號1樓,汽、機車零件配備零售業
48937029,元福車業行,臺北市大安區通化街186之1號,汽、機車零件配備零售業
25578042,好朋友汽車材料行,臺北市內湖區內湖路2段339巷10弄6號,汽、機車零件配備零售業
18394929,捷寶汽車商行,臺北市北投區崇仁路1段31號1樓,汽、機車零件配備零售業
17749803,長榕實業社,臺北市文山區興隆路3段229巷6弄8號1樓,汽、機車零件配備零售業
15652633,舜泰汽車商行,臺北市大安區樂利路43號1樓,汽、機車零件配備零售業
05197538,永祿汽車材料行,臺北市中正區南海路87號1樓,汽、機車零件配備零售業
48868183,騰隆汽車材料行,臺北市松山區八德路4段361號,汽、機車零件配備零售業
48679155,勝瀧車業行,臺北市士林區文林路689號,汽、機車零件配備零售業
81783290,有徹汽車商行,臺北市北投區中央北路4段202號1樓,汽、機車零件配備零售業
99616507,福益汽車材料行,臺北市士林區葫蘆街110之3號6樓,汽、機車零件配備零售業
38555182,焦點車燈材料行,臺北市內湖區民權東路6段253號,汽、機車零件配備零售業
38513450,音速企業社,臺北市內湖區文德路147號,汽、機車零件配備零售業
27181623,安宸汽車商行,臺北市文山區辛亥路7段71號1樓,汽、機車零件配備零售業
15662718,三通汽車修護廠,臺北市內湖區新明路290號,汽、機車零件配備零售業
18377484,三龍機車行,臺北市大安區延吉街174號1樓,汽、機車零件配備零售業
25579751,阿國機車行,臺北市北投區大業路663號,汽、機車零件配備零售業
31092383,?欣機車行,臺北市北投區崇仁路1段25號,汽、機車零件配備零售業
29210700,上青企業社,臺北市中山區民族東路512巷13弄6號2樓,汽、機車零件配備零售業
26351395,皇加機車行,臺北市士林區至誠路2段129號1樓,汽、機車零件配備零售業
05509103,弘吉輪胎行,臺北市文山區木新路2段12號1樓,汽、機車零件配備零售業
73905453,松順汽車商行,臺北市內湖區金龍路114號,汽、機車零件配備零售業
30165611,拾柒車業行,臺北市松山區塔悠路62號,汽、機車零件配備零售業
81783572,萬泰汽車商行,臺北市士林區承德路4段257號1樓,汽、機車零件配備零售業
01145659,中一車業行,臺北市大同區蘭州街42號1樓,汽、機車零件配備零售業
01712301,福星機車行,臺北市文山區木新路2段123號1樓,汽、機車零件配備零售業
01342103,新開發汽車裝潢行,臺北市中山區北安路839號,汽、機車零件配備零售業
25655292,延嘉機車行,臺北市松山區市民大道4段291號,汽、機車零件配備零售業
25562528,華茂汽車商行,臺北市松山區寶清街11號,汽、機車零件配備零售業
30295327,柏均汽車商行,臺北市北投區文林北路272巷3號2樓,汽、機車零件配備零售業
25544769,萬力機車行,臺北市士林區中正路515號,汽、機車零件配備零售業
14314621,金立企業社,臺北市士林區葫蘆街23巷3號1樓,汽、機車零件配備零售業
17267452,有益汽車商行,臺北市士林區福港街17號1樓,汽、機車零件配備零售業
38504585,二林箱包工作室,臺北市中山區長春路172號6樓之9,汽、機車零件配備零售業
05148880,國裕機車行,臺北市中正區濟南路2段73號1樓,汽、機車零件配備零售業
15665010,明泰汽車材料行,臺北市中山區建國北路3段123號1樓,汽、機車零件配備零售業
31862220,上路安行,臺北市文山區羅斯福路5段173號,汽、機車零件配備零售業
26225026,德鎰汽車保養所,臺北市信義區永吉路202號,汽、機車零件配備零售業
31874176,飛達機車行,臺北市南港區南港路2段288號,汽、機車零件配備零售業
26215006,宏泰汽車商行,臺北市士林區延平北路6段443號,汽、機車零件配備零售業
80990285,明水自動車精品行,臺北市大同區承德路1段105號12樓之5,汽、機車零件配備零售業
38474908,譽豪企業社,臺北市松山區長安東路2段215號12樓之9,汽、機車零件配備零售業
15660893,安立汽車材料行,臺北市信義區信義路5段150巷401弄5號1樓,汽、機車零件配備零售業
01769697,大億清潔社,臺北市萬華區艋舺大道394號,汽、機車零件配備零售業
12375495,泰倫機車行,臺北市中山區新生北路3段95之1號1樓,汽、機車零件配備零售業
26234685,龍騰車業行,臺北市文山區羅斯福路6段451號1樓,汽、機車零件配備零售業
25556498,百達車業行,臺北市中山區復興北路504號,汽、機車零件配備零售業
78505630,太祥車業行,臺北市中山區新生北路1段47巷33號1樓,汽、機車零件配備零售業
48756645,松杰汽車材料行,臺北市大同區太原路11巷18號1樓,汽、機車零件配備零售業
08607450,華昌汽車材料行,臺北市中山區民族東路512巷8號,汽、機車零件配備零售業
26362793,?通車業行,臺北市內湖區港華街74號1樓,汽、機車零件配備零售業
10330233,鋒成汽車商行,臺北市松山區塔悠路212號,汽、機車零件配備零售業
31866605,燁興機車商行,臺北市松山區八德路3段155巷3號,汽、機車零件配備零售業
01709018,良勇汽車商行,臺北市文山區興隆路1段204號1樓,汽、機車零件配備零售業
48756223,弘群汽車音響行,臺北市大同區庫倫街7號1樓,汽、機車零件配備零售業
31948114,振昇機車行,臺北市北投區中和街239號1樓,汽、機車零件配備零售業
83917909,黃記汽車商行,臺北市文山區辛亥路7段62號1樓,汽、機車零件配備零售業
31872418,靚車汽車美容商行,臺北市南港區重陽路433號,汽、機車零件配備零售業
14320927,安富汽車商行,臺北市士林區延平北路8段71號1樓,汽、機車零件配備零售業
37906626,新明修車業,臺北市大同區長安西路66號4樓之2,汽、機車零件配備零售業
13462341,詠大車業行,臺北市萬華區西藏路270號1樓,汽、機車零件配備零售業
98882674,峻旗車業行,臺北市南港區玉成街34號,汽、機車零件配備零售業
48501735,迅雷機車行,臺北市萬華區西園路2段292號1樓,汽、機車零件配備零售業
34755596,紘庠汽車商行,臺北市中山區龍江路429巷8號3樓,汽、機車零件配備零售業
26213289,永豪機車材料行,臺北市信義區嘉興街175巷5號,汽、機車零件配備零售業
18097110,嘉鴻汽車商行,臺北市北投區大業路440號2樓,汽、機車零件配備零售業
26218812,湖前企業社,臺北市松山區南京東路4段180號5樓之3,汽、機車零件配備零售業
12258476,友能企業行,臺北市中山區新生北路1段11號,汽、機車零件配備零售業
20996588,凱新汽車商行,臺北市內湖區民權東路6段296巷76號5樓,汽、機車零件配備零售業
17742421,隆成車業行,臺北市信義區吳興街600巷78號,汽、機車零件配備零售業
31324222,祥友汽車商行,臺北市大同區環河北路2段371號1樓,汽、機車零件配備零售業
31853735,耀宏車業行,臺北市內湖區金龍路39號,汽、機車零件配備零售業
01325414,萬國電機行,臺北市中山區松江路16巷19號1樓,汽、機車零件配備零售業
01305803,長安汽車玻璃行,臺北市中山區建國北路3段91號7樓,汽、機車零件配備零售業
31860124,德盟汽車商行,臺北市大同區承德路2段91巷5號,汽、機車零件配備零售業
99628665,勝原汽車電機行,臺北市大同區涼州街1之14號1樓,汽、機車零件配備零售業
81792018,長峰機車行,臺北市北投區尊賢街302巷1號1樓,汽、機車零件配備零售業
48558878,金吉隆汽車商行,臺北市北投區西安街1段179號1樓,汽、機車零件配備零售業
99620262,忠晟機車行,臺北市文山區新光路1段120號1樓,汽、機車零件配備零售業
99349241,瑞鎰汽車商行,臺北市文山區木新路2段195號,汽、機車零件配備零售業
21731538,松豪汽車材料行,臺北市中山區德惠街167巷26號1樓,汽、機車零件配備零售業
48897461,北駿汽車工作坊,臺北市士林區社中街262之1號,汽、機車零件配備零售業
81637635,上盛車業行,臺北市信義區松仁路208號1樓,汽、機車零件配備零售業
21764896,合發企業社,臺北市中山區民族東路116號1樓,汽、機車零件配備零售業
03219971,邱健東汽車行,臺北市中正區紹興南街24巷1號1樓,汽、機車零件配備零售業
17266398,恭順車業行,臺北市中山區德惠街38號1樓,汽、機車零件配備零售業
02178045,亞達汽車商行,臺北市松山區民生東路5段69巷21號1樓,汽、機車零件配備零售業
14327668,大錦順企業行,臺北市大同區重慶北路3段120巷51號,汽、機車零件配備零售業
31850060,瑞吉汽車商行,臺北市內湖區瑞光路111號,汽、機車零件配備零售業
20747842,明正車業行,臺北市信義區忠孝東路5段147號,汽、機車零件配備零售業
77172326,新晟裕機車行,臺北市萬華區西寧南路185之2號1樓,汽、機車零件配備零售業
26228972,財神汽車商行,臺北市北投區中央南路1段225巷2號,汽、機車零件配備零售業
73917042,振中機車行,臺北市信義區永吉路30巷25號1樓,汽、機車零件配備零售業
66972379,引群汽車商行,臺北市信義區林口街38巷36號1樓,汽、機車零件配備零售業
12488408,協聯汽車保養所,臺北市中山區民生東路3段78號,汽、機車零件配備零售業
38580083,卯坤國際車業商行,臺北市內湖區舊宗路2段115號,汽、機車零件配備零售業
01540146,鴻逸汽車商行,臺北市信義區忠孝東路5段743巷19號1樓,汽、機車零件配備零售業
21731559,令可企業社,臺北市大同區承德路3段172號1樓,汽、機車零件配備零售業
31949985,勝駿車業行,臺北市南港區南港路3段21號,汽、機車零件配備零售業
25561675,金順億商行,臺北市萬華區中華路2段432號6樓之2,汽、機車零件配備零售業
25570409,成誼車業行,臺北市文山區羅斯福路4段210號,汽、機車零件配備零售業
26341904,華安企業社,臺北市中正區重慶南路3段60之3號,汽、機車零件配備零售業
25579485,呈豐企業社,臺北市北投區東華街1段436號,汽、機車零件配備零售業
15884985,輪達汽車商行,臺北市萬華區莒光路298號1樓,汽、機車零件配備零售業
38564921,利冠汽車商行,臺北市士林區重慶北路4段44號,汽、機車零件配備零售業
26241356,尊上汽車保養所,臺北市南港區研究院路1段38號,汽、機車零件配備零售業
17267684,技家汽車材料商行,臺北市士林區福志路117號1樓,汽、機車零件配備零售業
25577212,福臨寶駒汽車商行,臺北市信義區基隆路1段147巷5弄16號2樓,汽、機車零件配備零售業
48736655,東昇優質汽車商行民族分行,臺北市中山區民族東路196號,汽、機車零件配備零售業
31852503,群英汽車材料精品社,臺北市士林區重慶北路4段199號1樓,汽、機車零件配備零售業
01616715,大慶機車材料行,臺北市信義區莊敬路325巷33號1樓,汽、機車零件配備零售業
15846054,國泰汽車電機行,臺北市中正區莒光路101號,汽、機車零件配備零售業
38470754,阿穎汽機車創意貼膜工作室,臺北市中山區新生北路3段82巷30號1樓,汽、機車零件配備零售業
83942647,信興輪胎行,臺北市中山區市民大道3段23號1樓,汽、機車零件配備零售業
83944498,金泰貿易行,臺北市中山區龍江路281巷20號1樓,汽、機車零件配備零售業
48952935,永弘汽車保養廠,臺北市北投區大度路3段159號,汽、機車零件配備零售業
31858318,正昇輪胎行,臺北市北投區大業路35號,汽、機車零件配備零售業
31879088,柔柔時尚小鋪,臺北市萬華區東園街32之1號1樓,汽、機車零件配備零售業
30165611,拾柒車業行,臺北市松山區塔悠路62號,汽、機車零件配備零售業
83941892,明佳汽車商行,臺北市內湖區港墘路28號1樓,汽、機車零件配備零售業
48691209,涉谷百貨行,臺北市萬華區中華路1段114巷2號,汽、機車零件配備零售業
25581877,福俐車業行,臺北市北投區東華街2段86號1樓,汽、機車零件配備零售業
10049713,至誠機車商行,臺北市文山區木新路3段253號1樓,汽、機車零件配備零售業
13828670,鑫揚汽車材料行,臺北市文山區景隆街52號1樓,汽、機車零件配備零售業
26225709,聯吉汽車材料行,臺北市內湖區安康路108號,汽、機車零件配備零售業
26340068,勁展車業社,臺北市松山區延吉街7之3號,汽、機車零件配備零售業
38503679,信輝企業社,臺北市士林區小南街18號2樓,汽、機車零件配備零售業
99634250,宏菖車業行,臺北市松山區民權東路5段7號,汽、機車零件配備零售業
13449517,力行輪業行,臺北市內湖區成功路4段308號1樓,汽、機車零件配備零售業
15649188,健駒汽車用品精品店,臺北市中山區民族東路418號1樓,汽、機車零件配備零售業
10340653,嵩峰機車行,臺北市信義區基隆路1段350之1號,汽、機車零件配備零售業
48761746,唯盛汽車商行,臺北市南港區中坡北路30巷1號,汽、機車零件配備零售業
17537006,昇威交通器材行,臺北市信義區福德街268巷29弄6號1樓,汽、機車零件配備零售業
31948043,菁英玻璃隔熱片行,臺北市信義區松德路257號,汽、機車零件配備零售業
48875500,鑫億機車行,臺北市松山區八德路4段181巷29號,汽、機車零件配備零售業
31719034,宸記機車行,臺北市松山區南京東路5段357號1樓,汽、機車零件配備零售業
31845004,金佑企業社,臺北市中山區民權東路2段135巷29弄6號1樓,汽、機車零件配備零售業
12153803,三興汽車材料行,臺北市中山區民族東路548號1樓,汽、機車零件配備零售業
14324986,毅樺汽車商行,臺北市中山區新生北路2段45巷6號1樓,汽、機車零件配備零售業
31852476,展創企業社,臺北市中山區渭水路36號,汽、機車零件配備零售業
01477925,僾儷萊童裝百貨店,臺北市中正區南昌路1段163號1樓,汽、機車零件配備零售業
38575862,信恩汽車電機材料行,臺北市內湖區新明路513號1樓,汽、機車零件配備零售業
99644222,泰麟汽車商行,臺北市北投區致遠一路1段82號1樓,汽、機車零件配備零售業
81793608,長億汽車材料行,臺北市北投區公館路336號1樓,汽、機車零件配備零售業
83939452,德安汽車材料行,臺北市松山區塔悠路193號1樓,汽、機車零件配備零售業
07606566,德興機車行,臺北市大同區西寧北路83之1號,汽、機車零件配備零售業
01629177,百盛汽車材料行,臺北市信義區永吉路120巷47號1樓,汽、機車零件配備零售業
38581999,尚驛汽車商行,臺北市內湖區環山路2段2號,汽、機車零件配備零售業
73905329,冠德汽車材料行,臺北市南港區富康街2號1樓,汽、機車零件配備零售業
25553653,源大洗車汽車百貨行,臺北市大安區市民大道3段222號1樓,汽、機車零件配備零售業
83900745,欣展車業行,臺北市內湖區金龍路212號214號1樓,汽、機車零件配備零售業
38496473,弘霖汽車商行,臺北市松山區健康路272號1樓,汽、機車零件配備零售業
99359009,廣運科技實業社,臺北市士林區中山北路6段277巷10號1樓,汽、機車零件配備零售業
26249239,宏盛汽車商行,臺北市北投區中央北路2段305號,汽、機車零件配備零售業
17771163,銘坤企業行,臺北市萬華區環河南路3段257號1樓,汽、機車零件配備零售業
08590486,欣旺汽車商行,臺北市內湖區星雲街71號1樓,汽、機車零件配備零售業
38467224,啟順企業行,臺北市大同區環河北路2段205巷25號,汽、機車零件配備零售業
20885041,川源汽車電機冷氣行,臺北市松山區健康路438號,汽、機車零件配備零售業
48785487,慶得汽車商行,臺北市信義區林口街85號,汽、機車零件配備零售業
25521457,上野企業社,臺北市文山區景興路65號,汽、機車零件配備零售業
38619756,卡仕達汽車美容店,臺北市北投區中央北路3段11號,汽、機車零件配備零售業
17255836,迦南汽車商行,臺北市士林區中正路688號,汽、機車零件配備零售業
01149579,巨力電業行,臺北市大同區赤?街53巷1號1樓,汽、機車零件配備零售業
01604491,全威汽車電機行,臺北市信義區松仁路170號,汽、機車零件配備零售業
77418166,宏達汽車輪胎保養所,臺北市士林區承德路4段284號286號1樓,汽、機車零件配備零售業
38557581,明盛精品店,臺北市松山區寶清街30號,汽、機車零件配備零售業
01638582,南湖車業行,臺北市內湖區安康路206號,汽、機車零件配備零售業
38565294,崧沛汽車材料行,臺北市內湖區新明路237號,汽、機車零件配備零售業
77905124,高昇機車行,臺北市大安區和平東路3段228巷74號1樓,汽、機車零件配備零售業
26231364,裕林車業,臺北市大安區市民大道3段132號,汽、機車零件配備零售業
38581180,恆鑫機車行,臺北市南港區南港路2段296號1樓,汽、機車零件配備零售業
81708693,飛順車業行,臺北市中山區吉林路431號1樓,汽、機車零件配備零售業
13456066,世烽交通器材行,臺北市中山區龍江路457巷15號1樓,汽、機車零件配備零售業
31864304,弘晟機車行,臺北市大安區復興南路2段342號,汽、機車零件配備零售業
31870191,台利機車行,臺北市松山區延壽街362號,汽、機車零件配備零售業
99364208,泳霖汽車商行,臺北市松山區南京東路5段291巷47弄43號1樓,汽、機車零件配備零售業
48774003,元振機車行,臺北市文山區景興路13號,汽、機車零件配備零售業
21730910,勝嘉汽車電機行,臺北市信義區忠孝東路5段15巷12號1樓,汽、機車零件配備零售業
26373200,金明機車行,臺北市大安區基隆路3段147號,汽、機車零件配備零售業
77899798,三華汽車商行,臺北市大安區復興南路2段334號1樓,汽、機車零件配備零售業
01397562,隆祥汽車行,臺北市北投區大業路35巷2號,汽、機車零件配備零售業
48787725,兢麗汽車美容商行,臺北市松山區三民路113巷4號,汽、機車零件配備零售業
01673399,國順汽車電機行,臺北市南港區研究院路1段155號,汽、機車零件配備零售業
20791142,全鴻機車行,臺北市信義區虎林街67號1樓,汽、機車零件配備零售業
77147734,金鋒商行,臺北市萬華區和平西路3段347號1樓,汽、機車零件配備零售業
20850599,敦吉機車行,臺北市南港區玉成街181巷8號1樓,汽、機車零件配備零售業
15659360,建泰汽車電機冷氣行,臺北市中山區建國北路3段121號1樓,汽、機車零件配備零售業
01394447,睿連企業社,臺北市北投區三合街2段458號1樓,汽、機車零件配備零售業
48939954,振泓企業社,臺北市士林區延平北路7段42號,汽、機車零件配備零售業
38573702,壹玖壹二輪車業行,臺北市士林區環河北路3段191號,汽、機車零件配備零售業
99796233,揚傑機車行,臺北市大同區延平北路3段108號1樓,汽、機車零件配備零售業
09651221,弘安車業行,臺北市中正區汀州路2段192號,汽、機車零件配備零售業
25576924,川野一吉企業社,臺北市士林區重慶北路4段276號1樓,汽、機車零件配備零售業
04885679,萬明企業社,臺北市文山區木新路2段16號1樓,汽、機車零件配備零售業
83946340,宏成車業行,臺北市內湖區環山路1段94號1樓,汽、機車零件配備零售業
25538730,五八一生活館,臺北市文山區指南路2段133號,汽、機車零件配備零售業
31879411,十丰車業行,臺北市大安區通化街39巷37號,汽、機車零件配備零售業
38564035,忠宬企業社,臺北市萬華區康定路192號2樓,汽、機車零件配備零售業
25667706,宏曜汽車材料行,臺北市內湖區成功路2段10號,汽、機車零件配備零售業
02207294,懋森企業社,臺北市北投區溫泉路30巷15號,汽、機車零件配備零售業
94904509,順成汽車保養所,臺北市內湖區文德路239號,汽、機車零件配備零售業
26343543,豐銘汽車商行,臺北市內湖區安泰街45巷1號,汽、機車零件配備零售業
25578704,鈞堯商行,臺北市中山區民權西路20號6樓之10,汽、機車零件配備零售業
10376032,台北輪胎行,臺北市北投區北投路1段89巷1號,汽、機車零件配備零售業
08603399,大益汽車商行,臺北市內湖區金湖路12號,汽、機車零件配備零售業
01304924,吉羊服務社,臺北市信義區松德路65號11樓之1,汽、機車零件配備零售業
26243761,基馭汽車保修廠,臺北市北投區中央北路4段208號,汽、機車零件配備零售業
38561749,家綺商行,臺北市大同區民族西路73號,汽、機車零件配備零售業
01732664,長慶機車行,臺北市大安區樂利路79號1樓,汽、機車零件配備零售業
25671357,長宏汽車保養所,臺北市士林區重慶北路4段98號1樓,汽、機車零件配備零售業
48735662,欣宏汽車保養所,臺北市中正區師大路194號1樓,汽、機車零件配備零售業
18098672,耀德商行,臺北市士林區德行西路114號2樓,汽、機車零件配備零售業
17267328,橋下汽車材料行,臺北市大安區建國南路1段32號1樓,汽、機車零件配備零售業
14337722,好順機車工坊,臺北市萬華區和平西路3段3之1號1樓,汽、機車零件配備零售業
31158379,新鎰昌機車行,臺北市士林區至誠路1段2之6號1樓,汽、機車零件配備零售業
04808456,偉達機車行,臺北市南港區南港路1段30巷2號,汽、機車零件配備零售業
48738773,狄宇商行,臺北市北投區承德路7段401巷617號,汽、機車零件配備零售業
26232722,鼎旺企業社,臺北市北投區文林北路252號3樓,汽、機車零件配備零售業
26252297,馬力夯車業行,臺北市中正區汀洲路2段251號,汽、機車零件配備零售業
18380880,原茂機車行,臺北市萬華區環河南路2段55號1樓,汽、機車零件配備零售業
99355947,得益車業行,臺北市大同區民權西路234號,汽、機車零件配備零售業
38461262,信毅汽車企業社,臺北市文山區羅斯福路5段95之4號1樓,汽、機車零件配備零售業
26244564,弘翔實業社,臺北市大同區重慶北路1段15巷8號(4樓),汽、機車零件配備零售業
09651221,弘安車業行,臺北市中正區汀州路2段192號,汽、機車零件配備零售業
80999357,大業汽車修護廠,臺北市北投區中央北路3段23號1樓,汽、機車零件配備零售業
15668332,輝瑪行,臺北市士林區天母東路105巷11號5樓,汽、機車零件配備零售業
27159903,祥明機車行,臺北市南港區忠孝東路6段298號1樓,汽、機車零件配備零售業
05000205,榮輝汽車商行,臺北市中正區三元街6號1樓,汽、機車零件配備零售業
17087629,進雄車業行,臺北市中正區汀州路3段56號1樓,汽、機車零件配備零售業
48782637,才旺興機車行,臺北市士林區士東路11號1樓,汽、機車零件配備零售業
25668206,旭捷車業行,臺北市信義區松信路23號,汽、機車零件配備零售業
10353164,北郡車業行,臺北市北投區大業路492號1樓,汽、機車零件配備零售業
31847740,長興車業行,臺北市大安區基隆路3段109號,汽、機車零件配備零售業
94902761,富順汽車保養所,臺北市士林區環河北路3段201號,汽、機車零件配備零售業
01403902,昇玖汽車商行,臺北市北投區文林北路190號,汽、機車零件配備零售業
25630716,嘉元機車行,臺北市信義區松信路32號1樓,汽、機車零件配備零售業
99612713,元敞汽車商行,臺北市內湖區康寧路3段26巷10弄2號1樓,汽、機車零件配備零售業
31963395,卿乾淨汽車商行,臺北市大同區民族西路325號,汽、機車零件配備零售業
48580999,陽鑫車業行,臺北市中正區和平西路1段140號1樓,汽、機車零件配備零售業
83917801,佳音汽車商行,臺北市中山區民族東路474號1樓,汽、機車零件配備零售業
09655985,昌暉汽車商行,臺北市北投區大業路545號,汽、機車零件配備零售業
77515809,輝鷹汽車商行,臺北市大同區環河北路1段243號1樓,汽、機車零件配備零售業
26233335,鉅美車業行,臺北市中正區南海路85號,汽、機車零件配備零售業
01597920,祥暉機車行,臺北市信義區虎林街56巷1號1樓,汽、機車零件配備零售業
99796233,揚傑機車行,臺北市大同區延平北路3段108號1樓,汽、機車零件配備零售業
38557490,樂芙萊茯館,臺北市大安區忠孝東路4段162號11樓之5,汽、機車零件配備零售業
73919533,美輪汽車材料行,臺北市中正區汀州路2段130號,汽、機車零件配備零售業
17740676,威旺汽車商行,臺北市內湖區環山路1段134號1樓,汽、機車零件配備零售業
15999348,鎮銘輪胎行,臺北市萬華區西藏路232號1樓,汽、機車零件配備零售業
18086628,鑫旺企業社,臺北市松山區光復南路66巷81號1樓,汽、機車零件配備零售業
48901063,鴻祥汽車材料行,臺北市中山區八德路2段195號,汽、機車零件配備零售業
21725000,詠聖車業行,臺北市北投區自強街141巷2之1號1樓,汽、機車零件配備零售業
26207694,永馳機車行,臺北市士林區社中街88號1樓,汽、機車零件配備零售業
08592490,元成汽車商行,臺北市信義區大道路64號1樓,汽、機車零件配備零售業
99362089,致盛機車行,臺北市大安區金華街118之4號1樓,汽、機車零件配備零售業
48729113,立成企業社,臺北市中山區民族東路436號,汽、機車零件配備零售業
26371168,啟豐車業行,臺北市北投區實踐街16號,汽、機車零件配備零售業
25513554,順業汽車材料行,臺北市文山區興隆路1段214號,汽、機車零件配備零售業
07731234,晟輪車料行,臺北市大同區酒泉街191號,汽、機車零件配備零售業
31869808,畢樂芙創意工作室,臺北市中山區大直街94巷1弄12號1樓,汽、機車零件配備零售業
04806942,宏吉車業行,臺北市內湖區成功路2段274號1樓,汽、機車零件配備零售業
17762538,宗興儀器企業社,臺北市中正區仁愛路3段17號11樓,汽、機車零件配備零售業
48738268,賓智汽車商行,臺北市松山區民族東路670號,汽、機車零件配備零售業
25573433,新曜汽車商行,臺北市北投區中央北路4段412號1樓,汽、機車零件配備零售業
01603985,裕源車業行,臺北市信義區永吉路27號,汽、機車零件配備零售業
26356526,鋐昌汽車商行,臺北市南港區忠孝東路7段566號,汽、機車零件配備零售業
26350522,浩世數位科技工作室,臺北市南港區忠孝東路6段269巷3弄6號3樓,汽、機車零件配備零售業
98889254,鈞弘汽車電機材料行,臺北市萬華區汀州路1段6號1樓,汽、機車零件配備零售業
29241886,志和企業商行,臺北市中山區朱園里市民大道3段39號2樓,汽、機車零件配備零售業
26356244,泓瑋汽車材料行,臺北市萬華區雙園街41號,汽、機車零件配備零售業
13479906,詠興車業商行,臺北市大同區延平北路3段102號1樓,汽、機車零件配備零售業
99969895,東昇優質汽車商行,臺北市中山區民族東路200號、202號,汽、機車零件配備零售業
99984988,承昇汽車商行,臺北市松山區健康路15巷11號,汽、機車零件配備零售業
99991284,銘陽機車行,臺北市大同區延平北路4段102巷2號1樓,汽、機車零件配備零售業
99961916,八鄉狸精品服飾店,臺北市萬華區武昌街2段50巷11號1樓,汽、機車零件配備零售業
99973286,伊通機車行,臺北市中山區一江街24號1樓,汽、機車零件配備零售業
99955344,凱丞汽車百貨商行,臺北市大同區庫倫街30號1樓,汽、機車零件配備零售業
99987599,安皇汽車消音器材行,臺北市南港區忠孝東路6段13號1樓,汽、機車零件配備零售業
26228537,大搌車業,臺北市北投區自強街52號1樓,汽、機車零件配備零售業
01147609,永星車業商行,臺北市大同區錦西街47號,汽、機車零件配備零售業
38487951,馳堂車業行,臺北市士林區重慶北路4段209號,汽、機車零件配備零售業
09733960,麗特汽車商行,臺北市文山區永安街22巷19號4樓,汽、機車零件配備零售業
17268327,超擎汽車材料行,臺北市中山區民族東路234號1樓,汽、機車零件配備零售業
12398526,正義汽車材料行,臺北市中山區民生東路3段73巷13號1樓,汽、機車零件配備零售業
17524038,喬裕汽車商行,臺北市南港區忠孝東路6段148號1樓,汽、機車零件配備零售業
01710253,崴信汽車商行,臺北市文山區木柵路4段35之2號1樓,汽、機車零件配備零售業
99966166,喬韋汽車商行,臺北市大同區重慶北路3段61號1樓,汽、機車零件配備零售業
81700828,吉米工作室,臺北市中山區長春路172號6樓之9,汽、機車零件配備零售業
81725519,穩好汽車輪胎商行,臺北市松山區健康路436號1樓,汽、機車零件配備零售業
25567164,藍圖汽車商行,臺北市萬華區長順街14巷1弄12號,汽、機車零件配備零售業
31852709,展翊汽車美容企業社,臺北市士林區士商路56號,汽、機車零件配備零售業
26228570,宏明汽車商行,臺北市北投區中央北路3段224號,汽、機車零件配備零售業
38512327,佳慶機車行,臺北市士林區中山北路6段180號,汽、機車零件配備零售業
21703717,正達機車座墊行,臺北市大同區環河北路2段41號1樓,汽、機車零件配備零售業
81631864,源美機車材料行,臺北市大安區金山南路2段67號,汽、機車零件配備零售業
38559146,練達國際企業社,臺北市士林區天母東路50巷22之5號,汽、機車零件配備零售業
13473092,長欣汽車保養所,臺北市南港區東新街201號1樓,汽、機車零件配備零售業
27171532,利元汽車材料行,臺北市大安區安和路2段237號,汽、機車零件配備零售業
14718314,元太汽車商行,臺北市南港區南港路3段120號,汽、機車零件配備零售業
99613229,太一機車百貨精品行,臺北市士林區承德路4段62號1樓,汽、機車零件配備零售業
14720521,明駿車業行,臺北市士林區中正路617號1樓,汽、機車零件配備零售業
73879531,華新汽車精品百貨行,臺北市中山區濱江街臨163號,汽、機車零件配備零售業
26370626,敬皓機車行,臺北市內湖區內湖路3段59巷4號(1樓),汽、機車零件配備零售業
25547626,祥光機車行,臺北市北投區中央北路4段398號,汽、機車零件配備零售業
25659380,紘全商行,臺北市士林區中正路628號(1樓),汽、機車零件配備零售業
25543136,市光企業社,臺北市中山區市民大道3段135號,汽、機車零件配備零售業
25546871,勝田車業行,臺北市中正區汀州路1段188號,汽、機車零件配備零售業
29238242,車玩二輪店,臺北市中山區德惠街124號,汽、機車零件配備零售業
04348073,臺嘉車行,臺北市大同區延平北路2段235號1樓,汽、機車零件配備零售業
01731428,欣榮機車行,臺北市大安區大安路1段209號1樓,汽、機車零件配備零售業
38510165,上普行,臺北市文山區木柵路1段59巷11弄19號,汽、機車零件配備零售業
01249731,明發機車行,臺北市中山區朱崙街49之1號1樓,汽、機車零件配備零售業
01311501,祐昌機車行,臺北市中山區民生東路2段158號1樓,汽、機車零件配備零售業
19523252,韋鑫輪胎行,臺北市文山區木柵路1段3號,汽、機車零件配備零售業
25536016,益捷車業社,臺北市萬華區西園路2段96巷11號,汽、機車零件配備零售業
26360177,永安車行,臺北市大同區貴德街12之3號,汽、機車零件配備零售業
08610194,通龍車業行,臺北市內湖區港墘路34號1樓,汽、機車零件配備零售業
25663125,群鎰車業商行,臺北市南港區玉成街28號,汽、機車零件配備零售業
25580119,大正實業社,臺北市士林區社中街440號1樓,汽、機車零件配備零售業
27190952,聯亞汽車材料行,臺北市大安區復興南路2段344號1樓,汽、機車零件配備零售業
18396285,鈺林品味生活舖,臺北市北投區文林北路280號7樓,汽、機車零件配備零售業
26336992,德鴻機車行,臺北市松山區八德路4段453巷12號,汽、機車零件配備零售業
38499345,辰誼專業汽車美容坊,臺北市士林區承德路4段336號(1樓),汽、機車零件配備零售業
26366670,銓展企業社,臺北市萬華區艋舺大道45號,汽、機車零件配備零售業
38473443,伍伍玖汽車商行,臺北市北投區中央北路3段40巷20弄9號,汽、機車零件配備零售業
77141605,力新汽車商行,臺北市中正區西藏路39號,汽、機車零件配備零售業
29219408,吉輝車業行,臺北市信義區富陽街27號1樓,汽、機車零件配備零售業
01314423,全祥機車行,臺北市中山區民族東路252巷5號1樓,汽、機車零件配備零售業
77494467,葉陽車業行,臺北市內湖區民權東路6段320號,汽、機車零件配備零售業
25561204,威仕特企業社,臺北市中山區建國北路3段121號,汽、機車零件配備零售業
73892703,世貿新聞網路多媒體雜誌社,臺北市中山區新生北路1段67號,汽、機車零件配備零售業
38501449,泰安車業行,臺北市信義區莊敬路325巷38號1樓,汽、機車零件配備零售業
48676586,捷護汽車商行,臺北市大安區臥龍街267之9號,汽、機車零件配備零售業
31956578,大台北上禾賓士汽車商行,臺北市信義區永吉路205號,汽、機車零件配備零售業
38498710,卡斯特企業社,臺北市大同區昌吉街121號1樓,汽、機車零件配備零售業
20758690,勇士機車行,臺北市松山區南京東路5段251巷22弄37號1樓,汽、機車零件配備零售業
13449100,上賓輪胎館,臺北市中山區民族東路236號1樓,汽、機車零件配備零售業
81678749,駿杰車業,臺北市信義區嘉興街216巷7號1樓,汽、機車零件配備零售業
01700375,東林機車行,臺北市文山區木柵路1段254號,汽、機車零件配備零售業
25583946,來運汽車商行,臺北市松山區八德路4段357號,汽、機車零件配備零售業
07685077,冠昇玻璃隔熱片行,臺北市大同區重慶北路3段1之2號1樓,汽、機車零件配備零售業
48809447,奧特門商行,臺北市松山區八德路4段498之2號,汽、機車零件配備零售業
38497894,豪客商行,臺北市萬華區西藏路113號8樓,汽、機車零件配備零售業
17755353,勤業機車行,臺北市萬華區環河南路2段198巷16號,汽、機車零件配備零售業
01328685,駿城車業行,臺北市中山區市民大道2段49號1樓,汽、機車零件配備零售業
77490080,永全機車行,臺北市中山區中山北路2段137巷36之2號,汽、機車零件配備零售業
25571414,利思達企業商行,臺北市信義區永吉路491巷7弄10號,汽、機車零件配備零售業
20754759,大進汽車材料行,臺北市信義區松隆路23號1樓,汽、機車零件配備零售業
15642474,孔方車業,臺北市萬華區萬大路313號,汽、機車零件配備零售業
08606797,成功車業行,臺北市內湖區金龍路9號1樓,汽、機車零件配備零售業
94907702,祿翔車業行,臺北市南港區興南街25號,汽、機車零件配備零售業
77136716,緒承機車行,臺北市萬華區內江街127號,汽、機車零件配備零售業
13839085,美期汽車商行,臺北市中山區建國北路3段78號1樓,汽、機車零件配備零售業
18397480,和江車業行,臺北市中山區錦州街345號1樓,汽、機車零件配備零售業
15995770,宏銘企業行,臺北市萬華區西藏路436號1樓,汽、機車零件配備零售業
94912016,盧福交通器材行,臺北市松山區八德路4段204巷7弄23號1樓,汽、機車零件配備零售業
38496311,勝禾車業行,臺北市北投區中央北路2段310號,汽、機車零件配備零售業
81641201,三崴汽車商行,臺北市松山區敦化北路222巷23號1樓,汽、機車零件配備零售業
31947918,三美金企業社,臺北市中山區德惠街200號,汽、機車零件配備零售業
99337287,峻健汽車商行,臺北市士林區福港街51號1樓,汽、機車零件配備零售業
83902188,盛大商行,臺北市文山區興隆路1段263號1樓,汽、機車零件配備零售業
38481181,翰萱企業社,臺北市大同區甘州街42巷5號4樓,汽、機車零件配備零售業
18383654,正翔機車行,臺北市文山區木新路2段174號,汽、機車零件配備零售業
48635896,展弘企業社,臺北市大安區基隆路2段209巷8號1樓,汽、機車零件配備零售業
17758675,興六群企業社,臺北市士林區社子街99號1樓,汽、機車零件配備零售業
38570711,全省禮贈品百貨行,臺北市信義區忠孝東路5段459號2樓之3,汽、機車零件配備零售業
25561393,萬成汽車修理廠,臺北市南港區成功路1段90號,汽、機車零件配備零售業
12403181,宜興機車行,臺北市中山區民權西路42之1號,汽、機車零件配備零售業
13471123,世崧機車行,臺北市大同區長安西路132號,汽、機車零件配備零售業
31871591,宏勝輪胎企業社,臺北市中山區新生北路3段79號1樓,汽、機車零件配備零售業
04681957,福進車行,臺北市信義區福德街30號,汽、機車零件配備零售業
38557132,成功計程表行,臺北市信義區松隆路337號1樓,汽、機車零件配備零售業
12289597,順輝機車行,臺北市中山區長安西路48號1樓,汽、機車零件配備零售業
31855425,宏佑車業行,臺北市松山區八德路4段245巷16號1樓,汽、機車零件配備零售業
99336978,歐陸商行,臺北市中山區建國北路1段35號1樓,汽、機車零件配備零售業
26350115,承洋汽車商行,臺北市萬華區西藏路254號1樓,汽、機車零件配備零售業
48960479,高軒企業社,臺北市北投區清江路132號,汽、機車零件配備零售業
25551959,詮得汽車材料行,臺北市北投區中央北路4段132號1樓,汽、機車零件配備零售業
36535464,慶鴻機車零件行,臺北市中正區環河南街1段河濱商場133號1樓,汽、機車零件配備零售業
20476926,昇光企業社,臺北市中山區市民大道3段31號1樓,汽、機車零件配備零售業
38504255,紅線車業行,臺北市萬華區長泰街77號1樓,汽、機車零件配備零售業
13479602,金美汽車商行,臺北市中山區濱江街350號,汽、機車零件配備零售業
38503214,淘帽網騎士部品行,臺北市萬華區西藏路191號1樓,汽、機車零件配備零售業
78495176,大力士機車行,臺北市中山區中山北路2段62巷38號1樓,汽、機車零件配備零售業
15653393,上益汽車商行,臺北市松山區八德路4段351號1樓,汽、機車零件配備零售業
99638093,日旭汽車商行,臺北市大同區民族西路42號1樓,汽、機車零件配備零售業
98889682,萬順行,臺北市內湖區環山路2段4號,汽、機車零件配備零售業
10332014,浩洋實業行,臺北市萬華區雙園街73號,汽、機車零件配備零售業
48690139,展欣機車行,臺北市中山區民權東路2段126號1樓,汽、機車零件配備零售業
77516574,良達汽車材料行,臺北市大同區重慶北路3段36號1樓,汽、機車零件配備零售業
07698468,欣輪機車行,臺北市大同區錦西街68號1樓,汽、機車零件配備零售業
38555438,米皮國際汽車商行,臺北市北投區大度路3段286號,汽、機車零件配備零售業
48995879,軒豪汽車商行,臺北市松山區健康路232號,汽、機車零件配備零售業
38568102,安心租賃商行,臺北市萬華區西藏路510號,汽、機車零件配備零售業
78052003,開泰輪胎行,臺北市信義區忠孝東路5段733號,汽、機車零件配備零售業
01708778,東和機車行,臺北市文山區指南路1段4號1樓,汽、機車零件配備零售業
81629728,喜樂企業社,臺北市士林區士東路264號1樓,汽、機車零件配備零售業
48848075,賞車派車業行,臺北市大同區敦煌路40號,汽、機車零件配備零售業
38573288,啟欣機車行,臺北市松山區撫遠街380巷5號1樓,汽、機車零件配備零售業
26362560,摩都車業行,臺北市信義區吳興街378號1樓,汽、機車零件配備零售業
31864705,御璽汽車美容,臺北市文山區興隆路4段112號,汽、機車零件配備零售業
17758725,名軒汽車保養所,臺北市南港區忠孝東路6段320號1樓,汽、機車零件配備零售業
99986732,吉昌汽車材料行,臺北市大同區環河北路2段223巷6號,汽、機車零件配備零售業
48872308,勝銘商行,臺北市士林區社正路60號1樓,汽、機車零件配備零售業
99361461,勇業發企業社,臺北市北投區大興街23巷35號,汽、機車零件配備零售業
38507844,金豐機車行,臺北市中正區金華街57號1樓,汽、機車零件配備零售業
31100406,金治汽車商行,臺北市北投區大業路496號,汽、機車零件配備零售業
10356541,又薪車業商行,臺北市士林區重慶北路4段124號1樓,汽、機車零件配備零售業
48939770,欣群實業社,臺北市松山區虎林街23號,汽、機車零件配備零售業
13842618,宜新汽車商行,臺北市萬華區西園路2段332號,汽、機車零件配備零售業
31874154,群弘企業社,臺北市士林區延平北路7段107巷39號,汽、機車零件配備零售業
17525000,豪輝汽車商行,臺北市信義區林口街110號1樓,汽、機車零件配備零售業
31860588,詮興行,臺北市萬華區東園街140巷16號,汽、機車零件配備零售業
48887442,常益汽車材料行,臺北市中山區錦州街95號2樓之5,汽、機車零件配備零售業
83937709,銓有輪車行,臺北市北投區文林北路182號1樓,汽、機車零件配備零售業
26233503,華欣機車行,臺北市北投區中和街380之4號1樓,汽、機車零件配備零售業
01750141,正大汽車蓬套行,臺北市大安區辛亥路1段98號1樓,汽、機車零件配備零售業
81706597,峻旺機車行,臺北市松山區市民大道4段99號1樓,汽、機車零件配備零售業
99968571,馬赫汽車商行,臺北市大安區樂利路3號,汽、機車零件配備零售業
10309098,柏泓企業社,臺北市萬華區艋舺大道277號,汽、機車零件配備零售業
48961420,呈毅機車行,臺北市萬華區西園路2段42之5號及42之7號,汽、機車零件配備零售業
48878859,北極星汽車材料行,臺北市北投區大業路35號,汽、機車零件配備零售業
38474858,上和汽車材料行,臺北市大同區星明里五原路18號,汽、機車零件配備零售業
27169851,承鋒車業行,臺北市萬華區西園路2段67之2號,汽、機車零件配備零售業
17530030,螢泰車業行,臺北市中山區中原街160之1號1樓,汽、機車零件配備零售業
99612468,孟昌機車行,臺北市內湖區內湖路2段243號1樓,汽、機車零件配備零售業
81683932,唐呈機車材料行,臺北市北投區承德路7段34號,汽、機車零件配備零售業
09457367,合榮汽車商行,臺北市信義區松仁路196號1樓,汽、機車零件配備零售業
26223955,交朋友汽車百貨行,臺北市信義區吳興街284巷22弄28號1樓,汽、機車零件配備零售業
20981852,建昌電機行,臺北市松山區健康路246號,汽、機車零件配備零售業
83947404,達意車業商行,臺北市北投區承德路6段449之5號,汽、機車零件配備零售業
04996507,泰順機車行,臺北市大安區泰順街33之3號1樓,汽、機車零件配備零售業
31859288,上勝汽車電機行,臺北市士林區環河北路3段225號,汽、機車零件配備零售業
25659121,榮達輪胎行,臺北市大同區民族西路256號,汽、機車零件配備零售業
38502094,廣嶔車業商行,臺北市中山區新生北路3段57之1號1樓,汽、機車零件配備零售業
25540102,力鼎機車行,臺北市南港區永吉路548號,汽、機車零件配備零售業
31963867,凱勝汽車商行,臺北市中山區民族東路158號1樓,汽、機車零件配備零售業
15669803,勝?汽車材料行,臺北市中山區建國北路3段53號1樓,汽、機車零件配備零售業
38574548,朵菈生活百貨,臺北市中正區汀洲路1段92巷37號,汽、機車零件配備零售業
12230597,金威汽車商行,臺北市松山區健康路216號1樓,汽、機車零件配備零售業
48686536,宇成實業社,臺北市萬華區西園路2段251號,汽、機車零件配備零售業
27193487,安順機車行,臺北市信義區中坡南路227號,汽、機車零件配備零售業
04813872,聯大機車材料行,臺北市南港區南港路1段199號,汽、機車零件配備零售業
17080597,佳昇機車行,臺北市松山區健康路44號1樓,汽、機車零件配備零售業
27174051,昱友機車行,臺北市萬華區萬大路296號1樓,汽、機車零件配備零售業
29208985,勝泓汽車行,臺北市北投區西安街1段183號1樓,汽、機車零件配備零售業
26342615,景瀚實業社,臺北市士林區德行東路90巷19號,汽、機車零件配備零售業
48747576,祥瑞車業行,臺北市松山區光復南路44號,汽、機車零件配備零售業
77912130,中友機車行,臺北市大安區和平東路3段346巷2之1號2樓之2,汽、機車零件配備零售業
08589241,有得機車材料行,臺北市內湖區文德路227號1樓,汽、機車零件配備零售業
81690737,贏將汽車材料行,臺北市北投區中央北路4段346號,汽、機車零件配備零售業
48735706,亞宏車業商行,臺北市北投區文林北路74號,汽、機車零件配備零售業
18393793,飛馳汽車商行,臺北市文山區木柵路1段310號1樓,汽、機車零件配備零售業
81715456,永富機車行,臺北市大安區延吉街165號1樓,汽、機車零件配備零售業
38575624,炫富精品工作室,臺北市中正區重慶南路3段131號1樓,汽、機車零件配備零售業
81778557,恆祥機車行,臺北市中正區杭州南路2段50號1樓,汽、機車零件配備零售業
01678140,松偉車業行,臺北市南港區研究院路2段3之8號,汽、機車零件配備零售業
81763442,華棉實業社,臺北市文山區下崙路9之1號1樓,汽、機車零件配備零售業
26223619,世國汽車保養所,臺北市中山區新生北路3段69號,汽、機車零件配備零售業
80993425,加益汽車商行,臺北市中山區新生北路2段74之1號1樓,汽、機車零件配備零售業
21714257,駿輝機車行,臺北市士林區大南路295號1樓,汽、機車零件配備零售業
38514943,嘉威車業行,臺北市北投區中和街407號,汽、機車零件配備零售業
26250039,昌隆車業行,臺北市萬華區大埔街2號,汽、機車零件配備零售業
01710866,登祥機車行,臺北市文山區羅斯福路5段8號1樓,汽、機車零件配備零售業
38501150,李傑企業社,臺北市中正區漢口街1段110號8樓之12,汽、機車零件配備零售業
10353045,公賀汽車商行,臺北市文山區木新路2段272號,汽、機車零件配備零售業
26341209,永林汽車精品行,臺北市士林區延平北路5段136巷18號1樓,汽、機車零件配備零售業
26256033,嘉成汽車專業美容坊,臺北市中山區建國北路3段82號,汽、機車零件配備零售業
99990905,立德企業社,臺北市北投區知行路316巷20弄19號1樓,汽、機車零件配備零售業
81635398,人信車業行,臺北市松山區寶清街63號1樓,汽、機車零件配備零售業
25576516,任你戴安全帽專賣店,臺北市松山區復興北路527號1樓,汽、機車零件配備零售業
01297199,吉發機車行,臺北市中山區吉林路161巷1之4號1樓,汽、機車零件配備零售業
17527719,正全汽車商行,臺北市松山區民權東路5段18號1樓,汽、機車零件配備零售業
81622324,鍵?引擎機械行,臺北市大安區和平東路3段538號,汽、機車零件配備零售業
20022811,詠順隔熱紙行,臺北市南港區忠孝東路6段223號1樓,汽、機車零件配備零售業
31876195,銘誌車業行,臺北市信義區松信路102號,汽、機車零件配備零售業
15662920,駿輪機車行,臺北市大同區昌吉街87號1樓,汽、機車零件配備零售業
25567468,富翔汽車商行,臺北市松山區民生東路4段97巷4弄16號,汽、機車零件配備零售業
81669093,協和計程表行,臺北市南港區南港路3段318號1樓,汽、機車零件配備零售業
26344698,晟佑行,臺北市中山區建國北路3段113巷19弄3號,汽、機車零件配備零售業
17522094,吉陞汽車音響行,臺北市大安區和平東路3段330號,汽、機車零件配備零售業
81657499,駿億汽車商行,臺北市中山區吉林路484號1樓,汽、機車零件配備零售業
77178644,東園汽車材料行,臺北市中正區忠孝東路2段134巷3號1樓,汽、機車零件配備零售業
48879301,運通企業行,臺北市萬華區艋舺大道394號,汽、機車零件配備零售業
73881109,信德商行,臺北市南港區重陽路14號,汽、機車零件配備零售業
25576683,源發重機械材料行,臺北市中山區吉林路161巷23號1樓,汽、機車零件配備零售業
21737343,祥和機車行,臺北市萬華區環河南路2段117號1樓,汽、機車零件配備零售業
17759371,新天母機車行,臺北市士林區中山北路6段405巷83號1樓,汽、機車零件配備零售業
83939973,宏翔車業行,臺北市萬華區寶興街36號1樓,汽、機車零件配備零售業
31086100,文發機車行,臺北市士林區社中街462號,汽、機車零件配備零售業
78339226,百葉車業行,臺北市松山區民權東路3段154號,汽、機車零件配備零售業
81784452,益善機車材料行,臺北市文山區景福街230巷4號1樓,汽、機車零件配備零售業
83914396,利昌汽車商行,臺北市北投區承德路7段168巷2號1樓,汽、機車零件配備零售業
73917964,鴻福汽車商行,臺北市松山區健康路288號1樓,汽、機車零件配備零售業
38528242,駿紳車業行,臺北市內湖區麗山街393巷10號5樓,汽、機車零件配備零售業
99332874,鑫鴻汽車商行,臺北市內湖區文德路22巷44弄6號1樓,汽、機車零件配備零售業
38580106,及第貿易商行,臺北市中山區中山北路2段85巷15號,汽、機車零件配備零售業
38464486,威烝車業行,臺北市文山區景興路28之1號1樓,汽、機車零件配備零售業
26247725,吉祥企業社,臺北市松山區健康路190號1樓,汽、機車零件配備零售業
21703076,一帆企業社,臺北市北投區立農街1段251號1樓,汽、機車零件配備零售業
48980860,技達汽車商行,臺北市信義區嘉興街308巷13號2樓,汽、機車零件配備零售業
81739627,仕達車業行,臺北市萬華區寶興街62號,汽、機車零件配備零售業
17529651,捷利機車行,臺北市北投區大同街202之2號1樓,汽、機車零件配備零售業
04616128,永大興車行,臺北市中正區汀州路2段202號1樓,汽、機車零件配備零售業
25663223,東和汽車商行,臺北市士林區社中街231巷8號4樓,汽、機車零件配備零售業
25541968,東舜機車行,臺北市中山區龍江路16號1樓,汽、機車零件配備零售業
14742861,既濟汽車商行,臺北市大同區民族西路279號1樓,汽、機車零件配備零售業
48978111,飛輪汽車材料行,臺北市南港區南港路3段196號,汽、機車零件配備零售業
05508060,德勝機車行,臺北市文山區興隆路1段139號1樓,汽、機車零件配備零售業
01721147,進財機車行,臺北市文山區景福街199號1樓,汽、機車零件配備零售業
25660416,捷旭車業行,臺北市北投區知行路4之4號,汽、機車零件配備零售業
38473598,興昌汽車商行,臺北市中正區中華路1段25之3號7樓之4,汽、機車零件配備零售業
31862137,萊特茵精品工房,臺北市士林區後港街62巷8號2樓,汽、機車零件配備零售業
14738212,久順汽車電機行,臺北市萬華區柳州街3號1樓,汽、機車零件配備零售業
83932991,政忠機車行,臺北市萬華區康定路128號,汽、機車零件配備零售業
31851602,鴻毅機車行,臺北市中正區重慶南路3段59號,汽、機車零件配備零售業
26225861,世均商行,臺北市士林區福國路19之2號1樓,汽、機車零件配備零售業
31953397,凱冠車業行,臺北市信義區大仁里福德街64號,汽、機車零件配備零售業
48857828,鴻宇汽車商行,臺北市中山區北安路841巷4號,汽、機車零件配備零售業
31946919,永泰汽車配件行,臺北市南港區南港路1段285號1樓,汽、機車零件配備零售業
25521718,旌順汽車商行,臺北市北投區中央北路3段238號,汽、機車零件配備零售業
21740467,鴻國洗車店,臺北市中山區建國北路3段171號,汽、機車零件配備零售業
38555248,誠國汽車玻璃行,臺北市文山區木新路3段80號2樓,汽、機車零件配備零售業
17743499,喬明汽車商行,臺北市內湖區潭美街499號,汽、機車零件配備零售業
26367410,楊基機車行,臺北市南港區研究院路1段167號,汽、機車零件配備零售業
10319440,首益飾品,臺北市中山區松江路133巷6號,汽、機車零件配備零售業
26235426,名亨汽車商行,臺北市松山區八德路4段508號,汽、機車零件配備零售業
29234962,慶城商行,臺北市南港區重陽路142號1樓,汽、機車零件配備零售業
73909325,嘉億汽車材料商行,臺北市士林區中正路625號1樓,汽、機車零件配備零售業
13841913,孟軒機車行,臺北市文山區木柵路1段180號1樓,汽、機車零件配備零售業
12159623,立成汽車玻璃行,臺北市士林區德行西路129號1樓,汽、機車零件配備零售業
48735298,揚興汽車玻璃行,臺北市士林區環河北路3段183號,汽、機車零件配備零售業
48820294,特士輪胎行,臺北市士林區承德路4段333號,汽、機車零件配備零售業
17773269,技嘉汽車商行,臺北市士林區中山北路6段405巷58號,汽、機車零件配備零售業
48781291,康樂車業行,臺北市內湖區康樂街164號,汽、機車零件配備零售業
99360358,旺陞機車行,臺北市南港區興華路85號1樓,汽、機車零件配備零售業
27185389,鴻富汽車輪胎商行,臺北市大安區光復南路456巷11號1樓,汽、機車零件配備零售業
48953630,鑫興機車行,臺北市信義區基隆路1段350號1樓之75,汽、機車零件配備零售業
48879219,錦揚汽車商行,臺北市內湖區麗山街76號,汽、機車零件配備零售業
80996979,甜蜜寶貝婦幼用品行,臺北市松山區八德路2段451巷1號1樓,汽、機車零件配備零售業
26359354,高動力機車行,臺北市內湖區江南街19號1樓,汽、機車零件配備零售業
26252727,鑫富源機車行,臺北市大同區延平北路2段248號,汽、機車零件配備零售業
25630271,久久騎士用品店,臺北市士林區中正路600號,汽、機車零件配備零售業
17529569,包宏企業社,臺北市大安區忠孝東路4段101巷45號2樓,汽、機車零件配備零售業
99642694,詮球汽車百貨行,臺北市北投區大業路263號,汽、機車零件配備零售業
48832192,米德車業行,臺北市內湖區環山路2段21號,汽、機車零件配備零售業
13441352,國銨汽車材料行,臺北市中山區松江路565號,汽、機車零件配備零售業
38497000,永晟車業行,臺北市中山區吉林路392號1樓,汽、機車零件配備零售業
17087450,盛業汽車材料行,臺北市南港區南港路3段145號,汽、機車零件配備零售業
26369634,拓勝企業社,臺北市信義區和平東路3段391巷8弄59號1樓,汽、機車零件配備零售業
26362386,東華機車材料行,臺北市北投區東華街2段10號,汽、機車零件配備零售業
20945929,志?機車行,臺北市松山區基隆路2段131號之16、1樓,汽、機車零件配備零售業
01312993,允成車業行,臺北市中山區龍江路186號,汽、機車零件配備零售業
31859061,黑貓汽車百貨行,臺北市南港區南港路1段30巷30之4號,汽、機車零件配備零售業
49891090,改大輪企業社,臺北市中山區民族東路72號1樓,汽、機車零件配備零售業
48890615,威盛機車精品商行,臺北市中山區建國北路3段28號1樓,汽、機車零件配備零售業
10391619,鑫茂企業社,臺北市內湖區成功路4段61巷25弄5號,汽、機車零件配備零售業
15662288,益眾車之坊,臺北市北投區文林北路234號之1、1樓,汽、機車零件配備零售業
38470488,弘提顧問企業社,臺北市大安區忠孝東路4段162號5樓之5,汽、機車零件配備零售業
31848282,敬峰機車行,臺北市內湖區內湖路1段285巷65弄12號,汽、機車零件配備零售業
48856412,富成機車行,臺北市大同區延平北路3段73之2號,汽、機車零件配備零售業
10356520,歐盟國際汽車零件行,臺北市內湖區內湖路1段411巷125號,汽、機車零件配備零售業
27193607,聖弘汽車材料行,臺北市士林區社中街95號1樓,汽、機車零件配備零售業
83943076,陞達輪胎行,臺北市南港區研究院路2段3之5號1樓,汽、機車零件配備零售業
13451626,慶翰汽車商行,臺北市信義區松德路88號1樓,汽、機車零件配備零售業
48501263,玖捌機車材料行,臺北市中正區重慶南路3段57號1樓,汽、機車零件配備零售業
31882106,協青機車行,臺北市信義區虎林街164巷60弄20號,汽、機車零件配備零售業
42268423,熊古拉創意行銷工作室,臺北市文山區福興路108之6號6樓,汽、機車零件配備零售業
48842972,宏陽隔熱紙行,臺北市內湖區文德路233號,汽、機車零件配備零售業
94906416,金皇欣汽機車精品店,臺北市中正區寧波西街119號1樓,汽、機車零件配備零售業
81666011,新台大車業行,臺北市大安區新生南路3段46號,汽、機車零件配備零售業
77161622,有伴汽車商行,臺北市萬華區長順街37號,汽、機車零件配備零售業
01399148,明昇車業行,臺北市北投區西安街2段253號1樓,汽、機車零件配備零售業
13441705,震德汽車材料行,臺北市信義區嘉興街216之1號,汽、機車零件配備零售業
01669873,龍華汽車商行,臺北市中山區民權東路2段135巷13號,汽、機車零件配備零售業
31870256,皇寶汽車材料行,臺北市中山區吉林路433巷35號,汽、機車零件配備零售業
98897254,昇樺隔熱紙行,臺北市南港區南港路3段236號,汽、機車零件配備零售業
20022811,詠順隔熱紙行,臺北市南港區忠孝東路6段223號1樓,汽、機車零件配備零售業
78497012,有順車業行,臺北市中山區民權東路1段12巷11號1樓,汽、機車零件配備零售業
31888734,立誠車業行,臺北市文山區羅斯福路6段269號(1樓),汽、機車零件配備零售業
20851400,明瑞汽車商行,臺北市松山區塔悠路233號,汽、機車零件配備零售業
25654738,揚展企業社,臺北市中山區民生東路1段42號9樓之3,汽、機車零件配備零售業
31964845,晉昌企業社,臺北市文山區木柵路2段128號,汽、機車零件配備零售業
98912059,裕森汽車音響社,臺北市士林區承德路4段342號1樓,汽、機車零件配備零售業
38473422,加昌汽車商行,臺北市信義區林口街24巷2號5樓,汽、機車零件配備零售業
38553993,祥順計程錶行,臺北市中正區莒光路85號1樓,汽、機車零件配備零售業
25568348,法德汽車商行,臺北市信義區松德路90號,汽、機車零件配備零售業
26244706,邦森企業社,臺北市萬華區峨眉街124之2號,汽、機車零件配備零售業
20976957,瑩達記汽車裝潢行,臺北市松山區健康路192、194號1樓,汽、機車零件配備零售業
80986249,金車汽車商行,臺北市文山區興隆路1段206號,汽、機車零件配備零售業
83940850,隆旺汽車商行,臺北市南港區永吉路559號1樓,汽、機車零件配備零售業
01481548,北區汽車專業仲介商行,臺北市中正區中華路2段301巷25號1樓,汽、機車零件配備零售業
98913867,溢泰企業社,臺北市大同區承德路2段53巷21號2樓,汽、機車零件配備零售業
26337155,合展車業行,臺北市文山區羅斯福路6段73號75號,汽、機車零件配備零售業
99634195,昌聖汽車保養所,臺北市中山區建國北路3段141號1樓,汽、機車零件配備零售業
31865182,白日夢創意工作室,臺北市中山區中山北路二段103號8樓之1,汽、機車零件配備零售業
48999690,益昇機車行,臺北市信義區莊敬路214號,汽、機車零件配備零售業
48883993,川元汽車材料行,臺北市內湖區星雲街15巷19號,汽、機車零件配備零售業
31849590,曜鑫國際企業社,臺北市大同區民權西路277號,汽、機車零件配備零售業
48693945,五郎安全帽專賣店,臺北市文山區羅斯福路5段141之1號,汽、機車零件配備零售業
99627363,昇億汽車商行,臺北市文山區興隆路2段275巷2號1樓,汽、機車零件配備零售業
26221083,德勝汽車材料行,臺北市大同區太原路97巷37號(1樓),汽、機車零件配備零售業
31880000,盛超汽車車業行,臺北市北投區大業路286號1樓,汽、機車零件配備零售業
38502159,帛林機車行,臺北市信義區松信路45號1樓,汽、機車零件配備零售業
12448477,許永盛機車行,臺北市松山區民權東路3段119號,汽、機車零件配備零售業
17746123,全信車業行,臺北市中山區農安街149號1樓,汽、機車零件配備零售業
26354371,浩成機車行,臺北市北投區崇仁路1段40號,汽、機車零件配備零售業
38562199,納米社,臺北市中山區八德路2段288號1樓,汽、機車零件配備零售業
81795900,車品汽車美容企業社,臺北市大安區建國南路1段248號1樓,汽、機車零件配備零售業
17551766,久億汽車商行,臺北市南港區忠孝東路6段156號1樓,汽、機車零件配備零售業
15809277,新勝商行,臺北市萬華區民和街18號1樓,汽、機車零件配備零售業
26350451,精一汽車商行,臺北市松山區民權東路3段103巷33號,汽、機車零件配備零售業
81789858,凡爾賽汽車百貨商行,臺北市內湖區康寧路1段326號1樓,汽、機車零件配備零售業
13840148,永緒企業社,臺北市北投區文林北路80巷60弄22號1樓,汽、機車零件配備零售業
25554344,北寶馬重機企業社,臺北市內湖區康寧路1段288號1樓,汽、機車零件配備零售業
17271391,順風汽車商行,臺北市信義區松隆路337號1樓,汽、機車零件配備零售業
31874422,闊喜工房,臺北市信義區基隆路2段22號6樓之6,汽、機車零件配備零售業
38504683,興樂企業社,臺北市南港區富康街13號,汽、機車零件配備零售業
17524213,信雄機車行,臺北市大同區延平北路3段132號1樓,汽、機車零件配備零售業
13478548,捷欣實業社,臺北市大同區重慶北路3段369號1樓,汽、機車零件配備零售業
38565415,耀興車業,臺北市中山區復興北路506號,汽、機車零件配備零售業
27172716,勝勤汽車保養所,臺北市大同區環河北路1段283號1樓,汽、機車零件配備零售業
99622199,正宇汽車保養廠,臺北市南港區南港路1段251號,汽、機車零件配備零售業
26239014,盈嘉汽車商行,臺北市北投區立功街165巷15號,汽、機車零件配備零售業
31848044,佳杰機車行,臺北市內湖區內湖路3段106號,汽、機車零件配備零售業
31844434,吉豐機車行,臺北市萬華區桂林路28之3號1樓,汽、機車零件配備零售業
83928531,福業星汽車商行,臺北市北投區自強街23號1樓,汽、機車零件配備零售業
38555330,柳昇機車行,臺北市文山區木柵路2段16號,汽、機車零件配備零售業
14720233,浚成交通器材行,臺北市北投區文林北路94巷15號1樓,汽、機車零件配備零售業
18395856,睿成企業社,臺北市信義區福德街95號1樓,汽、機車零件配備零售業
15920906,偉順機車行,臺北市萬華區桂林路91號1樓,汽、機車零件配備零售業
26249998,東駿汽車商行,臺北市北投區立農街2段268號,汽、機車零件配備零售業
31948304,昇傑車業,臺北市萬華區西寧南路273號,汽、機車零件配備零售業
99980532,上益車業行,臺北市北投區文林北路94巷133號1樓,汽、機車零件配備零售業
01637325,東林電機行,臺北市南港區忠孝東路6段26號1樓,汽、機車零件配備零售業
31105991,金林實業社,臺北市士林區承德路4段360號1樓,汽、機車零件配備零售業
01139592,金麟企業社,臺北市大同區赤峰街16之3號1樓,汽、機車零件配備零售業
31847755,勝佳機車行,臺北市士林區延平北路5段318號1樓,汽、機車零件配備零售業
98911571,敏益車業,臺北市內湖區安康路261巷1號,汽、機車零件配備零售業
80981672,瑋順企業行,臺北市萬華區莒光路197巷1號,汽、機車零件配備零售業
01778817,日裕汽車保養所,臺北市大同區承德路3段126號,汽、機車零件配備零售業
14321284,金晟汽車材料行,臺北市大安區和平東路3段308巷26號,汽、機車零件配備零售業
38511045,正欣汽車商行,臺北市中山區松江路514號,汽、機車零件配備零售業
15637084,唭哩岸機車行,臺北市北投區致遠二路89號1樓,汽、機車零件配備零售業
25576662,站輝汽車輪胎店,臺北市大安區通化街235號,汽、機車零件配備零售業
18103422,凱陽車業行,臺北市中正區西藏路20號1樓,汽、機車零件配備零售業
38578122,吉陽機車行,臺北市文山區木新路3段72號1樓,汽、機車零件配備零售業
01484094,旭順車業行,臺北市中山區中原街55號,汽、機車零件配備零售業
13834928,祥順汽車商行,臺北市中山區民族東路512巷24號1樓,汽、機車零件配備零售業
21721834,一品排氣管行,臺北市北投區文林北路264號1樓,汽、機車零件配備零售業
31958338,福樂汽車商行,臺北市北投區泉源路39之48號地下1層,汽、機車零件配備零售業
81774139,驛站汽車商行,臺北市內湖區安康路400號1樓,汽、機車零件配備零售業
26365010,傑能商行,臺北市大同區太原路156巷22號,汽、機車零件配備零售業
26228425,英聖實業行,臺北市中正區中華路2段309巷19號,汽、機車零件配備零售業
48718376,龍騎士機車行,臺北市大同區承德路2段14號1樓,汽、機車零件配備零售業
18401702,世宏工程行,臺北市北投區崇仁路1段60號1樓,汽、機車零件配備零售業
14727432,白宮快速保養廠,臺北市中山區建國北路3段93巷5弄19號,汽、機車零件配備零售業
99363046,鐵甲武士汽車電機行,臺北市大安區和平東路3段392號,汽、機車零件配備零售業
05512374,三發汽車電機行,臺北市文山區木新路2段14號1樓,汽、機車零件配備零售業
38581956,昱潔企業社,臺北市中山區民族東路448號1樓,汽、機車零件配備零售業
31310450,琨霖汽車保養所,臺北市士林區重慶北路4段233號1樓,汽、機車零件配備零售業
48774545,德霖車業行,臺北市信義區松仁路165號1樓,汽、機車零件配備零售業
38563275,元素重車裝備精品商行,臺北市大同區承德路3段185號1樓,汽、機車零件配備零售業
98916359,力聖汽車商行,臺北市北投區致遠一路2段88號1樓,汽、機車零件配備零售業
13479096,旺盛車業行,臺北市文山區羅斯福路6段186號1樓,汽、機車零件配備零售業
77505485,吉晟汽車電機行,臺北市大同區重慶北路3段283號1樓,汽、機車零件配備零售業
38464649,兆生科技商行第一分店,臺北市中正區市民大道3段8號3樓61號店鋪,汽、機車零件配備零售業
25568059,福彬機車工作室,臺北市士林區社中街136號1樓,汽、機車零件配備零售業
18399874,車堡企業社,臺北市士林區社中街215號1樓,汽、機車零件配備零售業
99226780,誠鎰車業行,臺北市士林區德行東路23號,汽、機車零件配備零售業
25538540,富裕五金行,臺北市萬華區環河南路1段42號21號攤位,汽、機車零件配備零售業
25557356,上豪五金生活百貨館,臺北市士林區華榮街79號,汽、機車零件配備零售業
48769487,永川汽車材料百貨行,臺北市士林區文昌路251號,汽、機車零件配備零售業
99355968,正元汽車電機行,臺北市文山區羅斯福路6段165號1樓,汽、機車零件配備零售業
01403966,大宏汽車企業行,臺北市北投區明德路225號1樓,汽、機車零件配備零售業
26253394,祥荃機車行,臺北市中正區汀州路2段317號1樓,汽、機車零件配備零售業
25556080,車佑企業社,臺北市文山區興隆路3段265號,汽、機車零件配備零售業
26351629,布斯特機車工作室,臺北市信義區和平東路3段289號1樓,汽、機車零件配備零售業
01669944,廣新車業行,臺北市南港區同德路92號1樓,汽、機車零件配備零售業
20784120,福順水箱行,臺北市信義區松隆路21號,汽、機車零件配備零售業
38574202,草山車業,臺北市北投區東陽街470號1樓,汽、機車零件配備零售業
27160795,聯盛汽車百貨行,臺北市中山區吉林路410號,汽、機車零件配備零售業
26349997,山九機車行,臺北市信義區松仁路182號,汽、機車零件配備零售業
15667615,鎧詮機車行,臺北市內湖區內湖路1段31號1樓,汽、機車零件配備零售業
30945238,中和宏記車業行,臺北市大安區基隆路2段154號,汽、機車零件配備零售業
48502517,達文西單車運動休閒館,臺北市中正區和平西路1段77號1樓,汽、機車零件配備零售業
14321138,建承汽車材料行,臺北市大同區赤峰街39之2號,汽、機車零件配備零售業
07168708,享利車業行,臺北市大同區民權西路209號1樓,汽、機車零件配備零售業
48996151,豪野車業行,臺北市文山區興隆路1段3號,汽、機車零件配備零售業
48846772,志盛汽車保養所,臺北市內湖區民權東路6段55號,汽、機車零件配備零售業
31320128,長宏輪胎行,臺北市士林區士東街300號,汽、機車零件配備零售業
01401221,清和汽車電機行,臺北市北投區明德路272號1樓,汽、機車零件配備零售業
99976024,賓格汽車商行,臺北市北投區懷德街56巷8號,汽、機車零件配備零售業
26212161,鉅集汽車商行,臺北市萬華區漢口街2段90巷8弄15號1樓,汽、機車零件配備零售業
26344682,邇優機車用品店,臺北市內湖區內湖路1段91巷35弄18號,汽、機車零件配備零售業
05416750,季志機車行,臺北市南港區忠孝東路7段605號1樓,汽、機車零件配備零售業
48961081,元環汽車材料行,臺北市中山區德惠街170巷5號,汽、機車零件配備零售業
27194205,東裕汽車商行,臺北市松山區南京東路5段326號2樓,汽、機車零件配備零售業
09437898,億久汽車商行,臺北市大安區和平東路3段85之1號1樓,汽、機車零件配備零售業
48976444,寶鋒汽車商行,臺北市中山區德惠街167巷25號1樓,汽、機車零件配備零售業
26231322,全家汽車行,臺北市文山區木柵路2段8號,汽、機車零件配備零售業
26227354,啟新機車行,臺北市文山區羅斯福路6段116號1樓,汽、機車零件配備零售業
25562610,鑫興企業社,臺北市北投區東陽街425號2樓,汽、機車零件配備零售業
14736283,大得行,臺北市松山區塔悠路98號,汽、機車零件配備零售業
10302757,億利汽車商行,臺北市中山區濱江街199巷2號,汽、機車零件配備零售業
38462712,定旺汽車商行,臺北市松山區健康路50號1樓,汽、機車零件配備零售業
83945068,永鑫汽車商行,臺北市中山區龍江路43之1號1樓,汽、機車零件配備零售業
38468407,家圖商行,臺北市萬華區環河南路1段153號,汽、機車零件配備零售業
31854214,風格汽車美容工作坊,臺北市中山區復興北路476號1樓,汽、機車零件配備零售業
26349960,技美汽車電機材料商行,臺北市萬華區西藏路350號1樓,汽、機車零件配備零售業
99619125,振新汽車保養所,臺北市信義區松隆路198號1樓,汽、機車零件配備零售業
26350987,昕展機車行,臺北市中正區中華路2段395號1樓,汽、機車零件配備零售業
26240595,柏蒂車房,臺北市信義區嘉興街181巷6號,汽、機車零件配備零售業
73884675,中倫車業行,臺北市中山區八德路2段191號1樓,汽、機車零件配備零售業
18375681,建利機車行,臺北市信義區和平東路3段455號1樓,汽、機車零件配備零售業
38562466,威騰企業社,臺北市大安區信義路2段72號地下,汽、機車零件配備零售業
48699223,正豪機車行,臺北市中山區民族東路512巷13弄31號1樓,汽、機車零件配備零售業
73880306,鈺昌行,臺北市萬華區康定路38號1樓,汽、機車零件配備零售業
38569382,偉士一零一車業行,臺北市中正區莒光路84號1樓,汽、機車零件配備零售業
25668418,鋒權輪機車行,臺北市文山區興隆路2段249號,汽、機車零件配備零售業
38553522,石牌機車行,臺北市北投區西安街2段107號,汽、機車零件配備零售業
25556878,宏嘉車業行,臺北市士林區和豐街16號,汽、機車零件配備零售業
01285932,裕豐汽車保養所,臺北市中山區八德路2段197號1樓,汽、機車零件配備零售業
83918034,英銓機車行,臺北市中山區北安路656號1樓,汽、機車零件配備零售業
08599120,巨豐機車行,臺北市內湖區康寧路3段16巷115號1樓,汽、機車零件配備零售業
30975767,保信汽車修理廠,臺北市大安區建國南路1段246號1樓,汽、機車零件配備零售業
07726274,程豐汽車商行,臺北市大同區庫倫街34號1樓,汽、機車零件配備零售業
26255908,成隆汽車美容工作坊,臺北市南港區忠孝東路6段192號,汽、機車零件配備零售業
25521766,正泓機車行,臺北市大安區建國南路1段159號,汽、機車零件配備零售業
25561268,囿程企業社,臺北市文山區景福街25號,汽、機車零件配備零售業
80990932,明達機車行,臺北市中山區長春路169之2號1樓,汽、機車零件配備零售業
25573335,錦霖實業行,臺北市內湖區成功路4段61巷18號1樓,汽、機車零件配備零售業
48964448,超速部品車業行,臺北市大同區民族西路81號,汽、機車零件配備零售業
25540258,鴻宇機車行,臺北市北投區大同街206號1樓,汽、機車零件配備零售業
26347175,騎士山丘行銷企劃社,臺北市松山區塔悠路313號,汽、機車零件配備零售業
48835064,勇信機車行,臺北市萬華區萬大路556號,汽、機車零件配備零售業
01686367,克強汽車材料行,臺北市文山區木新路2段8號1樓及10號1樓,汽、機車零件配備零售業
48756693,洋羚企業社,臺北市南港區昆陽街95號,汽、機車零件配備零售業
26342621,辰順輪胎行,臺北市內湖區新明路207號1樓,汽、機車零件配備零售業
25561936,啟銘機車行,臺北市大安區光復南路456巷24號(1樓),汽、機車零件配備零售業
81650138,集修汽車保養所,臺北市南港區忠孝東路6段152號1樓,汽、機車零件配備零售業
48769959,台仲企業行,臺北市中山區農安街227巷3弄20號1樓,汽、機車零件配備零售業
01372936,國堡汽車材料行,臺北市北投區東華街1段386號1樓,汽、機車零件配備零售業
31863847,久大電池商行,臺北市大同區承德路3段124號1樓,汽、機車零件配備零售業
17079965,毓星汽車材料行,臺北市松山區光復北路159號1樓,汽、機車零件配備零售業
81678537,連城輪胎行,臺北市文山區木柵路1段318號,汽、機車零件配備零售業
01599151,宇順汽車電機行,臺北市松山區延壽街161號,汽、機車零件配備零售業
31859132,宇捷車業行,臺北市信義區福德街99號1樓,汽、機車零件配備零售業
13846234,巨達車業行,臺北市中山區林森北路633號,汽、機車零件配備零售業
99795810,龍駿汽車材料商行,臺北市北投區石牌路1段39巷36弄4號1樓,汽、機車零件配備零售業
80995198,雄福汽車商行,臺北市士林區重慶北路4段9號1樓,汽、機車零件配備零售業
38574028,順益汽車商行,臺北市文山區木柵路1段204號,汽、機車零件配備零售業
07640972,益成車料行,臺北市大同區民族西路34號1樓,汽、機車零件配備零售業
48871407,豐禾機車行,臺北市士林區承德路4段299號1樓,汽、機車零件配備零售業
31870158,經宇實業社,臺北市中正區西藏路114號,汽、機車零件配備零售業
10318168,順展機車行,臺北市松山區八德路4段328號,汽、機車零件配備零售業
13827145,方昌汽車材料行,臺北市大同區雙連街53巷6號1樓,汽、機車零件配備零售業
48768635,鈜賓汽車玻璃行,臺北市北投區文林北路200號,汽、機車零件配備零售業
09444547,運益汽車商行,臺北市大安區和平東路3段427號1樓,汽、機車零件配備零售業
25662300,旭林汽車行,臺北市北投區懷德街9號1樓,汽、機車零件配備零售業
25521724,運輪機車行八德分店,臺北市中山區八德路2段86號,汽、機車零件配備零售業
38580289,萬隆車業行,臺北市文山區萬隆街36號,汽、機車零件配備零售業
99954252,大瑩車行,臺北市大同區承德路3段20號1樓,汽、機車零件配備零售業
17767870,車城汽車商行,臺北市中山區濱江街134號1樓,汽、機車零件配備零售業
38499561,年年企業社,臺北市萬華區莒光路186號,汽、機車零件配備零售業
30280302,台陸宅網購生活事業用品社,臺北市中山區中山北路3段25號2樓之19,汽、機車零件配備零售業
01380921,久洲汽車電機行,臺北市北投區中央北路2段289號1樓,汽、機車零件配備零售業
98916560,來晟汽車商行,臺北市南港區重陽路28號1樓,汽、機車零件配備零售業
77515603,陸福商行,臺北市大同區承德路2段75巷28號,汽、機車零件配備零售業
01139072,凱煌汽車材料行,臺北市大同區承德路2段53巷28號1樓,汽、機車零件配備零售業
13444920,昇馳汽車材料行,臺北市內湖區星雲街63號1樓,汽、機車零件配備零售業
77918893,東石機車行,臺北市萬華區民和街70號,汽、機車零件配備零售業
76724949,鳴隆機車行,臺北市文山區興隆路3段192巷8弄7號,汽、機車零件配備零售業
81796204,敦信汽車商行,臺北市北投區崇仁路1段8號1樓,汽、機車零件配備零售業
15665200,尚美隔熱紙行,臺北市文山區木柵路2段24號1樓,汽、機車零件配備零售業
25663933,冠捷汽車商行,臺北市士林區德行東路304號1樓,汽、機車零件配備零售業
26221719,宏佳汽車保養場,臺北市大同區重慶北路3段294之2號1樓,汽、機車零件配備零售業
25661359,一全汽車商行,臺北市中山區民族東路臨155號,汽、機車零件配備零售業
26339365,金煜車業行,臺北市文山區羅斯福路6段145號,汽、機車零件配備零售業
31961360,慶億車業商行,臺北市北投區永興路1段4號1樓,汽、機車零件配備零售業
99355257,文釧汽車商行,臺北市南港區忠孝東路6段302號,汽、機車零件配備零售業
48717263,酉采安全帽商號,臺北市文山區羅斯福路5段166之3號,汽、機車零件配備零售業
10388810,振陞汽車美容商行,臺北市中山區市民大道3段131號,汽、機車零件配備零售業
48732150,興業機車行,臺北市大同區庫倫街10號1樓,汽、機車零件配備零售業
01596703,三富機車行,臺北市松山區三民路142號,汽、機車零件配備零售業
81733573,台美汽車商行,臺北市中山區濱江街252號1樓,汽、機車零件配備零售業
01299197,清風機車行,臺北市中山區八德路2段223號1樓,汽、機車零件配備零售業
31875631,合悅行,臺北市信義區嘉興街265號,汽、機車零件配備零售業
48773546,先馳車業行,臺北市南港區興中路32號,汽、機車零件配備零售業
99994000,金員車業行,臺北市北投區裕民六路114巷16號1樓,汽、機車零件配備零售業
25658565,丞通汽車商行,臺北市南港區研究院路2段197巷1之3號4樓,汽、機車零件配備零售業
01721842,光明汽車百貨行,臺北市文山區興隆路4段215號1樓,汽、機車零件配備零售業
30356512,福宥機車行,臺北市文山區木新路3段367號1樓,汽、機車零件配備零售業
38564366,兆倫汽車材料行,臺北市文山區保儀路161號1樓,汽、機車零件配備零售業
99343437,禹勝企業社,臺北市中山區林森北路50號9樓之8,汽、機車零件配備零售業
26247680,協展機車行,臺北市士林區德行東路162號,汽、機車零件配備零售業
12382828,合聯汽車商行,臺北市中山區建國北路1段76號1樓,汽、機車零件配備零售業
83906699,銓峰汽車行,臺北市南港區南港路2段292號1樓,汽、機車零件配備零售業
17088394,百佳汽車材料行,臺北市南港區舊莊街1段84號1樓,汽、機車零件配備零售業
38463472,海威汽車商行,臺北市松山區寶清街111巷22號1樓,汽、機車零件配備零售業
25553204,得仕洋行,臺北市大安區忠孝東路4段181巷35弄1號,汽、機車零件配備零售業
12489048,新豐機車行,臺北市松山區復興北路431號,汽、機車零件配備零售業
31950595,明華汽車百貨商行,臺北市北投區承德路7段302號1樓,汽、機車零件配備零售業
83941078,尚億企業社,臺北市松山區市民大道4段241號,汽、機車零件配備零售業
48770576,晟豐企業社,臺北市大安區忠孝東路4段162號10樓,汽、機車零件配備零售業
26358123,定展機車行,臺北市大同區敦煌路11號,汽、機車零件配備零售業
26542557,德昌汽車保養廠,臺北市南港區忠孝東路6段370巷3號1樓,汽、機車零件配備零售業
25579719,業豐汽車材料行,臺北市萬華區西藏路269巷14號,汽、機車零件配備零售業
31877390,信興車業,臺北市士林區福港街214號1樓,汽、機車零件配備零售業
18096442,鼎泰汽車保養所,臺北市南港區南港路3段108號,汽、機車零件配備零售業
26336965,嘉進汽車材料行,臺北市文山區木柵路4段35之4號,汽、機車零件配備零售業
12405499,天翔汽車商行,臺北市中山區吉林路471號1樓,汽、機車零件配備零售業
31162970,一路順輪胎行,臺北市北投區中央北路2段105號1樓,汽、機車零件配備零售業
25659585,力明企業社,臺北市內湖區民權東路6段56巷3號,汽、機車零件配備零售業
81788751,佳典輪胎行,臺北市文山區羅斯福路6段164號1樓,汽、機車零件配備零售業
25536206,小油坑汽車百貨行,臺北市士林區重慶北路4段104號,汽、機車零件配備零售業
48718426,世全汽車材料行,臺北市北投區大業路292號,汽、機車零件配備零售業
17545553,承祐汽車材料商行,臺北市士林區延平北路5段55號1樓,汽、機車零件配備零售業
21731283,林大寶商行,臺北市信義區虎林街214號5樓之1,汽、機車零件配備零售業
17759457,阿德汽車商行,臺北市北投區北投路1段89巷2號,汽、機車零件配備零售業
81606491,光輪機車精品店,臺北市松山區八德路4段395號1樓,汽、機車零件配備零售業
38504375,星暉汽車玻璃隔熱紙商行,臺北市文山區辛亥路7段50號1樓,汽、機車零件配備零售業
99994212,煜博企業社,臺北市松山區南京東路5段66巷3弄27號2樓,汽、機車零件配備零售業
94917075,逸樺汽車商行,臺北市北投區吉利街101號1樓,汽、機車零件配備零售業
31860399,鴻錡實業社,臺北市大安區復興南路2段277號3樓,汽、機車零件配備零售業
48846935,三元商行,臺北市中山區松江路100巷10號,汽、機車零件配備零售業
38510215,岱峰企業社,臺北市文山區景興路71號,汽、機車零件配備零售業
26227740,信義車業行,臺北市信義區松隆路171號,汽、機車零件配備零售業
27179041,立登汽車電機行,臺北市南港區忠孝東路6段210號1樓,汽、機車零件配備零售業
31952377,禾勝設計,臺北市松山區三民路135號,汽、機車零件配備零售業
14334990,誼祥汽車材料坊,臺北市松山區寶清街18之2號,汽、機車零件配備零售業
48875564,有達通訊行,臺北市文山區景興路266號,汽、機車零件配備零售業
07711119,吉興汽車材料行,臺北市大同區重慶北路3段246號1樓,汽、機車零件配備零售業
78370582,新信峰機車行,臺北市中正區濟南路2段31之1號1樓,汽、機車零件配備零售業
25549363,好記機車行,臺北市松山區民權東路5段19號1樓,汽、機車零件配備零售業
38507491,威林車業,臺北市文山區木柵路1段331之9號1樓,汽、機車零件配備零售業
38502572,翊丞車體美研社,臺北市信義區松信路91號1樓,汽、機車零件配備零售業
26376142,鑫源車行,臺北市中正區汀州路2段337號,汽、機車零件配備零售業
13832610,盈順貿易行,臺北市中山區松江路206號11樓之5,汽、機車零件配備零售業
48957925,誠鴻機車行,臺北市內湖區民權東路6段60號,汽、機車零件配備零售業
01604289,上輪輪胎行,臺北市信義區松隆路11號,汽、機車零件配備零售業
26247112,尚勇車業行,臺北市松山區八德路4段332號,汽、機車零件配備零售業
20970497,立吉機車行,臺北市松山區忠孝東路5段489號1樓,汽、機車零件配備零售業
29243955,先進企業社,臺北市信義區永吉路278巷2弄16號2樓,汽、機車零件配備零售業
26526536,巨全企業社,臺北市大安區忠孝東路4段221號10樓,汽、機車零件配備零售業
25671618,益利汽車保養所,臺北市中山區濱江街248號,汽、機車零件配備零售業
26216835,百仕達實業社,臺北市中山區民族東路486號,汽、機車零件配備零售業
31338725,聯誠機車行,臺北市北投區東華街2段14號1樓,汽、機車零件配備零售業
13452771,車陣行,臺北市信義區富陽街52號1樓,汽、機車零件配備零售業
10330331,野馬車業行,臺北市松山區八德路4段286號,汽、機車零件配備零售業
14335837,鈺森行,臺北市士林區天母東路50巷22號7樓之5,汽、機車零件配備零售業
25569310,富山企業社,臺北市大同區南京西路185巷7號1樓,汽、機車零件配備零售業
10375955,百傑車業行,臺北市北投區中央北路3段15號,汽、機車零件配備零售業
98917863,建坤車業行,臺北市萬華區內江街111之2號1樓,汽、機車零件配備零售業
27151141,力車堡汽車材料商行,臺北市南港區重陽路134號2樓,汽、機車零件配備零售業
25535229,貝比卡企業社,臺北市信義區松山路540巷3弄19號,汽、機車零件配備零售業
38565750,拓岩企業社,臺北市內湖區民善街3號,汽、機車零件配備零售業
38473133,躍軒車業行,臺北市內湖區內湖路2段322號,汽、機車零件配備零售業
13854058,角田機車行,臺北市中山區農安街206號1樓,汽、機車零件配備零售業
80994022,盛捷輪胎行,臺北市大安區基隆路2段204號1樓,汽、機車零件配備零售業
13826862,維大汽車材料行,臺北市大同區承德路2段53巷37號1樓,汽、機車零件配備零售業
38509792,新慧峰車行,臺北市文山區辛亥路6段86巷6弄3號,汽、機車零件配備零售業
38578354,柏林車業行,臺北市南港區忠孝東路7段588號1樓,汽、機車零件配備零售業
13841934,瑋捷企業社,臺北市中山區建國北路3段113巷19弄3號,汽、機車零件配備零售業
81634449,寶城汽車商行,臺北市北投區明德路135之1號,汽、機車零件配備零售業
13830063,祐聖汽車材料行,臺北市內湖區康寧路1段174號,汽、機車零件配備零售業
26232639,小初麗加企業社,臺北市中山區林森北路399巷19號6樓,汽、機車零件配備零售業
78498005,協報汽車商行,臺北市中山區民族東路96號,汽、機車零件配備零售業
25548316,承安汽機車材料行,臺北市中山區民生東路3段37號,汽、機車零件配備零售業
48867683,威利成汽車材料行,臺北市士林區天母北路99號,汽、機車零件配備零售業
01388705,豐全汽車電機行,臺北市士林區天母北路53號,汽、機車零件配備零售業
14713697,緯華汽車保養所,臺北市松山區健康路286號1樓,汽、機車零件配備零售業
99358206,三合汽車商行,臺北市信義區永吉路30巷119弄45號1樓,汽、機車零件配備零售業
38564773,小花機車零件坊,臺北市松山區八德路4段660號4樓之6,汽、機車零件配備零售業
04583822,中成汽車材料行,臺北市萬華區汀州路1段5號2樓,汽、機車零件配備零售業
77908754,萬聯車業行,臺北市大安區市民大道4段22號,汽、機車零件配備零售業
48900867,友民汽車商行,臺北市南港區成福路80號1樓,汽、機車零件配備零售業
42268401,宏正環境維護企業社,臺北市中山區建國北路3段95號2樓,汽、機車零件配備零售業
29212735,甫笠培林商號,臺北市大同區承德路3段115號1樓,汽、機車零件配備零售業
31947277,阿欽汽車商行,臺北市大同區涼州街1之8號,汽、機車零件配備零售業
99956688,祺福汽車行,臺北市士林區大北路71號1樓,汽、機車零件配備零售業
31851188,定倫機車行,臺北市內湖區成功路4段316號1樓,汽、機車零件配備零售業
42269056,永勝汽車材料行,臺北市士林區社正路77號1樓,汽、機車零件配備零售業
25581813,弘鉅汽車百貨商行,臺北市內湖區江南街71巷81號3樓,汽、機車零件配備零售業
31860840,乙上汽車商行,臺北市北投區致遠一路2段30號,汽、機車零件配備零售業
08592576,鴻佳汽車保養所,臺北市內湖區環山路1段53號1樓,汽、機車零件配備零售業
81672294,坤松汽車材料百貨行,臺北市文山區興隆路2段218之1號1樓,汽、機車零件配備零售業
26288062,美林汽車商行,臺北市士林區承德路4段319號,汽、機車零件配備零售業
48871217,全冠汽車商行,臺北市士林區中正路638號,汽、機車零件配備零售業
48902725,越勝汽車材料行,臺北市中山區松江路372巷10號3樓,汽、機車零件配備零售業
31843527,喬美汽車材料店,臺北市信義區虎林街164巷60弄22號,汽、機車零件配備零售業
31954092,侑創設計工作室,臺北市松山區南京東路4段197號9樓之1,汽、機車零件配備零售業
99948055,浩軒企業社,臺北市信義區松德路263號1樓,汽、機車零件配備零售業
31870903,廷翊精品店,臺北市萬華區西寧南路50巷13號,汽、機車零件配備零售業
14325991,貳輪館車業行,臺北市信義區中坡南路201巷8號,汽、機車零件配備零售業
26369819,日樣汽機車精品店,臺北市大同區西寧北路52號(1樓),汽、機車零件配備零售業
98914508,大綸車業行,臺北市中山區復興北路514巷17號1樓,汽、機車零件配備零售業
77511156,辰興車業行,臺北市大同區民生西路92號1樓,汽、機車零件配備零售業
83929546,世群汽車商行,臺北市中山區長安東路2段36巷5號,汽、機車零件配備零售業
15638838,鼎順汽車精品百貨店,臺北市中正區水源路27巷2號1樓,汽、機車零件配備零售業
48975851,卉瑩企業社,臺北市內湖區成功路2段426巷7弄3號,汽、機車零件配備零售業
48992269,國榮材料行,臺北市大安區臨江街40巷67號2樓,汽、機車零件配備零售業
17771403,富京國際貿易商行,臺北市中山區中山北路3段29號5樓,汽、機車零件配備零售業
19046408,榮光電機行,臺北市大安區辛亥路2段211號,汽、機車零件配備零售業
48735591,喬登企業社,臺北市中山區中山北路2段170號,汽、機車零件配備零售業
13843525,好運來輪胎行,臺北市中山區民族東路臨137號,汽、機車零件配備零售業
38472752,君和汽車材料行,臺北市內湖區金龍路220號4樓,汽、機車零件配備零售業
25516715,全民車業行,臺北市南港區忠孝東路6段278巷1號,汽、機車零件配備零售業
73885040,松陽汽車材料行,臺北市大同區赤峰街53巷6號1樓,汽、機車零件配備零售業
21718090,昇茂汽車商行,臺北市文山區指南路2段45巷4弄11號,汽、機車零件配備零售業
25570935,凱文企業社,臺北市內湖區安康路328巷6號,汽、機車零件配備零售業
18098096,大地汽車材料行,臺北市內湖區港墘路26巷1號1樓,汽、機車零件配備零售業
01337642,信鼎車業行,臺北市中山區民族東路24號,汽、機車零件配備零售業
02151974,艋舺車業,臺北市萬華區萬大路5號1樓,汽、機車零件配備零售業
13454665,金遠汽車商行,臺北市內湖區康樂街145號1樓,汽、機車零件配備零售業
38497472,晶盈企業社,臺北市大安區忠孝東路4段221號12樓,汽、機車零件配備零售業
25547983,明宗機車行,臺北市大安區羅斯福路4段123巷11號1樓,汽、機車零件配備零售業
99607063,俊傑車業行,臺北市大同區延平北路3段116之2號,汽、機車零件配備零售業
94919708,庶磊汽車商行,臺北市信義區忠孝東路5段185號1樓,汽、機車零件配備零售業
10396516,浚泓企業社,臺北市中山區建國北路3段127號,汽、機車零件配備零售業
25539978,龍成車業行,臺北市中山區(南)吉林路261號1樓,汽、機車零件配備零售業
25537198,丹特汽車凹痕回復專門店,臺北市內湖區文湖街2號,汽、機車零件配備零售業
38578306,一路發汽車材料行,臺北市中山區農安街227巷3弄24號2樓,汽、機車零件配備零售業
08710139,勳展展業行,臺北市士林區中山北路6段450巷12之1號1樓,汽、機車零件配備零售業
18406404,龍毅汽車商行,臺北市士林區仰德大道2段70巷9號,汽、機車零件配備零售業
38510708,明顯汽車商行,臺北市北投區中央北路4段382號,汽、機車零件配備零售業
25537079,華全企業社,臺北市中正區重慶南路3段60之3號,汽、機車零件配備零售業
14333351,勝發汽車大樓隔熱紙行,臺北市萬華區西園路2段247號1樓,汽、機車零件配備零售業
09923878,威宇汽車用品商行,臺北市北投區東華街2段182號,汽、機車零件配備零售業
48896414,九象限顧問展業社,臺北市大安區忠孝東路4段162號10樓之2,汽、機車零件配備零售業
01672791,東欽車業行,臺北市南港區東新街87號1樓,汽、機車零件配備零售業
38567547,建興騎士用品店,臺北市文山區萬有里羅斯福路6段211號,汽、機車零件配備零售業
10351362,鎰鴻車業行,臺北市萬華區西藏路249號1樓,汽、機車零件配備零售業
26350895,有財專業電池企業行,臺北市大同區環河北路二段23號,汽、機車零件配備零售業
38504918,辰玖車業商行,臺北市萬華區東園街203號1樓,汽、機車零件配備零售業
48669044,富輪機車行,臺北市北投區明德路150巷8號1樓,汽、機車零件配備零售業
21754166,廣進車業行,臺北市大安區新生南路1段137之1號1樓,汽、機車零件配備零售業
83919189,利盛車業行,臺北市大同區延平北路4段75號1樓,汽、機車零件配備零售業
99612615,翔宇機車行,臺北市萬華區西園路2段132號1樓,汽、機車零件配備零售業
39805785,亨源企業社,臺北市大安區東豐街66號3樓,汽、機車零件配備零售業
38506275,三角窗偶多拜店,臺北市信義區松山路417號,汽、機車零件配備零售業
10391224,長新汽車商行,臺北市內湖區新明街381號2樓,汽、機車零件配備零售業
18395791,嘉陽商行,臺北市文山區辛亥路5段95號,汽、機車零件配備零售業
48953836,鋒亞汽車百貨行,臺北市中山區松江路512號,汽、機車零件配備零售業
25565927,立頂機車行,臺北市士林區通河西街2段145號,汽、機車零件配備零售業
26354105,武魁車藝商行,臺北市信義區松信路61號,汽、機車零件配備零售業
09921745,全翔汽車百貨商行,臺北市大同區重慶北路3段121號1樓,汽、機車零件配備零售業
18394272,辰昶機車行,臺北市信義區信安街80號,汽、機車零件配備零售業
21761259,銘翰企業社,臺北市中山區農安街125巷16號1樓,汽、機車零件配備零售業
26338041,三?企業社,臺北市信義區吳興街512巷12號3樓,汽、機車零件配備零售業
15669091,震達車業行,臺北市士林區中山北路6段14號1樓,汽、機車零件配備零售業
48833544,全亮汽車行,臺北市大同區酒泉街168號,汽、機車零件配備零售業
38499154,超群重機店,臺北市士林區中正路620號,汽、機車零件配備零售業
31854559,雷洛汽車商行,臺北市內湖區環山路3段5號,汽、機車零件配備零售業
01243080,日晟汽車電機行,臺北市中山區新生北路3段95之1號1樓,汽、機車零件配備零售業
13833168,震豐汽車商行,臺北市大安區臥龍街267之11號1樓,汽、機車零件配備零售業
77430921,瑞強商行,臺北市士林區天母東路86號1樓,汽、機車零件配備零售業
12227208,宏聯機車行,臺北市中山區吉林路151號(1樓),汽、機車零件配備零售業
48890919,國赫車業行,臺北市士林區中山北路7段14巷5弄2號1樓,汽、機車零件配備零售業
99348572,鑫勝車業行,臺北市內湖區文德路90巷28號1樓,汽、機車零件配備零售業
81660728,東信峰車業行,臺北市大安區新生南路1段103之2號,汽、機車零件配備零售業
17741921,行宮商行,臺北市中正區重慶南路3段17號1樓,汽、機車零件配備零售業
73912638,千帥汽車商行,臺北市內湖區安康路370號1樓,汽、機車零件配備零售業
31330343,德順汽車商行,臺北市士林區永平街80巷22號1樓,汽、機車零件配備零售業
17271218,億誠汽車材料行,臺北市南港區中坡北路100號1樓,汽、機車零件配備零售業
01405227,嘉興避震器商行,臺北市萬華區西藏路234號1樓,汽、機車零件配備零售業
26255689,奕綸機車行,臺北市中山區農安街92號,汽、機車零件配備零售業
77861189,順昇汽車商行,臺北市大安區和平東路3段398號,汽、機車零件配備零售業
17094403,奇昌機車行,臺北市內湖區康寧路1段149號1樓,汽、機車零件配備零售業
48992541,志業機車行,臺北市內湖區文德路22巷29弄1號,汽、機車零件配備零售業
10586570,聞信汽車企業社,臺北市內湖區成功路2段312巷13號5樓,汽、機車零件配備零售業
29248121,宇晟汽車商行,臺北市南港區興中路80巷24號1樓,汽、機車零件配備零售業
48698603,金獅汽車商行,臺北市松山區民權東路5段2號1樓,汽、機車零件配備零售業
31333685,美修汽車商行,臺北市北投區東華街426號1樓,汽、機車零件配備零售業
38462071,達育企業社,臺北市中山區興安街51之8號1樓,汽、機車零件配備零售業
26374974,鴻偉車業行,臺北市北投區中央北路4段418號1樓,汽、機車零件配備零售業
31863564,飛皇車業行,臺北市內湖區內湖路2段9號,汽、機車零件配備零售業
14324563,亨通汽車商行,臺北市大同區延平北路2段255號3樓之6,汽、機車零件配備零售業
01724566,大輪汽車百貨行,臺北市文山區新光路1段117號1樓,汽、機車零件配備零售業
31832649,愛瓦仕專業汽車美容店,臺北市松山區撫遠街230號,汽、機車零件配備零售業
27183896,宏隆汽車材料行,臺北市文山區辛亥路5段87號1樓,汽、機車零件配備零售業
13478934,立翔汽車商行,臺北市中山區濱江街312號,汽、機車零件配備零售業
81673630,鋐錩汽車材料行,臺北市士林區劍潭路55巷16號,汽、機車零件配備零售業
26240602,尚意汽車商行,臺北市士林區前港街114號,汽、機車零件配備零售業
83931607,明德汽車材料行,臺北市文山區木柵路1段331之1號1樓,汽、機車零件配備零售業
48755168,建元冷材行,臺北市北投區致遠一路2段50號1樓,汽、機車零件配備零售業
31945144,野速車業,臺北市內湖區內湖路3段81號,汽、機車零件配備零售業
26337232,沃格汽車美容企業社,臺北市南港區東新街10之7號,汽、機車零件配備零售業
25581996,道森國際商號,臺北市中正區重慶南路1段13號8樓,汽、機車零件配備零售業
10315015,揚萬機車行,臺北市文山區羅斯福路6段161號,汽、機車零件配備零售業
99969620,永旭商行,臺北市中正區和平西路2段138號,汽、機車零件配備零售業
83902618,富達汽車商行,臺北市信義區嘉興街155之8號1樓,汽、機車零件配備零售業
98911565,宏雄機車行,臺北市松山區八德路4段318號1樓,汽、機車零件配備零售業
14728571,勝達機車行,臺北市士林區福港街262巷3號1樓,汽、機車零件配備零售業
99334795,基馭汽車工作室,臺北市北投區中央北路3段3號1樓,汽、機車零件配備零售業
48753990,極野車業行,臺北市大安區辛亥路2段137號,汽、機車零件配備零售業
48967894,摩克汽車商行,臺北市士林區華齡街172號,汽、機車零件配備零售業
48785780,豪麟車業行,臺北市士林區忠勇街11號,汽、機車零件配備零售業
99633386,建昇汽車商行,臺北市萬華區環河南路3段267號1樓,汽、機車零件配備零售業
73872235,奧圖卡企業社,臺北市文山區辛亥路5段82號,汽、機車零件配備零售業
27182854,祥昊機車行,臺北市內湖區港華街30號1樓,汽、機車零件配備零售業
26373237,德豐汽車商行,臺北市文山區新光路1段132號,汽、機車零件配備零售業
73891211,尚鼎企業社,臺北市南港區忠孝東路6段320號4樓,汽、機車零件配備零售業
25557813,昱峰汽車行,臺北市文山區光輝路4號,汽、機車零件配備零售業
26351183,廣德博世汽車保修工作坊,臺北市松山區健康路182號,汽、機車零件配備零售業
38501840,來來車體美研坊,臺北市內湖區文德路237號1樓,汽、機車零件配備零售業
17746355,健泰汽車商行,臺北市中山區民族東路514號1樓,汽、機車零件配備零售業
77532912,台源機車行,臺北市大同區興城街臨2之1號、1樓,汽、機車零件配備零售業
26374566,曼尼美車工藝坊,臺北市松山區健康路133號,汽、機車零件配備零售業
25580292,金協興機車行,臺北市內湖區康寧路1段198號1樓,汽、機車零件配備零售業
30134293,鉅勝汽車材料行,臺北市南港區市民大道7段26號2樓,汽、機車零件配備零售業
83930451,以琳國際洋行,臺北市士林區中山北路6段474號1樓,汽、機車零件配備零售業
38515106,海宇光電行,臺北市內湖區堤頂大道2段283號,汽、機車零件配備零售業
81747318,三上汽車商行,臺北市北投區承德路6段483號,汽、機車零件配備零售業
38503431,明楊汽車商行,臺北市信義區永吉路120巷59號,汽、機車零件配備零售業
77153209,勝昌機車行,臺北市萬華區康定路108號1樓,汽、機車零件配備零售業
73879960,來益機車行,臺北市萬華區西園路2段153之1號1樓及西藏路454號1樓,汽、機車零件配備零售業
99644074,冠利機車行,臺北市大同區延平北路3段136號1樓,汽、機車零件配備零售業
13853494,樂彩便利商店,臺北市北投區東華街2段166號1樓,汽、機車零件配備零售業
31716331,微笑實業,臺北市北投區三合街2段489號,汽、機車零件配備零售業
26343678,鐵漢車業,臺北市南港區市民大道7段22號,汽、機車零件配備零售業
26252466,永添機車行,臺北市北投區義理街66號1樓,汽、機車零件配備零售業
02300833,瑞源汽車商行,臺北市南港區興中路80巷23號1樓,汽、機車零件配備零售業
73889799,耕豪汽車保養所,臺北市大同區民族西路43號1樓,汽、機車零件配備零售業
25582469,志成汽車玻璃行,臺北市萬華區環河南路3段261號1樓,汽、機車零件配備零售業
31858231,姚極緻汽車美容工坊,臺北市內湖區新明路179號,汽、機車零件配備零售業
77516103,有輪汽機車材料店,臺北市士林區重慶北路4段251之1號,汽、機車零件配備零售業
38553760,研色車體晶膜企業社,臺北市南港區南港路2段326號1樓,汽、機車零件配備零售業
48950280,永展車業行,臺北市士林區延平北路5段1之1號,汽、機車零件配備零售業
15634214,崴勝汽車商行,臺北市中山區濱江街180巷12號1樓,汽、機車零件配備零售業
48867608,鄭國隆汽車保養行,臺北市大安區辛亥路2段213號,汽、機車零件配備零售業
99990757,紘益機車行,臺北市中正區牯嶺街77號1樓,汽、機車零件配備零售業
27194079,旭冠汽車材料百貨行,臺北市中山區松江路554號,汽、機車零件配備零售業
18384422,極品汽車商行,臺北市中山區民族東路60號1樓,汽、機車零件配備零售業
31861377,上宏輪胎行,臺北市文山區木柵路1段49號,汽、機車零件配備零售業
83931873,正宗旺汽車商行,臺北市大同區重慶北路2段133號1樓,汽、機車零件配備零售業
38554199,源豐企業社,臺北市內湖區新明路373號,汽、機車零件配備零售業
04499634,志邦車業行,臺北市中山區錦州街119號,汽、機車零件配備零售業
48946300,金冠安全帽商號,臺北市萬華區和平西路3段8號,汽、機車零件配備零售業
25588225,合協汽車商行,臺北市南港區成福路47號1樓,汽、機車零件配備零售業
31850673,摩士商行,臺北市士林區中正路612號1樓,汽、機車零件配備零售業
25577536,建豐汽車保養所,臺北市文山區木新路2段93號,汽、機車零件配備零售業
31853860,大任機車行,臺北市信義區松仁路281巷10號,汽、機車零件配備零售業
38507936,福貸企業社,臺北市中山區林森北路399巷15號,汽、機車零件配備零售業
73880586,裕全汽車商行,臺北市中山區五常街59號1樓,汽、機車零件配備零售業
14331635,禾鑫車業行,臺北市南港區興中路44巷12號,汽、機車零件配備零售業
31950238,偉士田車業行,臺北市士林區文林路722之1號1樓,汽、機車零件配備零售業
13443844,郁嘉婦幼百貨行,臺北市內湖區內湖路2段325號,汽、機車零件配備零售業
26342354,言色工作室,臺北市大安區安和路1段90巷29號,汽、機車零件配備零售業
48982987,聯盈機車材料行,臺北市北投區中央北路4段545號,汽、機車零件配備零售業
99980147,吉健汽車材料行,臺北市士林區後港街183號,汽、機車零件配備零售業
38561229,青山汽車材料行,臺北市內湖區麗山街328巷8之1號,汽、機車零件配備零售業
25508341,卑爾工作室,臺北市南港區八德路4段871號15樓之6,汽、機車零件配備零售業
99988106,龍穴企業社,臺北市北投區大度路11號,汽、機車零件配備零售業
25557601,盛展機車行,臺北市南港區成福路56號,汽、機車零件配備零售業
26230626,和旺汽車商行,臺北市信義區基隆路1段163號2樓之2,汽、機車零件配備零售業
25668851,騰輝車業行,臺北市北投區致遠一路2段47號1樓,汽、機車零件配備零售業
38514508,興陽機車行,臺北市內湖區五分街39號1樓,汽、機車零件配備零售業
01637900,思維拖板車材料行,臺北市南港區東新街89巷7弄3號,汽、機車零件配備零售業
49993907,權舜企業社,臺北市大同區民權西路136號7樓之11,汽、機車零件配備零售業
81779269,友輪機車行,臺北市信義區嘉興街251號1樓,汽、機車零件配備零售業
80998097,北岳企業社,臺北市中山區民族東路416號1樓,汽、機車零件配備零售業
48856623,鴻麗科技實業社,臺北市內湖區東湖路113巷49弄51號,汽、機車零件配備零售業
99353315,昶盛汽車商行,臺北市內湖區港墘路16號1樓,汽、機車零件配備零售業
18382276,松吉汽車商行,臺北市松山區健康路308號,汽、機車零件配備零售業
15635353,裕進車業行,臺北市信義區富陽街63號1樓,汽、機車零件配備零售業
17533780,宏太輪胎行,臺北市松山區健康路436號、436之1號1樓,汽、機車零件配備零售業
26228591,禾益汽車保養所,臺北市文山區永安街27號,汽、機車零件配備零售業
99956694,晉立汽車行,臺北市士林區大北路71號1樓,汽、機車零件配備零售業
13823458,慶原車業行,臺北市松山區南京東路5段250巷18弄2號,汽、機車零件配備零售業
26207630,大仁機車行,臺北市文山區和平東路4段71號,汽、機車零件配備零售業
77522034,進益機車行,臺北市大同區庫倫街31號,汽、機車零件配備零售業
31875371,好作文創工作室,臺北市中正區辛亥路1段5號16樓,汽、機車零件配備零售業
48822933,新東機車行,臺北市松山區新東街30巷32號,汽、機車零件配備零售業
38574147,水手清潔用品材料行,臺北市內湖區內湖路1段323巷5弄5號5樓,汽、機車零件配備零售業
31954190,成泰興業社,臺北市中正區南海路93巷28號,汽、機車零件配備零售業
29237659,雄發汽車商行,臺北市士林區重慶北路4段95號1樓,汽、機車零件配備零售業
26217285,馳勝車業,臺北市士林區社子街63巷14號1樓,汽、機車零件配備零售業
38471493,寶傑車業社,臺北市北投區自強街25號,汽、機車零件配備零售業
14720304,全益機車行,臺北市中山區中山北路2段59巷34號1樓,汽、機車零件配備零售業
27160057,久慶汽車保養所,臺北市松山區南京東路5段337號1樓,汽、機車零件配備零售業
48847189,鈞贊汽車商行,臺北市內湖區康樂街136巷15弄4號2樓,汽、機車零件配備零售業
10343618,太子車業行,臺北市中山區長春路206之1號,汽、機車零件配備零售業
17266101,和錩汽車輪胎電機行,臺北市文山區興隆路2段125號1樓,汽、機車零件配備零售業
48982972,富鉅汽車材料行,臺北市士林區承德路4段70號,汽、機車零件配備零售業
26306998,巨朋汽車商行,臺北市南港區重陽路321號,汽、機車零件配備零售業
48950021,鈞宸企業社,臺北市北投區知行路336號11樓之2,汽、機車零件配備零售業
26349693,楊展汽車材料行,臺北市大同區承德路2段53巷36號1樓,汽、機車零件配備零售業
38504229,茂鼎企業社,臺北市北投區公?路306巷3號5樓,汽、機車零件配備零售業
31877814,路得企業社,臺北市南港區福德街339巷3弄18號3樓,汽、機車零件配備零售業
26213318,德爵車體美容商行,臺北市文山區興隆路3段267號,汽、機車零件配備零售業
17533753,弘張車行,臺北市中山區民生東路2段115巷21號1樓,汽、機車零件配備零售業
13462519,仁順汽車商行,臺北市內湖區五分街5號1樓,汽、機車零件配備零售業
34139762,裕億車業行,臺北市大安區建國南路2段223號1樓,汽、機車零件配備零售業
25550972,水晶汽車美容工坊,臺北市信義區虎林街30巷10號,汽、機車零件配備零售業
25580244,鉅錩汽車材料行,臺北市萬華區萬大路87之1號,汽、機車零件配備零售業
17770214,龍年輪胎行,臺北市信義區松仁路172號,汽、機車零件配備零售業
38574842,華升汽車保養所,臺北市北投區文林北路170號1樓,汽、機車零件配備零售業
17544956,哲安汽車材料行,臺北市內湖區港華街28號,汽、機車零件配備零售業
29522513,大樺汽車商行,臺北市士林區重慶北路4段246號1樓,汽、機車零件配備零售業
31962500,尚辰汽車保養所,臺北市北投區中央北路4段146號,汽、機車零件配備零售業
38560523,長鋐企業社,臺北市士林區雨聲街50巷2號4樓,汽、機車零件配備零售業
21701632,皇家機車行,臺北市北投區中和街373號1樓,汽、機車零件配備零售業
14345933,聖平車業行,臺北市士林區延平北路6段149號1樓,汽、機車零件配備零售業
38557549,瀚立車業行,臺北市文山區恆光街19號1樓,汽、機車零件配備零售業
13823160,信元車業行,臺北市萬華區中華路2段40號1樓,汽、機車零件配備零售業
81656549,志朋機車行,臺北市萬華區青年路84號,汽、機車零件配備零售業
48896049,奇立汽車美容材料行,臺北市南港區重陽路20號1樓,汽、機車零件配備零售業
26366030,東興汽車配件行,臺北市南港區興南街60巷27號1樓,汽、機車零件配備零售業
17761735,嘉鋒汽車商行,臺北市北投區東華街2段330號1樓,汽、機車零件配備零售業
17043117,卡而汽車服務行,臺北市南港區松河街624號,汽、機車零件配備零售業
17767631,鴻捷汽車商行,臺北市內湖區金龍路149號,汽、機車零件配備零售業
12387041,億豐輪胎汽車商行,臺北市中山區新生北路2段35號1樓,汽、機車零件配備零售業
38580598,暉越企業社,臺北市中正區汀州路3段25號1樓,汽、機車零件配備零售業
48756672,上群輪胎行,臺北市內湖區港墘路58號,汽、機車零件配備零售業
18091919,治華汽車商行,臺北市南港區重陽路487之2號,汽、機車零件配備零售業
38556268,飛特國際行,臺北市內湖區陽光街321巷26號6樓之13,汽、機車零件配備零售業
38509890,勝田安全帽店,臺北市中山區市民大道3段75號,汽、機車零件配備零售業
26210706,禾豐商行,臺北市大同區庫倫街1號1樓,汽、機車零件配備零售業
14317520,順永光汽車電機行,臺北市中山區吉林路159號1樓,汽、機車零件配備零售業
14322761,億威科技企業社,臺北市內湖區新明路380巷4弄7號2樓,汽、機車零件配備零售業
94915864,聖揚汽車保養所,臺北市士林區重慶北路4段236號1樓,汽、機車零件配備零售業
83911882,名家汽車商行,臺北市士林區士東路296號4樓,汽、機車零件配備零售業
30179946,鴻墨水耗材專賣店,臺北市信義區基隆路2段185號,汽、機車零件配備零售業
21760907,龍駿輪胎行,臺北市大同區重慶北路3段332號,汽、機車零件配備零售業
31865438,凱儀企業社,臺北市南港區南港路3段80巷13號,汽、機車零件配備零售業
08608681,連連發機車行,臺北市內湖區五分街27號,汽、機車零件配備零售業
01602472,東勝機車行,臺北市松山區松仁路167號1樓,汽、機車零件配備零售業
17090477,裕達汽車商行,臺北市北投區中央北路2段325號1樓,汽、機車零件配備零售業
04953015,勝福電機行,臺北市文山區興隆路1段212號,汽、機車零件配備零售業
08595567,正倫車業行,臺北市內湖區康樂街69號1樓,汽、機車零件配備零售業
83914261,永展行,臺北市北投區行義路7號,汽、機車零件配備零售業
14716250,明益汽車材料行,臺北市文山區興隆路4段49之5號1樓,汽、機車零件配備零售業
25516877,天駿企業社,臺北市中山區濱江街180巷12號,汽、機車零件配備零售業
99642765,新源泉機車行,臺北市士林區重慶北路4段235號,汽、機車零件配備零售業
26226355,漢欣生活小舖,臺北市北投區光明路84號,汽、機車零件配備零售業
21764045,保翔汽車商行,臺北市中山區濱江街194號,汽、機車零件配備零售業
25558926,金鑽企業行,臺北市士林區文林路762號,汽、機車零件配備零售業
09492929,四元汽車商行,臺北市松山區和平東路3段346巷29號,汽、機車零件配備零售業
10396059,聯億機車行,臺北市北投區尊賢街302巷24號,汽、機車零件配備零售業
20805687,日星車業行,臺北市松山區八德路3段198號1樓,汽、機車零件配備零售業
48776810,比仕達機車行,臺北市士林區士東路332號,汽、機車零件配備零售業
83939447,音納吉汽機車材料行,臺北市大安區愛國東路77號1樓,汽、機車零件配備零售業
31853123,第一優質汽車商行,臺北市士林區承德路4段42號,汽、機車零件配備零售業
31860790,群越企業社,臺北市士林區中山北路6段184號,汽、機車零件配備零售業
78053946,光暉汽車材料行,臺北市信義區林口街226號1樓,汽、機車零件配備零售業
25566806,弘益汽車商行,臺北市士林區社子街22巷52之1號,汽、機車零件配備零售業
38581962,沐橙車體美研企業社,臺北市中山區建國北路3段175號,汽、機車零件配備零售業
31861600,品味生活館,臺北市萬華區西昌街147號1樓,汽、機車零件配備零售業
38508127,明星汽車商行,臺北市中山區南京東路2段71號8樓之2,汽、機車零件配備零售業
26231408,嘉峰汽車商行,臺北市內湖區港墘路47號,汽、機車零件配備零售業
81747078,名揚隔熱紙行,臺北市中正區南海路20號4樓,汽、機車零件配備零售業
01219440,榮達汽車商行,臺北市中山區建國北路1段64號1樓,汽、機車零件配備零售業
48979890,家禾汽車材料行,臺北市北投區文林北路68號,汽、機車零件配備零售業
13466655,金晉機車行,臺北市士林區延平北路5段111號1樓,汽、機車零件配備零售業
25518122,駿驊機車行,臺北市中正區八德路1段28號1樓,汽、機車零件配備零售業
26345198,翊翔機車行,臺北市大同區錦西街59巷1號,汽、機車零件配備零售業
81693495,隆元行,臺北市南港區忠孝東路6段278巷30號1樓,汽、機車零件配備零售業
07060404,元星電機行,臺北市大同區民族西路326號1樓,汽、機車零件配備零售業
26212211,智富汽車保養所,臺北市大安區市民大道4段240號,汽、機車零件配備零售業
18406208,太?機車行,臺北市萬華區西寧南路122號1樓,汽、機車零件配備零售業
26226778,欽澄車業社,臺北市信義區吳興街474號,汽、機車零件配備零售業
26357118,寶士達機車行,臺北市大同區民族西路214號1樓,汽、機車零件配備零售業
26241406,克羅斯車業行,臺北市文山區興隆路3段207巷6弄2號,汽、機車零件配備零售業
48943649,亞雄企業社,臺北市南港區成福路77號,汽、機車零件配備零售業
48855125,頂聖汽車零件百貨行,臺北市北投區中央北路2段127號,汽、機車零件配備零售業
48835058,育宏機車行,臺北市士林區雙溪街100號,汽、機車零件配備零售業
99951184,駿元汽車保養所,臺北市中山區民族東路88、90號1樓,汽、機車零件配備零售業
38580197,寶進企業社,臺北市信義區忠孝東路5段1-3號14樓,汽、機車零件配備零售業
01636655,新萬金汽車材料行,臺北市內湖區成功路2段8號地下1層,汽、機車零件配備零售業
20798882,永源機車行,臺北市信義區吳興街281巷62號1樓,汽、機車零件配備零售業
01140401,谷峰汽車材料電機行,臺北市大同區重慶北路3段254號1樓,汽、機車零件配備零售業
31865937,松沅車業行,臺北市萬華區西園路2段153之1號1樓,汽、機車零件配備零售業
15828886,永祥避震器商行,臺北市萬華區西藏路474號476號,汽、機車零件配備零售業
94917244,安科汽車材料行,臺北市松山區健康路408號1樓,汽、機車零件配備零售業
25560113,車旺來車業行,臺北市南港區成福路178巷8號,汽、機車零件配備零售業
38474153,佰玖汽車用品行,臺北市南港區南港路2段290號1樓,汽、機車零件配備零售業
38573029,得勝機車行,臺北市士林區延平北路8段175號,汽、機車零件配備零售業
98885102,文新汽車百貨行,臺北市大同區重慶北路3段257巷12號1樓,汽、機車零件配備零售業
04284583,永達車業行,臺北市大同區民生西路357號1樓,汽、機車零件配備零售業
13826808,群輝機車行,臺北市信義區松隆路48號1樓,汽、機車零件配備零售業
10340632,世鑫汽車商行,臺北市北投區西安街1段313巷6弄16號3樓,汽、機車零件配備零售業
26513624,祥耀輪胎行,臺北市士林區承德路4段348號3樓,汽、機車零件配備零售業
83920453,全利車業行,臺北市松山區八德路4段334號1樓,汽、機車零件配備零售業
49993907,權舜企業社,臺北市大同區民權西路136號7樓之11,汽、機車零件配備零售業
31947494,佳和汽車保養所,臺北市文山區木新路3段251號,汽、機車零件配備零售業
01577699,鴻源機車行,臺北市松山區松隆路292號1樓,汽、機車零件配備零售業
17737807,大峰輪胎行,臺北市內湖區民權東路6段90巷6弄3號,汽、機車零件配備零售業
29202552,銘信成汽車商行,臺北市松山區八德路4段307號1樓,汽、機車零件配備零售業
25658636,進展汽車商行,臺北市南港區忠孝東路7段549號,汽、機車零件配備零售業
26192876,金翼汽車元件商行,臺北市松山區八德路4段660號10樓之6,汽、機車零件配備零售業
17078543,富祥汽車材料行,臺北市士林區社子街63巷19號1樓,汽、機車零件配備零售業
18411841,詠豐汽車材料商行,臺北市萬華區興義街31號,汽、機車零件配備零售業
15666284,秉緯企業社,臺北市文山區木柵路2段101號1樓,汽、機車零件配備零售業
48876590,瑞興商行,臺北市萬華區環河南路2段5巷2號,汽、機車零件配備零售業
67801796,小龍商行,臺北市中山區長安東路1段52之1號4樓之1,汽、機車零件配備零售業
31854951,昇崋隔熱紙行,臺北市中山區松江路562號,汽、機車零件配備零售業
14722083,爵士汽車音響企業社,臺北市信義區和平東路3段341巷55號1樓,汽、機車零件配備零售業
25539822,鴻億汽車商行,臺北市士林區重慶北路4段217號1樓,汽、機車零件配備零售業
26360492,楠德車業工作室,臺北市北投區中央北路4段465號,汽、機車零件配備零售業
25580666,新堡汽車商行,臺北市北投區承德路7段204號1樓,汽、機車零件配備零售業
21255372,龐富汽車材料行,臺北市松山區寶清街3號,汽、機車零件配備零售業
25671568,興順發機車行,臺北市北投區承德路7段344巷8號,汽、機車零件配備零售業
17753643,祥嘉汽車材料行,臺北市大同區赤峰街71巷24號1樓,汽、機車零件配備零售業
09688120,新安國際企業社,臺北市士林區天母西路41巷5之1號,汽、機車零件配備零售業
94911163,水玻璃汽車專業美容店,臺北市中山區民族東路506號1樓,汽、機車零件配備零售業
26222082,立大保修廠,臺北市北投區中央北路2段287號,汽、機車零件配備零售業
27164716,世丞機車材料行,臺北市松山區八德路4段313號1樓,汽、機車零件配備零售業
99362362,大盛汽車商行,臺北市中山區民族東路512巷13弄23號1樓,汽、機車零件配備零售業
01484685,日旺車業行,臺北市文山區羅斯福路4段216號,汽、機車零件配備零售業
17521638,小緯機車行,臺北市大同區承德路2段149號1樓,汽、機車零件配備零售業
48972480,富康車業行,臺北市士林區重慶北路4段184號2樓,汽、機車零件配備零售業
13462948,山姆汽車商行,臺北市萬華區康定路46巷18號3樓,汽、機車零件配備零售業
17265497,浩銘汽車保養所,臺北市中山區建國北路3段84號1樓,汽、機車零件配備零售業
48962005,有田汽車材料行,臺北市信義區忠孝東路5段790巷59弄35號,汽、機車零件配備零售業
26241644,冠祥汽車商行,臺北市南港區興南街60巷19號1樓,汽、機車零件配備零售業
08593863,欣隆機車行,臺北市內湖區內湖路1段411巷11號1樓,汽、機車零件配備零售業
31308807,日明汽車商行,臺北市士林區延平北路6段499號,汽、機車零件配備零售業
15646751,漢泓車行,臺北市內湖區民權東路6段29號1樓,汽、機車零件配備零售業
31874350,信成機車行,臺北市文山區興隆路4段54之1號,汽、機車零件配備零售業
81658455,慧昌機車行,臺北市文山區木柵路3段102巷7號1樓,汽、機車零件配備零售業
17773850,富原機車行,臺北市南港區重陽路140號1樓,汽、機車零件配備零售業
29242175,萬福企業社,臺北市北投區大度路11號,汽、機車零件配備零售業
48717236,豪展機車行,臺北市內湖區康寧路1段192號,汽、機車零件配備零售業
26365481,富勝汽車商行,臺北市文山區保儀路175號,汽、機車零件配備零售業
38498248,正昇車業行,臺北市士林區葫東街9號1樓,汽、機車零件配備零售業
20803576,國保兄弟裝潢行,臺北市松山區八德路4段245巷27號1樓,汽、機車零件配備零售業
73870320,達展洋行,臺北市松山區光復南路6巷13號1樓,汽、機車零件配備零售業
13851003,慶達機車行,臺北市士林區通河街3號,汽、機車零件配備零售業
38554183,黑石車業行,臺北市內湖區環山路1段61號,汽、機車零件配備零售業
38557891,第一購物網企業社,臺北市北投區致遠一路2段28號1樓,汽、機車零件配備零售業
10351980,潔渝企業社,臺北市大安區樂利路6巷1號,汽、機車零件配備零售業
10305712,弘佳汽車商行,臺北市北投區吉利街148號,汽、機車零件配備零售業
99775265,治源企業行,臺北市北投區尊賢街230巷12號2樓,汽、機車零件配備零售業
09408063,新威能汽車百貨行,臺北市中正區金山南路1段83號1樓,汽、機車零件配備零售業
17080920,舜益車業行,臺北市北投區懷德街30號,汽、機車零件配備零售業
26220970,佶琩企業社,臺北市內湖區安康路95號2樓,汽、機車零件配備零售業
38471769,黑馬車業行,臺北市內湖區東湖路119巷49弄14號,汽、機車零件配備零售業
26336711,夢興車業行,臺北市文山區興隆路1段175號,汽、機車零件配備零售業
48827557,品誠汽車商行,臺北市士林區大南路399號1樓,汽、機車零件配備零售業
38563438,翊祥機車行,臺北市南港區南港路2段264號,汽、機車零件配備零售業
25552084,名凱企業社,臺北市萬華區西園路2段382號4樓,汽、機車零件配備零售業
10302671,政大行,臺北市大同區保安街49巷30之1號2樓,汽、機車零件配備零售業
98897584,保時潔汽車美容材料行,臺北市中山區建國北路3段153號,汽、機車零件配備零售業
10347608,和撒那商行,臺北市松山區八德路3段12巷60號地下,汽、機車零件配備零售業
15917753,大旺車行,臺北市萬華區萬大路214號1樓,汽、機車零件配備零售業
26222745,浩茗設計工作室,臺北市大同區長安西路239號7樓之1,汽、機車零件配備零售業
77875058,日聖汽車電機冷氣行,臺北市大安區辛亥路2段115號1樓,汽、機車零件配備零售業
29220524,元銘企業社,臺北市中山區合江街130巷15號1樓,汽、機車零件配備零售業
13467676,詠新機車行,臺北市士林區社中街168號1樓,汽、機車零件配備零售業
31952995,晟基汽車材料行,臺北市信義區信義路5段150巷485之2號,汽、機車零件配備零售業
17255771,旭茂汽車材料行,臺北市北投區裕民四路10號1樓,汽、機車零件配備零售業
38508323,耀星機車行,臺北市大同區延平北路4段32號1樓,汽、機車零件配備零售業
48975682,世華汽車材料行,臺北市中正區中華路2段371號,汽、機車零件配備零售業
25550776,瑞滄汽車商行,臺北市北投區中央北路2段95巷4弄12號,汽、機車零件配備零售業
29246910,伯豐汽車材料行,臺北市大同區承德路2段53巷33號1樓,汽、機車零件配備零售業
26249511,捷斯伯企業社,臺北市南港區向陽路88號,汽、機車零件配備零售業
42270455,秀卡司企業社,臺北市北投區大業路35號,汽、機車零件配備零售業
98910003,弘宜企業社,臺北市北投區中央北路2段284號1樓,汽、機車零件配備零售業
25557124,龍鈦五金行,臺北市松山區八德路4段481號,汽、機車零件配備零售業
48744183,忠慶車業行,臺北市內湖區康寧路1段142號1樓,汽、機車零件配備零售業
26341572,溢泰機車行,臺北市中山區新生北路1段11之6號,汽、機車零件配備零售業
14717624,紳騏企業行,臺北市大同區承德路2段100號1樓,汽、機車零件配備零售業
31873612,力虹電動車行,臺北市信義區中坡南路142號144號,汽、機車零件配備零售業
17270506,岡展企業社,臺北市中山區松江路185號6樓之2,汽、機車零件配備零售業
38515099,翔泰車業行,臺北市大同區環河北路2段205巷1號,汽、機車零件配備零售業
83909529,川大機車行,臺北市信義區基隆路2段68號1樓,汽、機車零件配備零售業
