25657030,大佳玻璃工程行,臺北市中山區龍江路377巷1號5樓,核准設立,室內裝潢業
99496290,黃靜雄設計工作室,臺北市松山區民生東路5段36巷8弄6號2樓,核准設立,室內裝潢業
31284495,勝全工程行,臺北市大安區復興南路1段126巷1號2樓,核准設立,室內裝潢業
25656601,荃時工程行,臺北市萬華區雙和街98號4樓,核准設立,室內裝潢業
38470380,冠奕室內裝修工程行,臺北市北投區中央北路三段40巷38號4樓,核准設立,室內裝潢業
10347564,德成企業行,臺北市萬華區廣州街81巷14號,核准設立,室內裝潢業
38473794,友資工程行,臺北市內湖區成功路2段312巷37號,核准設立,室內裝潢業
26227410,騏世工程行,臺北市南港區南港路3段182號4樓,核准設立,室內裝潢業
31958512,尚意工程行,臺北市北投區中和里中和街390巷18號5樓,核准設立,室內裝潢業
48942780,恆薏室內空間設計工作室,臺北市信義區福德街107之1號,核准設立,室內裝潢業
80991897,隆吉工程行,臺北市北投區中和街234巷1號,核准設立,室內裝潢業
99362948,崢簧行,臺北市中正區同安街47號1樓,核准設立,室內裝潢業
03263006,昇源水電行,臺北市中正區金山南路1段110巷20號1樓,核准設立,室內裝潢業
41366283,正德興業,臺北市大同區承德路2段83之2號,核准設立,室內裝潢業
01162468,榮豐企業社,臺北市大同區迪化街1段338號,核准設立,室內裝潢業
26343298,毓凡空間設計坊,臺北市文山區羅斯福路6段5號,核准設立,室內裝潢業
26374637,尚欣工程行,臺北市內湖區成功路4段1號3樓,核准設立,室內裝潢業
17756402,忠德工程行,臺北市大同區延平北路4段67號1樓,核准設立,室內裝潢業
25668389,頂豪企業社,臺北市信義區信義路6段76巷2弄17號3樓,核准設立,室內裝潢業
42269909,松立企業工程行,臺北市信義區基隆路1段155號13樓之5,核准設立,室內裝潢業
18404285,九九室內裝修設計工作室,臺北市大安區安東街50之2號5樓,核准設立,室內裝潢業
31954826,東津甫企業社,臺北市內湖區大湖街137號,核准設立,室內裝潢業
31850414,樂禕空間設計工作室,臺北市大安區敦化南路2段1號7樓,核准設立,室內裝潢業
48851394,舞一村工作室,臺北市大同區重慶北路3段335巷28號,核准設立,室內裝潢業
38559455,石尚石材行,臺北市南港區八德路4段891號3樓,核准設立,室內裝潢業
99624366,巧修家工程行,臺北市士林區延平北路5段182號4樓,核准設立,室內裝潢業
13828215,福越工程行,臺北市中山區南京東路3段189號4樓,核准設立,室內裝潢業
38569833,柯神企業社,臺北市中山區松江路226巷6號,核准設立,室內裝潢業
25520653,玖易工程行,臺北市中山區長安東路1段16號12樓之6,核准設立,室內裝潢業
31868131,立鴻商行,臺北市中正區忠孝東路1段108號華山市場2樓2號攤位,核准設立,室內裝潢業
48764791,協進企業社,臺北市士林區和豐街13號,核准設立,室內裝潢業
38501882,友順工程行,臺北市萬華區柳州街6號4樓,核准設立,室內裝潢業
38562634,富陽人力派遣企業社,臺北市中山區民權東路2段148號3樓,核准設立,室內裝潢業
31879236,奕緻工程行,臺北市士林區永平街84號3樓,核准設立,室內裝潢業
17280217,合泰工程行,臺北市中山區雙城街49巷6號1樓,核准設立,室內裝潢業
26212227,邑覲空間設計工作室,臺北市內湖區金龍路238號5樓,核准設立,室內裝潢業
48722012,純揚工程行,臺北市北投區大興街9巷8號2樓,核准設立,室內裝潢業
48812864,琉璃居室內美學工作室,臺北市大安區金山南路2段145號4樓,核准設立,室內裝潢業
81702902,台一土木包工業,臺北市信義區信義路6段76巷2弄85號1樓,核准設立,室內裝潢業
66994438,玖鑫工程行,臺北市北投區榮華一路1之6號地下一層,核准設立,室內裝潢業
31870024,上德石材工程行,臺北市內湖區康樂街204之1號,核准設立,室內裝潢業
21705308,友全工程行,臺北市中正區羅斯福路2段56號8樓之11,核准設立,室內裝潢業
26374622,嘉聯工程行,臺北市內湖區康寧路1段192號,核准設立,室內裝潢業
17749584,豪恩工程行,臺北市信義區光復南路419巷145號1樓,核准設立,室內裝潢業
31951172,摩氏設計創意整合工作室,臺北市文山區興隆路4段165巷1號2樓之2,核准設立,室內裝潢業
21725661,大沅工程行,臺北市文山區萬和街8號2樓之6,核准設立,室內裝潢業
48799074,宇杰工程企業社,臺北市中山區長安東路2段110號11樓之1,核准設立,室內裝潢業
48676690,晟富工程行,臺北市中山區民權西路20號11樓之6,核准設立,室內裝潢業
18387265,禾茂工程行,臺北市信義區吳興街524巷31號,核准設立,室內裝潢業
48956904,泰多室內裝修設計工程行,臺北市大安區延吉街70巷2弄5號,核准設立,室內裝潢業
31870185,晨起木業企業社,臺北市松山區新中街52號,核准設立,室內裝潢業
48838323,恆利資產管理企業社,臺北市大安區敦化南路2段5號8樓之3,核准設立,室內裝潢業
41059784,君翔水電工程行,臺北市中正區忠孝西路1段7號5樓之1,核准設立,室內裝潢業
87766656,上品裝潢工程行,臺北市內湖區金龍路159號4樓,核准設立,室內裝潢業
25542657,亞奇數位科技商業社,臺北市南港區興華路114巷16號2樓,核准設立,室內裝潢業
21760857,翊健工程行,臺北市信義區吳興街156巷22弄8號2樓,核准設立,室內裝潢業
31872206,北極熊系統家居實業社,臺北市文山區興隆路1段123號,核准設立,室內裝潢業
01785417,上興工程行,臺北市大安區樂業街146號1樓,核准設立,室內裝潢業
31871895,承鴻企業社,臺北市信義區光復南路495號,核准設立,室內裝潢業
12346078,和盛水電行,臺北市中山區錦州街156號1樓,核准設立,室內裝潢業
38577480,宏鉅企業社,臺北市中山區八德路2段88巷12號1樓,核准設立,室內裝潢業
83915352,唯心殯儀社,臺北市信義區光復南路505號11樓之7,核准設立,室內裝潢業
38556719,無規則網路數位社,臺北市中正區市民大道3段8號光華數位新天地商場4樓14號店舖,核准設立,室內裝潢業
26354132,商美企業社,臺北市松山區健康路418號1樓,核准設立,室內裝潢業
14744930,郡康企業社,臺北市內湖區環山路2段109巷6弄7號3樓,核准設立,室內裝潢業
83948179,大譽油漆工程行,臺北市文山區木新路2段283號4樓,核准設立,室內裝潢業
31870404,巨翊科技實業社,臺北市信義區信義路5段115號3樓之6,核准設立,室內裝潢業
31958610,奕昇廣告設計行,臺北市信義區光復南路505號4樓之3,核准設立,室內裝潢業
48728281,冠倫企業社,臺北市士林區福國路45號3樓,核准設立,室內裝潢業
31855889,尚屋工程行,臺北市大安區通安街121號(2樓),核准設立,室內裝潢業
26355293,棋鈞企業社,臺北市中正區汀州路2段126號,核准設立,室內裝潢業
25656074,鴻翌室內裝修工程企業社,臺北市信義區光復南路419巷74號,核准設立,室內裝潢業
09937155,興迪工程行,臺北市北投區崇仁路1段116號2樓,核准設立,室內裝潢業
48974184,博達工程行,臺北市北投區東華街1段478號,核准設立,室內裝潢業
38464562,廣祐工程行,臺北市北投區吉利街123巷8弄3號2樓,核准設立,室內裝潢業
38469285,晉源行,臺北市大安區復興南路2段237號13樓,核准設立,室內裝潢業
10991276,絡吳建築工作室,臺北市大安區羅斯福路2段79號5樓之5,核准設立,室內裝潢業
27158812,綺思樂彈簧床行,臺北市士林區中正路596號,核准設立,室內裝潢業
48635832,欣茂企業社,臺北市大同區昌吉街61巷11號1樓,核准設立,室內裝潢業
99326319,寬度設計室內裝修工作室,臺北市中山區松江路37巷8號,核准設立,室內裝潢業
26750294,亞丁傢俱生活館,臺北市大安區忠孝東路4段148號7樓,核准設立,室內裝潢業
38557344,好鄰居人力工程行,臺北市大同區環河北路2段95號,核准設立,室內裝潢業
38502051,富堡工程行,臺北市萬華區青年路68巷3弄9號7樓,核准設立,室內裝潢業
21716852,利得塑鋼門窗企業社,臺北市中正區和平西路1段30號8樓,核准設立,室內裝潢業
26354864,八路企業社,臺北市北投區中央北路4段138巷8號,核准設立,室內裝潢業
17746382,永久工程行,臺北市南港區玉成街140巷1弄1號,核准設立,室內裝潢業
38567693,長茂企業社,臺北市文山區光輝路61號,核准設立,室內裝潢業
14331656,五佰元裝潢五金行,臺北市松山區五常街271號1樓,核准設立,室內裝潢業
73904980,一德水電行,臺北市中山區民生東路2段93巷22號1樓,核准設立,室內裝潢業
19429849,森粕工程行,臺北市大安區四維路180之3號,核准設立,室內裝潢業
05002392,昇華玻璃隔熱片行,臺北市中正區杭州南路2段70號及70之1號、1樓,核准設立,室內裝潢業
26215771,協弘工程行,臺北市信義區吳興街450巷5弄5號,核准設立,室內裝潢業
31868420,元鴻油漆工程行,臺北市大安區信義路2段86巷25號3樓,核准設立,室內裝潢業
98880198,一湜室內裝修工作室,臺北市大安區仁愛路4段230號4樓之4,核准設立,室內裝潢業
38497607,暐創工程行,臺北市內湖區康寧路3段56巷1號10樓之2,核准設立,室內裝潢業
48879082,昌達工程行,臺北市北投區中央北路2段237巷11號1樓,核准設立,室內裝潢業
26351493,左千工程行,臺北市中正區杭州北路22號3樓之1,核准設立,室內裝潢業
25509030,八仙彩工作室,臺北市中山區龍江路147號4樓之3,核准設立,室內裝潢業
14882406,宏太工程行,臺北市北投區大度路3段301巷128弄2之1號4樓,核准設立,室內裝潢業
48904630,健新水電行,臺北市松山區光復南路66巷78號,核准設立,室內裝潢業
10352334,宏洋工程行,臺北市北投區豐年路2段76號,核准設立,室內裝潢業
80981624,翰林水電工程行,臺北市中山區中原街80號1樓,核准設立,室內裝潢業
15649758,立川工程行,臺北市文山區福興路43號,核准設立,室內裝潢業
10372752,雅客賽思照明工作室,臺北市內湖區成功路2段312巷21號,核准設立,室內裝潢業
18400507,事件工作室,臺北市松山區復興北路15號8樓之4,核准設立,室內裝潢業
38562515,翼德工程行,臺北市中山區林森北路259巷17號6樓之5,核准設立,室內裝潢業
99348382,曼琳花坊,臺北市士林區福志路24號1樓,核准設立,室內裝潢業
48732898,誠品興業社,臺北市萬華區西園路2段281巷6弄49號,核准設立,室內裝潢業
31958098,王樣企業社,臺北市中山區南京東路3段189號4樓,核准設立,室內裝潢業
83933788,昇光水電工程行,臺北市大同區歸綏街172號5樓,核准設立,室內裝潢業
38555922,丞勝工程行,臺北市中山區松江路185號6樓之2,核准設立,室內裝潢業
26343229,儀嘉室內裝修工作室,臺北市大安區?龍街195巷13號4樓,核准設立,室內裝潢業
26251065,巧工工程行,臺北市內湖區行善路37號8樓,核准設立,室內裝潢業
81763999,協億水電行,臺北市萬華區和平西路3段174之4號,核准設立,室內裝潢業
09744312,嘉舜工程行,臺北市萬華區西園路2段261巷22弄46號,核准設立,室內裝潢業
27164223,鋐發工程行,臺北市松山區健康路198號1樓,核准設立,室內裝潢業
31867098,芬布爾工作室,臺北市北投區石牌路1段71巷6號5樓之9,核准設立,室內裝潢業
38515149,見張工程行,臺北市信義區松山路249巷15號,核准設立,室內裝潢業
13848612,達霖行,臺北市士林區通河西街2段55號1樓,核准設立,室內裝潢業
99957173,萬立工程行,臺北市信義區松信路134號1樓,核准設立,室內裝潢業
30369050,予彤工程行,臺北市松山區寶清街5號,核准設立,室內裝潢業
31956388,冠宸國際企業社,臺北市士林區承德路4段198號3樓,核准設立,室內裝潢業
48790377,金穀工程行,臺北市大安區敦化南路1段200號5樓之15,核准設立,室內裝潢業
38473838,長和工程行,臺北市中山區長安東路1段27號9樓之1,核准設立,室內裝潢業
10305380,常弘工程行,臺北市中山區錦州街350號,核准設立,室內裝潢業
99417726,反向思惟創意整合體系工作室,臺北市士林區後港街16號1樓,核准設立,室內裝潢業
38567912,世瑋設計工作室,臺北市松山區南京東路5段202號6樓,核准設立,室內裝潢業
25502846,皓陽工程行,臺北市北投區中央北路4段138巷8號5樓,核准設立,室內裝潢業
25549954,正一企業社,臺北市萬華區艋舺大道242巷1號,核准設立,室內裝潢業
87766608,利強玻璃行,臺北市內湖區康樂街135號,核准設立,室內裝潢業
29220329,和興工程行,臺北市信義區松隆路167號10樓,核准設立,室內裝潢業
38578235,鋼傑企業社,臺北市文山區興隆路2段244巷37弄8號,核准設立,室內裝潢業
17090639,興曄工程行,臺北市信義區吳興街583巷159號1樓,核准設立,室內裝潢業
48751867,巧智裝潢行,臺北市文山區新光路1段77號,核准設立,室內裝潢業
14323282,喬登裝潢設計工程行,臺北市松山區八德路4段72巷12弄5號1樓,核准設立,室內裝潢業
48777331,丞祖工程行,臺北市中山區(南)中山北路1段83巷5號5樓之4,核准設立,室內裝潢業
98901551,崇億工程行,臺北市大同區南京西路360之2號3樓之4,核准設立,室內裝潢業
10314368,宏霖企業社,臺北市萬華區長泰街53號,核准設立,室內裝潢業
10336686,伍郁工程行,臺北市中山區復興南路1段36號2樓,核准設立,室內裝潢業
26371012,惠淳工程行,臺北市萬華區西昌街96號,核准設立,室內裝潢業
31859560,湧薪消防機電工程行,臺北市南港區研究院路2段218號5樓,核准設立,室內裝潢業
10332128,安敦企業工程行,臺北市松山區南京東路5段66巷3弄7號3樓,核准設立,室內裝潢業
14324493,奇亞家具行,臺北市文山區景興路195號10樓之1,核准設立,室內裝潢業
14741096,蘭桂洋行,臺北市大安區安和路2段171巷19號1樓,核准設立,室內裝潢業
38581040,宏奕工程行,臺北市大同區南京西路163號2樓之87,核准設立,室內裝潢業
38571937,順德企業行,臺北市信義區信義路6段53號1樓,核准設立,室內裝潢業
26254366,力興工程行,臺北市中正區中華路1段59號7樓,核准設立,室內裝潢業
38508082,勝群工程行,臺北市大同區鄭州路119號2樓之3,核准設立,室內裝潢業
26354153,商和企業社,臺北市松山區健康路418號1樓,核准設立,室內裝潢業
42270722,亞擇空間設計企業社,臺北市信義區忠孝東路5段1之8號5樓,核准設立,室內裝潢業
26219143,誠鴻興商行,臺北市士林區中山北路7段190巷26弄5號4樓,核准設立,室內裝潢業
31578421,萬薪企業社,臺北市大安區忠孝東路4段221號10樓,核准設立,室內裝潢業
38503609,瑞建工程行,臺北市萬華區昆明街46號7樓之47,核准設立,室內裝潢業
26510909,泳灃企業社,臺北市士林區葫蘆街130號1樓,核准設立,室內裝潢業
26224173,鋐泰工程行,臺北市文山區木新路2段224號4樓,核准設立,室內裝潢業
25660871,諾亞美地企業坊,臺北市北投區石牌路1段166巷100號3樓,核准設立,室內裝潢業
48766799,昱融工程企業行,臺北市中正區忠孝東路2段120號4樓,核准設立,室內裝潢業
26368023,銳訊工程行,臺北市南港區重陽路190巷6弄14號3樓,核准設立,室內裝潢業
25560227,一二一企業社,臺北市萬華區興寧街66巷2號1樓,核准設立,室內裝潢業
31879101,富鈺裝潢工程行,臺北市南港區舊莊街1段212巷6號,核准設立,室內裝潢業
48822808,一成工程行,臺北市大同區保安街49巷24號,核准設立,室內裝潢業
48967584,柏帝工程行,臺北市文山區興隆路3段32號,核准設立,室內裝潢業
81683898,鎰泉工程行,臺北市北投區光明路167號4樓之1,核准設立,室內裝潢業
26342848,杭特設計工作室,臺北市文山區景興路153巷35號,核准設立,室內裝潢業
31880347,恆昌工程行,臺北市北投區大屯路光華四巷13號2樓,核准設立,室內裝潢業
31848327,五峰石藝社,臺北市大同區南京西路185巷7號3樓之12,核准設立,室內裝潢業
09892087,開源地板工程行,臺北市中正區金山南路1段97號,核准設立,室內裝潢業
48724601,明境企業社,臺北市中山區敬業三路123號10樓之7,核准設立,室內裝潢業
25552628,金源工程行,臺北市北投區中央北路4段358號2樓,核准設立,室內裝潢業
48827331,台北行家工作室,臺北市中山區民生東路3段36號6樓之4,核准設立,室內裝潢業
26223929,茂榮工程行,臺北市北投區中和街274號2樓,核准設立,室內裝潢業
81750299,鑫旺電器行,臺北市北投區致遠一路1段118號1樓,核准設立,室內裝潢業
30293860,富昇工程行,臺北市士林區通河西街2段146號3樓,核准設立,室內裝潢業
26358828,柏翔室內裝潢工作室,臺北市中正區羅斯福路3段100號8樓之16,核准設立,室內裝潢業
15668754,振加企業行,臺北市中山區長安東路2段75號1樓,核准設立,室內裝潢業
31865943,竣澤工程行,臺北市中山區敬業三路162巷210號4樓,核准設立,室內裝潢業
10358766,邦門國際設計工作室,臺北市大同區南京西路18巷6弄8之2號,核准設立,室內裝潢業
42269627,泰泓工程行,臺北市南港區市民大道7段26號2樓,核准設立,室內裝潢業
21725607,鴻運企業社,臺北市士林區承德路4段12巷9號4樓,核准設立,室內裝潢業
26226806,健佑工程行,臺北市信義區永吉路278巷37弄20號1樓,核准設立,室內裝潢業
26249717,谷豐企業社,臺北市士林區延平北路6段116巷10號,核准設立,室內裝潢業
38502361,政龍毅工程行,臺北市大安區羅斯福路2段79號5樓之6,核准設立,室內裝潢業
48939814,佑凱企業社,臺北市中山區民權西路20號3樓之6,核准設立,室內裝潢業
01711767,明泉水電工程行,臺北市文山區指南路3段29號1樓,核准設立,室內裝潢業
21717043,尚洪企業社,臺北市松山區延壽街330巷7弄22號1樓,核准設立,室內裝潢業
25668959,及佳企業社,臺北市大安區仁愛路4段29之2號7樓,核准設立,室內裝潢業
26251939,言月設計,臺北市信義區信義路5段150巷335弄10號4樓,核准設立,室內裝潢業
25666930,瑞億工程行,臺北市萬華區忠孝西路2段38號9樓之6,核准設立,室內裝潢業
21762341,大都會工程行,臺北市萬華區中華路2段150巷15號1樓,核准設立,室內裝潢業
25668888,鴻展企業社,臺北市信義區忠孝東路5段735號1樓,核准設立,室內裝潢業
26221210,日昇工程行,臺北市南港區研究院路2段7之5號4樓,核准設立,室內裝潢業
25545303,神威企業社,臺北市萬華區西園路2段261巷12弄25號4樓,核准設立,室內裝潢業
48979147,源順工程行,臺北市大同區民族西路76巷12弄8號,核准設立,室內裝潢業
38496712,雄爺工程行,臺北市北投區文林北路53巷32號,核准設立,室內裝潢業
21710273,宏詰帆布裝潢行,臺北市中正區汀州路1段93號1樓,核准設立,室內裝潢業
26231527,元方工程行,臺北市北投區中正街3號2樓,核准設立,室內裝潢業
48886921,康立工程行,臺北市大安區忠孝東路4段97號地下1樓之9,核准設立,室內裝潢業
18096479,恆憶家飾企業社,臺北市北投區明德路267巷11之1號1樓,核准設立,室內裝潢業
31873893,謝宜靜設計工作室,臺北市中山區樂群二路182號4樓,核准設立,室內裝潢業
38567785,順茂企業社,臺北市中山區南京東路1段34號7樓,核准設立,室內裝潢業
26367798,建福企業社,臺北市大安區臥龍街188巷13號,核准設立,室內裝潢業
31850792,卡德萊室內裝潢行,臺北市文山區木新路3段310巷12弄7號1樓,核准設立,室內裝潢業
26374643,昇照工程行,臺北市內湖區內湖路3段306號,核准設立,室內裝潢業
26211867,添和室內設計裝潢工程行,臺北市文山區羅斯福路6段147號,核准設立,室內裝潢業
31953517,金鴻殿堂,臺北市中正區金山南路1段67巷11號,核准設立,室內裝潢業
99961275,蓮成企業社,臺北市內湖區金龍路149號1樓,核准設立,室內裝潢業
25556841,華亞商行,臺北市內湖區內湖路2段309號,核准設立,室內裝潢業
31856557,銘輝鋁門窗行,臺北市南港區東新街6號,核准設立,室內裝潢業
42269703,名佳企業社,臺北市文山區羅斯福路5段93號3樓,核准設立,室內裝潢業
99987021,永裕昌鋁門窗工程行,臺北市文山區木新路3段310巷12弄15號1樓,核准設立,室內裝潢業
48896218,宏富工程行,臺北市文山區木新路2段265號3樓,核准設立,室內裝潢業
25583919,吉利玻璃行,臺北市信義區吳興街113之8號,核准設立,室內裝潢業
30291693,謹安工程行,臺北市內湖區內湖路3段60巷8弄12號(1樓),核准設立,室內裝潢業
37880772,源質室內設計工作室,臺北市中山區新生北路1段98號,核准設立,室內裝潢業
26344120,巨展行銷企業社,臺北市內湖區麗山街68巷4號3樓,核准設立,室內裝潢業
15646513,唐?企業社,臺北市士林區中山北路7段141巷15號2樓,核准設立,室內裝潢業
13903966,天雅藝術館,臺北市信義區松德路65號11樓之2,核准設立,室內裝潢業
48769108,合鑫工程行,臺北市內湖區康寧路3段16巷130號,核准設立,室內裝潢業
17768054,旭昌燈飾社,臺北市士林區社中街272號1樓,核准設立,室內裝潢業
29205468,家藝裝璜工程行,臺北市文山區興隆路4段102號,核准設立,室內裝潢業
25535591,佳榆企業社,臺北市大安區羅斯福路2段93號16樓之5,核准設立,室內裝潢業
48717735,永力工程行,臺北市萬華區長泰街135號1樓,核准設立,室內裝潢業
31880846,吉祥富貴堂,臺北市松山區南京東路4段77號9樓,核准設立,室內裝潢業
26371694,益州國際企業社,臺北市松山區八德路3段210號11樓,核准設立,室內裝潢業
31871348,威竑工程行,臺北市內湖區安康路434巷36號5樓,核准設立,室內裝潢業
26342262,元宏工程行,臺北市士林區中山北路6段441巷21號,核准設立,室內裝潢業
99422925,北欣砂石企業行,臺北市士林區中正路601號7樓之2,核准設立,室內裝潢業
25555245,品樺工程行,臺北市南港區昆陽街156之1號,核准設立,室內裝潢業
25552346,金品工程行,臺北市大同區興城街35號,核准設立,室內裝潢業
17076003,尚島工程行,臺北市萬華區武成街63巷12弄5號3樓,核准設立,室內裝潢業
26231982,力豪工程行,臺北市北投區新市街24巷51之1號3樓,核准設立,室內裝潢業
48907685,禾協企業行,臺北市中山區吉林路333號1樓,核准設立,室內裝潢業
31950504,冠和工程行,臺北市大安區信義路4段24號5樓之2,核准設立,室內裝潢業
73793886,瑞宮企業社,臺北市內湖區成功路4段207號1樓,核准設立,室內裝潢業
81652488,妙音佛教文物流通社,臺北市內湖區成功路4段298號,核准設立,室內裝潢業
25558897,鑫固防水工程行,臺北市文山區景興路137巷7號,核准設立,室內裝潢業
48856166,和泰五金行,臺北市南港區南港路2段258號,核准設立,室內裝潢業
25539055,正三企業社,臺北市南港區東明街73號1樓,核准設立,室內裝潢業
26353387,立佳工程行,臺北市內湖區康樂街136巷18弄50號3樓,核准設立,室內裝潢業
26373428,從聖裝潢工程行,臺北市內湖區內湖路3段60巷12弄2號3樓,核准設立,室內裝潢業
48812180,誠安工程行,臺北市文山區福興路93號2樓,核准設立,室內裝潢業
49984294,創薪工程行,臺北市信義區光復南路447之2號4樓之5,核准設立,室內裝潢業
38499529,工舍工程行,臺北市內湖區康樂街300號,核准設立,室內裝潢業
38561282,富宥企業社,臺北市內湖區東湖路113巷52號3樓,核准設立,室內裝潢業
31865423,建明裝潢行,臺北市信義區虎林街185號,核准設立,室內裝潢業
25549477,玖益油漆工程行,臺北市文山區興隆路4段66巷8號4樓,核准設立,室內裝潢業
25572434,雅仕生活工作室,臺北市北投區杏林二路57號3樓,核准設立,室內裝潢業
25517735,臻鑫設計工房,臺北市中山區松江路362巷64號,核准設立,室內裝潢業
09941616,三印企業社,臺北市松山區饒河街153號4樓,核准設立,室內裝潢業
29630007,花盛發商號,臺北市士林區大北路73號1樓,核准設立,室內裝潢業
25577944,崴鴻科技企業社,臺北市文山區興隆路2段220巷65弄31之2號,核准設立,室內裝潢業
48991347,億潔企業社,臺北市中山區民權西路20號3樓之8,核准設立,室內裝潢業
26353627,世誠泥作工作室,臺北市文山區辛亥路4段222巷3號,核准設立,室內裝潢業
13453666,賞悅園藝工程行,臺北市大同區民族西路187巷17號1樓,核准設立,室內裝潢業
25571287,大正室內裝修工程行,臺北市萬華區環河南路1段139號1樓,核准設立,室內裝潢業
31871430,至卉裝潢行,臺北市文山區萬隆街29巷5號1樓,核准設立,室內裝潢業
48725783,亞帝工程行,臺北市中山區建國北路3段113巷19弄13號,核准設立,室內裝潢業
38570141,肆壹壹影像工作室,臺北市大安區信義路2段72號地下,核准設立,室內裝潢業
17448911,九太企業社,臺北市大安區忠孝東路4段148號12樓之3,核准設立,室內裝潢業
48854759,新建工程行,臺北市北投區大業路388號1樓,核准設立,室內裝潢業
26213154,摩莉烘焙屋,臺北市松山區民生東路4段56巷1弄7號,核准設立,室內裝潢業
48558862,知知工作室,臺北市中正區臨沂街6之1號3樓,核准設立,室內裝潢業
25576419,霖葳工程行,臺北市士林區永公路520號,核准設立,室內裝潢業
25543255,登豐企業社,臺北市北投區吉利街197號5樓,核准設立,室內裝潢業
31951530,上易磁磚工程行,臺北市北投區中和街20巷20號,核准設立,室內裝潢業
38473106,田木設計工作室,臺北市中山區南京東路1段8號4樓,核准設立,室內裝潢業
26247470,昇陽工程行,臺北市文山區興隆路4段29巷4弄10號3樓,核准設立,室內裝潢業
10332268,富明企業社,臺北市士林區延平北路5段163巷13號,核准設立,室內裝潢業
10315129,僑祥裝潢行,臺北市士林區文昌路271號,核准設立,室內裝潢業
38499703,范姜明道工作室,臺北市信義區菸廠路88號4樓,核准設立,室內裝潢業
26372618,弘舍家事工程行,臺北市中山區新生北路2段127巷34之1號,核准設立,室內裝潢業
26251537,加菲工程行,臺北市信義區莊敬路289巷8弄30號3樓,核准設立,室內裝潢業
10391408,永龍室內裝修工程行,臺北市信義區永吉路278巷37弄29號,核准設立,室內裝潢業
25673138,順煒機械工程行,臺北市內湖區安泰街129巷1之1號,核准設立,室內裝潢業
26222816,超順工程行,臺北市大同區蘭州街97號,核准設立,室內裝潢業
31863591,欣億工程行,臺北市中山區北安路608巷18號3樓,核准設立,室內裝潢業
14331895,瑞森企業社,臺北市中正區懷寧街62號6樓之5,核准設立,室內裝潢業
42270482,華龍企業社,臺北市萬華區環河南路2段130巷6弄16號,核准設立,室內裝潢業
01096947,加彰工程行,臺北市北投區稻香路155號,核准設立,室內裝潢業
26365996,勝霖工程行,臺北市中山區南京東路2段20號3樓,核准設立,室內裝潢業
14723962,三格家具行,臺北市內湖區民權東路6段180巷42弄8號,核准設立,室內裝潢業
26353719,一應設計工坊,臺北市信義區中興里基隆路1段400號8樓之1,核准設立,室內裝潢業
48669972,富成工程行,臺北市北投區中央北路2段295號1樓,核准設立,室內裝潢業
38499957,頂尖環保工程行,臺北市萬華區環河南路3段257號1樓,核准設立,室內裝潢業
25669140,正得欣工程行,臺北市北投區紗帽路66之2號,核准設立,室內裝潢業
81637543,康鑫起重工程行,臺北市南港區研究院路3段86巷27弄1號1樓,核准設立,室內裝潢業
42269892,千岳工程行,臺北市萬華區萬青街195號2樓,核准設立,室內裝潢業
38567814,鴻廣新工程行,臺北市大同區南京西路163號2樓之6,核准設立,室內裝潢業
81755294,文華帆布裝璜企業社,臺北市內湖區康寧路3段165巷23弄11號1樓,核准設立,室內裝潢業
38581484,廣錩工程行,臺北市中正區臺北市中正區八德路1段46號9樓,核准設立,室內裝潢業
38510897,三邑企業社,臺北市大同區延平北路3段104巷3之3號5樓,核准設立,室內裝潢業
26228184,唐驛土木工程行,臺北市士林區和豐街8號,核准設立,室內裝潢業
25581573,驊冠空間設計工作室,臺北市文山區木新路2段111巷6弄3號,核准設立,室內裝潢業
38555319,飛翔裝潢工程行,臺北市信義區忠孝東路5段1之8號12樓,核准設立,室內裝潢業
48694769,淞麗行,臺北市大同區南京西路394號1樓,核准設立,室內裝潢業
99981075,東英工程行,臺北市大同區承德路3段273號,核准設立,室內裝潢業
38513368,金董工程行,臺北市信義區吳興街336巷12號2樓,核准設立,室內裝潢業
31847565,三民工程行,臺北市松山區三民路180巷54號1樓,核准設立,室內裝潢業
31864542,國王資訊工程實業社,臺北市萬華區萬大路139號1樓,核准設立,室內裝潢業
38562487,華山裝璜修繕工程行,臺北市大安區忠孝東路4段206之1號4樓,核准設立,室內裝潢業
01128271,階得建材商行,臺北市大同區民生西路425之3號1樓,核准設立,室內裝潢業
21720461,富樂商行,臺北市大安區信義路2段230號8樓之2,核准設立,室內裝潢業
48830808,正程工程行,臺北市內湖區港墘路75號,核准設立,室內裝潢業
31851321,蒲浩明雕塑工作室,臺北市中正區忠孝西路1段50號24樓之11,核准設立,室內裝潢業
17741582,鴻誠工程行,臺北市中正區三元街156號4樓,核准設立,室內裝潢業
26363033,銘駿工程行,臺北市內湖區文德路22巷62弄3號3樓,核准設立,室內裝潢業
18388145,暐柏企業社,臺北市士林區後港街134巷40號1樓,核准設立,室內裝潢業
26214105,瓏宸裝璜工程行,臺北市萬華區萬大路486巷46弄32號2樓,核准設立,室內裝潢業
26238731,朋友工作室,臺北市文山區福興路78巷20弄13號2樓,核准設立,室內裝潢業
17765325,角落傢飾商行,臺北市大安區敦化南路1段164號1樓,核准設立,室內裝潢業
83937047,築景工作室,臺北市大安區敦化南路2段46號11樓之4,核准設立,室內裝潢業
48756119,佑達欣工程行,臺北市中山區中山北路2段59巷27號,核准設立,室內裝潢業
26337492,房子的問題工作室,臺北市松山區健康路442號,核准設立,室內裝潢業
10317816,日邑工程行,臺北市信義區林口街24巷31號,核准設立,室內裝潢業
38556703,力可空間設計實業社,臺北市大同區承德路3段90巷18號4樓,核准設立,室內裝潢業
14345173,順源企業社,臺北市大同區重慶北路3段31之1號1樓,核准設立,室內裝潢業
83914966,勝利工程行,臺北市大同區南京西路346號12樓,核准設立,室內裝潢業
48843563,朗璟設計工程工作室,臺北市中山區松江路283號5樓,核准設立,室內裝潢業
38579425,亦翔工程行,臺北市北投區中央北路4段456巷2號,核准設立,室內裝潢業
48677023,快可立工程行,臺北市中山區長安東路2段20號1樓,核准設立,室內裝潢業
99993136,魔椅商行,臺北市大安區青田街1巷6號,核准設立,室內裝潢業
38567146,亞舍清潔工程企業社,臺北市北投區東華街2段260號,核准設立,室內裝潢業
26212850,迷你工程行,臺北市信義區基隆路1段35巷7弄10號1樓,核准設立,室內裝潢業
10344742,晶石石材坊,臺北市大同區昌吉街61巷9弄34號2樓之1,核准設立,室內裝潢業
26364791,永峻工程行,臺北市萬華區成都路35之1號,核准設立,室內裝潢業
48852204,晞臘室內裝修設計工作室,臺北市內湖區陽光街92巷24弄17號,核准設立,室內裝潢業
31871754,呈合工程行,臺北市中山區南京東路2段20號11樓之5,核准設立,室內裝潢業
13826429,多友創意企業社,臺北市中山區北安路773號1樓,核准設立,室內裝潢業
26367208,璽悅設計工作室,臺北市北投區行義路130巷6之2號5樓,核准設立,室內裝潢業
31854376,祐瑛商行,臺北市松山區民生東路5段153號之3,核准設立,室內裝潢業
38473485,利達工程行,臺北市北投區中央北路3段40巷38號4樓,核准設立,室內裝潢業
13440179,銘源工程行,臺北市文山區興隆路1段291號4樓,核准設立,室內裝潢業
99969184,京泓國際室內裝修設計工作室,臺北市大同區南京西路103號4樓之6,核准設立,室內裝潢業
18462910,駿羿工程行,臺北市南港區市民大道7段26號2樓,核准設立,室內裝潢業
15631835,元群裝璜工程行,臺北市大同區重慶北路3段257巷17號1樓,核准設立,室內裝潢業
31580171,鑫采工程行,臺北市萬華區昆明街201巷8號1樓,核准設立,室內裝潢業
38581323,中隆企業社,臺北市大安區新生南路3段2號10樓,核准設立,室內裝潢業
78413800,大地工程行,臺北市中山區中山北路2段128巷3之3號(1樓),核准設立,室內裝潢業
48750641,筑霖企業社,臺北市文山區興隆路3段207巷16弄10號,核准設立,室內裝潢業
18086205,漢昇藝術畫廊,臺北市萬華區和平西路2段172號,核准設立,室內裝潢業
29200870,世紀企業社,臺北市中正區漢口街1段31號4樓,核准設立,室內裝潢業
17742554,全球地板工程行,臺北市北投區石牌路1段166巷36號5樓,核准設立,室內裝潢業
29220432,金木工程行,臺北市南港區重陽路140號1樓,核准設立,室內裝潢業
31952904,泰昌工程行,臺北市松山區八德路4段795號9樓之1,核准設立,室內裝潢業
31843370,明玄工程行,臺北市信義區吳興街284巷15之7號3樓,核准設立,室內裝潢業
30312000,瑞奧空間設計工作室,臺北市中山區中山北路3段27號6樓之2,核准設立,室內裝潢業
25671791,三昊工程行,臺北市大安區瑞安街208巷11弄3號,核准設立,室內裝潢業
38496706,湧盛水電工程行,臺北市中山區南京東路3段189號4樓,核准設立,室內裝潢業
13838332,非常深藍藝術工作室,臺北市內湖區內湖路2段458號1樓,核准設立,室內裝潢業
25549856,富盛工程行,臺北市士林區芝玉路2段87號5樓,核准設立,室內裝潢業
31866443,橙語空間設計工作室,臺北市大安區忠孝東路4段303號9樓,核准設立,室內裝潢業
13366733,奉的室內空間設計工作室,臺北市松山區南京東路4段170號5樓,核准設立,室內裝潢業
10344237,和喬企業社,臺北市南港區新民街73號,核准設立,室內裝潢業
99336800,廣仁企業社,臺北市松山區塔悠路215號,核准設立,室內裝潢業
38577735,上譽工程行,臺北市中山區吉林路199巷17號2樓,核准設立,室內裝潢業
25576065,方映室內設計工作室,臺北市內湖區大湖山莊街202巷19號,核准設立,室內裝潢業
31865606,大印裝潢工程行,臺北市北投區懷德街14巷9號1樓,核准設立,室內裝潢業
21740754,久保家具材料行,臺北市士林區永平街80巷39號1樓,核准設立,室內裝潢業
26243903,鑫澤工程行,臺北市萬華區大理街143號4樓,核准設立,室內裝潢業
81642264,御琳堂室內裝修設計工程行,臺北市中山區民權東路3段75巷2弄3號2樓,核准設立,室內裝潢業
26240069,東盟石材行,臺北市南港區興中路28巷28號18樓之2,核准設立,室內裝潢業
38559342,樺森工程行,臺北市萬華區艋舺大道59號3樓,核准設立,室內裝潢業
38568601,家識清潔社,臺北市中山區民權東路2段146號3樓,核准設立,室內裝潢業
48997686,昱昇工程行,臺北市北投區大業路294之1號4樓,核准設立,室內裝潢業
38507555,九玖工程行,臺北市士林區貴富街17號,核准設立,室內裝潢業
38559244,群鋒工程行,臺北市內湖區新明路422之3號2樓,核准設立,室內裝潢業
17765129,高喜室內裝修工作室,臺北市內湖區大湖山莊街190號2樓之7,核准設立,室內裝潢業
26346400,佳嘉工程行,臺北市大安區敦化南路2段46號12樓之11,核准設立,室內裝潢業
10061785,皕s企業社,臺北市內湖區康寧路1段170號1樓,核准設立,室內裝潢業
38566688,創建企業社,臺北市北投區西安街1段281巷19號4樓,核准設立,室內裝潢業
17529527,亦安工程行,臺北市北投區西安街1段323號1樓,核准設立,室內裝潢業
19526531,三鐵企業社,臺北市文山區木新路3段172巷2弄7號2樓,核准設立,室內裝潢業
26234550,澤豐室內裝潢工程行,臺北市內湖區康樂街204之1號,核准設立,室內裝潢業
26342381,化成企業行,臺北市北投區吉利街95號2樓,核准設立,室內裝潢業
26370421,鎮興企業社,臺北市大同區重慶北路3段252巷7弄11號2樓,核准設立,室內裝潢業
25540314,艾柏特顧問工作室,臺北市北投區公館路306巷12號5樓,核准設立,室內裝潢業
31948557,大象工程行,臺北市萬華區華西街1號(2樓),核准設立,室內裝潢業
48936350,豐盛工程行,臺北市大同區大龍街45號,核准設立,室內裝潢業
48931192,亦思工程行,臺北市內湖區安泰街67巷1號,核准設立,室內裝潢業
26244207,壹伍柒工程行,臺北市萬華區昆明街46號7樓之47,核准設立,室內裝潢業
42269605,宏隆室內裝修工程行,臺北市信義區福德街251巷7弄40號1樓,核准設立,室內裝潢業
38556838,福迪工程行,臺北市中山區中山北路1段53巷12號3樓之6,核准設立,室內裝潢業
98116384,易城工程行,臺北市信義區基隆路1段155號8樓之8,核准設立,室內裝潢業
26525918,昕輝室內裝潢工程行,臺北市南港區忠孝東路7段615號,核准設立,室內裝潢業
13789509,京樸傢飾裝潢行,臺北市南港區忠孝東路6段157號,核准設立,室內裝潢業
31855993,宣美室內設計工作室,臺北市松山區撫遠街390巷28號1樓,核准設立,室內裝潢業
38569290,勁空間企業社,臺北市松山區三民路95巷26號,核准設立,室內裝潢業
77483258,鴻祥水電空調工程行,臺北市文山區木柵路2段109巷79號,核准設立,室內裝潢業
13465353,美天電機工程行,臺北市大同區民權西路136號7樓之11,核准設立,室內裝潢業
49959653,華宬工程行,臺北市信義區基隆路1段432號5樓,核准設立,室內裝潢業
78367355,高昇行,臺北市萬華區艋舺大道275巷13號2樓,核准設立,室內裝潢業
26141407,方森企業社,臺北市信義區永吉路200巷81弄1號1樓,核准設立,室內裝潢業
31860270,福輪企業社,臺北市士林區延平北路6段392巷6號9樓之8,核准設立,室內裝潢業
02363528,愷丞傢飾設計企業社,臺北市中山區復興北路488巷1號,核准設立,室內裝潢業
15646801,日欣裝潢工程行,臺北市內湖區安泰街129巷7號1樓,核准設立,室內裝潢業
48960436,品蘶企業社,臺北市南港區重陽路470號4樓之2,核准設立,室內裝潢業
26347169,廣勳企業社,臺北市北投區湖山路1段11巷2號,核准設立,室內裝潢業
14736235,印娣莉歐工程行,臺北市大安區忠孝東路4段46號10樓,核准設立,室內裝潢業
99358114,福德室內裝潢工程行,臺北市中山區中山北路2段65巷39號地下樓,核准設立,室內裝潢業
38573604,三鑫企業社,臺北市內湖區東湖路113巷95弄87號1樓,核准設立,室內裝潢業
48720725,亞美工程行,臺北市北投區雙全街62巷6號4樓,核准設立,室內裝潢業
04737278,大東裝潢行,臺北市松山區南京東路5段250巷2弄24號,核准設立,室內裝潢業
10302975,康祐裝潢設計工坊,臺北市大安區臨江街77號,核准設立,室內裝潢業
48851541,開煌工程行,臺北市大同區寧夏路96號,核准設立,室內裝潢業
31953116,新富工程行,臺北市萬華區成都106號7樓之1,核准設立,室內裝潢業
48908164,力建工程行,臺北市萬華區長順街7號4樓,核准設立,室內裝潢業
25502135,萬方工程行,臺北市文山區興德路27號1樓,核准設立,室內裝潢業
26337774,莉琪兒精品店,臺北市大同區太原路61號,核准設立,室內裝潢業
26240151,富?工程行,臺北市北投區致遠二路11號2樓,核准設立,室內裝潢業
21701909,自由之丘設計工作室,臺北市萬華區萬大路237巷10弄51號1樓,核准設立,室內裝潢業
26370415,世程工程行,臺北市中山區民權東路3段57號3樓,核准設立,室內裝潢業
26138661,築居工程行,臺北市南港區玉成街134號2樓,核准設立,室內裝潢業
25583679,龍翔環保工程實業社,臺北市南港區忠孝東路6段211號2樓,核准設立,室內裝潢業
38573914,哈克小宇設計工作室,臺北市大同區承德路1段24巷22號,核准設立,室內裝潢業
38499078,芫泰工程行,臺北市中山區南京東路1段34號7樓,核准設立,室內裝潢業
10344399,佐齊峰裝潢整合工程行,臺北市北投區中央北路2段95巷1弄21號1樓,核准設立,室內裝潢業
48691480,聖凱水電工程行,臺北市內湖區文德路220巷5弄13號1樓,核准設立,室內裝潢業
29238123,敏瑋企業社,臺北市中山區北安路670巷9號1樓,核准設立,室內裝潢業
81548471,達維室內設計工作室,臺北市士林區中山北路7段190巷20號2樓,核准設立,室內裝潢業
26207569,圓融工程行,臺北市南港區舊莊街1段44號,核准設立,室內裝潢業
01610091,寶潔企業社,臺北市中正區忠孝東路2段134巷3號,核准設立,室內裝潢業
21757213,淼鑫工程行,臺北市北投區大興街84號1樓,核准設立,室內裝潢業
38505711,奕明工程行,臺北市中山區民權東路1段38巷3號,核准設立,室內裝潢業
38560517,尚順國際工程行,臺北市大同區重慶北路3段252巷7弄12號2樓,核准設立,室內裝潢業
38557647,極力企業社,臺北市大同區華陰街227巷7號,核准設立,室內裝潢業
13450746,鈺達水電冷氣材料行,臺北市士林區延平北路6段116巷15弄7號1樓,核准設立,室內裝潢業
26352296,睿榮工程行,臺北市大安區忠孝東路4段2號8樓之9,核准設立,室內裝潢業
38555465,凱昱窗簾商行,臺北市松山區三民路136巷10號1樓,核准設立,室內裝潢業
25668901,磐石工作室,臺北市中山區北安路841巷14號,核准設立,室內裝潢業
38506562,景豪工程行,臺北市中山區龍江路209巷26號,核准設立,室內裝潢業
14739872,育承企業社,臺北市北投區大業路402號1樓,核准設立,室內裝潢業
38567455,全億工程行,臺北市信義區松山路256號8樓,核准設立,室內裝潢業
26254859,科炬裝潢工程行,臺北市萬華區萬大路171號5樓,核准設立,室內裝潢業
26235050,記得商行,臺北市中山區大直街106號1樓,核准設立,室內裝潢業
48701430,傑捷工程行,臺北市松山區撫遠街400巷70號1樓,核准設立,室內裝潢業
13859201,左岸空間設計工作室,臺北市大安區忠孝東路3段303號4樓之2,核准設立,室內裝潢業
10345377,詠順工程行,臺北市士林區延平北路6段30號,核准設立,室內裝潢業
12123180,吉聲電器行,臺北市內湖區民權東路6段136巷44號,核准設立,室內裝潢業
31955542,祖金工程行,臺北市大安區信義路3段109之7號10樓之2,核准設立,室內裝潢業
48980101,上禾工程行,臺北市信義區永吉路278巷19號,核准設立,室內裝潢業
25560486,明川工程行,臺北市大同區長安西路97號,核准設立,室內裝潢業
26374600,開安工程行,臺北市內湖區成功路4段61巷25弄1號,核准設立,室內裝潢業
48927036,順發園藝企業社,臺北市文山區景後街95號4樓之4,核准設立,室內裝潢業
48822912,宥清企業社,臺北市內湖區文德路210巷30弄76號1樓,核准設立,室內裝潢業
25550591,廣奕土木包工業,臺北市內湖區康樂街125巷8之1號,核准設立,室內裝潢業
38563367,益源工程行,臺北市文山區興隆路3段36巷4號1樓,核准設立,室內裝潢業
29213024,聯宏工程行,臺北市大安區光復南路672號2樓,核准設立,室內裝潢業
17541281,新異工程行,臺北市松山區寶清街45號3樓,核准設立,室內裝潢業
31965372,華義工程行,臺北市松山區南京東路5段47號12樓,核准設立,室內裝潢業
31863641,宅修繕工程行,臺北市大同區萬全街11號1樓,核准設立,室內裝潢業
26251656,睆茪u程行,臺北市大安區信義路3段105號2樓之9,核准設立,室內裝潢業
30277685,宥憬工程行,臺北市中山區林森北路575號7樓之18,核准設立,室內裝潢業
38580534,東金工程行,臺北市中山區南京東路1段34號7樓,核准設立,室內裝潢業
48751917,世鼎企業社,臺北市大安區忠孝東路4段325號12樓之1,核准設立,室內裝潢業
38498747,元坤模板工程行,臺北市內湖區葫洲里民權東路6段296巷60號(1樓),核准設立,室內裝潢業
38553558,希緹窗簾工程行,臺北市中正區汀州路2段194號,核准設立,室內裝潢業
48958213,壹零壹地板商行,臺北市南港區福德街310巷27號,核准設立,室內裝潢業
04799344,立豐鋼鐵店,臺北市內湖區內湖路1段625號,核准設立,室內裝潢業
31861778,基米實業社,臺北市內湖區內湖路3段143巷10號,核准設立,室內裝潢業
31848190,元發工程行,臺北市中山區民生東路3段9巷23號,核准設立,室內裝潢業
38471851,建峰企業社,臺北市松山區南京東路4段197號9樓之１,核准設立,室內裝潢業
78054706,晟功工程行,臺北市文山區新光路1段151號1樓,核准設立,室內裝潢業
18413735,宏勝企業社,臺北市中山區安東街3之1號1樓,核准設立,室內裝潢業
26249033,當代富邦企業社,臺北市中山區中山北路1段96巷24號4樓,核准設立,室內裝潢業
80981201,尚揚室內裝修設計工作室,臺北市內湖區民權東路6段90巷31弄4號,核准設立,室內裝潢業
31850688,英展工程行,臺北市北投區尊賢街259號3樓,核准設立,室內裝潢業
17267354,黃記造象館,臺北市松山區光復南路32巷13號,核准設立,室內裝潢業
73904623,世豐裝潢工程行,臺北市內湖區康寧路3段56巷53號1樓,核准設立,室內裝潢業
48762317,美景工房,臺北市中山區雙城街18巷12號1樓,核准設立,室內裝潢業
26370415,世程工程行,臺北市中山區民權東路3段57號3樓,核准設立,室內裝潢業
38578283,艾森工程行,臺北市萬華區國興路68號5樓,核准設立,室內裝潢業
38512712,冠宏水電工程行,臺北市士林區中山北路6段435號3樓,核准設立,室內裝潢業
18402131,堅泓工程行,臺北市萬華區西藏路182號2樓,核准設立,室內裝潢業
14324162,萬甲房屋仲介商行,臺北市萬華區寶興街59號,核准設立,室內裝潢業
83945877,台詮工程行,臺北市中正區汀州路1段254號,核准設立,室內裝潢業
30362057,泳信工程行,臺北市北投區中和街502巷8弄11之1號1樓,核准設立,室內裝潢業
26219495,國政企業社,臺北市士林區社子街125巷22號1樓,核准設立,室內裝潢業
38575292,華麗空間設計社,臺北市松山區民生東路5段204號2樓之2,核准設立,室內裝潢業
25548033,奇逸空間設計工作室,臺北市士林區大南路23號,核准設立,室內裝潢業
07624522,新合發鐵架工藝社,臺北市大同區西寧北路17號1樓,核准設立,室內裝潢業
31864347,仁源工程行,臺北市中山區南京東路3段189號10樓,核准設立,室內裝潢業
26367690,瑞遠工程行,臺北市文山區辛亥路7段15號,核准設立,室內裝潢業
25666875,壁簾天窗簾設計坊,臺北市南港區南港路1段204號(1樓),核准設立,室內裝潢業
38495544,勗立工程行,臺北市文山區木柵路2段109巷100弄46號16樓,核准設立,室內裝潢業
31853377,王牌實業社,臺北市內湖區內湖路1段91巷6號5樓,核准設立,室內裝潢業
26337970,復雍工程企業社,臺北市北投區石牌路2段130巷4號1樓,核准設立,室內裝潢業
38553369,祥升國際企業社,臺北市信義區福德街51巷11之1號1樓,核准設立,室內裝潢業
38556598,僑通實業社,臺北市內湖區金湖路46巷6弄10號4樓,核准設立,室內裝潢業
80982341,億世代工程企業行,臺北市文山區集英街13號,核准設立,室內裝潢業
48922813,富鼎雅居數位櫥櫃工程行,臺北市文山區羅斯福路5段218巷23號,核准設立,室內裝潢業
78413800,大地工程行,臺北市中山區中山北路2段128巷3之3號(1樓),核准設立,室內裝潢業
38470311,日正工程行,臺北市大同區承德路3段143巷6號3樓,核准設立,室內裝潢業
83920003,冠富廚衛裝璜行,臺北市北投區承德路7段106巷5號2樓,核准設立,室內裝潢業
38560679,貫益工程行,臺北市中山區錦州街46號9樓之1,核准設立,室內裝潢業
42271004,正展建材行,臺北市大同區華陰街167號1樓,核准設立,室內裝潢業
98684415,勇聖企業社,臺北市中正區忠孝西路1段41號7樓之13,核准設立,室內裝潢業
26248359,鼎興行,臺北市文山區羅斯福路5段95號2樓,核准設立,室內裝潢業
76759593,星沙齋商行,臺北市文山區木新路3段310巷12弄12號4樓,核准設立,室內裝潢業
94900779,友誠工程行,臺北市內湖區港華街30號2樓,核准設立,室內裝潢業
38557885,樺立石材企業社,臺北市內湖區洲子街183號2樓,核准設立,室內裝潢業
38566266,盛宏油漆工程行,臺北市士林區士商路60巷3號3樓,核准設立,室內裝潢業
38505607,宇鈦企業社,臺北市萬華區東園街28巷30號,核准設立,室內裝潢業
48843986,佳英企業社,臺北市萬華區長沙街2段180號,核准設立,室內裝潢業
31961740,廣泉工程行,臺北市北投區實踐街82巷14號4樓,核准設立,室內裝潢業
38500336,吉連興工程行,臺北市萬華區東園街28巷30號,核准設立,室內裝潢業
31948389,葉記工程行,臺北市內湖區港墘路82巷7弄19號5樓,核准設立,室內裝潢業
98897374,宇勝工程行,臺北市中山區龍江路63之1號,核准設立,室內裝潢業
38575770,呈祥工程行,臺北市中正區中華路1段59號7樓,核准設立,室內裝潢業
38497374,駿源工程行,臺北市北投區光明路100巷4弄8號6樓,核准設立,室內裝潢業
48857257,大成工程行,臺北市中山區長春路2號,核准設立,室內裝潢業
27195247,永吉工程行,臺北市萬華區萬青街159號5樓,核准設立,室內裝潢業
13452667,大任實業社,臺北市信義區莊敬路344號1樓,核准設立,室內裝潢業
31966463,金平工程行,臺北市內湖區成功路2段250巷12弄3號4樓,核准設立,室內裝潢業
26254056,彩虹環保企業社,臺北市信義區松山路541巷14弄6號,核准設立,室內裝潢業
25577607,昇鴻廣告企業社,臺北市南港區南港路2段266號,核准設立,室內裝潢業
08668316,鴻祥室內裝潢工程行,臺北市內湖區港華街40號5樓,核准設立,室內裝潢業
17549565,弘勤裝潢工程行,臺北市北投區大業路402號1樓,核准設立,室內裝潢業
31482214,佑展機械工程行,臺北市文山區景隆路109號,核准設立,室內裝潢業
38577496,熊大創意工作室,臺北市中山區合江街188巷9號1樓,核准設立,室內裝潢業
38572979,晶鑫清潔社,臺北市北投區自強街31巷12號1樓,核准設立,室內裝潢業
38501671,盈鋒工程行,臺北市北投區實踐街82巷14號4樓,核准設立,室內裝潢業
26356883,利翔冷氣工程行,臺北市內湖區新明路451巷3號,核准設立,室內裝潢業
48842993,家和萬事興廚具行,臺北市內湖區成功路3段166號,核准設立,室內裝潢業
83920566,資優堂企業社,臺北市中正區延平南路195巷3號1樓,核准設立,室內裝潢業
98883272,靖思空間規劃工作室,臺北市中正區羅斯福路3段244巷12之1號3樓,核准設立,室內裝潢業
26248040,佐輔室內裝修,臺北市內湖區民權東路6段150之1號7樓之2,核准設立,室內裝潢業
01847758,祥捷電機行,臺北市士林區芝玉路1段197巷25弄12號1樓,核准設立,室內裝潢業
77165681,一一一安安裝潢工程行,臺北市萬華區西園路1段144號8樓,核准設立,室內裝潢業
25562055,弘達企業社,臺北市大安區信義路2段86巷4號2樓,核准設立,室內裝潢業
31262154,明山油漆行,臺北市士林區延平北路5段315號1樓,核准設立,室內裝潢業
38561190,水妖音樂工作室,臺北市大安區信義路4段25號8樓之2,核准設立,室內裝潢業
31844814,同鑫園清潔社,臺北市北投區大興街127號,核准設立,室內裝潢業
21725775,富來工程行,臺北市文山區辛亥路4段166巷17號1樓,核准設立,室內裝潢業
81691481,佑德土木包工業,臺北市信義區松仁路253巷9弄2號,核准設立,室內裝潢業
14316297,永安室內裝修工程行,臺北市南港區福德街310巷31號1樓,核准設立,室內裝潢業
26244678,亞柏企業社,臺北市松山區八德路4段212號,核准設立,室內裝潢業
38556204,中成企業社,臺北市內湖區成功路2段426巷33號,核准設立,室內裝潢業
10356423,聯偉企業社,臺北市士林區社中街231巷21號,核准設立,室內裝潢業
18399614,永晟工程行,臺北市中山區新生北路2段40號13樓之7,核准設立,室內裝潢業
48724996,元景工程行,臺北市北投區尊賢街249巷34號,核准設立,室內裝潢業
38457680,方構制作空間設計工作室,臺北市內湖區民權東路6段56巷31號,核准設立,室內裝潢業
42269611,永誠工程行,臺北市信義區忠孝東路5段1之8號5樓,核准設立,室內裝潢業
31966457,華奕工程行,臺北市信義區富陽街44巷2號1樓,核准設立,室內裝潢業
01497062,一仁企業社,臺北市中正區寧波西街216號,核准設立,室內裝潢業
38509673,銘御室內外設計工程行,臺北市北投區中央北路2段237巷33號2樓,核准設立,室內裝潢業
17051214,聯昇工程行,臺北市萬華區艋舺大道394號,核准設立,室內裝潢業
48900199,禾幸工程行,臺北市大安區和平東路3段258號7樓之3,核准設立,室內裝潢業
66995582,豪華水電行,臺北市大同區南京西路452號4樓,核准設立,室內裝潢業
98902881,元翔工程行,臺北市北投區東華街1段540號3樓,核准設立,室內裝潢業
26248225,冠理工程行,臺北市信義區吳興街583巷149號,核准設立,室內裝潢業
48743678,草圖意識設計工房,臺北市大安區四維路76巷3號1樓,核准設立,室內裝潢業
02411140,千太興業社,臺北市大安區和平東路3段10號7樓,核准設立,室內裝潢業
99642152,廣德地板行,臺北市文山區木柵路2段59號1樓,核准設立,室內裝潢業
21256169,聯合室內裝修業,臺北市松山區民生東路5段36巷4弄10號1樓,核准設立,室內裝潢業
26340222,鼎曜工程行,臺北市松山區南京東路5段296號10樓,核准設立,室內裝潢業
26373807,聯合室內裝修工程行,臺北市松山區八德路4段312之3號,核准設立,室內裝潢業
26243880,宅便利居家生活館,臺北市北投區西安街2段161號1樓,核准設立,室內裝潢業
25549259,志成工程行,臺北市信義區忠孝東路5段1之7號7樓,核准設立,室內裝潢業
48927514,力仁工程行,臺北市信義區福德街56號,核准設立,室內裝潢業
31870241,豐閣實業社,臺北市松山區八德路3段12巷70弄2號,核准設立,室內裝潢業
17265428,豪美清潔社,臺北市信義區永吉路180巷27號1樓,核准設立,室內裝潢業
14315277,理盛工程行,臺北市文山區興隆路4段29巷4弄10號3樓,核准設立,室內裝潢業
31860378,鉅正工程行,臺北市大安區敦化南路2段63巷21弄31號地下,核准設立,室內裝潢業
48676360,鎰新工程行,臺北市內湖區成功路4段323巷29號1樓,核准設立,室內裝潢業
48877113,首華玻璃工程行,臺北市北投區中央北路2段351號,核准設立,室內裝潢業
17737813,宇軒玻璃工程行,臺北市中山區松江路185號7樓之5,核准設立,室內裝潢業
26245563,上辰工程行,臺北市松山區南京東路5段31號10樓,核准設立,室內裝潢業
48721549,和順工程行,臺北市北投區雙全街62巷6號4樓,核准設立,室內裝潢業
26225617,安力企業社,臺北市大同區延平北路2段127號3樓之10,核准設立,室內裝潢業
31960355,東立工程行,臺北市萬華區西昌街225之1號,核准設立,室內裝潢業
13837761,廣承企業行,臺北市中正區羅斯福路3段210巷8弄7之12號,核准設立,室內裝潢業
38565105,億大企業社,臺北市北投區中央北路3段36號,核准設立,室內裝潢業
18385576,東霖設計工作室,臺北市松山區南京東路4段45號3樓,核准設立,室內裝潢業
10393031,誠鎰金屬企業社,臺北市南港區新民街100號,核准設立,室內裝潢業
01448400,莒園裝潢行,臺北市萬華區中華路2段364巷17弄3號1樓,核准設立,室內裝潢業
41019910,富海工程行,臺北市信義區虎林街57之21號1樓,核准設立,室內裝潢業
34773356,勝磊工程行,臺北市南港區富康街49巷3號3樓,核准設立,室內裝潢業
99972596,太古空間藝術設計工作室,臺北市北投區光明路230號1樓,核准設立,室內裝潢業
25555250,枋札萊原住民工程行,臺北市北投區公館路423巷8弄17號4樓,核准設立,室內裝潢業
48864882,安興裝潢行,臺北市內湖區行善路31號,核准設立,室內裝潢業
38469779,仁普室內裝修工程行,臺北市大同區哈密街70巷1弄10號,核准設立,室內裝潢業
38560827,承達室內裝修工程行,臺北市大安區忠孝東路4段206之1號4樓,核准設立,室內裝潢業
73907889,福麟殯儀社,臺北市信義區光復南路505號11樓之7,核准設立,室內裝潢業
25659396,亞恩室內裝潢行,臺北市松山區八德路4段829巷24號2樓,核准設立,室內裝潢業
99980322,宏雄工程行,臺北市松山區民生東路3段130巷18弄10號3樓,核准設立,室內裝潢業
21740136,和誠工程行,臺北市大同區重慶北路3段136巷13號1樓,核准設立,室內裝潢業
26217834,永詮起重工程行,臺北市南港區舊莊街1段281號3樓,核准設立,室內裝潢業
26226453,邑得企業社,臺北市大安區忠孝東路3段217巷2弄5號1樓,核准設立,室內裝潢業
31851960,墨澤空間設計工作室,臺北市信義區基隆路2段48號10樓,核准設立,室內裝潢業
38463368,鼎泰工程企業社,臺北市中山區民權西路70號5樓之1,核准設立,室內裝潢業
38515247,利隆工程行,臺北市中正區許昌街42之1號10樓,核准設立,室內裝潢業
25662505,兆鈦企業社,臺北市士林區承德路4段277巷48號,核准設立,室內裝潢業
38553255,允盛工程行,臺北市士林區社中街228巷3弄1號3樓,核准設立,室內裝潢業
48743353,泰毅工程行,臺北市大同區酒泉街254號1樓,核准設立,室內裝潢業
81769369,全真工程行,臺北市內湖區內湖路3段343巷2弄7號,核准設立,室內裝潢業
17751413,東靖企業社,臺北市南港區玉成街201巷10號1樓,核准設立,室內裝潢業
38498583,佳禧企業社,臺北市中山區崇實路133號4樓,核准設立,室內裝潢業
48999447,鴻泰企業社,臺北市內湖區安康路228巷1號1樓,核准設立,室內裝潢業
80985059,禾稑工程行,臺北市內湖區民權東路6段280巷13號1樓,核准設立,室內裝潢業
38557219,錦暉企業社,臺北市內湖區內湖路1段285巷8弄1號2樓之1,核准設立,室內裝潢業
29212019,宜坊室內裝潢工程行,臺北市文山區興隆路4段151號7樓之6,核准設立,室內裝潢業
38561348,真詮工程行,臺北市文山區興隆路2段217巷6弄8號,核准設立,室內裝潢業
26247056,世佳工程行,臺北市大同區承德路2段193號10樓之5,核准設立,室內裝潢業
10067113,廣明水電工程行,臺北市南港區研究院路2段35巷23弄12號3樓,核准設立,室內裝潢業
13476886,弘龍工程行,臺北市內湖區內湖路3段60巷6號,核准設立,室內裝潢業
38571520,宏翊工程行,臺北市內湖區康樂街20巷10號3樓,核准設立,室內裝潢業
25573378,生隆裝潢行,臺北市文山區興隆路3段302之1號,核准設立,室內裝潢業
38556485,偉寧企業社,臺北市文山區久康街24巷10號12樓,核准設立,室內裝潢業
48708551,台大工程行,臺北市中山區龍江路370巷30號1樓,核准設立,室內裝潢業
01402690,大志電氣行,臺北市北投區公館路340巷26號1樓,核准設立,室內裝潢業
38500785,志成石材工程行,臺北市北投區中山路28之4號5樓,核准設立,室內裝潢業
38496656,立程工程行,臺北市萬華區民和街２８號,核准設立,室內裝潢業
31289007,樹興木器行,臺北市士林區永平街80巷39號1樓,核准設立,室內裝潢業
26222739,啟揚工程行,臺北市大同區承德路3段176巷5號5樓,核准設立,室內裝潢業
26221725,睿建工程行,臺北市北投區石牌路1段68號2樓,核准設立,室內裝潢業
33653305,江員林種苗園,臺北市內湖區民權東路6段81巷11弄6號,核准設立,室內裝潢業
17750189,海村裝潢工程行,臺北市北投區永興路2段26號,核准設立,室內裝潢業
38506459,鉅庭設計裝潢工程行,臺北市士林區通河街70號2樓,核准設立,室內裝潢業
31857676,米迪家居生活館,臺北市大安區文昌街171號,核准設立,室內裝潢業
26344310,宏德興業工程行,臺北市中山區南京東路1段86號8樓之4,核准設立,室內裝潢業
99624470,益昇企業社,臺北市南港區忠孝東路6段312號,核准設立,室內裝潢業
25669401,品屋企業社,臺北市萬華區西園路2段261巷20弄32號,核准設立,室內裝潢業
25575002,家室美地板工程行,臺北市信義區永吉路214號,核准設立,室內裝潢業
18389720,演拓室內裝修設計工程行,臺北市松山區八德路4段72巷10弄2號,核准設立,室內裝潢業
48709926,達宏工程行,臺北市中山區新生北路2段31之1號7樓,核准設立,室內裝潢業
83913170,皇金工程行,臺北市南港區忠孝東路6段70巷4號1樓,核准設立,室內裝潢業
48907708,詠原工程行,臺北市文山區興隆路4段102號,核准設立,室內裝潢業
38471156,凱翁工程行,臺北市內湖區內湖路1段437巷8號3樓,核准設立,室內裝潢業
25661631,光正工程行,臺北市松山區南京東路5段31號10樓,核准設立,室內裝潢業
13443422,帝美企業社,臺北市大同區哈密街70巷1號1樓,核准設立,室內裝潢業
29220171,觀點設計工作室,臺北市信義區基隆路1段127號10樓,核准設立,室內裝潢業
25584776,紅驥科技企業社,臺北市文山區景華街128巷78號,核准設立,室內裝潢業
26363651,上利工程行,臺北市信義區基隆路1段155號7樓,核准設立,室內裝潢業
26367973,天沃創意工作室,臺北市北投區同德街2號12樓之10,核准設立,室內裝潢業
48958327,久峰企業社,臺北市內湖區麗山街348巷19號2樓,核准設立,室內裝潢業
25524187,昌益工程行,臺北市信義區吳興街156巷37號,核准設立,室內裝潢業
14311429,巨隆企業社,臺北市大安區大安路1段52巷25號1樓,核准設立,室內裝潢業
15660937,銘輝工程行,臺北市中山區中山北路1段83巷20號5樓之6,核准設立,室內裝潢業
99352385,瑞興工程行,臺北市中正區懷寧街62號6樓之4,核准設立,室內裝潢業
38470332,雅逸室內裝修設計工作室,臺北市大安區復興南路1段313巷8號1樓,核准設立,室內裝潢業
18104246,昕明裝潢行,臺北市文山區木新路3段45巷7弄14號1樓,核准設立,室內裝潢業
26215625,盛庭工程行,臺北市中山區松江路318號13樓,核准設立,室內裝潢業
38473491,墨花創意工作室,臺北市中山區長安西路6號7樓,核准設立,室內裝潢業
81770534,鴻發衛生工程行,臺北市萬華區青年路106巷30弄26號1樓,核准設立,室內裝潢業
18097239,勝兆工程行,臺北市士林區承德路4段233號10樓之1,核准設立,室內裝潢業
25541600,形之間創意工作室,臺北市內湖區康寧路3段189巷147號2樓,核准設立,室內裝潢業
31958787,有有企業社,臺北市中山區建國北路3段75巷1號3樓,核准設立,室內裝潢業
25542024,匯來企業社,臺北市萬華區環河南路3段239號7樓,核准設立,室內裝潢業
38562992,宇翔企業社,臺北市中正區八德路1段46號9樓,核准設立,室內裝潢業
25546859,臺灣知風堂,臺北市中山區長安東路2段81號12樓之1,核准設立,室內裝潢業
38501139,力美企業社,臺北市南港區向陽路120巷2弄34號3樓,核准設立,室內裝潢業
83948966,張治倫工作室,臺北市中正區和平西路1段100號6樓之3,核准設立,室內裝潢業
26229634,善德工程行,臺北市松山區八德路4段245巷32弄47號地下層,核准設立,室內裝潢業
25541192,奉龍聖起裝潢工程行,臺北市中山區(南)中原街91號,核准設立,室內裝潢業
48763723,瑞鴻工程行,臺北市士林區重慶北路4段81號7樓之5,核准設立,室內裝潢業
25582708,明揚工程行,臺北市北投區崇仁路1段116號2樓,核准設立,室內裝潢業
13824652,鎰駿企業社,臺北市大同區承德路2段140號,核准設立,室內裝潢業
09667413,偉翔工程行,臺北市中山區渭水路22號1樓,核准設立,室內裝潢業
14743209,友舜工程行,臺北市士林區社正路45巷29弄5號2樓,核准設立,室內裝潢業
31948536,金贊工程行,臺北市信義區福德街101號1樓,核准設立,室內裝潢業
38470945,廣力工程行,臺北市內湖區康樂街125巷10之1號5樓,核准設立,室內裝潢業
13460673,花影花坊,臺北市中山區錦西街19號1樓,核准設立,室內裝潢業
98905846,祥順工程行,臺北市信義區虎林街120巷143號1樓,核准設立,室內裝潢業
26245634,傑斯石材工程行,臺北市士林區社中街250巷6弄2號2樓,核准設立,室內裝潢業
73790950,尚鼎企業工程行,臺北市大同區錦西街65巷17號,核准設立,室內裝潢業
38570178,興紘企業社,臺北市中正區八德路1段46號9樓,核准設立,室內裝潢業
37994064,震川創作空間規劃工作室,臺北市大同區承德路2段137號8樓之4,核准設立,室內裝潢業
31864135,陞展企業社,臺北市士林區永平街38號2樓,核准設立,室內裝潢業
98910947,鼎昌企業社,臺北市萬華區南寧路62號6樓,核准設立,室內裝潢業
38567238,喵吉栗工作室,臺北市大安區永康街8巷11號1樓,核准設立,室內裝潢業
26360922,小君工程行,臺北市士林區社子街126巷11號2樓,核准設立,室內裝潢業
18375520,正國傢飾行,臺北市內湖區文德路14號7樓,核准設立,室內裝潢業
38467033,翊得工程行,臺北市中正區忠孝西路1段7號6樓之1,核准設立,室內裝潢業
99980104,富貴衣架店,臺北市南港區永吉路545號1樓,核准設立,室內裝潢業
38572366,中聯維修王企業社,臺北市中山區民生東路1段25號7樓之39,核准設立,室內裝潢業
99969396,墨客設計工坊,臺北市內湖區堤頂大道2段501號,核准設立,室內裝潢業
30311086,權相室內設計工作室,臺北市萬華區寶興街210巷52號,核准設立,室內裝潢業
25545373,東宸顧問工作室,臺北市大安區羅斯福路3段297號6樓之1,核准設立,室內裝潢業
48749960,廖子豪設計工作室,臺北市大安區仁愛路4段125號9樓之1,核准設立,室內裝潢業
31854039,葉阿松工程行,臺北市文山區木柵路1段262號,核准設立,室內裝潢業
26241715,博特利創意設計工作室,臺北市信義區忠孝東路5段703巷1弄41號3樓,核准設立,室內裝潢業
73887700,傑陞裝潢工程行,臺北市萬華區莒光路178巷18號,核准設立,室內裝潢業
14713394,日鼎地板行,臺北市信義區永吉路187巷27號,核准設立,室內裝潢業
15635451,大媽工程行,臺北市萬華區長沙街2段178號1樓,核准設立,室內裝潢業
38507859,上揚工程行,臺北市萬華區和平西路3段384號8樓之14,核准設立,室內裝潢業
48806265,神川實業社,臺北市文山區木新路3段74巷1弄6號,核准設立,室內裝潢業
25675332,龍銲工程行,臺北市內湖區江南街96巷32號,核准設立,室內裝潢業
99434035,瑞林工程行,臺北市大安區信義路2段190號2樓,核准設立,室內裝潢業
29212236,開泰工程行,臺北市大安區臥龍街195巷25號1樓,核准設立,室內裝潢業
25665539,宗軒工程行,臺北市內湖區康樂街61巷78號5樓,核准設立,室內裝潢業
14509695,川源工程行,臺北市北投區知行路316巷65號,核准設立,室內裝潢業
27160113,永旭工程行,臺北市內湖區康寧路3段189巷40之1號2樓,核准設立,室內裝潢業
25668944,大成鋼工程行,臺北市大同區延平北路2段195之3號,核准設立,室內裝潢業
38580226,巨長工程行,臺北市信義區松仁路281巷8號,核准設立,室內裝潢業
31877820,漢霖行,臺北市信義區嘉興街265號,核准設立,室內裝潢業
17818343,貿順工程行,臺北市萬華區萬大路550號2樓,核准設立,室內裝潢業
15632052,舜發石材工程行,臺北市信義區基隆路1段155號8樓之8,核准設立,室內裝潢業
99452639,崇桓企業社,臺北市大同區環河北路1段295之3號6樓,核准設立,室內裝潢業
25535895,源慎企業社,臺北市中山區吉林路461巷1號,核准設立,室內裝潢業
18401246,詠安工程行,臺北市中正區忠孝西路1段41號6樓之13,核准設立,室內裝潢業
99987541,長勝企業社,臺北市信義區信義路6段27巷1號2樓之3,核准設立,室內裝潢業
83980901,北馨消防安全工程社,臺北市大同區承德路1段35號6樓,核准設立,室內裝潢業
26219381,呈品工程行,臺北市大同區太原路175巷9號,核准設立,室內裝潢業
17751407,深澤工程行,臺北市中山區民權東路1段72號11樓之2,核准設立,室內裝潢業
25569775,同祐工程行,臺北市南港區忠孝東路7段527巷1弄3號1樓,核准設立,室內裝潢業
26237992,木匠實業社,臺北市萬華區莒光路153巷4號1樓,核准設立,室內裝潢業
38561305,興隆工程行,臺北市文山區興隆路4段195巷15號,核准設立,室內裝潢業
26518466,佑福企業社,臺北市松山區南京東路5段8號4樓,核准設立,室內裝潢業
31952637,永翔資訊傢俱企業社,臺北市北投區自強街5巷100弄3之1號3樓,核准設立,室內裝潢業
27192277,建銘興業工程行,臺北市北投區裕民一路41巷2弄12號1樓,核准設立,室內裝潢業
25549217,芳生企業社,臺北市北投區清江路177巷15號1樓,核准設立,室內裝潢業
48843769,利可富室內裝修企業社,臺北市北投區立功街108號1樓,核准設立,室內裝潢業
83932009,億順工程行,臺北市士林區永平街48號1樓,核准設立,室內裝潢業
15665089,威誠企業行,臺北市中正區羅斯福路3段210巷8弄7之12號1樓,核准設立,室內裝潢業
15662273,國詮工程行,臺北市文山區羅斯福路5段157號1樓,核准設立,室內裝潢業
73886955,青鳥室內裝修設計工作室,臺北市信義區忠孝東路5段236巷3弄35號2樓,核准設立,室內裝潢業
26367951,華昌工程行,臺北市南港區福德街339巷9弄2號4樓,核准設立,室內裝潢業
48991640,富元工程行,臺北市文山區景興路114巷3號2樓,核准設立,室內裝潢業
18383612,詠粲工程行,臺北市文山區永安街35號,核准設立,室內裝潢業
17268918,億鋒企業社,臺北市文山區辛亥路4段258號2樓之1,核准設立,室內裝潢業
31869933,奇原工作室,臺北市信義區基隆路1段155號11樓之5,核准設立,室內裝潢業
38474230,油色漆坊,臺北市中山區松江路160巷5之1號5樓之1,核准設立,室內裝潢業
48954075,泰生工程企業社,臺北市松山區八德路3段182號6樓,核准設立,室內裝潢業
48801418,智富工程行,臺北市內湖區新明路471號,核准設立,室內裝潢業
25658663,寂燃工作室,臺北市南港區興中路68巷10號12樓之1,核准設立,室內裝潢業
26365150,微熙設計,臺北市文山區光輝路22巷8號1樓,核准設立,室內裝潢業
48674721,東冠裝潢行,臺北市南港區研究院路2段49號,核准設立,室內裝潢業
42268697,顏鑠企業社,臺北市信義區虎林街232巷69號1樓,核准設立,室內裝潢業
29232134,國鼎工程行,臺北市北投區致遠一路2段2號2樓之3,核准設立,室內裝潢業
10355780,其忠企業社,臺北市中山區南京西路1之1號6樓,核准設立,室內裝潢業
37907076,冠鈞室內設計工程行,臺北市松山區光復北路157號1樓,核准設立,室內裝潢業
13477055,冠球沙發行,臺北市士林區德行東路288號1樓,核准設立,室內裝潢業
26236852,旭豐工程行,臺北市大安區忠孝東路4段295號3樓,核准設立,室內裝潢業
13828405,匯世工程行,臺北市中山區錦州街356號3樓,核准設立,室內裝潢業
26235967,頡錡工程行,臺北市中山區中山北路1段72號7樓之12,核准設立,室內裝潢業
83949043,新金鋁企業社,臺北市內湖區內湖路1段737巷51弄9號1樓,核准設立,室內裝潢業
31949606,鴻鈞工程行,臺北市大安區和平東路1段183巷11弄5號1樓,核准設立,室內裝潢業
26367832,長福不袗工程行,臺北市松山區八德路4段245巷32弄55號3樓,核准設立,室內裝潢業
31851363,二一室內裝修工程行,臺北市北投區公?路350巷21號2樓,核准設立,室內裝潢業
31948037,鴻源工程行,臺北市松山區三民路80巷9號,核准設立,室內裝潢業
31951855,晟安建材行,臺北市中正區汀州路2段77號,核准設立,室內裝潢業
48868212,弘瑋工程行,臺北市中正區水源路131之3號,核准設立,室內裝潢業
25659706,衣紡商行,臺北市內湖區陽光街321巷26號5樓之10,核准設立,室內裝潢業
31848207,申安工程行,臺北市內湖區康寧路1段1號3樓,核准設立,室內裝潢業
48690546,宏廣設計工作室,臺北市信義區忠孝東路5段743巷13號1樓,核准設立,室內裝潢業
48708118,以勒行,臺北市信義區和平東路3段435巷6之1號,核准設立,室內裝潢業
38505944,巨力國際實業,臺北市中正區梅花里紹興北街31巷15弄6號3樓,核准設立,室內裝潢業
38511761,尊枻空間設計,臺北市士林區社子街38號6樓,核准設立,室內裝潢業
15663815,力信工程行,臺北市士林區承德路4段12巷69號1樓,核准設立,室內裝潢業
30123367,藝科資訊工作室,臺北市大同區民權西路136號13樓之9,核准設立,室內裝潢業
83901744,福二企業行,臺北市內湖區東湖路119巷32號2樓,核准設立,室內裝潢業
26355809,重暉工程社,臺北市松山區南京東路4段197號11樓之1,核准設立,室內裝潢業
29249944,太宇水電工程行,臺北市萬華區華西街1號,核准設立,室內裝潢業
25512921,好師傅工坊,臺北市信義區基隆路2段33號12樓之2,核准設立,室內裝潢業
38506205,寓見設計工作室,臺北市北投區民族街10號2樓,核准設立,室內裝潢業
26352970,弘展油漆裝潢工程行,臺北市松山區民權東路3段104號5樓,核准設立,室內裝潢業
31866106,雅趣空間規劃設計工作室,臺北市大安區安和路2段184巷10號3樓,核准設立,室內裝潢業
38513677,雨勳工程行,臺北市萬華區萬大路493巷28弄5號,核准設立,室內裝潢業
48960301,群亨企業社,臺北市南港區研究院路2段12巷57弄68號1樓,核准設立,室內裝潢業
25513750,金懋行,臺北市大安區辛亥路2段211號2樓,核准設立,室內裝潢業
99992615,新榮工程行,臺北市南港區興南街52巷24號1樓,核准設立,室內裝潢業
38509110,岑鑫工程行,臺北市內湖區內湖路2段301巷5弄10號3樓,核准設立,室內裝潢業
38569411,炎慶工程行,臺北市士林區延平北路5段136巷27弄31號3樓,核准設立,室內裝潢業
48903323,正信水電工程行,臺北市北投區致遠三路117巷9號,核准設立,室內裝潢業
38559096,銓祐工程行,臺北市南港區研究院路2段182巷79弄19號,核准設立,室內裝潢業
31859196,大砌企業社,臺北市文山區木新路2段211巷6弄24號,核准設立,室內裝潢業
25540089,瑩晟企業社,臺北市信義區吳興街336巷31號,核准設立,室內裝潢業
26366171,永銓水電工程行,臺北市萬華區寶興街222巷25號1樓,核准設立,室內裝潢業
29318619,薇其企業社,臺北市大安區永康街47巷35號2樓,核准設立,室內裝潢業
26243024,展熠玻璃行,臺北市士林區中正路707巷1之1號2樓,核准設立,室內裝潢業
31859153,鉅祥室內裝修工程行,臺北市南港區福德街453號8樓,核准設立,室內裝潢業
26222359,周宜臻室內設計工作室,臺北市松山區民權東路3段160巷19弄6號,核准設立,室內裝潢業
48922551,上葳設計企業社,臺北市大安區光復南路606之4號,核准設立,室內裝潢業
31957181,吉恩企業社,臺北市中正區羅斯福路2段126號10樓之1,核准設立,室內裝潢業
09903417,晉銓工程行,臺北市士林區社子街125巷3號,核准設立,室內裝潢業
48783571,浩揚工程行,臺北市南港區興中路12巷17號6樓,核准設立,室內裝潢業
13474542,鴻義工程行,臺北市文山區興隆路2段95巷5號1樓,核准設立,室內裝潢業
31878052,鋌渥設計工作室,臺北市松山區民生東路4段53號7樓,核准設立,室內裝潢業
48879718,金泰工程行,臺北市信義區松山路465巷2弄27號,核准設立,室內裝潢業
42268710,杰昇國際企業社,臺北市松山區民生東路5段235號1樓,核准設立,室內裝潢業
38579972,嘉瑜水電工程行,臺北市萬華區寶興街140巷42號3樓,核准設立,室內裝潢業
10573408,久耀工程行,臺北市中山區南京東路2段76號4樓,核准設立,室內裝潢業
31844878,宏晟工程行,臺北市萬華區雅江街35號,核准設立,室內裝潢業
25670287,陽光裝潢設計坊,臺北市文山區興隆路3段207巷18弄6號2樓,核准設立,室內裝潢業
21777837,長憶企業社,臺北市文山區光輝路61號1樓,核准設立,室內裝潢業
25565383,采圓塗裝工程行,臺北市北投區民族街11巷12號2樓,核准設立,室內裝潢業
25591039,日興工程行,臺北市內湖區成功路2段12號,核准設立,室內裝潢業
14338362,慶峰裝潢行,臺北市內湖區內湖路1段629巷40弄8號1樓,核准設立,室內裝潢業
38577221,六淮工程行,臺北市中山區長春路100號9樓之7,核准設立,室內裝潢業
48686521,琦士美工程行,臺北市萬華區西寧南路36號2樓之105,核准設立,室內裝潢業
25660485,總業輕鋼架工程行,臺北市信義區忠孝東路4段553巷22弄53之1號,核准設立,室內裝潢業
25539745,大昕工程行,臺北市文山區興隆路3段207巷18弄6號(1樓),核准設立,室內裝潢業
31852932,路欣工程行,臺北市信義區忠孝東路5段1之1號10樓,核准設立,室內裝潢業
80879655,易承工程行,臺北市信義區忠孝東路5段1-10號3樓,核准設立,室內裝潢業
38510643,潤欣工程行,臺北市信義區忠孝東路5段1之8號12樓,核准設立,室內裝潢業
48982430,樂派對商店,臺北市北投區崇仁路1段126號,核准設立,室內裝潢業
25672481,慶德傢俱生活館,臺北市士林區天母東路57號1樓,核准設立,室內裝潢業
83947381,傳明企業社,臺北市松山區南京東路5段40號11樓之4,核准設立,室內裝潢業
07722565,竑利行,臺北市信義區嘉興街239號,核准設立,室內裝潢業
13503645,震霖工程行,臺北市中山區南京東路2段20號3樓,核准設立,室內裝潢業
38455536,格蕾絲芙商行,臺北市中山區南京東路2段76號4樓,核准設立,室內裝潢業
48922644,煥新工程行,臺北市士林區延平北路7段9號1樓,核准設立,室內裝潢業
48831089,聯盈工程行,臺北市大安區光復南路672號2樓,核准設立,室內裝潢業
48743939,傳益工程行,臺北市士林區美崙街70號2樓,核准設立,室內裝潢業
26219468,元竑實業社,臺北市大安區羅斯福路3段297號6樓之1,核准設立,室內裝潢業
31863895,可真興業工程行,臺北市中正區衡陽路36號8樓之2,核准設立,室內裝潢業
25556321,宏達工程行,臺北市信義區永吉路457號,核准設立,室內裝潢業
31856389,晶晶工程行,臺北市南港區舊莊街1段145巷6弄13號,核准設立,室內裝潢業
01197065,姚德雄室內裝修設計顧問社,臺北市松山區敦化北路153之31號,核准設立,室內裝潢業
25577705,大樹工程行,臺北市信義區忠孝東路5段482號5樓,核准設立,室內裝潢業
48784924,富欣土木包工業,臺北市文山區羅斯福路5段144號4樓,核准設立,室內裝潢業
31956599,立揚工程行,臺北市信義區永吉路205號,核准設立,室內裝潢業
30293860,富昇工程行,臺北市士林區通河西街2段146號3樓,核准設立,室內裝潢業
38498649,晉揚工程行,臺北市松山區八德路3段12巷57弄7號,核准設立,室內裝潢業
38577502,伊凡賽斯設計工作室,臺北市中山區合江街188巷9號1樓,核准設立,室內裝潢業
14730892,美亞油漆行,臺北市中山區松江路283號5樓,核准設立,室內裝潢業
99339449,鴻海企業社,臺北市內湖區成功路2段268號1樓,核准設立,室內裝潢業
05057874,志得廣告工藝社,臺北市萬華區西寧南路124號,核准設立,室內裝潢業
48854717,明聖企業社,臺北市北投區中和街273號2樓,核准設立,室內裝潢業
26372005,大維工程行,臺北市內湖區江南街71巷18號2樓,核准設立,室內裝潢業
09982587,明聿企業社,臺北市中正區莒光路82號5樓,核准設立,室內裝潢業
26338083,天工開物興業社,臺北市文山區溪口街31之1號,核准設立,室內裝潢業
30249247,美利堅企業社,臺北市內湖區民權東路6段280巷96號,核准設立,室內裝潢業
73907467,茂通水電工程行,臺北市中山區中原街103號,核准設立,室內裝潢業
10311051,弘益工程行,臺北市信義區基隆路2段133號11樓,核准設立,室內裝潢業
31871305,陛昇工程行,臺北市中正區漢口街1段110號4樓之7,核准設立,室內裝潢業
17768414,美麗人生設計顧問坊,臺北市大同區重慶北路1段22號11樓之1,核准設立,室內裝潢業
37872718,嘉宏工程行,臺北市中山區南京東路3段26號7樓,核准設立,室內裝潢業
38557576,全新水電行,臺北市萬華區開封街2段81號4樓之4,核准設立,室內裝潢業
26731924,權悅室內裝修工程行,臺北市萬華區寶興街210巷52號,核准設立,室內裝潢業
25507791,飛虹行,臺北市大安區信義路4段315號5樓,核准設立,室內裝潢業
38572513,貳捌聯合設計工作室,臺北市信義區忠孝東路5段474號4樓,核准設立,室內裝潢業
77517335,大興工程行,臺北市大同區民權西路118巷7號1樓,核准設立,室內裝潢業
17077170,金豪美裝潢工程行,臺北市中山區雙城街3巷2號2樓之3,核准設立,室內裝潢業
48746675,博格裝潢工程行,臺北市信義區光復南路557號8樓之1,核准設立,室內裝潢業
10317724,仲才實業社,臺北市中山區民生東路1段48號7樓之3,核准設立,室內裝潢業
26251375,越峰工程行,臺北市中山區渭水路54號,核准設立,室內裝潢業
38474702,順興企業社,臺北市內湖區內湖路2段86號,核准設立,室內裝潢業
14171193,三丰企業社,臺北市大安區復興南路1段107巷5弄10號5樓,核准設立,室內裝潢業
10307726,柏仁室內裝修工程行,臺北市萬華區桂林路27號5樓,核准設立,室內裝潢業
34835509,養樂多木艮企業社,臺北市大同區赤峰街47巷8號2樓,核准設立,室內裝潢業
48751000,協城工程行,臺北市萬華區漢中街135號5樓,核准設立,室內裝潢業
30179946,鴻墨水耗材專賣店,臺北市信義區基隆路2段185號,核准設立,室內裝潢業
25658755,生基工程行,臺北市萬華區昆明街46號8樓之37,核准設立,室內裝潢業
21522119,建品工程行,臺北市北投區致遠一路2段2號5樓之3,核准設立,室內裝潢業
26241172,味來實業社,臺北市中山區松江路328號10樓之3,核准設立,室內裝潢業
17753088,鑫家裝潢工程行,臺北市文山區景後街97號5樓之5,核准設立,室內裝潢業
30290131,蕙成企業社,臺北市中山區新生北路3段1號3樓之21,核准設立,室內裝潢業
26357644,連氏工程行,臺北市大安區潮州街119號,核准設立,室內裝潢業
31877618,咖樂烘豆企業社,臺北市大安區延吉街68之16號,核准設立,室內裝潢業
31866458,達威企業社,臺北市信義區吳興街220巷17號,核准設立,室內裝潢業
05153601,信忠實業社,臺北市中正區惠安街17號1樓,核准設立,室內裝潢業
31867040,天下企業社,臺北市信義區虎林街113號,核准設立,室內裝潢業
38465339,嘉倢工程行,臺北市北投區中央北路4段30巷12號,核准設立,室內裝潢業
26336368,柏永青空間設計工作室,臺北市文山區辛亥路4段252巷13號3樓,核准設立,室內裝潢業
31857079,豐誠室內裝修工程行,臺北市內湖區東湖路33巷13號2樓,核准設立,室內裝潢業
25667945,威邦工程行,臺北市北投區清江路25巷7號12樓之1,核准設立,室內裝潢業
26240933,鴻遠工程行,臺北市士林區永平街16號2樓,核准設立,室內裝潢業
34757362,均盈企業社,臺北市大同區華陰街227巷7號,核准設立,室內裝潢業
25660680,大越工程行,臺北市士林區延平北路5段136巷27弄35號,核准設立,室內裝潢業
48834311,田園油漆工程行,臺北市大同區敦煌路164號,核准設立,室內裝潢業
21757543,石典設計工作坊,臺北市信義區永吉路226號6樓,核准設立,室內裝潢業
26374186,力揚家具設計坊,臺北市大安區文昌街281號1樓,核准設立,室內裝潢業
26223603,水玥創意工作室,臺北市中正區重慶南路1段10號11樓,核准設立,室內裝潢業
15660401,勝佳裝潢行,臺北市士林區德行東路266巷8號2樓,核准設立,室內裝潢業
26355527,昱通工程企業社,臺北市中正區新生南路1段50之2號5樓,核准設立,室內裝潢業
14747697,蘊廣裝潢工程行,臺北市大安區忠孝東路4段169號6樓之1,核准設立,室內裝潢業
99990905,立德企業社,臺北市北投區知行路316巷20弄19號1樓,核准設立,室內裝潢業
48946765,富通工程行,臺北市大同區哈密街170號,核准設立,室內裝潢業
99981027,德村裝潢工程行,臺北市信義區松信路80號1樓,核准設立,室內裝潢業
38578848,奇星玻璃工程行,臺北市大安區忠孝東路4段270號7樓之1,核准設立,室內裝潢業
31856584,啟宸工程行,臺北市南港區忠孝東路6段278巷35弄9號,核准設立,室內裝潢業
29209540,泰德工程行,臺北市中山區龍江路281巷5號,核准設立,室內裝潢業
83933393,興旺工程行,臺北市北投區中和街493巷7弄16號4樓,核准設立,室內裝潢業
26356820,嘉園水電冷氣行,臺北市士林區前港街48號,核准設立,室內裝潢業
31961609,騰藝企業社,臺北市大同區南京西路185巷7號3樓之12,核准設立,室內裝潢業
38509667,協志工程行,臺北市士林區德行東路109巷63弄11號5樓,核准設立,室內裝潢業
31856796,立豐室內裝修工程行,臺北市文山區新光路1段134號,核准設立,室內裝潢業
48999349,技達工程行,臺北市內湖區成功路4段1號3樓,核准設立,室內裝潢業
26962446,點匠拆除工程行,臺北市松山區三民路95巷19號1樓,核准設立,室內裝潢業
31881211,訊達企業社,臺北市松山區三民路108號5樓之15,核准設立,室內裝潢業
21210798,奕德廣告工程企業社,臺北市信義區基隆路1段29號1樓,核准設立,室內裝潢業
10311313,承興廣告設計企業社,臺北市信義區松隆路121之1號,核准設立,室內裝潢業
38573196,美麗家彩繪設計工作室,臺北市北投區文林北路94巷87號3樓,核准設立,室內裝潢業
25581497,昶茂工程行,臺北市北投區崇仁路1段155巷2號1樓,核准設立,室內裝潢業
26221041,凡達空間設計工作室,臺北市文山區羅斯福路5段192巷7弄2號,核准設立,室內裝潢業
38559758,日裕企業社,臺北市內湖區文德路209號1樓,核准設立,室內裝潢業
98912229,家佳裝潢行,臺北市萬華區東園街57號1樓,核准設立,室內裝潢業
38498922,濬宏企業社,臺北市士林區大南路415號3樓,核准設立,室內裝潢業
49913968,勝羽工程行,臺北市大同區赤峰街44巷17之2號,核准設立,室內裝潢業
38553662,紘暘工程行,臺北市萬華區和平西路3段109巷11號3樓,核准設立,室內裝潢業
73892464,盛鴻工程行,臺北市文山區福興路78巷20弄1號5樓,核准設立,室內裝潢業
77434790,阪多精品店,臺北市士林區中山北路5段533號1樓,核准設立,室內裝潢業
14722302,城桔企業行,臺北市大安區安居街116號1樓,核准設立,室內裝潢業
26249913,咪你酷可主題咖啡,臺北市中正區牯嶺街107號,核准設立,室內裝潢業
01359531,金宏興塗裝行,臺北市北投區知行路316巷20弄3號,核准設立,室內裝潢業
26246654,久康科技工程行,臺北市大安區忠孝東路4段169號11樓之1,核准設立,室內裝潢業
25524362,集業企業社,臺北市大安區光復南路458號6樓,核准設立,室內裝潢業
26357074,吉盛工程行,臺北市萬華區莒光路178巷18號,核准設立,室內裝潢業
38501969,承峰工程行,臺北市大安區信義路4段25號4樓之2,核准設立,室內裝潢業
31873872,磐石工程行,臺北市內湖區東湖路106巷7弄23號4樓,核准設立,室內裝潢業
48935388,澔岳國際設計工作室,臺北市中正區北平西路6號6樓之4,核准設立,室內裝潢業
15658405,佳新企業社,臺北市萬華區長沙街2段180號2樓,核准設立,室內裝潢業
13458439,家誠工程行,臺北市信義區松山路287巷6弄2號3樓,核准設立,室內裝潢業
38566272,天妃企業社,臺北市萬華區大理街159巷11號,核准設立,室內裝潢業
14325090,友善工程行,臺北市中正區汀州路3段19號1樓,核准設立,室內裝潢業
08654869,易禾工程行,臺北市中山區敬業三路162巷178號8樓,核准設立,室內裝潢業
73872050,佐晟工程行,臺北市文山區景興路188號23樓之6,核准設立,室內裝潢業
13441563,豐群行,臺北市信義區光復南路505號10樓之8,核准設立,室內裝潢業
80982476,力宇企業社,臺北市文山區羅斯福路5段217號2樓,核准設立,室內裝潢業
99624339,允丰企業社,臺北市大安區忠孝東路3段249號7樓,核准設立,室內裝潢業
30864376,進德金屬工程行,臺北市南港區市民大道7段242號1樓,核准設立,室內裝潢業
25669417,立可通工程行,臺北市大安區通化街171巷30弄14號,核准設立,室內裝潢業
38581549,沈麗瑩企業社,臺北市內湖區陽光街321巷8號3樓,核准設立,室內裝潢業
31880310,建洲企業社,臺北市松山區南京東路4段197號9樓之1,核准設立,室內裝潢業
48964643,哲倫企業社,臺北市大同區重慶北路2段46巷38號,核准設立,室內裝潢業
31857681,成鴻工程行,臺北市南港區昆陽街140巷23號4樓之1,核准設立,室內裝潢業
17523306,復林工程行,臺北市中山區長安東路1段42號5樓,核准設立,室內裝潢業
31864711,勝宏廣告企業社,臺北市萬華區漢中街203號1樓,核准設立,室內裝潢業
48724567,力誠油漆工程行,臺北市信義區和平東路3段247號1樓,核准設立,室內裝潢業
38560777,?廷企業社,臺北市文山區辛亥路7段76巷31弄5號,核准設立,室內裝潢業
99979009,宏科工程行,臺北市士林區重慶北路4段81號7樓之5,核准設立,室內裝潢業
10383049,臺皇室內設計工作室,臺北市中山區錦州街364號,核准設立,室內裝潢業
31857113,智仁工程行,臺北市中正區衡陽路10號12樓,核准設立,室內裝潢業
26363701,陳思堂,臺北市松山區光復南路32巷13號,核准設立,室內裝潢業
26343396,翰威企業社,臺北市中正區中華路1段25號10樓,核准設立,室內裝潢業
13448600,變色龍創藝工作室,臺北市松山區光復南路66巷8號,核准設立,室內裝潢業
48964545,寬月空間創意工作室,臺北市大安區忠孝東路4段216巷11弄21號2樓,核准設立,室內裝潢業
73919490,吳振榮裝潢工程行,臺北市內湖區星雲街88巷7號,核准設立,室內裝潢業
38561419,本沐設計工作室,臺北市中山區南京東路2段137號14樓,核准設立,室內裝潢業
25665398,贊凱工程行,臺北市萬華區雙和街8號,核准設立,室內裝潢業
18405756,元瀚工程行,臺北市中山區新生北路2段127巷42號2樓,核准設立,室內裝潢業
38564725,創鑫工程行,臺北市大同區南京西路163號2樓之57,核准設立,室內裝潢業
38505661,豪展工程行,臺北市萬華區日祥里青年路178巷16號,核准設立,室內裝潢業
26372103,全鴻工程行,臺北市士林區延平北路6段132號,核准設立,室內裝潢業
99356208,台耀工程行,臺北市大安區忠孝東路4段112號12樓之12,核准設立,室內裝潢業
25661528,大台北工程行,臺北市萬華區西園路2段261巷12弄42號1樓,核准設立,室內裝潢業
38513022,?煌實業工程行,臺北市松山區光復南路66巷8號,核准設立,室內裝潢業
01476101,藝蘆室內裝修工程行,臺北市中正區詔安街42之1號6樓,核准設立,室內裝潢業
31957485,雅仕行,臺北市士林區德行東路149號,核准設立,室內裝潢業
48823644,綠野設計工作室,臺北市文山區興隆路1段102巷15號2樓,核准設立,室內裝潢業
38557180,叡家工程行,臺北市松山區八德路3段186號3樓,核准設立,室內裝潢業
48872124,翔富工程行,臺北市大安區忠孝東路4段220號13樓,核准設立,室內裝潢業
37902332,琨奕工程行,臺北市萬華區桂林路242巷22號,核准設立,室內裝潢業
48831567,漢龍工程行,臺北市中正區詔安街86號1樓,核准設立,室內裝潢業
10083325,新欐錸工程行,臺北市大同區迪化街1段46巷22號（1樓）,核准設立,室內裝潢業
38502411,家泉工程行,臺北市信義區永吉路200巷41弄8號,核准設立,室內裝潢業
26349201,永青工程行,臺北市萬華區民和街93號,核准設立,室內裝潢業
31484705,晉榮工程行,臺北市中山區民生東路1段65號2樓,核准設立,室內裝潢業
18402527,廣隆工程行,臺北市文山區久康街139號2樓,核准設立,室內裝潢業
73875893,財進室內設計帆布裝潢行,臺北市南港區研究院路2段10號1樓,核准設立,室內裝潢業
38576757,竣昱企業社,臺北市萬華區德昌街261巷27號1樓,核准設立,室內裝潢業
31424828,欣合企業社,臺北市萬華區長泰街73巷2號1樓,核准設立,室內裝潢業
25550473,豊禾室內設計工作室,臺北市內湖區文德路22巷16弄11號4樓,核准設立,室內裝潢業
14872688,億倡工程行,臺北市中山區南京東路1段2號6樓之5,核准設立,室內裝潢業
99348307,全新工程行,臺北市內湖區文德路217號1樓,核准設立,室內裝潢業
25548765,九龍石工程行,臺北市士林區延平北路9段243巷8號,核准設立,室內裝潢業
31873319,誠達電器行,臺北市內湖區金龍路85號,核准設立,室內裝潢業
38570260,奧翔國際傢飾商行,臺北市大安區和平東路2段100號3樓,核准設立,室內裝潢業
48886648,學設計劃工作室,臺北市大安區泰順街16巷4號,核准設立,室內裝潢業
25578937,嵐宇設計工程行,臺北市萬華區昆明街46號7樓之36,核准設立,室內裝潢業
26345916,宏群工程行,臺北市中山區中山北路2段115巷3弄18號5樓,核准設立,室內裝潢業
48750662,巨丞裝潢設計工程行,臺北市信義區忠孝東路5段71巷10號,核准設立,室內裝潢業
26254794,健呈工程行,臺北市大安區羅斯福路3段269巷8之1號,核准設立,室內裝潢業
10302139,義永工程行,臺北市大安區仁愛路3段26之3號5樓,核准設立,室內裝潢業
48698667,覓得設計傢俬行,臺北市文山區景後街164號,核准設立,室內裝潢業
26337269,東舍工程行,臺北市大同區延平北路4段282巷19弄7號,核准設立,室內裝潢業
99606613,仟邑空間設計工作室,臺北市中山區民生東路2段68號1樓,核准設立,室內裝潢業
26211917,韋澄企業社,臺北市萬華區艋舺大道120巷38弄41號,核准設立,室內裝潢業
73889138,翔宏行,臺北市大安區敦化南路1段337號11樓,核准設立,室內裝潢業
17089324,伍勝工程行,臺北市士林區華榮街42號1樓,核准設立,室內裝潢業
25672399,游雅清設計工作室,臺北市信義區忠孝東路4段559巷51號,核准設立,室內裝潢業
21722708,進益工程行,臺北市中山區吉林路454號1樓,核准設立,室內裝潢業
15647317,新象清潔行,臺北市內湖區民權東路6段120巷1弄7號,核准設立,室內裝潢業
26350754,陽昇工程行,臺北市北投區中山路47號3樓,核准設立,室內裝潢業
26345649,九緯工務社,臺北市萬華區開封街2段10號,核准設立,室內裝潢業
15644682,聯鑫企業社,臺北市士林區德行東路155號,核准設立,室內裝潢業
14727593,品墨設計工作室,臺北市大安區永康街75巷10號1樓,核准設立,室內裝潢業
99644026,億源冷氣工程行,臺北市中山區華陰街24巷1弄3號1樓,核准設立,室內裝潢業
38552328,方舟室內裝潢工程行,臺北市中山區錦州街46號9樓之1,核准設立,室內裝潢業
38579733,大家好清潔行,臺北市大安區新生南路3段2號10樓,核准設立,室內裝潢業
25546817,興欣工程行,臺北市南港區舊莊街1段199巷11弄4號4樓,核准設立,室內裝潢業
38467478,振鈺工程行,臺北市萬華區福星里西寧南路11號7樓之2,核准設立,室內裝潢業
01732593,名鴻家具行,臺北市大安區文昌街168號,核准設立,室內裝潢業
26215028,廣詮工程行,臺北市文山區興隆路2段194號3樓,核准設立,室內裝潢業
15661210,鈞聖企業社,臺北市文山區永安街7號1樓,核准設立,室內裝潢業
31880732,達力工程行,臺北市中山區明水路539號地下,核准設立,室內裝潢業
37888155,勁及石材工程行,臺北市中山區南京東路1段34號7樓,核准設立,室內裝潢業
38474581,萬固工程行,臺北市信義區忠孝東路5段786號6樓,核准設立,室內裝潢業
31862621,泰誼工程行,臺北市士林區德行東路219巷16號1樓,核准設立,室內裝潢業
83916583,淨土景觀工作室,臺北市中正區延平南路61號9樓之12,核准設立,室內裝潢業
48967557,御匠工程行,臺北市北投區雙全街62巷6號4樓,核准設立,室內裝潢業
48747914,友聯工程行,臺北市中正區羅斯福路2段66巷19號4樓之1,核准設立,室內裝潢業
38558890,奕仕特設計工作室,臺北市信義區忠孝東路5段743巷13號,核准設立,室內裝潢業
38475168,騰翔工程行,臺北市士林區天母西路3號8樓之16,核准設立,室內裝潢業
38501861,政玉地板工程行,臺北市士林區中正路324號2樓,核准設立,室內裝潢業
34778887,鼎煜工程行,臺北市大安區文昌街132號,核准設立,室內裝潢業
31513808,豬頭熊科技企業社,臺北市大安區忠孝東路3段251巷5弄2號1樓,核准設立,室內裝潢業
80921416,志銘工程行,臺北市中山區南京西路1之1號10樓,核准設立,室內裝潢業
10368878,萬億企業社,臺北市北投區公館路342號2樓,核准設立,室內裝潢業
38580106,及第貿易商行,臺北市中山區中山北路2段85巷15號,核准設立,室內裝潢業
38496500,鑫隆盛室內裝修工程行,臺北市內湖區民權東路6段280巷18號6樓之6,核准設立,室內裝潢業
31957204,文閣裝潢工程行,臺北市大同區長安西路82號3樓之1,核准設立,室內裝潢業
26374708,三誠企業社,臺北市士林區通河西街2段146號3樓,核准設立,室內裝潢業
38579207,甲上企業社,臺北市中山區錦州街46號9樓之1,核准設立,室內裝潢業
38514845,國淵室內設計工作室,臺北市內湖區成功路4段167巷6弄7號5樓,核准設立,室內裝潢業
26351830,益昇精緻玻璃行,臺北市南港區東新街116號1樓,核准設立,室內裝潢業
14336250,武氏工程興業社,臺北市大同區南京西路163號2樓之23,核准設立,室內裝潢業
17758437,簾豪企業社,臺北市松山區光復南路33巷24號1樓,核准設立,室內裝潢業
01498098,大發工程行,臺北市萬華區中華路2段504巷49號2樓,核准設立,室內裝潢業
38571182,禾峰企業社,臺北市文山區指南路2段45巷4弄11號4樓,核准設立,室內裝潢業
48559551,台新工程行,臺北市內湖區金湖路40號1樓,核准設立,室內裝潢業
31961734,齊軒工程行,臺北市北投區實踐街82巷14號4樓,核准設立,室內裝潢業
48732623,亦泊實業社,臺北市大安區忠孝東路4段222號3樓,核准設立,室內裝潢業
80980786,聚鑫企業社,臺北市萬華區永福街11號2樓,核准設立,室內裝潢業
38514606,新都工程行,臺北市松山區八德路4段106巷4弄10號,核准設立,室內裝潢業
25575880,瑋力工程行,臺北市南港區成福路121巷58弄10號,核准設立,室內裝潢業
48819347,連升工程行,臺北市南港區成福路64巷4號,核准設立,室內裝潢業
13502462,亮羿企業社,臺北市中正區師大路136號1樓,核准設立,室內裝潢業
25568635,家昌工程行,臺北市信義區和平東路3段461之1號4樓,核准設立,室內裝潢業
38554297,新都悅廣告企業社,臺北市大安區信義路4段279號8樓,核准設立,室內裝潢業
26207505,鉑采工程行,臺北市大同區民族西路221巷37號(1樓),核准設立,室內裝潢業
99354362,豪葳工程行,臺北市萬華區長順街89巷8號,核准設立,室內裝潢業
99325326,明凰室內裝潢工程行,臺北市文山區興隆路1段119號,核准設立,室內裝潢業
25661421,悅思工作室,臺北市中山區新生北路3段68巷33號,核准設立,室內裝潢業
81745509,富合鋁業企業社,臺北市萬華區環河南路2段125巷7弄20號1樓,核准設立,室內裝潢業
38496585,大觀自成設計工作室,臺北市信義區菸廠路88號6樓,核准設立,室內裝潢業
31737336,里亞爾空間設計企業社,臺北市大安區忠孝東路4段221號12樓,核准設立,室內裝潢業
26209270,德鑫工程行,臺北市北投區崇仁路1段116號2樓,核准設立,室內裝潢業
48694326,郭憲鈴國際媒體工作室,臺北市中正區重慶南路1段43號7樓之2,核准設立,室內裝潢業
18223340,冠原石材工程行,臺北市大同區敦煌路24巷2弄7號4樓,核准設立,室內裝潢業
38564154,同建工程行,臺北市南港區玉成街201巷23弄1號,核准設立,室內裝潢業
29212550,翼豐工程行,臺北市內湖區成功路3段187巷7號1樓,核准設立,室內裝潢業
26211418,九展企業社,臺北市士林區天母東路1之1號6樓,核准設立,室內裝潢業
31947558,濟鴻裝潢行,臺北市士林區通河街323巷33之5號,核准設立,室內裝潢業
17757562,崧興工程行,臺北市南港區研究院路3段98號1樓,核准設立,室內裝潢業
04601899,今美裝潢行,臺北市中正區仁愛路2段60號1樓,核准設立,室內裝潢業
99969451,鉅綸裝潢工程行,臺北市松山區五常街271號1樓,核准設立,室內裝潢業
78355745,宏南工程行,臺北市中山區民族東路212號2樓,核准設立,室內裝潢業
27166094,永祥工程行,臺北市文山區新光路1段151號1樓,核准設立,室內裝潢業
09699604,標榜企業社,臺北市大安區忠孝東路4段147巷1號9樓,核准設立,室內裝潢業
26355580,永豐油漆工程行,臺北市文山區萬芳路105巷9號6樓,核准設立,室內裝潢業
25563456,力口設計工作室,臺北市中正區紹興北街31巷3號,核准設立,室內裝潢業
73880170,富麗行,臺北市文山區興隆路4段165巷37號1樓,核准設立,室內裝潢業
13846255,翔順工程行,臺北市大同區延平北路4段161號4樓,核准設立,室內裝潢業
14329531,欣城油漆裝潢工程行,臺北市信義區福德街125號1樓,核准設立,室內裝潢業
15640412,威盛鐵門窗工程行,臺北市士林區通河西街2段145號3樓,核准設立,室內裝潢業
48730744,就是設計工作室,臺北市大安區忠孝東路4段333號11樓之1,核准設立,室內裝潢業
10137552,巧藝企業行,臺北市內湖區民權東路6段280巷96號,核准設立,室內裝潢業
25576678,英傑工業社,臺北市士林區社正路83號1樓,核准設立,室內裝潢業
10376482,宏悅企業社,臺北市北投區公館路158號,核准設立,室內裝潢業
13450921,約翰數位影像社,臺北市中山區錦西街23號1樓,核准設立,室內裝潢業
48777064,承泰不袗工程行,臺北市士林區永平街16號1樓,核准設立,室內裝潢業
48868326,尚杰工程行,臺北市北投區民族街39號,核准設立,室內裝潢業
15661324,聖麗景觀園藝工程行,臺北市萬華區成都路133巷2號4樓,核准設立,室內裝潢業
42268401,宏正環境維護企業社,臺北市中山區建國北路3段95號2樓,核准設立,室內裝潢業
38496142,隆德工程行,臺北市內湖區康寧路1段1號3樓,核准設立,室內裝潢業
38576975,鑫泰洋室內裝潢企業社,臺北市士林區文林路661巷39弄12號3樓,核准設立,室內裝潢業
38556470,維克特傢飾館,臺北市中正區泉州街26號1樓,核准設立,室內裝潢業
38457984,鼎紳工程行,臺北市大同區仁愛路3段9號地下1層,核准設立,室內裝潢業
31844618,聯達起重工程行,臺北市萬華區和平西路3段366號(1樓),核准設立,室內裝潢業
48502468,屋太工程行,臺北市萬華區康定路46巷9號6樓之6,核准設立,室內裝潢業
14317681,偉信建材行,臺北市萬華區東園街142號1樓,核准設立,室內裝潢業
38566441,谷德工程行,臺北市萬華區和平西路3段109巷11號3樓,核准設立,室內裝潢業
38552896,雨果伸縮帆布工程行,臺北市文山區保儀路109巷3弄15號,核准設立,室內裝潢業
38555090,展易工程行,臺北市士林區通河西街2段145號3樓,核准設立,室內裝潢業
48890761,博盛水電工程行,臺北市內湖區內湖路1段737巷8弄6號2樓,核准設立,室內裝潢業
48770180,永宏工程行,臺北市信義區嘉興街179之2號,核准設立,室內裝潢業
48698744,宴彤企業社,臺北市信義區基隆路1段400號8樓之3,核准設立,室內裝潢業
38580197,寶進企業社,臺北市信義區忠孝東路5段1-3號14樓,核准設立,室內裝潢業
42270217,億輝冷氣工程行,臺北市南港區中南街74巷18號4樓,核准設立,室內裝潢業
38557941,馨屋居家設計整合工作室,臺北市北投區中央南路1段147號2樓,核准設立,室內裝潢業
48947103,義宏工程行,臺北市文山區興隆路1段70巷11弄17號,核准設立,室內裝潢業
13698655,碧馥邑裝潢工程企業社,臺北市中山區長春路234號1樓,核准設立,室內裝潢業
26211655,一九六工程行,臺北市大安區復興南路1段253巷38號1樓,核准設立,室內裝潢業
26365721,太古工程行,臺北市大同區延平北路2段197號地下,核准設立,室內裝潢業
48535539,愛我企業社,臺北市士林區社中街301號1樓,核准設立,室內裝潢業
48891467,弘宇工程行,臺北市松山區寶清街21之1號9樓,核准設立,室內裝潢業
38569806,狗王企業社,臺北市中山區松江路226巷6號,核准設立,室內裝潢業
27158658,佳薀防水工程行,臺北市中山區新生北路2段58巷26號1樓,核准設立,室內裝潢業
25672118,晨竑企業社,臺北市萬華區萬大路329巷27弄24號,核准設立,室內裝潢業
38564865,展拓工程行,臺北市大安區忠孝東路4段221號12樓,核准設立,室內裝潢業
25654370,錦泰工程行,臺北市北投區中和街493巷14之1號,核准設立,室內裝潢業
25656503,去塵師企業社,臺北市內湖區安康路434巷20弄22號,核准設立,室內裝潢業
17262822,全音域設計企業社,臺北市中山區南京東路3段89巷6號4樓,核准設立,室內裝潢業
29226941,一新實業社,臺北市大同區承德路1段46號10樓,核准設立,室內裝潢業
26359447,永協企業社,臺北市文山區木新路3段232巷7弄10號1樓,核准設立,室內裝潢業
31594230,台灣風管,臺北市文山區新光路1段146號2樓,核准設立,室內裝潢業
48805245,高明子空間設計室,臺北市信義區光復南路521號2樓之2,核准設立,室內裝潢業
25537887,翔景設計工作室,臺北市中山區伊通街106巷13號,核准設立,室內裝潢業
87773039,雅家油漆工程行,臺北市內湖區金湖路46巷15號,核准設立,室內裝潢業
26343781,東新水電行,臺北市南港區東新街10之10號4樓之1,核准設立,室內裝潢業
26217551,昱辰工程行,臺北市松山區南京東路3段256巷20弄5號1樓,核准設立,室內裝潢業
29301526,朗佑室內裝潢工程行,臺北市北投區中央北路3段148巷4弄13號4樓,核准設立,室內裝潢業
48816593,普天設計裝潢社,臺北市大安區瑞安街102號,核准設立,室內裝潢業
25658100,富皏禶~社,臺北市大安區和平東路3段1巷72弄7號2樓,核准設立,室內裝潢業
26363287,?吉工程行,臺北市文山區和興路50號,核准設立,室內裝潢業
31874957,名軒環保工程行,臺北市內湖區康寧路1段156巷36號3樓,核准設立,室內裝潢業
17760089,祺祿水電工程行,臺北市大同區大龍街159巷12號1樓,核准設立,室內裝潢業
25660204,元粹工程行,臺北市文山區興隆路2段339號2樓,核准設立,室內裝潢業
38557506,傑廷企業社,臺北市南港區研究院路2段3之7號1樓,核准設立,室內裝潢業
26370956,宏璟建築設計工作室,臺北市大安區四維路36號,核准設立,室內裝潢業
48558722,昱鋒石材工程企業社,臺北市萬華區萬大路423巷55號1樓,核准設立,室內裝潢業
38556801,財神佛俱行,臺北市松山區八德路4段496號1樓,核准設立,室內裝潢業
31737336,里亞爾空間設計企業社,臺北市信義區基隆路1段127號6樓,核准設立,室內裝潢業
38567201,偉俊工程行,臺北市信義區基隆路1段360號3樓之14,核准設立,室內裝潢業
81751277,偉傑工程行,臺北市文山區木新路3段11號4樓,核准設立,室內裝潢業
17735202,佳樺工程行,臺北市萬華區艋舺大道114號1樓,核准設立,室內裝潢業
38514802,辰揚企業社,臺北市文山區保儀路109巷8號4樓,核准設立,室內裝潢業
31999231,新龍水電工程行,臺北市中正區汀州路1段92巷21號,核准設立,室內裝潢業
38562629,龍邦工程企業社,臺北市南港區舊莊街1段30號2樓,核准設立,室內裝潢業
38472330,萬泰工程行,臺北市大安區復興南路1段279巷4號1樓,核准設立,室內裝潢業
38506465,頤和實業社,臺北市大安區仁愛路4段77號13樓之1,核准設立,室內裝潢業
73884008,和益峰工程行,臺北市南港區舊莊街1段84號1樓,核准設立,室內裝潢業
26532761,文寶工程行,臺北市文山區興隆路4段29巷4弄10號3樓,核准設立,室內裝潢業
31947038,三九房屋仲介實業社,臺北市大安區四維路198巷39弄4號,核准設立,室內裝潢業
25564595,福駿工程行,臺北市中山區新生北路3段43號6樓之16,核准設立,室內裝潢業
38469594,鴻福室內裝修工程行,臺北市中山區南京東路3段189號4樓,核准設立,室內裝潢業
01621610,首都花卉園藝店,臺北市中山區長安西路205號11樓之8,核准設立,室內裝潢業
26368847,偉誠工程行,臺北市信義區基隆路1段360號3樓之14,核准設立,室內裝潢業
38568927,騏成企業社,臺北市內湖區新明路383號,核准設立,室內裝潢業
27194198,富美欣裝潢行,臺北市大安區通安街8號1樓,核准設立,室內裝潢業
25554203,橙奇創意工作室,臺北市松山區光復北路5號6樓之2,核准設立,室內裝潢業
29223260,行一企業社,臺北市大同區歸綏街209號3樓之1,核准設立,室內裝潢業
26246280,極翔發照明工程行,臺北市北投區行義路23巷3號2樓,核准設立,室內裝潢業
38504972,名喬工程行,臺北市大同區酒泉街246巷6號3樓,核准設立,室內裝潢業
38460616,生生工程行,臺北市中山區南京西路1之1號6樓,核准設立,室內裝潢業
48686775,宇豐工程行,臺北市大安區和平東路3段346巷2之1號2樓,核准設立,室內裝潢業
38469460,益民工程行,臺北市北投區一德街12號,核准設立,室內裝潢業
29235884,紘昇工程行,臺北市萬華區雅江街85號,核准設立,室內裝潢業
27177938,榮成工程行,臺北市中正區牯嶺街95巷83號,核准設立,室內裝潢業
81689963,峻昇工程行,臺北市北投區育仁路60號,核准設立,室內裝潢業
99634694,佳可得傢飾布商行,臺北市文山區景福街36號1樓,核准設立,室內裝潢業
38501270,竺?工程行,臺北市中山區中山北路2段115巷43號5樓之4,核准設立,室內裝潢業
31849867,翔慶室內裝修工程行,臺北市士林區忠義街95號地下,核准設立,室內裝潢業
26244071,惟新企業社,臺北市松山區三民路108號4樓之12,核准設立,室內裝潢業
48859683,日亞企業社,臺北市中山區松江路204巷32號,核准設立,室內裝潢業
18691913,志誠電氣工程行,臺北市大安區金山南路2段31巷39號1樓,核准設立,室內裝潢業
26516679,楙森制作設計工作室,臺北市內湖區江南街71巷75弄8號6樓,核准設立,室內裝潢業
25575903,華新歐化廚具企業社,臺北市北投區中和街493巷3弄18號5樓,核准設立,室內裝潢業
48851275,譽興工程行,臺北市文山區興隆路2段95巷5號,核准設立,室內裝潢業
10391575,承峰園藝社,臺北市北投區光明路188之3號3樓,核准設立,室內裝潢業
26347196,常民空間整合工作室,臺北市萬華區長泰街272號,核准設立,室內裝潢業
26336705,酷碧兒冷氣工程行,臺北市中正區水源路39之4號,核准設立,室內裝潢業
31863874,夢興工程行,臺北市文山區興隆路1段175號,核准設立,室內裝潢業
25540659,三心環保實業行,臺北市南港區昆陽街48巷3弄25號,核准設立,室內裝潢業
26245022,築工設計工作室,臺北市大安區敦化南路2段207號16樓,核准設立,室內裝潢業
38502073,杰輝企業社,臺北市內湖區內湖路1段323巷25號4樓,核准設立,室內裝潢業
38509189,勝崴工程行,臺北市大同區保安街72巷17之1號,核准設立,室內裝潢業
25567946,志星工程行,臺北市大安區復興南路2段185之2號,核准設立,室內裝潢業
38496327,兆元企業社,臺北市文山區辛亥路4段101巷85之6號1樓,核准設立,室內裝潢業
73888594,冠祥企業社,臺北市內湖區康樂街110巷9號5樓,核准設立,室內裝潢業
26340089,大順發工程社,臺北市北投區公館路410號,核准設立,室內裝潢業
25572384,宇澄工程行,臺北市大安區杭州南路2段7號2樓,核准設立,室內裝潢業
30248394,?創家私行,臺北市中正區南昌路2段69號,核准設立,室內裝潢業
38559357,墨點商行,臺北市萬華區貴陽街2段10號1樓,核准設立,室內裝潢業
38557837,良駿工程行,臺北市北投區振華街1號1樓,核准設立,室內裝潢業
73881500,神鼎工程行,臺北市文山區羅斯福路6段12號4樓,核准設立,室內裝潢業
17769342,鼎豪室內裝修設計工程行,臺北市北投區中央北路4段124號1樓,核准設立,室內裝潢業
25554463,紘華工程行,臺北市北投區中央北路4段142巷2之1號2樓,核准設立,室內裝潢業
26237986,毅勃石室工程行,臺北市士林區士東路46巷5之1號6樓,核准設立,室內裝潢業
99348860,友達家具沙發裝潢行,臺北市士林區中山北路6段157巷18號1樓,核准設立,室內裝潢業
99966139,祐德玻璃工程行,臺北市中山區民權東路3段75巷2弄9號1樓,核准設立,室內裝潢業
26348097,義大企業社,臺北市南港區忠孝東路6段437號3樓,核准設立,室內裝潢業
26369493,駿誠廣告企業社,臺北市南港區東明街1巷9號2樓,核准設立,室內裝潢業
10386989,成淵工程行,臺北市士林區通河西街1段135號3樓之2,核准設立,室內裝潢業
31905086,阿拉法室內裝修工作室,臺北市南港區中坡北路50巷19號4樓,核准設立,室內裝潢業
31860927,偉力企業社,臺北市信義區忠孝東路5段1之6號10樓,核准設立,室內裝潢業
08591871,欽隆水電行,臺北市內湖區內湖路1段600巷6號,核准設立,室內裝潢業
38563161,嶄鑫工程行,臺北市北投區溫泉路71號地下2樓之4,核准設立,室內裝潢業
38464090,云誠工程行,臺北市中山區江山里復興北路280巷2號,核准設立,室內裝潢業
31594230,台灣風管,臺北市文山區新光路1段146號2樓,核准設立,室內裝潢業
14716483,建寬工程行,臺北市南港區研究院路3段29號,核准設立,室內裝潢業
10382175,大三實業行,臺北市信義區吳興街156巷41之1號4樓,核准設立,室內裝潢業
31877429,海玄工程行,臺北市北投區崇仁路1段94號,核准設立,室內裝潢業
38564534,廣日安企業社,臺北市北投區湖山路1段11巷2號,核准設立,室內裝潢業
48839998,橋煌工程工作室,臺北市萬華區武成街63巷31號,核准設立,室內裝潢業
31503219,瑞釧企業社,臺北市大同區重慶北路2段117號12樓,核准設立,室內裝潢業
25668579,綠野仙蹤工作室,臺北市士林區通河西街2段126號10樓之1,核准設立,室內裝潢業
80991550,中二水電行,臺北市大安區忠孝東路3段251巷9弄14號,核准設立,室內裝潢業
38496207,榮建水電企業社,臺北市內湖區成功路2段432號5樓,核准設立,室內裝潢業
48755195,杰克實業社,臺北市士林區中正路690之2號,核准設立,室內裝潢業
25663309,千川工程行,臺北市北投區中和街274號,核准設立,室內裝潢業
25559690,力政起重工程行,臺北市內湖區內湖路3段343巷2弄9號3樓,核准設立,室內裝潢業
26361725,群興布行,臺北市大同區迪化街1段21號永樂公有市場3樓第3003號攤位,核准設立,室內裝潢業
48826781,銘晟企業社,臺北市中山區龍江路412巷5號,核准設立,室內裝潢業
99643981,弘茂工程行,臺北市士林區士商路112號4樓,核准設立,室內裝潢業
25582762,炬曜企業社,臺北市萬華區寶興街80巷35號,核准設立,室內裝潢業
31854832,夢想傢飾坊,臺北市南港區福德街312號2樓,核准設立,室內裝潢業
26361485,佳興特裝潢工程行,臺北市內湖區文德路22巷29弄1號,核准設立,室內裝潢業
99756083,程品工程企業社,臺北市萬華區興寧街66巷22弄20之1號5樓,核准設立,室內裝潢業
21709607,日昇室內設計裝潢工程行,臺北市中正區寧波西街254號1樓,核准設立,室內裝潢業
99059241,德宜企業行,臺北市萬華區長泰街297巷16號7樓,核准設立,室內裝潢業
26357383,春樹企業社,臺北市士林區重慶北路4段220巷21弄11號,核准設立,室內裝潢業
99990031,岳宸工程行,臺北市大安區忠孝東路4段278號12樓,核准設立,室內裝潢業
13465889,東采室內裝修設計工作室,臺北市信義區黎安里和平東路3段523號,核准設立,室內裝潢業
41064409,榮碩室內裝修工程行,臺北市大同區華陰街227巷7號,核准設立,室內裝潢業
10314661,榳擎設計工作室,臺北市松山區南京東路4段56號10樓之6,核准設立,室內裝潢業
14322707,派對王會場佈置商店,臺北市士林區社中街308號1樓,核准設立,室內裝潢業
95882355,物外不遷設計工作室,臺北市大安區四維路176巷12號,核准設立,室內裝潢業
38564035,忠宬企業社,臺北市萬華區康定路192號2樓,核准設立,室內裝潢業
17259376,斑斑視覺創意工作室,臺北市大同區承德路3段229號7樓之5,核准設立,室內裝潢業
94906231,三學同設計工作室,臺北市信義區嘉興街267號,核准設立,室內裝潢業
38566723,興盛發工程行,臺北市中正區忠孝西路1段72號9樓之11,核准設立,室內裝潢業
26370415,世程工程行,臺北市中山區民權東路3段57號3樓,核准設立,室內裝潢業
48732975,陳記工程行,臺北市北投區中央北路2段295號1樓,核准設立,室內裝潢業
01680119,旭日工程行,臺北市北投區大同街343號,核准設立,室內裝潢業
26240589,瑞晟水電行,臺北市信義區松山路541巷18號,核准設立,室內裝潢業
94909526,福勝企業社,臺北市士林區社中街210巷24號1樓,核准設立,室內裝潢業
21761217,文魁工程行,臺北市萬華區艋舺大道120巷30號4樓,核准設立,室內裝潢業
42270589,欣盛企業社,臺北市大同區酒泉街30號1樓,核准設立,室內裝潢業
80995541,協聲水電行,臺北市士林區中山北路7段190巷6號1樓,核准設立,室內裝潢業
29239501,大琳藝術工作室,臺北市士林區中社路2段15號2樓,核准設立,室內裝潢業
38465226,典翊企業社,臺北市大安區富陽街108巷2號1樓,核准設立,室內裝潢業
25543608,尚由消防安全企業社,臺北市中山區中原街22號,核准設立,室內裝潢業
66983072,巧思工程行,臺北市士林區文林北路72號,核准設立,室內裝潢業
26365356,老師父企業社,臺北市大安區通化街123巷38號,核准設立,室內裝潢業
01595704,華麗行,臺北市信義區忠孝東路5段372巷27弄53號3樓,核准設立,室內裝潢業
31700366,六合展業社,臺北市萬華區開封街2段81號4樓之4,核准設立,室內裝潢業
26235333,蔡思棣設計工作室,臺北市文山區萬芳路107巷7號11樓,核准設立,室內裝潢業
10318596,奕翔企業社,臺北市士林區中正路696號7樓,核准設立,室內裝潢業
38581652,承洋工程行,臺北市北投區承德路7段344巷13號2樓,核准設立,室內裝潢業
13838760,歐亞室內裝璜企業社,臺北市士林區士東路266巷6弄11號地下樓,核准設立,室內裝潢業
01836400,精格企業社,臺北市士林區德行東路316號1樓,核准設立,室內裝潢業
31854951,昇崋隔熱紙行,臺北市中山區松江路562號,核准設立,室內裝潢業
26354463,英富工程行,臺北市北投區溫泉路68巷6弄15之1號2樓,核准設立,室內裝潢業
31953360,美和工程行,臺北市信義區福德街268巷5弄18號3樓,核准設立,室內裝潢業
48891494,麗門企業社,臺北市中正區漢口街2段78號,核准設立,室內裝潢業
99948153,良裕工程行,臺北市萬華區中華路2段416巷1號3樓之1,核准設立,室內裝潢業
26344085,慶鴻室內裝修企業社,臺北市松山區南京東路4段21號4樓之1,核准設立,室內裝潢業
08566330,嘉型工程行,臺北市文山區興隆路3段207巷16弄10號,核准設立,室內裝潢業
38462558,九碩室內裝修規劃實業社,臺北市中正區忠孝西路1段7號5樓之4,核准設立,室內裝潢業
42268520,全能隔熱紙行,臺北市萬華區西藏路223號1樓,核准設立,室內裝潢業
31865839,岳勳工程行,臺北市北投區文化三路23號2樓,核准設立,室內裝潢業
48907566,全能工程行,臺北市北投區中央北路4段138巷8號5樓,核准設立,室內裝潢業
14340424,銘勝鐵工所,臺北市北投區中央南路2段115號1樓,核准設立,室內裝潢業
26252352,金順發工程行,臺北市信義區基隆路1段155號5樓之9,核准設立,室內裝潢業
30277685,宥憬工程行,臺北市中山區民權東路1段58巷13號1樓,核准設立,室內裝潢業
38510664,九磊工程行,臺北市松山區新東街3巷1號1樓,核准設立,室內裝潢業
17084974,鑫鎂設計室內裝修工程行,臺北市信義區基隆路1段143號6樓之7,核准設立,室內裝潢業
26362463,稷富裝潢企業社,臺北市南港區舊莊街1段212巷6號,核准設立,室內裝潢業
31865850,泰豐工程行,臺北市萬華區成都路135號4樓之2,核准設立,室內裝潢業
13826286,良柏工程行,臺北市中山區農安街28之1號3樓之2,核准設立,室內裝潢業
31862093,宸揚工程行,臺北市士林區社中街297號3樓,核准設立,室內裝潢業
31844602,名將起重工程行,臺北市南港區興南街60巷9之1號2樓,核准設立,室內裝潢業
31850765,姿瑞企業社,臺北市中山區長安東路2段36巷9號地下,核准設立,室內裝潢業
31948509,勝發工程行,臺北市士林區格致路20巷1號2樓之7,核准設立,室內裝潢業
25574637,潤泰企業社,臺北市萬華區萬大路322巷28號,核准設立,室內裝潢業
99643912,宏龍工程行,臺北市中山區長安東路2段142號7樓之2,核准設立,室內裝潢業
38503848,迷你影像製作工作室,臺北市南港區研究院路2段12巷58弄7號2樓,核准設立,室內裝潢業
78208857,湮錄工程行,臺北市南港區成福路149巷5弄6號,核准設立,室內裝潢業
30360728,總世傑企業社,臺北市中山區民生西路16號9樓之2,核准設立,室內裝潢業
21716712,景傑利企業社,臺北市松山區八德路3段106巷56號1樓,核准設立,室內裝潢業
31882154,天闊工程行,臺北市北投區中央北路3段272號2樓,核准設立,室內裝潢業
98914887,百韻工坊,臺北市松山區南京東路4段93號2樓,核准設立,室內裝潢業
26364758,秉克斯設計工作室,臺北市內湖區康樂街136巷29弄1號5樓,核准設立,室內裝潢業
31952881,名耀室內裝修工程行,臺北市萬華區環河南路2段100巷5號5樓,核准設立,室內裝潢業
25562436,正馨工程行,臺北市內湖區江南街107巷2號,核准設立,室內裝潢業
13848211,天揚衛生工程行,臺北市文山區忠順街2段100號6樓,核准設立,室內裝潢業
10602945,英德利工程行,臺北市萬華區水源路207之6號2樓,核准設立,室內裝潢業
31954332,李岭裝潢設計工作室,臺北市萬華區西藏路281號2樓,核准設立,室內裝潢業
27189879,冠德工程行,臺北市文山區保儀路109巷3弄22號,核准設立,室內裝潢業
38577637,巢空間創意設計工作室,臺北市文山區萬寧街8號2樓,核准設立,室內裝潢業
38578777,擎利企業社,臺北市中正區忠孝東路1段15號5樓,核准設立,室內裝潢業
38558272,哲雄工程行,臺北市萬華區和平西路3段339號3樓,核准設立,室內裝潢業
26360330,葵寶樹貿易行,臺北市松山區民生東路5段166號1樓,核准設立,室內裝潢業
26213372,賢發企業社,臺北市文山區景福街3巷7號1樓,核准設立,室內裝潢業
77855644,六月十六設計工作室,臺北市信義區松山路306號2樓,核准設立,室內裝潢業
38572400,陳亞孚空間設計工作室,臺北市南港區園區街58巷3號9樓,核准設立,室內裝潢業
25599763,景德鎮傢俱裝潢行,臺北市大同區環河北路2段281號,核准設立,室內裝潢業
15885106,啟新室內裝修工程行,臺北市大安區通化街38巷21號1樓,核准設立,室內裝潢業
31402253,祥鼎工程行,臺北市萬華區東園街28巷50之6號,核准設立,室內裝潢業
99355123,瑞翔廣告社,臺北市信義區吳興街445號1樓,核准設立,室內裝潢業
38514063,明鑫工程行,臺北市松山區南京東路5段59巷29弄25號3樓,核准設立,室內裝潢業
38558435,興益旺企業社,臺北市士林區文昌路14號2樓,核准設立,室內裝潢業
48683587,任真設計企業社,臺北市士林區中山北路6段427巷6弄10號2樓,核准設立,室內裝潢業
10335814,佳能企業社,臺北市中山區民生東路1段96號1樓,核准設立,室內裝潢業
01816278,藝文工藝企業社,臺北市士林區延平北路7段177巷30號,核准設立,室內裝潢業
14331451,星晟工程行,臺北市信義區吳興街432巷118之11號2樓,核准設立,室內裝潢業
48762484,原采視覺工作室,臺北市南港區重陽路547號6樓,核准設立,室內裝潢業
25577281,冠泉工程行,臺北市文山區福興路4巷5號2樓,核准設立,室內裝潢業
10303025,嘉銘企業社,臺北市大安區龍泉街61號,核准設立,室內裝潢業
31873970,財盛工程行,臺北市文山區秀明路2段76號,核准設立,室內裝潢業
25581052,大棋企業社,臺北市中山區林森北路50號3樓之6,核准設立,室內裝潢業
31961256,蔡念孝空間設計工作室,臺北市大安區忠孝東路4段333號7樓之1,核准設立,室內裝潢業
17735316,元兆工程行,臺北市中山區吉林路407巷44號4樓,核准設立,室內裝潢業
38505389,探子設計實驗室,臺北市大同區鄭州路55號3樓,核准設立,室內裝潢業
31842674,御亨設計工程行,臺北市北投區公館路145巷4弄6號2樓,核准設立,室內裝潢業
25565813,享奇工程行,臺北市士林區環河北路3段171號,核准設立,室內裝潢業
31864944,黃禾廣告設計實業社,臺北市中山區建國北路2段262號3樓,核准設立,室內裝潢業
31851167,山泉工程行,臺北市士林區社中街231巷28號4樓,核准設立,室內裝潢業
83914924,進峰工程行,臺北市松山區光復北路157號1樓,核准設立,室內裝潢業
92902857,譚精忠室內設計工作室,臺北市松山區南京東路5段59巷29之16號1樓,核准設立,室內裝潢業
99358536,鼎豐木業行,臺北市大安區新生南路1段165巷3號1樓,核准設立,室內裝潢業
48823314,金興隆工程行,臺北市文山區興隆路2段130巷19號,核准設立,室內裝潢業
31865198,晨翔水電工程行,臺北市大安區大安路1段96巷3號,核准設立,室內裝潢業
09606182,造鴻工程行,臺北市內湖區內湖路1段205號,核准設立,室內裝潢業
17759196,誌恩禮儀社,臺北市文山區興隆路4段32號,核准設立,室內裝潢業
38501905,石神工程行,臺北市萬華區昆明街46號7樓之47,核准設立,室內裝潢業
38570037,勤邑工程行,臺北市北投區永興路1段32巷9號2樓,核准設立,室內裝潢業
25538605,朝旭工程行,臺北市南港區南港路3段106巷6弄8號3樓,核准設立,室內裝潢業
21741607,尚益實業裝潢行,臺北市中山區新生北路3段84巷9號2樓之1,核准設立,室內裝潢業
99972250,蔣京企業社,臺北市內湖區大湖山莊街218號8樓,核准設立,室內裝潢業
99357184,煒立企業社,臺北市北投區中央南路1段46號1樓,核准設立,室內裝潢業
17740325,程威室內設計工作室,臺北市中山區長春路81號2樓,核准設立,室內裝潢業
31873417,台灣夢想國際企業社,臺北市松山區復興北路453號1樓,核准設立,室內裝潢業
31934786,鑄木設計工作室,臺北市大安區安和路2段71巷8號,核准設立,室內裝潢業
99608513,圓邦企業社,臺北市士林區延平北路5段136巷27弄21號,核准設立,室內裝潢業
25580167,僑富工程行,臺北市中山區中原街9號,核准設立,室內裝潢業
14741981,上億工程行,臺北市大安區延吉街131巷1弄36號1樓,核准設立,室內裝潢業
98897254,昇樺隔熱紙行,臺北市南港區南港路3段236號,核准設立,室內裝潢業
25542235,盛得工程行,臺北市萬華區萬大路423巷30弄15號7樓,核准設立,室內裝潢業
31950173,璽園建設開發企業社,臺北市內湖區基湖路10巷46號5樓,核准設立,室內裝潢業
38569637,潮作傢飾行,臺北市大安區信義路4段400巷6弄2號1樓,核准設立,室內裝潢業
38575589,以勒工程行,臺北市大安區忠孝東路3段249號3樓,核准設立,室內裝潢業
18377816,漢亮傢俱店,臺北市大安區信義路4段199巷17號,核准設立,室內裝潢業
26214843,宇明企業社,臺北市萬華區西寧南路63號9樓,核准設立,室內裝潢業
37866954,帆陞企業社,臺北市中山區南京東路2段137號14樓,核准設立,室內裝潢業
02130417,所羅門廣告,臺北市中山區民生西路16號11樓之3,核准設立,室內裝潢業
02363457,駿宏企業社,臺北市信義區忠孝東路5段1之10號11樓,核准設立,室內裝潢業
18399635,臻興裝璜工程行,臺北市北投區立功街79巷5號1樓,核准設立,室內裝潢業
26374496,佳泓裝璜工程行,臺北市內湖區內湖路2段179巷46弄39號1樓,核准設立,室內裝潢業
38560495,雅登工程行,臺北市北投區義理街72號2樓,核准設立,室內裝潢業
48502447,鴻正企業社,臺北市文山區興隆路2段247號1樓,核准設立,室內裝潢業
48874734,松虹油漆行,臺北市內湖區康寧路1段156巷9弄9號4樓,核准設立,室內裝潢業
48750831,皇興工程行,臺北市中山區長春路258巷6號7樓之11,核准設立,室內裝潢業
31847072,鉅晟室內裝修工程行,臺北市大安區光復南路420巷1弄39號,核准設立,室內裝潢業
17766041,宏鎰企業社,臺北市北投區崇仁路1段45號,核准設立,室內裝潢業
38559700,川和室內裝修工程工作室,臺北市文山區樟新街8巷26號3樓,核准設立,室內裝潢業
38469139,皇圖工程行,臺北市大安區信義路4段184號9樓,核准設立,室內裝潢業
38501617,君毅工程行,臺北市大安區羅斯福路2段79號5樓之6,核准設立,室內裝潢業
13828334,家齊企業社,臺北市大安區敦化南路1段376號2樓,核准設立,室內裝潢業
25551120,祥進工程行,臺北市南港區合順街8巷7弄16號3樓,核准設立,室內裝潢業
10663251,環宇精密工程行,臺北市南港區富康街1巷4號4樓,核准設立,室內裝潢業
21717629,顏舍空間設計工作室,臺北市大安區和平東路3段106號3樓之10,核准設立,室內裝潢業
31963515,瓦特設計工作室,臺北市內湖區南京東路6段350之2號8樓之2,核准設立,室內裝潢業
01484221,立吉事業坊,臺北市中正區中華路2段381巷15弄9號,核准設立,室內裝潢業
38499680,游移美術館,臺北市中山區中山北路2段42巷4號1至3樓,核准設立,室內裝潢業
26252521,金鼎工程行,臺北市大同區昌吉街121號,核准設立,室內裝潢業
42270693,利群實業社,臺北市士林區重慶北路4段41號1樓,核准設立,室內裝潢業
39973754,浤博創意設計工作室,臺北市大同區環河北路1段347號3樓,核准設立,室內裝潢業
31855207,詠鈞工程行,臺北市文山區興隆路4段49之10號2樓,核准設立,室內裝潢業
25547040,共是廣告工作室,臺北市文山區恆光街51巷32號,核准設立,室內裝潢業
26250740,慧邦工程行,臺北市中正區師大路170號2樓,核准設立,室內裝潢業
26361020,罌粟工程行,臺北市北投區民族街10號2樓,核准設立,室內裝潢業
38472824,鑫豪工程行,臺北市大安區市民大道3段308號2樓,核准設立,室內裝潢業
17524918,日龍工程行,臺北市內湖區安康路336巷3號3樓,核准設立,室內裝潢業
31864114,高倢工程行,臺北市士林區延平北路7段106巷132弄8號,核准設立,室內裝潢業
26338801,巨漢工程行,臺北市信義區吳興街118巷16弄4號,核准設立,室內裝潢業
01358548,雅祥室內裝修設計行,臺北市北投區公館路61號1樓,核准設立,室內裝潢業
01378805,新泉興裝潢行,臺北市北投區大興街56號,核准設立,室內裝潢業
38503642,明旺工程行,臺北市信義區虎林街100巷45號,核准設立,室內裝潢業
10322368,翔力企業社,臺北市松山區富錦街501號,核准設立,室內裝潢業
41070606,創升工程行,臺北市內湖區東湖路160巷10弄20號4樓,核准設立,室內裝潢業
31848451,簡簡設計工程行,臺北市文山區興隆路4段110號5樓,核准設立,室內裝潢業
31856058,榮展工程行,臺北市中山區撫順街26號2樓之1,核准設立,室內裝潢業
48995667,啟發室內裝修工程行,臺北市萬華區東園街14巷8號4樓,核准設立,室內裝潢業
08608198,巨喬企業社,臺北市內湖區內湖路2段110號1樓,核准設立,室內裝潢業
31858106,開暘企業社,臺北市南港區舊莊街1段145巷6弄13號,核准設立,室內裝潢業
38501953,弘鈺工程行,臺北市中正區衡陽路108號2樓,核准設立,室內裝潢業
17261990,金鴻沙發裝璜行,臺北市士林區中山北路5段815號1樓,核准設立,室內裝潢業
48754843,大九工程行,臺北市信義區大道路65巷11號3樓,核准設立,室內裝潢業
31848109,固佳工程行,臺北市士林區福國路56巷2號5樓,核准設立,室內裝潢業
25651726,永勝企業行,臺北市士林區重慶北路4段81號3樓之7,核准設立,室內裝潢業
36011348,信輝工程行,臺北市內湖區康樂街109號1樓,核准設立,室內裝潢業
99984811,高第廣告企業社,臺北市松山區延壽街84號,核准設立,室內裝潢業
17088747,明亮在山上創意企業社,臺北市南港區向陽路258巷5號,核准設立,室內裝潢業
31849016,呈泓企業社,臺北市北投區大興街9巷51號3樓,核准設立,室內裝潢業
01749855,大華油漆工程行,臺北市大安區師大路111號,核准設立,室內裝潢業
31951882,宇珀工程行,臺北市松山區南京東路4段197號7樓,核准設立,室內裝潢業
10347656,大今水電工程行,臺北市信義區吳興街156巷65弄5號,核准設立,室內裝潢業
26249907,崑琳工程行,臺北市士林區菁山路22號,核准設立,室內裝潢業
26726035,郝鄰居企業社,臺北市大同區環河北路2段95號,核准設立,室內裝潢業
48839250,宏?工程行,臺北市內湖區內湖路1段91巷90號3樓,核准設立,室內裝潢業
26372510,營碩工程行,臺北市信義區信義路5段150巷445弄1號,核准設立,室內裝潢業
09693480,力綺工程行,臺北市中山區長春路15號3樓,核准設立,室內裝潢業
48559519,華家玻璃工程行,臺北市北投區致遠二路113巷5號,核准設立,室內裝潢業
48999214,玄皇工程行,臺北市文山區興隆路3段192巷8弄42號,核准設立,室內裝潢業
10382941,伍力工程行,臺北市中山區北安路670巷9號,核准設立,室內裝潢業
14317583,笙隆工程行,臺北市北投區致遠一路2段74號1樓,核准設立,室內裝潢業
38572632,振鼎工程行,臺北市中山區林森北路259巷9號5樓之14,核准設立,室內裝潢業
20803576,國保兄弟裝潢行,臺北市松山區八德路4段245巷27號1樓,核准設立,室內裝潢業
99955506,惠華空間景觀設計坊,臺北市中山區長安東路2段118之3號1樓,核准設立,室內裝潢業
38575693,瓦提傢俱行,臺北市大安區文昌街183號,核准設立,室內裝潢業
99354784,昱安工程行,臺北市南港區昆陽街140巷9號3樓,核准設立,室內裝潢業
31869906,銓鎰工程行,臺北市北投區中央北路3段40巷34弄3號3樓,核准設立,室內裝潢業
01198016,建揚水電行,臺北市松山區敦化北路4巷31號,核准設立,室內裝潢業
14337119,菁藝工程行,臺北市中山區林森北路147號6樓之2,核准設立,室內裝潢業
21777914,定鑫裝璜工程行,臺北市萬華區武成街7號1樓,核准設立,室內裝潢業
38553585,分寸室內裝修企業社,臺北市中山區八德路2段88巷5號4樓,核准設立,室內裝潢業
31953729,勤美園藝工程行,臺北市內湖區康寧路3段189巷85號2樓,核准設立,室內裝潢業
26362647,新將服飾行,臺北市萬華區西寧南路70號2樓之30,核准設立,室內裝潢業
18408769,劍橋設計工作室,臺北市松山區新東街30巷8號,核准設立,室內裝潢業
17739328,欣昌工程行,臺北市內湖區成功路2段268號1樓,核准設立,室內裝潢業
92908640,立德工程行,臺北市內湖區康樂街48巷16號,核准設立,室內裝潢業
48582899,好個工作室,臺北市文山區辛亥路4段101巷140弄29號,核准設立,室內裝潢業
48883446,三日月家飾店,臺北市士林區中山北路7段36號1樓,核准設立,室內裝潢業
17774437,古特設計工作室,臺北市信義區忠孝東路4段553巷34號1樓,核准設立,室內裝潢業
10601214,源清工程行,臺北市北投區自強街5巷56號,核准設立,室內裝潢業
01582258,承航室內裝修工程行,臺北市南港區成福路212號5樓,核准設立,室內裝潢業
48701608,義興成工程行,臺北市大安區通化街39巷50弄70號1樓,核准設立,室內裝潢業
99328908,精元企業社,臺北市南港區舊庄街1段66號1樓,核准設立,室內裝潢業
25577064,佳盛清潔服務社,臺北市北投區新民路1巷8號5樓之3,核准設立,室內裝潢業
99987373,宇星空間室內裝修工作室,臺北市中正區汀州路1段92巷3號1樓,核准設立,室內裝潢業
38567878,廣怡工程行,臺北市北投區明德路215巷2弄4號4樓,核准設立,室內裝潢業
26214175,石家莊工程行,臺北市北投區立農街1段252號2樓,核准設立,室內裝潢業
48890278,益禎工程行,臺北市中正區延平南路61號9樓之5,核准設立,室內裝潢業
26234284,賴氏水車工程行,臺北市北投區石牌路1段17號,核准設立,室內裝潢業
48686888,一峰企業社,臺北市文山區辛亥路4段166巷26弄2之2號1樓,核准設立,室內裝潢業
38571599,立安工程行,臺北市大同區華陰街277巷7號,核准設立,室內裝潢業
48773927,廣樹工程行,臺北市文山區新光路1段160號1樓,核准設立,室內裝潢業
26338730,寶翔工程行,臺北市中山區南京東路3段189號10樓,核准設立,室內裝潢業
31849199,譓矷工程行,臺北市信義區忠孝東路5段372巷27弄8號3樓,核准設立,室內裝潢業
01591741,空間工作室,臺北市萬華區中華路2段16號3樓之1,核准設立,室內裝潢業
26208429,宗冠裝潢工程行,臺北市士林區延平北路5段163巷26弄22號2樓,核准設立,室內裝潢業
31853812,上和立企業社,臺北市中山區南京東路3段189號8樓,核准設立,室內裝潢業
31843408,金溪興業行,臺北市信義區永吉路321巷14號,核准設立,室內裝潢業
05025634,大吉利搬家貨運行,臺北市南港區研究院路2段70巷17弄1號,核准設立,室內裝潢業
25521371,友貴通企業社,臺北市松山區民生東路4段112巷5弄12號4樓,核准設立,室內裝潢業
13795925,桂祿工程行,臺北市內湖區康樂街136巷18弄3號5樓,核准設立,室內裝潢業
38510860,鼎臻傳統藝術坊,臺北市北投區東華街2段92號7樓之1,核准設立,室內裝潢業
17750511,材?裝璜材料行,臺北市北投區致遠一路1段56號1樓,核准設立,室內裝潢業
26374313,北宜工作室,臺北市大安區辛亥路3段3號4樓之2,核准設立,室內裝潢業
48936400,亨佳工程行,臺北市北投區公館路340巷6號,核准設立,室內裝潢業
38514937,昶國工程行,臺北市北投區中央北路3段272號2樓,核准設立,室內裝潢業
29238448,超函地板工程行,臺北市大安區復興南路2段180巷18號1樓,核准設立,室內裝潢業
48983304,翼舍設計工作室,臺北市信義區莊敬路341巷14號,核准設立,室內裝潢業
48845289,揚名企業社,臺北市中山區長安東路1段16號10樓之4,核准設立,室內裝潢業
77510059,達新清潔油漆企業社,臺北市士林區延平北路七段106巷327弄臨59號,核准設立,室內裝潢業
38509857,定盛工程行,臺北市文山區福興路63巷4弄16號2樓,核准設立,室內裝潢業
31865042,天和國際工作室,臺北市信義區松德路161號8樓之1,核准設立,室內裝潢業
26348049,鴻與室內設計,臺北市中山區新生北路1段98號,核准設立,室內裝潢業
27180119,歐萊特室內裝修設計工程行,臺北市文山區一壽街20巷11號5樓,核准設立,室內裝潢業
38464155,松緯工程行,臺北市信義區松德路65號11樓之2,核准設立,室內裝潢業
25658994,義昇裝潢工程行,臺北市內湖區康樂街136巷30弄2號5樓,核准設立,室內裝潢業
31863500,太陽光企業社,臺北市士林區莊頂路131號,核准設立,室內裝潢業
14339448,大信工程行,臺北市大安區復興南路1段85號1樓,核准設立,室內裝潢業
48857117,東大工坊,臺北市南港區興南街60巷23號4樓,核准設立,室內裝潢業
