25656601,荃時工程行,臺北市萬華區雙和街98號4樓,建材零售業
70979938,優墾產銷商行,臺北市大安區忠孝東路3段136號10樓之3,建材零售業
26343298,毓凡空間設計坊,臺北市文山區羅斯福路6段5號,建材零售業
38473056,聚鑫工程行,臺北市中正區北平東路20號3樓,建材零售業
25577803,分享工房,臺北市內湖區星雲街168巷43號3樓之1,建材零售業
25657030,大佳玻璃工程行,臺北市中山區龍江路377巷1號5樓,建材零售業
31874422,闊喜工房,臺北市信義區基隆路2段22號6樓之6,建材零售業
48764791,協進企業社,臺北市士林區和豐街13號,建材零售業
31862410,角落工作室,臺北市松山區南京東路3段285號7樓,建材零售業
48718191,南迴五金行,臺北市文山區新光路1段159巷5號2樓,建材零售業
99362948,崢簧行,臺北市中正區同安街47號1樓,建材零售業
31552941,鈺山企業社,臺北市內湖區民權東路6段47巷10弄6號,建材零售業
18404285,九九室內裝修設計工作室,臺北市大安區安東街50之2號5樓,建材零售業
48771625,展銘鋁門窗行,臺北市萬華區環河南路2段125巷7弄20號,建材零售業
26365139,順發袋業行,臺北市文山區集英街20號,建材零售業
04734292,今泰門窗行,臺北市南港區成福路269巷1之4號,建材零售業
01696034,佳麗室內裝修工程行,臺北市文山區羅斯福路5段116號1樓,建材零售業
26374622,嘉聯工程行,臺北市內湖區康寧路1段192號,建材零售業
17749584,豪恩工程行,臺北市信義區光復南路419巷145號1樓,建材零售業
31963677,正裕保溫工程行,臺北市中山區建國北路三段175號3樓,建材零售業
31872206,北極熊系統家居實業社,臺北市文山區興隆路1段123號,建材零售業
26231630,誠億玻璃行,臺北市萬華區萬大路237巷10弄19之1號1樓,建材零售業
26374637,尚欣工程行,臺北市內湖區成功路4段1號3樓,建材零售業
42271118,新詠鴻冷氣工程行,臺北市大安區和平東路3段63號8樓,建材零售業
38559455,石尚石材行,臺北市南港區八德路4段891號3樓,建材零售業
99624366,巧修家工程行,臺北市士林區延平北路5段182號4樓,建材零售業
13828215,福越工程行,臺北市中山區南京東路3段189號4樓,建材零售業
17280217,合泰工程行,臺北市中山區雙城街49巷6號1樓,建材零售業
31958610,奕昇廣告設計行,臺北市信義區光復南路505號4樓之3,建材零售業
26212227,邑覲空間設計工作室,臺北市內湖區金龍路238號5樓,建材零售業
48879082,昌達工程行,臺北市北投區中央北路2段237巷11號1樓,建材零售業
10372752,雅客賽思照明工作室,臺北市內湖區成功路2段312巷21號,建材零售業
99348382,曼琳花坊,臺北市士林區福志路24號1樓,建材零售業
17737320,國強五金建材行,臺北市松山區松山路651號1樓,建材零售業
10648421,耀鋒企業社,臺北市中正區許昌街42之1號10樓,建材零售業
13366065,潔安特企業社,臺北市萬華區昆明街46號7樓之41,建材零售業
21725661,大沅工程行,臺北市文山區萬和街8號2樓之6,建材零售業
07013206,三共木器行,臺北市大同區寧夏路120之1號1樓,建材零售業
48635832,欣茂企業社,臺北市大同區昌吉街61巷11號1樓,建材零售業
48956904,泰多室內裝修設計工程行,臺北市大安區延吉街70巷2弄5號,建材零售業
31951807,洋成建材行,臺北市文山區木柵路4段18號,建材零售業
01785417,上興工程行,臺北市大安區樂業街146號1樓,建材零售業
04792291,洪記建材行,臺北市內湖區成功路2段424號1樓,建材零售業
26354132,商美企業社,臺北市松山區健康路418號1樓,建材零售業
26218860,順成木材行,臺北市萬華區長沙街2段174號,建材零售業
73904980,一德水電行,臺北市中山區民生東路2段93巷22號1樓,建材零售業
99326319,寬度設計室內裝修工作室,臺北市中山區松江路37巷8號,建材零售業
10312191,旭鴻工程行,臺北市文山區興隆路1段171號,建材零售業
14331656,五佰元裝潢五金行,臺北市松山區五常街271號1樓,建材零售業
83933788,昇光水電工程行,臺北市大同區歸綏街172號5樓,建材零售業
26210500,義張椅子專賣店,臺北市大安區文昌街188號,建材零售業
38555922,丞勝工程行,臺北市中山區松江路185號6樓之2,建材零售業
26355293,棋鈞企業社,臺北市中正區汀州路2段126號,建材零售業
48751108,立正企業社,臺北市文山區興隆路1段163號,建材零售業
38469285,晉源行,臺北市大安區復興南路2段237號13樓,建材零售業
14741096,蘭桂洋行,臺北市大安區安和路2段171巷19號1樓,建材零售業
26510909,泳灃企業社,臺北市士林區葫蘆街130號1樓,建材零售業
05194005,久林建材行,臺北市中正區泉州街43之1號,建材零售業
31848327,五峰石藝社,臺北市大同區南京西路185巷7號3樓之12,建材零售業
09892087,開源地板工程行,臺北市中正區金山南路1段97號,建材零售業
38499794,宏盛環保企業社,臺北市大安區泰順街44巷1號,建材零售業
05421563,永森商行,臺北市內湖區文德路219號1樓,建材零售業
17746382,永久工程行,臺北市南港區玉成街140巷1弄1號,建材零售業
26750294,亞丁傢俱生活館,臺北市大安區忠孝東路4段148號7樓,建材零售業
38557344,好鄰居人力工程行,臺北市大同區環河北路2段95號,建材零售業
20501946,三益工程行,臺北市大安區安和路1段112巷17號1樓,建材零售業
37869158,再威環保工程行,臺北市內湖區康寧路1段156巷10弄13號3樓,建材零售業
38515149,見張工程行,臺北市信義區松山路249巷15號,建材零售業
31956388,冠宸國際企業社,臺北市士林區承德路4段198號3樓,建材零售業
73896530,佑盛企業社,臺北市信義區松隆路205號,建材零售業
38462071,達育企業社,臺北市中山區興安街51之8號1樓,建材零售業
10358766,邦門國際設計工作室,臺北市大同區南京西路18巷6弄8之2號,建材零售業
42269627,泰泓工程行,臺北市南港區市民大道7段26號2樓,建材零售業
13477581,圓成商行,臺北市大同區太原路73號1樓,建材零售業
31868420,元鴻油漆工程行,臺北市大安區信義路2段86巷25號3樓,建材零售業
14882406,宏太工程行,臺北市北投區大度路3段301巷128弄2之1號4樓,建材零售業
10352334,宏洋工程行,臺北市北投區豐年路2段76號,建材零售業
30293860,富昇工程行,臺北市士林區通河西街2段146號3樓,建材零售業
15668754,振加企業行,臺北市中山區長安東路2段75號1樓,建材零售業
26251939,言月設計,臺北市信義區信義路5段150巷335弄10號4樓,建材零售業
73901816,宜承玻璃行,臺北市萬華區雙園街60巷2號1樓,建材零售業
48851269,源峰木材行,臺北市士林區文林路585號,建材零售業
90921554,承鈞工程行,臺北市萬華區東園街66巷53弄8號,建材零售業
38567785,順茂企業社,臺北市中山區南京東路1段34號7樓,建材零售業
26248409,賀晟建材行,臺北市大同區承德路3段308號,建材零售業
81763999,協億水電行,臺北市萬華區和平西路3段174之4號,建材零售業
25502846,皓陽工程行,臺北市北投區中央北路4段138巷8號5樓,建材零售業
21762341,大都會工程行,臺北市萬華區中華路2段150巷15號1樓,建材零售業
14715301,德浦企業社,臺北市中山區敬業三路123號8樓,建材零售業
87766608,利強玻璃行,臺北市內湖區康樂街135號,建材零售業
48808664,亞信玻璃行,臺北市士林區後港街28號1樓,建材零售業
29220329,和興工程行,臺北市信義區松隆路167號10樓,建材零售業
26211867,添和室內設計裝潢工程行,臺北市文山區羅斯福路6段147號,建材零售業
26254366,力興工程行,臺北市中正區中華路1段59號7樓,建材零售業
38508082,勝群工程行,臺北市大同區鄭州路119號2樓之3,建材零售業
26354153,商和企業社,臺北市松山區健康路418號1樓,建材零售業
25535591,佳榆企業社,臺北市大安區羅斯福路2段93號16樓之5,建材零售業
78065751,尚燁商行,臺北市大安區富陽街130號1樓,建材零售業
26231982,力豪工程行,臺北市北投區新市街24巷51之1號3樓,建材零售業
17090639,興曄工程行,臺北市信義區吳興街583巷159號1樓,建材零售業
31873140,東紘工程行,臺北市內湖區康樂街151巷1弄1號,建材零售業
05409977,永清工程行,臺北市南港區成福路121巷30號1樓,建材零售業
38474409,丞暘五金商行,臺北市內湖區內湖路2段339巷6號,建材零售業
25660871,諾亞美地企業坊,臺北市北投區石牌路1段166巷100號3樓,建材零售業
25560227,一二一企業社,臺北市萬華區興寧街66巷2號1樓,建材零售業
48827331,台北行家工作室,臺北市中山區民生東路3段36號6樓之4,建材零售業
31853974,盈瑪工程行,臺北市北投區中和街496號2樓,建材零售業
01237849,雅美家具飾品店,臺北市松山區民生東路3段113巷33號1樓,建材零售業
21731609,吉興企業社,臺北市大安區信義路4段302巷1號,建材零售業
26372618,弘舍家事工程行,臺北市中山區新生北路2段127巷34之1號,建材零售業
07639172,萬佳五金行,臺北市大同區敦煌路66號1樓,建材零售業
48669972,富成工程行,臺北市北投區中央北路2段295號1樓,建材零售業
25581573,驊冠空間設計工作室,臺北市文山區木新路2段111巷6弄3號,建材零售業
48953218,文慈企業社,臺北市大安區臥龍街192號,建材零售業
17527801,詮佳電器水電行,臺北市中正區忠孝東路1段108號1之2樓︹華山市場2樓第20號攤位︺,建材零售業
21725607,鴻運企業社,臺北市士林區承德路4段12巷9號4樓,建材零售業
99958617,永全建材行,臺北市北投區致遠一路1段130號1樓,建材零售業
38496712,雄爺工程行,臺北市北投區文林北路53巷32號,建材零售業
26193903,玄泰工程行,臺北市南港區舊莊街2段231號,建材零售業
87781306,宏冠玻璃行,臺北市內湖區康樂街85巷29號1樓,建材零售業
38555319,飛翔裝潢工程行,臺北市信義區忠孝東路5段1之8號12樓,建材零售業
38553754,迎門企業社,臺北市內湖區康寧路3段189巷80弄18號,建材零售業
17076003,尚島工程行,臺北市萬華區武成街63巷12弄5號3樓,建材零售業
42269703,名佳企業社,臺北市文山區羅斯福路5段93號3樓,建材零售業
99987021,永裕昌鋁門窗工程行,臺北市文山區木新路3段310巷12弄15號1樓,建材零售業
26374643,昇照工程行,臺北市內湖區內湖路3段306號,建材零售業
83931395,崇恩工具五金行,臺北市信義區永吉路228號1樓,建材零售業
25558897,鑫固防水工程行,臺北市文山區景興路137巷7號,建材零售業
48856166,和泰五金行,臺北市南港區南港路2段258號,建材零售業
05502565,裕祥裝潢材料行,臺北市文山區羅斯福路6段149號1樓,建材零售業
48748126,貴妃桶店,臺北市大同區民族西路61號1樓,建材零售業
25574257,佳隆水電工程行,臺北市文山區辛亥路4段166巷17號,建材零售業
26366377,天邑資源回收處理場,臺北市士林區延平北路9段259號,建材零售業
48992211,昕辰企業社,臺北市萬華區環河南路3段93號,建材零售業
29237567,鴻展工程行,臺北市士林區前港街52號1樓,建材零售業
48991347,億潔企業社,臺北市中山區民權西路20號3樓之8,建材零售業
17741582,鴻誠工程行,臺北市中正區三元街156號4樓,建材零售業
18388145,暐柏企業社,臺北市士林區後港街134巷40號1樓,建材零售業
99962416,鈺承洋行,臺北市中正區衡陽路51號10樓之17,建材零售業
17749135,台宇工程行,臺北市內湖區港墘路99號2樓,建材零售業
31871348,威竑工程行,臺北市內湖區安康路434巷36號5樓,建材零售業
73891211,尚鼎企業社,臺北市南港區忠孝東路6段320號4樓,建材零售業
17256949,輝耀空調水電工程行,臺北市萬華區永福街69號5樓,建材零售業
21731615,鑫曄企業社,臺北市北投區吉利街280巷27弄15號1樓,建材零售業
26367208,璽悅設計工作室,臺北市北投區行義路130巷6之2號5樓,建材零售業
18401702,世宏工程行,臺北市北投區崇仁路1段60號1樓,建材零售業
31871430,至卉裝潢行,臺北市文山區萬隆街29巷5號1樓,建材零售業
48725783,亞帝工程行,臺北市中山區建國北路3段113巷19弄13號,建材零售業
07657213,新水錦建材行,臺北市大同區環河北路1段227號,建材零售業
07621790,宏銘行,臺北市大同區承德路2段140號1樓,建材零售業
02281821,三代衛生工程行,臺北市文山區木新路2段265號3樓,建材零售業
30985287,幸安五金建材行,臺北市大安區忠孝東路3段217巷4弄1之1號1樓,建材零售業
17774324,建中五金行,臺北市信義區吳興街220巷77號1樓,建材零售業
09701897,伍義工程行,臺北市內湖區東湖路106巷7弄5號4樓,建材零售業
29630007,花盛發商號,臺北市士林區大北路73號1樓,建材零售業
80993678,信得立工程行,臺北市南港區舊莊街1段145巷6弄35號1樓,建材零售業
31951530,上易磁磚工程行,臺北市北投區中和街20巷20號,建材零售業
07685077,冠昇玻璃隔熱片行,臺北市大同區重慶北路3段1之2號1樓,建材零售業
38497894,豪客商行,臺北市萬華區西藏路113號8樓,建材零售業
38502019,廣發行,臺北市大安區敦化南路2段77號8樓之2,建材零售業
26247470,昇陽工程行,臺北市文山區興隆路4段29巷4弄10號3樓,建材零售業
26359397,通展工程行,臺北市信義區基隆路1段398號9樓,建材零售業
48687063,嶺東水電冷氣行,臺北市信義區福德街197號,建材零售業
48750641,筑霖企業社,臺北市文山區興隆路3段207巷16弄10號,建材零售業
10344237,和喬企業社,臺北市南港區新民街73號,建材零售業
99336800,廣仁企業社,臺北市松山區塔悠路215號,建材零售業
38554424,俊益砂石行,臺北市大安區潮州街35號4樓,建材零售業
38579451,居傢工程行,臺北市信義區市民大道6段240號,建材零售業
18628834,玉祥商行,臺北市中正區汀州街2段315號,建材零售業
48921672,健恆電器工程行,臺北市松山區南京東路5段23巷9弄2號,建材零售業
29200870,世紀企業社,臺北市中正區漢口街1段31號4樓,建材零售業
31128994,吉輝玻璃行,臺北市北投區中和街477號,建材零售業
25551162,銀侖企業社,臺北市大同區昌吉街69號4樓,建材零售業
29220432,金木工程行,臺北市南港區重陽路140號1樓,建材零售業
26365742,邦策起重工程行,臺北市文山區景福街24號1樓,建材零售業
38559244,群鋒工程行,臺北市內湖區新明路422之3號2樓,建材零售業
99362530,東昇鋁門窗行,臺北市內湖區成功路4段61巷49號1樓,建材零售業
17745399,昱群企業社,臺北市萬華區環河南路2段198巷11號1樓,建材零售業
01638083,立德機械五金行,臺北市內湖區新明路125號(1樓),建材零售業
01383048,利榮五金行,臺北市北投區自強街5巷71號1樓,建材零售業
01096947,加彰工程行,臺北市北投區稻香路155號,建材零售業
26365996,勝霖工程行,臺北市中山區南京東路2段20號3樓,建材零售業
38510897,三邑企業社,臺北市大同區延平北路3段104巷3之3號5樓,建材零售業
38580350,尚歷工程行,臺北市中正區中華路2段81巷66號,建材零售業
99981075,東英工程行,臺北市大同區承德路3段273號,建材零售業
10061785,皕s企業社,臺北市內湖區康寧路1段170號1樓,建材零售業
38566688,創建企業社,臺北市北投區西安街1段281巷19號4樓,建材零售業
19526531,三鐵企業社,臺北市文山區木新路3段172巷2弄7號2樓,建材零售業
48845936,吉伸利企業社,臺北市士林區中正路601號7樓之1,建材零售業
38562487,華山裝璜修繕工程行,臺北市大安區忠孝東路4段206之1號4樓,建材零售業
01128271,階得建材商行,臺北市大同區民生西路425之3號1樓,建材零售業
25576065,方映室內設計工作室,臺北市內湖區大湖山莊街202巷19號,建材零售業
77483258,鴻祥水電空調工程行,臺北市文山區木柵路2段109巷79號,建材零售業
07618970,文龍建材行,臺北市大同區延平北路4段88號,建材零售業
48720725,亞美工程行,臺北市北投區雙全街62巷6號4樓,建材零售業
26337492,房子的問題工作室,臺北市松山區健康路442號,建材零售業
10317816,日邑工程行,臺北市信義區林口街24巷31號,建材零售業
31960741,尼本夏達企業社,臺北市松山區南京東路4段197號9樓之1,建材零售業
31857319,尼可企業社,臺北市士林區延平北路5段184號1樓,建材零售業
48843563,朗璟設計工程工作室,臺北市中山區松江路283號5樓,建材零售業
38579425,亦翔工程行,臺北市北投區中央北路4段456巷2號,建材零售業
21740754,久保家具材料行,臺北市士林區永平街80巷39號1樓,建材零售業
26240069,東盟石材行,臺北市南港區興中路28巷28號18樓之2,建材零售業
31956063,尚弘企業社,臺北市中正區羅斯福路3段244巷19號2樓,建材零售業
48851541,開煌工程行,臺北市大同區寧夏路96號,建材零售業
48968541,森傑建材行,臺北市中山區龍江路394巷8號2樓,建材零售業
42269605,宏隆室內裝修工程行,臺北市信義區福德街251巷7弄40號1樓,建材零售業
13454790,晶華企業社,臺北市大安區忠孝東路4段223巷77號,建材零售業
38556838,福迪工程行,臺北市中山區中山北路1段53巷12號3樓之6,建材零售業
49896567,勁勇建材五金行,臺北市南港區重陽路10號,建材零售業
31855993,宣美室內設計工作室,臺北市松山區撫遠街390巷28號1樓,建材零售業
17770988,友信建材五金行,臺北市大安區泰順街44巷1號1樓,建材零售業
38462086,禧多家俱館,臺北市大安區文昌街224號,建材零售業
83917675,英洲工程行,臺北市松山區光復南路6巷47號1樓,建材零售業
18387357,漢昌鋼鋁工程行,臺北市北投區西安街2段195號1樓,建材零售業
38559292,崧世油漆工作室,臺北市中山區錦州街46號9樓之1,建材零售業
31872141,智勝壁紙材料行,臺北市大安區溫州街12巷24弄1號1樓,建材零售業
26138661,築居工程行,臺北市南港區玉成街134號2樓,建材零售業
38557647,極力企業社,臺北市大同區華陰街227巷7號,建材零售業
25668901,磐石工作室,臺北市中山區北安路841巷14號,建材零售業
09420783,正吉裝潢材料行,臺北市大安區基隆路2段277號1樓,建材零售業
26218974,富鈞水電行,臺北市大同區重慶北路3段69號,建材零售業
13446650,皇美衛浴材料行,臺北市信義區福德街67號,建材零售業
48980101,上禾工程行,臺北市信義區永吉路278巷19號,建材零售業
18404476,家境企業社,臺北市南港區南港路3段149巷41號3樓,建材零售業
31848190,元發工程行,臺北市中山區民生東路3段9巷23號,建材零售業
38570711,全省禮贈品百貨行,臺北市信義區忠孝東路5段459號2樓之3,建材零售業
48636608,隆有行,臺北市萬華區南寧路4號1耬,建材零售業
38499078,芫泰工程行,臺北市中山區南京東路1段34號7樓,建材零售業
26249033,當代富邦企業社,臺北市中山區中山北路1段96巷24號4樓,建材零售業
80981201,尚揚室內裝修設計工作室,臺北市內湖區民權東路6段90巷31弄4號,建材零售業
10336813,?葉工程行,臺北市內湖區康樂街186巷33號地下之4,建材零售業
31869482,芃盛商號,臺北市松山區基隆路1段10號3樓之1,建材零售業
31850688,英展工程行,臺北市北投區尊賢街259號3樓,建材零售業
17267354,黃記造象館,臺北市松山區光復南路32巷13號,建材零售業
31960279,群鉅工程行,臺北市中山區中山北路3段26號3樓,建材零售業
10344742,晶石石材坊,臺北市大同區昌吉街61巷9弄34號2樓之1,建材零售業
26337970,復雍工程企業社,臺北市北投區石牌路2段130巷4號1樓,建材零售業
31875702,岳峰工程行,臺北市文山區羅斯福路6段203號,建材零售業
38556598,僑通實業社,臺北市內湖區金湖路46巷6弄10號4樓,建材零售業
80982341,億世代工程企業行,臺北市文山區集英街13號,建材零售業
38571303,大勇工程行,臺北市文山區和平東路4段89號,建材零售業
99606655,永盛水電行,臺北市文山區木新路2段161巷10號2樓,建材零售業
13820332,三記電業行,臺北市萬華區環河南路1段126號河濱公有市場第63號攤位,建材零售業
48701430,傑捷工程行,臺北市松山區撫遠街400巷70號1樓,建材零售業
13859201,左岸空間設計工作室,臺北市大安區忠孝東路3段303號4樓之2,建材零售業
10345377,詠順工程行,臺北市士林區延平北路6段30號,建材零售業
48964881,慶燁工程行,臺北市萬華區寶興街210巷22號,建材零售業
38498182,勝嘉工程行,臺北市松山區八德路4段266號2樓,建材零售業
42271004,正展建材行,臺北市大同區華陰街167號1樓,建材零售業
45341432,永豐企業社,臺北市中正區汀州路1段316號5樓,建材零售業
31961740,廣泉工程行,臺北市北投區實踐街82巷14號4樓,建材零售業
17089387,立光水電行,臺北市文山區木柵路3段107號,建材零售業
31454293,順盈工程行,臺北市內湖區麗山街46巷8之1號,建材零售業
31262154,明山油漆行,臺北市士林區延平北路5段315號1樓,建材零售業
25661652,翊筌鋁窗材料行,臺北市北投區中和街441巷1弄1號,建材零售業
31111213,豐益建材行,臺北市士林區延平北路5段19號,建材零售業
26244678,亞柏企業社,臺北市松山區八德路4段212號,建材零售業
38556204,中成企業社,臺北市內湖區成功路2段426巷33號,建材零售業
01404677,兆勝企業社,臺北市北投區崇仁路1段28號,建材零售業
38509673,銘御室內外設計工程行,臺北市北投區中央北路2段237巷33號2樓,建材零售業
17051214,聯昇工程行,臺北市萬華區艋舺大道394號,建材零售業
14327668,大錦順企業行,臺北市大同區重慶北路3段120巷51號,建材零售業
13442401,長煜霖工商廣告社,臺北市信義區莊敬路289巷1之1號1樓,建材零售業
12240547,泰源工程行,臺北市中山區松江路70巷8號1樓,建材零售業
48809158,兆翔企業社,臺北市信義區福德街151巷4號,建材零售業
25549259,志成工程行,臺北市信義區忠孝東路5段1之7號7樓,建材零售業
48877113,首華玻璃工程行,臺北市北投區中央北路2段351號,建材零售業
77923538,大偉商行,臺北市士林區大南路131號1樓,建材零售業
17737813,宇軒玻璃工程行,臺北市中山區松江路185號7樓之5,建材零售業
01448400,莒園裝潢行,臺北市萬華區中華路2段364巷17弄3號1樓,建材零售業
81796160,奇美玻璃行,臺北市萬華區環河南路1段23號,建材零售業
38561348,真詮工程行,臺北市文山區興隆路2段217巷6弄8號,建材零售業
26247056,世佳工程行,臺北市大同區承德路2段193號10樓之5,建材零售業
38500785,志成石材工程行,臺北市北投區中山路28之4號5樓,建材零售業
10609497,盛穎企業社,臺北市大同區民權西路236號2樓,建材零售業
04862140,耀程建材行,臺北市文山區興隆路1段191號1樓,建材零售業
26235848,宜展工程行,臺北市內湖區大湖山莊街232號7樓,建材零售業
49959653,華宬工程行,臺北市信義區基隆路1段432號5樓,建材零售業
14324162,萬甲房屋仲介商行,臺北市萬華區寶興街59號,建材零售業
29239930,予宙石材行,臺北市士林區延平北路8段80巷53弄4號,建材零售業
38575292,華麗空間設計社,臺北市松山區民生東路5段204號2樓之2,建材零售業
31953116,新富工程行,臺北市萬華區成都106號7樓之1,建材零售業
14312264,一儷企業行,臺北市南港區東明街85號,建材零售業
21716754,凱祥油漆工程行,臺北市中山區民權東路2段26號7樓,建材零售業
25502135,萬方工程行,臺北市文山區興德路27號1樓,建材零售業
31843054,曉本銀企業社,臺北市中山區伊通街58號4樓,建材零售業
38470311,日正工程行,臺北市大同區承德路3段143巷6號3樓,建材零售業
13452511,瑞泰工程行,臺北市信義區永吉路225巷5弄3號,建材零售業
83920003,冠富廚衛裝璜行,臺北市北投區承德路7段106巷5號2樓,建材零售業
98684415,勇聖企業社,臺北市中正區忠孝西路1段41號7樓之13,建材零售業
26248359,鼎興行,臺北市文山區羅斯福路5段95號2樓,建材零售業
26230610,久大建材行,臺北市文山區興隆路1段277號,建材零售業
31848038,祥合企業社,臺北市中正區汀州路1段149巷13號,建材零售業
25556808,聖諭工程行,臺北市南港區南港路3段130巷5弄12號,建材零售業
48751917,世鼎企業社,臺北市大安區忠孝東路4段325號12樓之1,建材零售業
38498747,元坤模板工程行,臺北市內湖區葫洲里民權東路6段296巷60號(1樓),建材零售業
31864347,仁源工程行,臺北市中山區南京東路3段189號10樓,建材零售業
25562055,弘達企業社,臺北市大安區信義路2段86巷4號2樓,建材零售業
48927514,力仁工程行,臺北市信義區福德街56號,建材零售業
48691480,聖凱水電工程行,臺北市內湖區文德路220巷5弄13號1樓,建材零售業
29238123,敏瑋企業社,臺北市中山區北安路670巷9號1樓,建材零售業
48996315,億盛工程行,臺北市大安區基隆路2段215號,建材零售業
13848818,禮合企業社,臺北市萬華區寶興街80巷47號,建材零售業
04451842,泰興白鐵號,臺北市大同區萬全街7號,建材零售業
38497445,弘全工程行,臺北市內湖區新明路426巷7號,建材零售業
31958787,有有企業社,臺北市中山區建國北路3段75巷1號3樓,建材零售業
38505711,奕明工程行,臺北市中山區民權東路1段38巷3號,建材零售業
04899580,照原建材行,臺北市文山區辛亥路4段101巷85之6號1樓,建材零售業
08607445,光煜工程行,臺北市內湖區康樂街186巷45號地下,建材零售業
31955542,祖金工程行,臺北市大安區信義路3段109之7號10樓之2,建材零售業
26374600,開安工程行,臺北市內湖區成功路4段61巷25弄1號,建材零售業
48980334,思維管理顧問工作室,臺北市信義區忠孝東路5段1之1號9樓,建材零售業
99816759,津湖實業社,臺北市士林區文林路625號,建材零售業
31863641,宅修繕工程行,臺北市大同區萬全街11號1樓,建材零售業
99980322,宏雄工程行,臺北市松山區民生東路3段130巷18弄10號3樓,建材零售業
21740136,和誠工程行,臺北市大同區重慶北路3段136巷13號1樓,建材零售業
31851960,墨澤空間設計工作室,臺北市信義區基隆路2段48號10樓,建材零售業
31956681,詠成五金行,臺北市松山區延壽街364號,建材零售業
13476886,弘龍工程行,臺北市內湖區內湖路3段60巷6號,建材零售業
38571520,宏翊工程行,臺北市內湖區康樂街20巷10號3樓,建材零售業
48958213,壹零壹地板商行,臺北市南港區福德街310巷27號,建材零售業
38557885,樺立石材企業社,臺北市內湖區洲子街183號2樓,建材零售業
25661631,光正工程行,臺北市松山區南京東路5段31號10樓,建材零售業
04342839,新發鋁材行,臺北市大同區酒泉街106號4樓,建材零售業
26367973,天沃創意工作室,臺北市北投區同德街2號12樓之10,建材零售業
48958327,久峰企業社,臺北市內湖區麗山街348巷19號2樓,建材零售業
26257194,常勝水電材料行,臺北市大同區大龍街58號,建材零售業
10308464,藝鋒工程行,臺北市內湖區康樂街136巷15弄8號5樓,建材零售業
25563809,祥富建材行,臺北市士林區社正路66號1樓,建材零售業
25544352,銘雅企業社,臺北市信義區吳興街600巷49號,建材零售業
26340222,鼎曜工程行,臺北市松山區南京東路5段296號10樓,建材零售業
19872912,祥安工程行,臺北市文山區木柵路1段331號,建材零售業
38576270,永鑫水電工程行,臺北市文山區景後街123號5樓,建材零售業
25541192,奉龍聖起裝潢工程行,臺北市中山區(南)中原街91號,建材零售業
31948536,金贊工程行,臺北市信義區福德街101號1樓,建材零售業
83948121,大鋼牙工程行,臺北市南港區忠孝東路6段374號3樓,建材零售業
14713394,日鼎地板行,臺北市信義區永吉路187巷27號,建材零售業
38507859,上揚工程行,臺北市萬華區和平西路3段384號8樓之14,建材零售業
29280178,慶億企業社,臺北市大同區大龍街161號1樓,建材零售業
14315277,理盛工程行,臺北市文山區興隆路4段29巷4弄10號3樓,建材零售業
31860378,鉅正工程行,臺北市大安區敦化南路2段63巷21弄31號地下,建材零售業
31960355,東立工程行,臺北市萬華區西昌街225之1號,建材零售業
38473582,禎美油漆工程行,臺北市文山區興隆路1段257號,建材零售業
27183544,鴻錡鋼鋁工程行,臺北市中正區汀州路2段78號1樓,建材零售業
26337752,典洋企業社,臺北市中山區中山北路1段83巷5號5樓之2,建材零售業
38574717,暐隆企業社,臺北市文山區秀明路1段103巷1弄6號,建材零售業
38572979,晶鑫清潔社,臺北市北投區自強街31巷12號1樓,建材零售業
38501671,盈鋒工程行,臺北市北投區實踐街82巷14號4樓,建材零售業
48868830,宜霖工程行,臺北市內湖區成功路4段70號5樓,建材零售業
38457680,方構制作空間設計工作室,臺北市內湖區民權東路6段56巷31號,建材零售業
42269611,永誠工程行,臺北市信義區忠孝東路5段1之8號5樓,建材零售業
26248225,冠理工程行,臺北市信義區吳興街583巷149號,建材零售業
98905846,祥順工程行,臺北市信義區虎林街120巷143號1樓,建材零售業
93922064,高宇企業行,臺北市萬華區和平西路3段300之11號1樓,建材零售業
38506654,瑋泰商行,臺北市松山區南京東路4段133巷8弄2號,建材零售業
17818343,貿順工程行,臺北市萬華區萬大路550號2樓,建材零售業
18401246,詠安工程行,臺北市中正區忠孝西路1段41號6樓之13,建材零售業
38502046,陞鴻實業社,臺北市大安區金山南路2段33號地下1樓,建材零售業
04466845,宏原行,臺北市中正區齊東街82巷36號1樓,建材零售業
25524588,大正油漆工程行,臺北市士林區承德路4段6巷91號,建材零售業
26373285,河寶國際商行,臺北市大安區辛亥路3段157巷22弄1號1樓,建材零售業
02241856,根源企業社,臺北市內湖區東湖路113巷81號1樓,建材零售業
26372785,大達工程行,臺北市信義區基隆路2段79巷33弄4號,建材零售業
26245563,上辰工程行,臺北市松山區南京東路5段31號10樓,建材零售業
48721549,和順工程行,臺北市北投區雙全街62巷6號4樓,建材零售業
26360922,小君工程行,臺北市士林區社子街126巷11號2樓,建材零售業
21737131,雅客迷企業社,臺北市中山區四平街55號1樓,建材零售業
25539436,詠強園藝行,臺北市大同區赤?街27號3樓,建材零售業
73887700,傑陞裝潢工程行,臺北市萬華區莒光路178巷18號,建材零售業
38580226,巨長工程行,臺北市信義區松仁路281巷8號,建材零售業
13471566,元威工程行,臺北市內湖區安美街165號7樓,建材零售業
31877820,漢霖行,臺北市信義區嘉興街265號,建材零售業
04769067,協盛建材行,臺北市內湖區民權東路6段280巷13號1樓,建材零售業
26246697,全成木材行,臺北市大同區興城街85號1樓,建材零售業
26360063,百祥建材行,臺北市中山區建國北路2段29號,建材零售業
37907076,冠鈞室內設計工程行,臺北市松山區光復北路157號1樓,建材零售業
26236852,旭豐工程行,臺北市大安區忠孝東路4段295號3樓,建材零售業
13828405,匯世工程行,臺北市中山區錦州街356號3樓,建材零售業
38506205,寓見設計工作室,臺北市北投區民族街10號2樓,建材零售業
48864882,安興裝潢行,臺北市內湖區行善路31號,建材零售業
38560827,承達室內裝修工程行,臺北市大安區忠孝東路4段206之1號4樓,建材零售業
48743353,泰毅工程行,臺北市大同區酒泉街254號1樓,建材零售業
31951855,晟安建材行,臺北市中正區汀州路2段77號,建材零售業
13847135,欣和鋁業工程行,臺北市南港區南港路3段195號,建材零售業
38500027,美功坊,臺北市士林區延平北路8段80巷53弄4號,建材零售業
48868212,弘瑋工程行,臺北市中正區水源路131之3號,建材零售業
83937383,大發高爾夫用品專賣店,臺北市大安區和平東路2段103號1樓,建材零售業
38513677,雨勳工程行,臺北市萬華區萬大路493巷28弄5號,建材零售業
48960301,群亨企業社,臺北市南港區研究院路2段12巷57弄68號1樓,建材零售業
48975923,八里順林木材行,臺北市北投區中央北路4段178號,建材零售業
31950053,鑫宏企業社,臺北市萬華區雅江街85號1樓,建材零售業
38498583,佳禧企業社,臺北市中山區崇實路133號4樓,建材零售業
48999447,鴻泰企業社,臺北市內湖區安康路228巷1號1樓,建材零售業
09617224,勝煇工程行,臺北市萬華區萬大路84巷9號5樓,建材零售業
48708118,以勒行,臺北市信義區和平東路3段435巷6之1號,建材零售業
31870158,經宇實業社,臺北市中正區西藏路114號,建材零售業
31848207,申安工程行,臺北市內湖區康寧路1段1號3樓,建材零售業
38559096,銓祐工程行,臺北市南港區研究院路2段182巷79弄19號,建材零售業
26344310,宏德興業工程行,臺北市中山區南京東路1段86號8樓之4,建材零售業
29318619,薇其企業社,臺北市大安區永康街47巷35號2樓,建材零售業
17526198,昌運工程行,臺北市大安區安居街84巷14號,建材零售業
26243024,展熠玻璃行,臺北市士林區中正路707巷1之1號2樓,建材零售業
83901744,福二企業行,臺北市內湖區東湖路119巷32號2樓,建材零售業
48879718,金泰工程行,臺北市信義區松山路465巷2弄27號,建材零售業
17737790,泉峰工程行,臺北市信義區永吉路127巷17號1樓,建材零售業
26355809,重暉工程社,臺北市松山區南京東路4段197號11樓之1,建材零售業
38472486,亞太貿易商行,臺北市中山區松江路122號11樓,建材零售業
38470945,廣力工程行,臺北市內湖區康樂街125巷10之1號5樓,建材零售業
48686521,琦士美工程行,臺北市萬華區西寧南路36號2樓之105,建材零售業
10311051,弘益工程行,臺北市信義區基隆路2段133號11樓,建材零售業
48733756,榮營工程行,臺北市南港區東新街118巷77號3樓,建材零售業
25507791,飛虹行,臺北市大安區信義路4段315號5樓,建材零售業
38474702,順興企業社,臺北市內湖區內湖路2段86號,建材零售業
38509110,岑鑫工程行,臺北市內湖區內湖路2段301巷5弄10號3樓,建材零售業
38569411,炎慶工程行,臺北市士林區延平北路5段136巷27弄31號3樓,建材零售業
13474542,鴻義工程行,臺北市文山區興隆路2段95巷5號1樓,建材零售業
78895031,久井鋁門窗行,臺北市士林區至誠路2段130號1樓,建材零售業
31847798,宏福工程行,臺北市北投區新市街24巷51之1號3樓,建材零售業
13503645,震霖工程行,臺北市中山區南京東路2段20號3樓,建材零售業
04775722,勝隆水電行,臺北市內湖區金龍路53號1樓,建材零售業
01669108,正豐建材行,臺北市南港區東新街77巷17號1樓,建材零售業
48922644,煥新工程行,臺北市士林區延平北路7段9號1樓,建材零售業
31857079,豐誠室內裝修工程行,臺北市內湖區東湖路33巷13號2樓,建材零售業
25667945,威邦工程行,臺北市北投區清江路25巷7號12樓之1,建材零售業
26240933,鴻遠工程行,臺北市士林區永平街16號2樓,建材零售業
26219468,元竑實業社,臺北市大安區羅斯福路3段297號6樓之1,建材零售業
31856389,晶晶工程行,臺北市南港區舊莊街1段145巷6弄13號,建材零售業
31954298,鋐鈞工程行,臺北市大安區和平東路3段346巷5弄10號4樓,建材零售業
48834311,田園油漆工程行,臺北市大同區敦煌路164號,建材零售業
48784924,富欣土木包工業,臺北市文山區羅斯福路5段144號4樓,建材零售業
83941632,宗錸全能工程行,臺北市大同區重慶北路3段136巷45號1樓,建材零售業
38559758,日裕企業社,臺北市內湖區文德路209號1樓,建材零售業
21702787,明瑞玻璃行,臺北市信義區永吉路200巷32號1樓,建材零售業
42268710,杰昇國際企業社,臺北市松山區民生東路5段235號1樓,建材零售業
10573408,久耀工程行,臺北市中山區南京東路2段76號4樓,建材零售業
05057874,志得廣告工藝社,臺北市萬華區西寧南路124號,建材零售業
48707722,久利企業社,臺北市信義區莊敬路209號2樓,建材零售業
38581549,沈麗瑩企業社,臺北市內湖區陽光街321巷8號3樓,建材零售業
25660485,總業輕鋼架工程行,臺北市信義區忠孝東路4段553巷22弄53之1號,建材零售業
38510643,潤欣工程行,臺北市信義區忠孝東路5段1之8號12樓,建材零售業
38566049,亞摩工程行,臺北市中山區吉林路461巷25號,建材零售業
25539745,大昕工程行,臺北市文山區興隆路3段207巷18弄6號(1樓),建材零售業
31863190,正鼎企業社,臺北市南港區同德路67號5樓,建材零售業
07267910,政光木材行,臺北市大同區庫倫街36號,建材零售業
14735566,佳明專業玻璃行,臺北市中山區雙城街49巷6號1樓,建材零售業
38462229,象漾坊,臺北市中山區新生北路3段3巷42號1樓,建材零售業
14737831,木谷建材行,臺北市南港區成福街46號1樓,建材零售業
07722565,竑利行,臺北市信義區嘉興街239號,建材零售業
15444002,榮泰建材行,臺北市萬華區長沙街2段193號1樓,建材零售業
17523306,復林工程行,臺北市中山區長安東路1段42號5樓,建材零售業
26251375,越峰工程行,臺北市中山區渭水路54號,建材零售業
25541025,福順企業社,臺北市南港區興中路28巷28號17樓之2,建材零售業
25661528,大台北工程行,臺北市萬華區西園路2段261巷12弄42號1樓,建材零售業
26220140,泓運企業社,臺北市士林區士商路123號1樓,建材零售業
48980051,倍適得企業社,臺北市大安區忠孝東路3段251巷7弄3號,建材零售業
38561419,本沐設計工作室,臺北市中山區南京東路2段137號14樓,建材零售業
13474775,興利企業社,臺北市中正區汀州路1段91號1樓,建材零售業
29247397,豐茂建材行,臺北市萬華區莒光路229號,建材零售業
31866458,達威企業社,臺北市信義區吳興街220巷17號,建材零售業
01259012,名城企業社,臺北市中山區北安路458巷41弄7號1樓,建材零售業
05153601,信忠實業社,臺北市中正區惠安街17號1樓,建材零售業
01130966,有麗行,臺北市大同區迪化街1段21號2樓2085號,建材零售業
14747697,蘊廣裝潢工程行,臺北市大安區忠孝東路4段169號6樓之1,建材零售業
37851657,運達通企業商行,臺北市中正區衡陽路10號12樓,建材零售業
26370983,泓泰企業社,臺北市松山區塔悠路19號9樓之4,建材零售業
31863895,可真興業工程行,臺北市中正區衡陽路36號8樓之2,建材零售業
30293860,富昇工程行,臺北市士林區通河西街2段146號3樓,建材零售業
26372005,大維工程行,臺北市內湖區江南街71巷18號2樓,建材零售業
13827047,坤泰工程行,臺北市信義區林口街38巷19號1樓,建材零售業
25584001,諦孚國際流通商號,臺北市大安區忠孝東路3段251巷3弄18之3號,建材零售業
38579733,大家好清潔行,臺北市大安區新生南路3段2號10樓,建材零售業
48991439,普奇石材工程行,臺北市內湖區安泰街125巷23號,建材零售業
25513695,泓勝工程行,臺北市內湖區成功路4段41巷7弄1號,建材零售業
38501861,政玉地板工程行,臺北市士林區中正路324號2樓,建材零售業
10359358,國民二手傢俱商行,臺北市內湖區安泰街80巷8號2樓,建材零售業
31957204,文閣裝潢工程行,臺北市大同區長安西路82號3樓之1,建材零售業
18412449,茂翔工程企業社,臺北市北投區溫泉路25號,建材零售業
26215028,廣詮工程行,臺北市文山區興隆路2段194號3樓,建材零售業
09418528,忠明水電行,臺北市大安區敦化南路2段63巷48號1樓,建材零售業
73917802,澤遠工程行,臺北市大同區哈密街59巷21弄19之1號1樓,建材零售業
31961609,騰藝企業社,臺北市大同區南京西路185巷7號3樓之12,建材零售業
25581497,昶茂工程行,臺北市北投區崇仁路1段155巷2號1樓,建材零售業
99609365,松信玻璃行,臺北市內湖區安康路434巷19弄7之1號4樓,建材零售業
37851657,運達通企業商行,臺北市中正區衡陽路10號12樓,建材零售業
25520979,順大企業社,臺北市南港區南深路5號,建材零售業
01498098,大發工程行,臺北市萬華區中華路2段504巷49號2樓,建材零售業
26221041,凡達空間設計工作室,臺北市文山區羅斯福路5段192巷7弄2號,建材零售業
38475168,騰翔工程行,臺北市士林區天母西路3號8樓之16,建材零售業
08603736,宏昇工程行,臺北市內湖區安泰街125巷28號1樓,建材零售業
14732630,雄大金屬工程行,臺北市士林區文林路653號1樓,建材零售業
18379912,原覺室內設計工作室,臺北市中山區中山北路2段170號5樓,建材零售業
81745509,富合鋁業企業社,臺北市萬華區環河南路2段125巷7弄20號1樓,建材零售業
04601899,今美裝潢行,臺北市中正區仁愛路2段60號1樓,建材零售業
99969451,鉅綸裝潢工程行,臺北市松山區五常街271號1樓,建材零售業
38462760,旺旺來商行,臺北市內湖區康樂街116號之3,建材零售業
48936909,誼樺實業社,臺北市內湖區安泰街51巷1號,建材零售業
17077170,金豪美裝潢工程行,臺北市中山區雙城街3巷2號2樓之3,建材零售業
83923584,青桐商行,臺北市北投區致遠二路143號,建材零售業
21722708,進益工程行,臺北市中山區吉林路454號1樓,建材零售業
33844847,永成企業社,臺北市南港區新民街79號,建材零售業
99362481,昶盛企業社,臺北市大同區西寧北路53號2樓,建材零售業
38578848,奇星玻璃工程行,臺北市大安區忠孝東路4段270號7樓之1,建材零售業
26232624,金和捲門企業社,臺北市中正區八德路1段46號9樓,建材零售業
31872156,三元工程行,臺北市北投區文林北路80巷59弄9號2樓,建材零售業
99644026,億源冷氣工程行,臺北市中山區華陰街24巷1弄3號1樓,建材零售業
83947559,日進水電行,臺北市中山區新生北路1段78號9樓之2,建材零售業
48999349,技達工程行,臺北市內湖區成功路4段1號3樓,建材零售業
48868326,尚杰工程行,臺北市北投區民族街39號,建材零售業
73880170,富麗行,臺北市文山區興隆路4段165巷37號1樓,建材零售業
13846255,翔順工程行,臺北市大同區延平北路4段161號4樓,建材零售業
38511875,慈購網實業社,臺北市士林區中山北路7段165號3樓之5,建材零售業
15661210,鈞聖企業社,臺北市文山區永安街7號1樓,建材零售業
38580106,及第貿易商行,臺北市中山區中山北路2段85巷15號,建材零售業
48998968,福盛工程行,臺北市內湖區東湖路7巷39號1樓,建材零售業
48502468,屋太工程行,臺北市萬華區康定路46巷9號6樓之6,建材零售業
14317681,偉信建材行,臺北市萬華區東園街142號1樓,建材零售業
38566441,谷德工程行,臺北市萬華區和平西路3段109巷11號3樓,建材零售業
38504375,星暉汽車玻璃隔熱紙商行,臺北市文山區辛亥路7段50號1樓,建材零售業
38553662,紘暘工程行,臺北市萬華區和平西路3段109巷11號3樓,建材零售業
99994212,煜博企業社,臺北市松山區南京東路5段66巷3弄27號2樓,建材零售業
73892464,盛鴻工程行,臺北市文山區福興路78巷20弄1號5樓,建材零售業
77434790,阪多精品店,臺北市士林區中山北路5段533號1樓,建材零售業
14722302,城桔企業行,臺北市大安區安居街116號1樓,建材零售業
31092709,立大鐵窗行,臺北市北投區天母西路130巷9號1樓,建材零售業
18223340,冠原石材工程行,臺北市大同區敦煌路24巷2弄7號4樓,建材零售業
48770180,永宏工程行,臺北市信義區嘉興街179之2號,建材零售業
31872640,銘嘉實業社,臺北市文山區樟新街63巷1號,建材零售業
38557941,馨屋居家設計整合工作室,臺北市北投區中央南路1段147號2樓,建材零售業
38564154,同建工程行,臺北市南港區玉成街201巷23弄1號,建材零售業
78355745,宏南工程行,臺北市中山區民族東路212號2樓,建材零售業
99613558,駩成建材行,臺北市北投區中央北路2段233號1樓,建材零售業
26217503,大中玻璃行,臺北市中正區福州街52號,建材零售業
25660204,元粹工程行,臺北市文山區興隆路2段339號2樓,建材零售業
38557506,傑廷企業社,臺北市南港區研究院路2段3之7號1樓,建材零售業
26363701,陳思堂,臺北市松山區光復南路32巷13號,建材零售業
08654869,易禾工程行,臺北市中山區敬業三路162巷178號8樓,建材零售業
48535539,愛我企業社,臺北市士林區社中街301號1樓,建材零售業
38457984,鼎紳工程行,臺北市大同區仁愛路3段9號地下1層,建材零售業
80982476,力宇企業社,臺北市文山區羅斯福路5段217號2樓,建材零售業
13448600,變色龍創藝工作室,臺北市松山區光復南路66巷8號,建材零售業
01490130,大理建材行,臺北市萬華區莒光路229號,建材零售業
48558722,昱鋒石材工程企業社,臺北市萬華區萬大路423巷55號1樓,建材零售業
31874957,名軒環保工程行,臺北市內湖區康寧路1段156巷36號3樓,建材零售業
17760089,祺祿水電工程行,臺北市大同區大龍街159巷12號1樓,建材零售業
98899915,金剛鋼鋁門窗企業社,臺北市信義區基隆路1段35巷7弄47號2樓,建材零售業
01690144,上發企業社,臺北市文山區老泉街26巷1之1號,建材零售業
48698667,覓得設計傢俬行,臺北市文山區景後街164號,建材零售業
38473529,傑強工程行,臺北市內湖區內湖路1段323巷21弄29號,建材零售業
26359447,永協企業社,臺北市文山區木新路3段232巷7弄10號1樓,建材零售業
95882186,國泰鋁門窗行,臺北市松山區八德路4段72巷12弄12號,建材零售業
01402875,鋐民實業社,臺北市北投區大業路545號1樓,建材零售業
48750662,巨丞裝潢設計工程行,臺北市信義區忠孝東路5段71巷10號,建材零售業
26532761,文寶工程行,臺北市文山區興隆路4段29巷4弄10號3樓,建材零售業
48702108,千毅企業社,臺北市萬華區三水街39巷7號1樓,建材零售業
14729261,盛斌企業社,臺北市士林區承德路4段364號2樓,建材零售業
01394447,睿連企業社,臺北市北投區三合街2段458號1樓,建材零售業
01237123,三泰玻璃行,臺北市士林區承德路4段12巷65號,建材零售業
31876907,茹睦號,臺北市大安區濟南路3段44號,建材零售業
48809045,有誠企業社,臺北市文山區木柵路2段12號,建材零售業
29223260,行一企業社,臺北市大同區歸綏街209號3樓之1,建材零售業
48686775,宇豐工程行,臺北市大安區和平東路3段346巷2之1號2樓,建材零售業
38504972,名喬工程行,臺北市大同區酒泉街246巷6號3樓,建材零售業
13855275,長興玻璃行,臺北市萬華區昆明街285號1樓,建材零售業
25567946,志星工程行,臺北市大安區復興南路2段185之2號,建材零售業
38496327,兆元企業社,臺北市文山區辛亥路4段101巷85之6號1樓,建材零售業
31857514,泰藝坊,臺北市中山區雙城街32巷2號,建材零售業
48963736,緒沅商行,臺北市大同區民權西路144巷5弄7號11樓之1,建材零售業
25668579,綠野仙蹤工作室,臺北市士林區通河西街2段126號10樓之1,建材零售業
80991550,中二水電行,臺北市大安區忠孝東路3段251巷9弄14號,建材零售業
38509189,勝崴工程行,臺北市大同區保安街72巷17之1號,建材零售業
31702316,小院子室內裝修工坊,臺北市中正區中山北路1段2號11樓之11,建材零售業
21709607,日昇室內設計裝潢工程行,臺北市中正區寧波西街254號1樓,建材零售業
24023144,合春行,臺北市南港區三重路24號1樓,建材零售業
48967557,御匠工程行,臺北市北投區雙全街62巷6號4樓,建材零售業
26351830,益昇精緻玻璃行,臺北市南港區東新街116號1樓,建材零售業
38564035,忠宬企業社,臺北市萬華區康定路192號2樓,建材零售業
73888594,冠祥企業社,臺北市內湖區康樂街110巷9號5樓,建材零售業
13859862,全聖五金行,臺北市南港區南港路1段197號,建材零售業
98783225,國俊工程行,臺北市萬華區萬大路84巷9號5樓,建材零售業
60392037,駿溢興業社,臺北市松山區健康路208號1樓,建材零售業
25572384,宇澄工程行,臺北市大安區杭州南路2段7號2樓,建材零售業
31961734,齊軒工程行,臺北市北投區實踐街82巷14號4樓,建材零售業
48732623,亦泊實業社,臺北市大安區忠孝東路4段222號3樓,建材零售業
31954889,互信企業社,臺北市中山區長春路20號2樓,建材零售業
25535229,貝比卡企業社,臺北市信義區松山路540巷3弄19號,建材零售業
25575880,瑋力工程行,臺北市南港區成福路121巷58弄10號,建材零售業
48755195,杰克實業社,臺北市士林區中正路690之2號,建材零售業
13465889,東采室內裝修設計工作室,臺北市信義區黎安里和平東路3段523號,建材零售業
48788040,元立行,臺北市萬華區和平西路3段57號1樓,建材零售業
08602407,凱元工程行,臺北市內湖區康樂街48巷9號1樓,建材零售業
94919329,昕宸實業行,臺北市信義區嘉興街235之1號1樓,建材零售業
10371141,華山建材行,臺北市萬華區西園路2段292之2號,建材零售業
38555248,誠國汽車玻璃行,臺北市文山區木新路3段80號2樓,建材零售業
48732975,陳記工程行,臺北市北投區中央北路2段295號1樓,建材零售業
26365356,老師父企業社,臺北市大安區通化街123巷38號,建材零售業
26207505,鉑采工程行,臺北市大同區民族西路221巷37號(1樓),建材零售業
99325326,明凰室內裝潢工程行,臺北市文山區興隆路1段119號,建材零售業
73885267,楷華室內裝修工作室,臺北市中山區農安街57號4樓,建材零售業
48936746,捷勝企業社,臺北市萬華區西藏路199巷25號2樓,建材零售業
29235884,紘昇工程行,臺北市萬華區雅江街85號,建材零售業
27177938,榮成工程行,臺北市中正區牯嶺街95巷83號,建材零售業
31947558,濟鴻裝潢行,臺北市士林區通河街323巷33之5號,建材零售業
04862486,東欣木材行,臺北市文山區興隆路1段189號,建材零售業
99948153,良裕工程行,臺北市萬華區中華路2段416巷1號3樓之1,建材零售業
31954446,古洋貨中西古典美術館,臺北市士林區天母東路50巷10弄4號,建材零售業
03570102,德孚貿易行,臺北市中正區寶慶路37號7樓,建材零售業
83919483,大友日常用品行,臺北市信義區永吉路120巷75號,建材零售業
73905910,芳國企業社,臺北市信義區莊敬路423巷2弄10號1樓,建材零售業
25548483,銘彥五金企業社,臺北市萬華區西藏路180號,建材零售業
25555717,景華五金百貨行,臺北市文山區景華街222號,建材零售業
48851275,譽興工程行,臺北市文山區興隆路2段95巷5號,建材零售業
26255652,德合水電材料社,臺北市北投區育仁路85號,建材零售業
48777064,承泰不袗工程行,臺北市士林區永平街16號1樓,建材零售業
17769342,鼎豪室內裝修設計工程行,臺北市北投區中央北路4段124號1樓,建材零售業
99358536,鼎豐木業行,臺北市大安區新生南路1段165巷3號1樓,建材零售業
48823314,金興隆工程行,臺北市文山區興隆路2段130巷19號,建材零售業
17759196,誌恩禮儀社,臺北市文山區興隆路4段32號,建材零售業
38501905,石神工程行,臺北市萬華區昆明街46號7樓之47,建材零售業
25554463,紘華工程行,臺北市北投區中央北路4段142巷2之1號2樓,建材零售業
38496142,隆德工程行,臺北市內湖區康寧路1段1號3樓,建材零售業
21741607,尚益實業裝潢行,臺北市中山區新生北路3段84巷9號2樓之1,建材零售業
99972250,蔣京企業社,臺北市內湖區大湖山莊街218號8樓,建材零售業
14716483,建寬工程行,臺北市南港區研究院路3段29號,建材零售業
17543128,鉅亞企業社,臺北市士林區大東路174號1樓,建材零售業
13476372,健宏水電行,臺北市萬華區萬青路150號,建材零售業
10314661,榳擎設計工作室,臺北市松山區南京東路4段56號10樓之6,建材零售業
99357184,煒立企業社,臺北市北投區中央南路1段46號1樓,建材零售業
99608513,圓邦企業社,臺北市士林區延平北路5段136巷27弄21號,建材零售業
25580167,僑富工程行,臺北市中山區中原街9號,建材零售業
73885061,昌庭建材行,臺北市松山區新中街12巷20號,建材零售業
17743940,王維水電冷氣工程行,臺北市大同區重慶北路3段152巷12號1樓,建材零售業
10335814,佳能企業社,臺北市中山區民生東路1段96號1樓,建材零售業
83945481,石黑建材行,臺北市南港區興中路58號,建材零售業
26211655,一九六工程行,臺北市大安區復興南路1段253巷38號1樓,建材零售業
10303025,嘉銘企業社,臺北市大安區龍泉街61號,建材零售業
26232722,鼎旺企業社,臺北市北投區文林北路252號3樓,建材零售業
10382029,承寬工作坊,臺北市信義區基隆路2段189號15樓之13,建材零售業
31961256,蔡念孝空間設計工作室,臺北市大安區忠孝東路4段333號7樓之1,建材零售業
17259002,晨富不袗工程行,臺北市萬華區和平西路3段328號1樓,建材零售業
48750831,皇興工程行,臺北市中山區長春路258巷6號7樓之11,建材零售業
37851657,運達通企業商行,臺北市中正區衡陽路10號12樓,建材零售業
17766041,宏鎰企業社,臺北市北投區崇仁路1段45號,建材零售業
38572204,阿杜工程行,臺北市內湖區江南街71巷65弄15號7樓,建材零售業
31959569,予峰石材行,臺北市士林區延平北路8段80巷53弄4號,建材零售業
48953505,光大企業社,臺北市松山區南京東路4段197號4樓,建材零售業
10396895,原宏工程行,臺北市南港區東新街77巷9號,建材零售業
38505389,探子設計實驗室,臺北市大同區鄭州路55號3樓,建材零售業
17084974,鑫鎂設計室內裝修工程行,臺北市信義區基隆路1段143號6樓之7,建材零售業
77137026,福昌商行,臺北市萬華區中華路1段196之3號1樓,建材零售業
24034177,東田工程行,臺北市松山區寶清街22之1號1樓,建材零售業
20996840,上順五金行,臺北市信義區永吉路189之2號1樓,建材零售業
29343477,全益工程行,臺北市中正區汀州路1段109號,建材零售業
01358548,雅祥室內裝修設計行,臺北市北投區公館路61號1樓,建材零售業
38503642,明旺工程行,臺北市信義區虎林街100巷45號,建材零售業
13826286,良柏工程行,臺北市中山區農安街28之1號3樓之2,建材零售業
99961401,欣興工程行,臺北市南港區成福路202號1樓,建材零售業
26231934,小天使傢俱商行,臺北市內湖區環山路1段83號,建材零售業
31948509,勝發工程行,臺北市士林區格致路20巷1號2樓之7,建材零售業
81652184,信方裝潢行,臺北市內湖區內湖路1段737巷29號2樓,建材零售業
99643912,宏龍工程行,臺北市中山區長安東路2段142號7樓之2,建材零售業
15645916,翰興五金商行,臺北市北投區中央南路1段19號,建材零售業
77929569,威廷企業社,臺北市士林區中正路655巷17號4樓,建材零售業
38572632,振鼎工程行,臺北市中山區林森北路259巷9號5樓之14,建材零售業
99955506,惠華空間景觀設計坊,臺北市中山區長安東路2段118之3號1樓,建材零售業
25671217,駿和企業社,臺北市大同區重慶北路3段113巷4號,建材零售業
92908640,立德工程行,臺北市內湖區康樂街48巷16號,建材零售業
14339480,玉山門窗專賣店,臺北市南港區南港路3段296號1樓,建材零售業
80993446,明恩企業社,臺北市南港區玉成街2號1樓,建材零售業
10601214,源清工程行,臺北市北投區自強街5巷56號,建材零售業
17774437,古特設計工作室,臺北市信義區忠孝東路4段553巷34號1樓,建材零售業
81636755,友山企業行,臺北市士林區大南路393號1樓,建材零售業
31950173,璽園建設開發企業社,臺北市內湖區基湖路10巷46號5樓,建材零售業
38507083,鼎記照明企業社,臺北市北投區文化三路22號3樓,建材零售業
31952881,名耀室內裝修工程行,臺北市萬華區環河南路2段100巷5號5樓,建材零售業
01582258,承航室內裝修工程行,臺北市南港區成福路212號5樓,建材零售業
38573034,星陽園藝社,臺北市大安區富陽街102號1樓,建材零售業
17264568,允湛企業行,臺北市文山區辛亥路4段99號2樓,建材零售業
18410688,和康水電行,臺北市信義區吳興街65號1樓,建材零售業
38560495,雅登工程行,臺北市北投區義理街72號2樓,建材零售業
42268465,帷新工程行,臺北市中山區民族東路410巷23弄22號5樓,建材零售業
13828334,家齊企業社,臺北市大安區敦化南路1段376號2樓,建材零售業
25516840,天際線室內裝修工作坊,臺北市萬華區東園街177號4樓,建材零售業
13848211,天揚衛生工程行,臺北市文山區忠順街2段100號6樓,建材零售業
99966139,祐德玻璃工程行,臺北市中山區民權東路3段75巷2弄9號1樓,建材零售業
25577064,佳盛清潔服務社,臺北市北投區新民路1巷8號5樓之3,建材零售業
99987373,宇星空間室內裝修工作室,臺北市中正區汀州路1段92巷3號1樓,建材零售業
26374828,鋐昌工程行,臺北市中正區北平東路20號3樓,建材零售業
26237986,毅勃石室工程行,臺北市士林區士東路46巷5之1號6樓,建材零售業
25599763,景德鎮傢俱裝潢行,臺北市大同區環河北路2段281號,建材零售業
13826547,鎮豐企業社,臺北市信義區忠孝東路5段71巷3弄24號2樓,建材零售業
10386989,成淵工程行,臺北市士林區通河西街1段135號3樓之2,建材零售業
83933078,燈輝照明材料行,臺北市大同區承德路3段174號3樓,建材零售業
17766083,至上工程行,臺北市文山區木新路3段95巷50號8樓,建材零售業
26361020,罌粟工程行,臺北市北投區民族街10號2樓,建材零售業
17270457,立恆實業行,臺北市信義區松信路107號,建材零售業
26234284,賴氏水車工程行,臺北市北投區石牌路1段17號,建材零售業
31402253,祥鼎工程行,臺北市萬華區東園街28巷50之6號,建材零售業
41070606,創升工程行,臺北市內湖區東湖路160巷10弄20號4樓,建材零售業
26224960,忠信建材行,臺北市中山區龍江路429巷1號1樓,建材零售業
48773927,廣樹工程行,臺北市文山區新光路1段160號1樓,建材零售業
17770523,明發環保企業社,臺北市大同區錦西街38巷18號1樓,建材零售業
25663309,千川工程行,臺北市北投區中和街274號,建材零售業
10314590,利國企業社,臺北市南港區昆陽街140巷19號,建材零售業
31858106,開暘企業社,臺北市南港區舊莊街1段145巷6弄13號,建材零售業
25551661,友良企業社,臺北市南港區興南街52巷29之1號3樓,建材零售業
26208429,宗冠裝潢工程行,臺北市士林區延平北路5段163巷26弄22號2樓,建材零售業
14718757,大湖企業社,臺北市內湖區東湖路113巷91號2樓,建材零售業
48826781,銘晟企業社,臺北市中山區龍江路412巷5號,建材零售業
99349093,琨海企業行,臺北市大安區安居街35巷12號1樓,建材零售業
31856120,蓋亞土木包工業,臺北市中山區農安街34號5樓之15,建材零售業
81709855,合眾企業社,臺北市大同區延平北路4段102巷41號,建材零售業
26226600,健新工程行,臺北市北投區中央北路3段272號2樓,建材零售業
48762484,原采視覺工作室,臺北市南港區重陽路547號6樓,建材零售業
38474885,潤林商行,臺北市南港區永吉路535號1樓,建材零售業
48979977,桂采企業社,臺北市信義區信安街30號,建材零售業
26726035,郝鄰居企業社,臺北市大同區環河北路2段95號,建材零售業
48839250,宏?工程行,臺北市內湖區內湖路1段91巷90號3樓,建材零售業
26372510,營碩工程行,臺北市信義區信義路5段150巷445弄1號,建材零售業
48999214,玄皇工程行,臺北市文山區興隆路3段192巷8弄42號,建材零售業
48868178,浩禎企業社,臺北市北投區中央南路1段70號,建材零售業
10330487,一葉企業社,臺北市內湖區康樂街136巷3弄18號2樓,建材零售業
48698245,恆億水電材料行,臺北市文山區恆光街14巷16號1樓,建材零售業
10382941,伍力工程行,臺北市中山區北安路670巷9號,建材零售業
04907821,順華建材行,臺北市文山區興隆路4段197號,建材零售業
19526434,加新五金行,臺北市文山區木柵路1段66之8號,建材零售業
38575589,以勒工程行,臺北市大安區忠孝東路3段249號3樓,建材零售業
48810319,山葉工程行,臺北市內湖區康樂街136巷3弄18號3樓之2,建材零售業
17255527,保台建材行,臺北市信義區林口街124號1樓,建材零售業
31850239,潤霖工程行,臺北市內湖區潭美街131號地下,建材零售業
21777914,定鑫裝璜工程行,臺北市萬華區武成街7號1樓,建材零售業
83940134,盛頂建材行,臺北市士林區社中街330號1樓,建材零售業
48936400,亨佳工程行,臺北市北投區公館路340巷6號,建材零售業
29238448,超函地板工程行,臺北市大安區復興南路2段180巷18號1樓,建材零售業
12403020,龍江五金建材行,臺北市中山區龍江路200之3號,建材零售業
25557124,龍鈦五金行,臺北市松山區八德路4段481號,建材零售業
27180119,歐萊特室內裝修設計工程行,臺北市文山區一壽街20巷11號5樓,建材零售業
77912976,明禾建材行,臺北市大安區富陽路120號1樓,建材零售業
01484221,立吉事業坊,臺北市中正區中華路2段381巷15弄9號,建材零售業
26252521,金鼎工程行,臺北市大同區昌吉街121號,建材零售業
99348812,永誠建材行,臺北市大同區寧夏路112之3號1樓,建材零售業
25658994,義昇裝潢工程行,臺北市內湖區康樂街136巷30弄2號5樓,建材零售業
14339448,大信工程行,臺北市大安區復興南路1段85號1樓,建材零售業
