25538696,華光食品企業社,臺北市大同區迪化街2段426號4樓之3,核准設立,食品什貨批發業
48705323,陽光食品坊,臺北市內湖區內湖路1段323巷21弄22號,核准設立,食品什貨批發業
31865036,健瑛行,臺北市中山區民生東路1段25號6樓之24,核准設立,食品什貨批發業
31955424,享咖啡企業社,臺北市大安區仁愛路4段71巷9號(1樓),核准設立,食品什貨批發業
48896414,九象限顧問展業社,臺北市大安區忠孝東路4段162號10樓之2,核准設立,食品什貨批發業
29220377,臻品關東煮小吃店,臺北市松山區民生東路4段56巷3弄1號1樓,核准設立,食品什貨批發業
48930258,法瑪企業社,臺北市內湖區內湖路1段629巷101弄2號3樓,核准設立,食品什貨批發業
31869194,鼎晨食品行,臺北市士林區重慶北路4段143巷3弄14號2樓,核准設立,食品什貨批發業
31951356,陳楠倉企業社,臺北市中山區民生東路1段42號7樓之8,核准設立,食品什貨批發業
31859267,力升企業社,臺北市文山區景興路262號13樓之2,核准設立,食品什貨批發業
26217763,葉林貿易行,臺北市內湖區康寧路1段152號1樓,核准設立,食品什貨批發業
70979938,優墾產銷商行,臺北市大安區忠孝東路3段136號10樓之3,核准設立,食品什貨批發業
30359807,新興食品行,臺北市文山區景美街55號,核准設立,食品什貨批發業
30350355,酉龍企業社,臺北市北投區知行路292巷4弄8號3樓,核准設立,食品什貨批發業
25574496,倍羚國際商行,臺北市大安區和平東路1段141巷7號之2,核准設立,食品什貨批發業
77512731,欣茂茶行,臺北市大同區民族西路220號,核准設立,食品什貨批發業
38557323,岳家食品行,臺北市北投區天母西路117巷12-1號6樓之1,核准設立,食品什貨批發業
31959104,幸福婚禮小物專賣店,臺北市大同區長安西路170號,核准設立,食品什貨批發業
25554421,精彩商行,臺北市中山區中山北路2段72巷28號2樓,核准設立,食品什貨批發業
01404162,元緣圓茶藝行,臺北市北投區承德路7段臨1之3號,核准設立,食品什貨批發業
38514704,崇恩甜品店,臺北市大同區民生西路171巷3號5樓之6,核准設立,食品什貨批發業
31866231,頌巧烘焙坊,臺北市北投區石牌路2段86號,核准設立,食品什貨批發業
48781378,大瀛特易購商行,臺北市萬華區昆明街111號10樓之7,核准設立,食品什貨批發業
38568659,依莉企業社,臺北市大同區承德路2段215號3樓之4,核准設立,食品什貨批發業
10062763,知靈果菜商行,臺北市萬華區青年路168巷49弄10號,核准設立,食品什貨批發業
01162468,榮豐企業社,臺北市大同區迪化街1段338號,核准設立,食品什貨批發業
31870805,米哇企業社,臺北市信義區永吉路170號12樓,核准設立,食品什貨批發業
31856873,家一源企業社,臺北市松山區八德路3段12巷51弄15號,核准設立,食品什貨批發業
10315296,豐樺企業社,臺北市萬華區東園街28巷50號地下1樓之1,核准設立,食品什貨批發業
15964066,大通食品行,臺北市萬華區德昌街235巷22號,核准設立,食品什貨批發業
38502828,信郁企業社,臺北市中山區中原街138號,核准設立,食品什貨批發業
17084165,佳譽商行,臺北市大同區鄭州路23號1樓,核准設立,食品什貨批發業
94912536,同慶企業社,臺北市大同區承德路3段64號1樓,核准設立,食品什貨批發業
38473730,艾比企業社,臺北市大安區信義路3段157巷8號1樓,核准設立,食品什貨批發業
26251403,溫贊企業社,臺北市文山區試院路4巷19號,核准設立,食品什貨批發業
26339864,達網麗商行,臺北市中山區松江路90巷21號7樓,核准設立,食品什貨批發業
26340406,陞錩商行,臺北市中山區中山北路2段77巷37號7樓之1,核准設立,食品什貨批發業
38569931,福蘭朵企業社,臺北市中正區忠孝西路1段41號9樓之16,核准設立,食品什貨批發業
31874422,闊喜工房,臺北市信義區基隆路2段22號6樓之6,核准設立,食品什貨批發業
31709943,京站支付企業社,臺北市中山區松江路207號9樓,核准設立,食品什貨批發業
31862410,角落工作室,臺北市松山區南京東路3段285號7樓,核准設立,食品什貨批發業
10344124,瑞海行銷企業社,臺北市中山區錦州街278號4樓之1,核准設立,食品什貨批發業
15640145,鎮記米行,臺北市北投區東華街2段104號,核准設立,食品什貨批發業
48883516,德誠企業社,臺北市中山區南京東路1段16號9樓之1,核准設立,食品什貨批發業
38555937,人品養生御膳坊,臺北市中山區錦州街50號8樓之18,核准設立,食品什貨批發業
26349574,麗翔商行,臺北市大安區和平東路1段14號2樓之1,核准設立,食品什貨批發業
38471590,東北軒食味好館,臺北市中山區長春路106號1樓,核准設立,食品什貨批發業
01398008,寶豐食品行,臺北市北投區大業路65巷1弄7號,核准設立,食品什貨批發業
31880803,菲瑞西點手工坊,臺北市文山區興隆路2段96巷2之4號,核准設立,食品什貨批發業
48677446,華達國際企業社,臺北市松山區八德路2段374號7樓,核准設立,食品什貨批發業
34784234,品軒食品行,臺北市中山區吉林路177號,核准設立,食品什貨批發業
48871997,廣盈食品行,臺北市萬華區環南綜合市場丁棟2樓1276號,核准設立,食品什貨批發業
31717916,全民健康運動器材行,臺北市南港區南港路2段20巷1號、3號1樓,核准設立,食品什貨批發業
31952502,彩弘工作室,臺北市信義區莊敬路289巷4-2號,核准設立,食品什貨批發業
26342116,健宸企業社,臺北市松山區八德路4段709巷2之3號1樓,核准設立,食品什貨批發業
25579083,梅華商行,臺北市萬華區環河南路3段199號1樓,核准設立,食品什貨批發業
38510405,慈元行,臺北市大同區民生西路383號,核准設立,食品什貨批發業
38503447,盛鴻行,臺北市士林區延平北路6段139號4樓,核准設立,食品什貨批發業
25673518,雲軒茶行,臺北市萬華區昆明街272號,核准設立,食品什貨批發業
38572274,梨家不遠企業社,臺北市文山區新光路1段167號1樓,核准設立,食品什貨批發業
25556125,九久商號,臺北市大安區永康街41巷26號,核准設立,食品什貨批發業
29203481,有鑫小吃店,臺北市士林區文林路531號,核准設立,食品什貨批發業
31962918,富林企業管理社,臺北市南港區興華路30巷11號,核准設立,食品什貨批發業
25550311,貨比鮮食舖,臺北市北投區溫泉路58巷15之1號3樓,核准設立,食品什貨批發業
13479440,崟瑞行,臺北市中山區新生北路2段68巷11之2號,核准設立,食品什貨批發業
38459809,四月雨咖啡館,臺北市大安區忠孝東路4段216巷40弄18號1樓,核准設立,食品什貨批發業
01726305,欣欣美材精品店,臺北市北投區石牌路2段68巷1號,核准設立,食品什貨批發業
31872487,怡合行,臺北市大安區金華街207號,核准設立,食品什貨批發業
42271172,日隆商行,臺北市南港區忠孝東路6段269巷4弄1號,核准設立,食品什貨批發業
31845709,泰旺商行,臺北市北投區石牌路2段85號5樓,核准設立,食品什貨批發業
38567672,康利企業社,臺北市信義區基隆路1段364巷40號2樓,核准設立,食品什貨批發業
26237698,宇宙網企業社,臺北市大安區大安路1段31巷20號,核准設立,食品什貨批發業
09959333,熙葆企業行,臺北市大安區辛亥路2段121號2樓,核准設立,食品什貨批發業
26354219,億錸商行,臺北市萬華區富民路115號5樓之1,核准設立,食品什貨批發業
38507204,光彩企業社,臺北市大安區忠孝東路4段191號6樓,核准設立,食品什貨批發業
14744930,郡康企業社,臺北市內湖區環山路2段109巷6弄7號3樓,核准設立,食品什貨批發業
31849917,博宸工作室,臺北市中正區重慶南路1段43號3樓之1,核准設立,食品什貨批發業
17552239,名揚禮儀社,臺北市中正區延平南路61號4樓之11,核准設立,食品什貨批發業
15652676,東震實業社,臺北市士林區大東路99號1樓,核准設立,食品什貨批發業
30266569,晉恆商行,臺北市中山區錦州街20號7樓之4,核准設立,食品什貨批發業
25550918,香頌咖啡輕食店,臺北市大安區羅斯福路4段107號,核准設立,食品什貨批發業
45376522,禾亦富企業社,臺北市中山區民生東路2段83號4樓之29,核准設立,食品什貨批發業
26371723,達誠企業社,臺北市大安區復興南路2段291號2樓,核准設立,食品什貨批發業
38515035,雅泰食品行,臺北市中山區新生北路2段108號11樓之6,核准設立,食品什貨批發業
26283469,青山商號,臺北市大同區民生西路198號雙連公有市場地下1樓130號攤位,核准設立,食品什貨批發業
13848768,麗景商行,臺北市萬華區興義街31號4樓,核准設立,食品什貨批發業
31861806,東益興商行,臺北市大同區迪化街1段270號,核准設立,食品什貨批發業
10366105,優陞營食品行,臺北市文山區興隆路2段202號1樓,核准設立,食品什貨批發業
26341334,月之耀咖啡坊,臺北市士林區中山北路6段450巷26號1樓,核准設立,食品什貨批發業
38469285,晉源行,臺北市大安區復興南路2段237號13樓,核准設立,食品什貨批發業
09693637,盈鑫國際商行,臺北市北投區文林北路244巷66號1樓,核准設立,食品什貨批發業
37912417,行義企業社,臺北市北投區石牌路2段357巷1號1樓,核准設立,食品什貨批發業
31951840,富美家企業社,臺北市南港區南港路3段225號3樓,核准設立,食品什貨批發業
31957247,福冠企業行,臺北市北投區中和街245號,核准設立,食品什貨批發業
38501855,申益商行,臺北市中山區松江路90巷19號1樓,核准設立,食品什貨批發業
26249174,蕾孟麗美容材料店,臺北市信義區吳興街128號,核准設立,食品什貨批發業
31707570,中華兩岸資電通館,臺北市中山區南京東路3段189號8樓,核准設立,食品什貨批發業
31951102,拎咖啡複合式餐飲,臺北市南港區南港路2段25號,核准設立,食品什貨批發業
38466219,萬瓏企業社,臺北市信義區基隆路1段155號8樓之8,核准設立,食品什貨批發業
26345789,章安商行,臺北市大安區大安路1段84巷4號,核准設立,食品什貨批發業
12290932,虫二茶莊,臺北市大安區永康街8巷11號,核准設立,食品什貨批發業
26251163,善滿緣企業社,臺北市大安區臥龍街188巷1號1樓,核准設立,食品什貨批發業
31959343,銓發雜糧行,臺北市松山區光復南路33巷32號,核准設立,食品什貨批發業
19870787,雅信服裝社,臺北市中山區中山北路2段72巷28號2樓,核准設立,食品什貨批發業
48896998,無限網實業社,臺北市松山區八德路4段245巷32弄36號,核准設立,食品什貨批發業
31675612,芥菜種食品行,臺北市松山區八德路3段74巷37號1樓,核准設立,食品什貨批發業
26220211,潤禧餃子館,臺北市大安區復興南路1段263號,核准設立,食品什貨批發業
99417726,反向思惟創意整合體系工作室,臺北市士林區後港街16號1樓,核准設立,食品什貨批發業
38507513,廣庭企業社,臺北市文山區興隆路2段153巷3弄6號2樓,核准設立,食品什貨批發業
38570450,旭向屋洋行,臺北市大同區南京西路163之24號,核准設立,食品什貨批發業
31956140,達鑽商行,臺北市中山區民生東路3段1號3樓,核准設立,食品什貨批發業
38512446,劼磊工作室,臺北市中山區南京東路3段189號4樓,核准設立,食品什貨批發業
26349883,珍妃咖啡坊,臺北市中正區羅斯福路3段88號,核准設立,食品什貨批發業
31954240,冠磊商行,臺北市北投區泉源路28號地下樓,核准設立,食品什貨批發業
38498107,宏宇商號,臺北市信義區松仁路260號2樓之1,核准設立,食品什貨批發業
38512261,秘密衣櫥工作室,臺北市中山區龍江路342巷27號,核准設立,食品什貨批發業
26254106,台灣精品生活館,臺北市中山區民生東路1段25號5樓之23,核准設立,食品什貨批發業
26252867,卡沙拉曼果行,臺北市松山區南京東路5段230號15樓之8,核准設立,食品什貨批發業
38471178,逸盛科技行銷社,臺北市中正區重慶南路1段83號6樓,核准設立,食品什貨批發業
31868569,耶和華生技企業社,臺北市內湖區星雲街138巷20號6樓,核准設立,食品什貨批發業
48717778,大和興行,臺北市中山區中山北路2段115巷43號5樓之4,核准設立,食品什貨批發業
38462071,達育企業社,臺北市中山區興安街51之8號1樓,核准設立,食品什貨批發業
31865155,?順企業社,臺北市文山區汀州路4段140巷2弄2號,核准設立,食品什貨批發業
48900894,御昌商行,臺北市大同區長安西路177巷1之1號,核准設立,食品什貨批發業
31879138,?子手作烘焙坊,臺北市南港區園區街19號7樓,核准設立,食品什貨批發業
38568222,炳晟美容企業社,臺北市中山區中山北路3段30號4樓之5,核准設立,食品什貨批發業
18259183,佛光聯合醫療企業管理顧問社,臺北市大安區基隆路2段226號,核准設立,食品什貨批發業
77838456,雲松企業社,臺北市大安區仁愛路4段345巷4弄16號,核准設立,食品什貨批發業
26227973,京盛茶坊,臺北市大同區承德路3段15號,核准設立,食品什貨批發業
31842560,聚泰養生館,臺北市中山區南京東路3段10號(1、2樓),核准設立,食品什貨批發業
15668754,振加企業行,臺北市中山區長安東路2段75號1樓,核准設立,食品什貨批發業
38500770,枕戈待旦商行,臺北市中山區興安街93號,核准設立,食品什貨批發業
26339885,華謙企業社,臺北市松山區八德路3段212號8樓,核准設立,食品什貨批發業
26375241,尚好蔬果行,臺北市松山區八德路4段72巷14弄2號,核准設立,食品什貨批發業
25550874,三十堂商行,臺北市文山區辛亥路4段166巷10號2樓,核准設立,食品什貨批發業
29227738,石碇公行,臺北市信義區林口街52巷31號1樓,核准設立,食品什貨批發業
34762007,馮翔企業社,臺北市北投區知行路292巷4弄8號3樓,核准設立,食品什貨批發業
26367798,建福企業社,臺北市大安區臥龍街188巷13號,核准設立,食品什貨批發業
13361322,巧匠名坊商行,臺北市中山區松江路90巷21號7樓,核准設立,食品什貨批發業
48807980,金齊企業社,臺北市大安區忠孝東路4段235號11樓,核准設立,食品什貨批發業
31878623,聯聖企業社,臺北市內湖區民權東路6段123巷28號6樓之2,核准設立,食品什貨批發業
26227755,王義咖啡商行,臺北市中山區中山北路1段53巷4號1樓,核准設立,食品什貨批發業
38581554,山豐企業社,臺北市中山區新生北路1段46號8樓,核准設立,食品什貨批發業
31872705,力榮企業社,臺北市內湖區五分街23號5樓,核准設立,食品什貨批發業
48778161,翔泰國際商行,臺北市大同區哈密街68巷3號,核准設立,食品什貨批發業
14871301,韓多企業社,臺北市中山區林森北路536號7樓之5,核准設立,食品什貨批發業
31860320,穎佳商號,臺北市南港區富康街72巷2號1樓,核准設立,食品什貨批發業
25543728,信凱企業社,臺北市中山區中山北路3段30號3樓之3,核准設立,食品什貨批發業
34762864,賽門鄧普拉食品行,臺北市中正區開封街2段46號,核准設立,食品什貨批發業
48982473,五嶺企業社,臺北市萬華區興寧街8巷8號3樓,核准設立,食品什貨批發業
26368924,萊得旺商行,臺北市北投區中央南路1段102巷16弄34號3樓,核准設立,食品什貨批發業
31855369,鷹流企業社,臺北市大安區忠孝東路4段216巷27弄14號,核准設立,食品什貨批發業
29350069,雪之果工坊,臺北市北投區復興四路8巷12號1樓,核准設立,食品什貨批發業
31442109,酷鎷企業工作坊,臺北市中正區北平東路24號2樓之5,核准設立,食品什貨批發業
41071577,仟虹國際廣告贈品行,臺北市大安區羅斯福路3段335號12樓之1,核准設立,食品什貨批發業
26371694,益州國際企業社,臺北市松山區八德路3段210號11樓,核准設立,食品什貨批發業
25508709,華達士食品行,臺北市大安區和平東路2段49之3號,核准設立,食品什貨批發業
31873562,唯裕商行,臺北市中山區建國北路3段113巷3號,核准設立,食品什貨批發業
73890901,小佛爺咖啡藝文茶坊,臺北市大同區昌吉街81巷7號1樓,核准設立,食品什貨批發業
77431647,禪淨佛教文物社,臺北市士林區中正路409號,核准設立,食品什貨批發業
78493162,高欣電氣行,臺北市中山區吉林路161巷11號之1、1樓,核准設立,食品什貨批發業
25578319,年豐企業社,臺北市士林區永平街25巷6號4樓,核准設立,食品什貨批發業
38515210,詠大商行,臺北市文山區下崙路28巷5號4樓,核准設立,食品什貨批發業
25664861,維也納專業烘培坊,臺北市北投區中央北路3段4號,核准設立,食品什貨批發業
38504327,許記養生食品商行,臺北市大安區信義路4段265巷10弄6號3樓,核准設立,食品什貨批發業
38572788,茂榮企業社,臺北市文山區木新路2段3號7樓,核准設立,食品什貨批發業
38514562,青果園鮮萃飲品企業社,臺北市大安區和平東路1段159之2號,核准設立,食品什貨批發業
26363218,玻爾鬆餅舖,臺北市萬華區成都路19號,核准設立,食品什貨批發業
38503761,水剌餐飲店,臺北市中山區北安路595巷28號1樓,核准設立,食品什貨批發業
01800992,高師傅花藝社,臺北市內湖區成功路2段486巷4號10樓,核准設立,食品什貨批發業
25556862,茉莉國際企業社,臺北市北投區文林北路284巷2號1樓,核准設立,食品什貨批發業
38503452,旅憩咖啡工作坊,臺北市信義區黎平里崇德街10號,核准設立,食品什貨批發業
38495621,淳覺植饌咖啡坊,臺北市北投區北投路2段17號,核准設立,食品什貨批發業
25668281,富家企業,臺北市中正區館前路6號7樓,核准設立,食品什貨批發業
01844540,大欣盒餐行,臺北市士林區社中街99號2樓,核准設立,食品什貨批發業
30230774,福營物流企業社,臺北市大安區忠孝東路4段162號10樓之2,核准設立,食品什貨批發業
38577926,點點食品行,臺北市中山區林森北路263號11樓之6,核准設立,食品什貨批發業
26210564,正一堂養生膳食坊,臺北市大同區哈密街122號,核准設立,食品什貨批發業
31958490,愛花果手工綠色坊,臺北市信義區忠孝東路5段1之1號12樓,核准設立,食品什貨批發業
49984294,創薪工程行,臺北市信義區光復南路447之2號4樓之5,核准設立,食品什貨批發業
98903925,柏飛企業社,臺北市內湖區金湖路64巷2號3樓,核准設立,食品什貨批發業
48692410,禾翔食品行,臺北市士林區重慶北路4段81號7樓之5,核准設立,食品什貨批發業
38576172,舞丰企業社,臺北市松山區民生東路5段169號15樓之4,核准設立,食品什貨批發業
48701038,慶揚商行,臺北市大同區庫倫街33號1樓,核准設立,食品什貨批發業
13466249,佶豐商行,臺北市士林區社中街33巷4號,核准設立,食品什貨批發業
30303683,史丹佛魔髮美學企業社,臺北市松山區復興北路145號2樓,核准設立,食品什貨批發業
26220520,路得咖啡坊,臺北市松山區八德路3段12巷16弄2號,核准設立,食品什貨批發業
38510073,為薪企業社,臺北市中山區復興北路400號3樓之2,核准設立,食品什貨批發業
25549687,明川家企業社,臺北市松山區民生東路4段54號6樓之11,核准設立,食品什貨批發業
48729367,葳葳企業社,臺北市中正區廈門街113巷10之5號1樓,核准設立,食品什貨批發業
48749510,海山農產企業社,臺北市萬華區環河南路3段3號(1樓),核准設立,食品什貨批發業
48718241,家樂企業社,臺北市信義區松隆路20號3樓,核准設立,食品什貨批發業
26229661,蘭陽蔬果雞蛋行,臺北市萬華區開封街2段80號3樓之12,核准設立,食品什貨批發業
26215414,意龍發企業社,臺北市萬華區長順街14巷1弄18號3樓,核准設立,食品什貨批發業
01847835,雙傑行,臺北市士林區德行東路331巷50弄4號1樓,核准設立,食品什貨批發業
48713908,雷氏國際商行,臺北市中山區民權西路20號9樓之7,核准設立,食品什貨批發業
26371218,艾薇兒工作室,臺北市中山區林森北路561號2樓之6,核准設立,食品什貨批發業
48998670,百吉企業社,臺北市南港區南港路3段80巷55號1樓,核准設立,食品什貨批發業
25575713,岩松商店,臺北市大安區仁愛路3段160號,核准設立,食品什貨批發業
38495495,全和商行,臺北市松山區塔悠路215號4樓,核准設立,食品什貨批發業
13903966,天雅藝術館,臺北市信義區松德路65號11樓之2,核准設立,食品什貨批發業
10396987,迪利商行,臺北市內湖區新明路475巷12之1號1樓,核准設立,食品什貨批發業
38573013,稻禾米糧文創工作室,臺北市北投區溫泉路68巷24號4樓之1,核准設立,食品什貨批發業
25552649,深淩企業社,臺北市松山區八德路2段441號2樓,核准設立,食品什貨批發業
25546128,盈嘉食品行,臺北市中山區長春路3巷15號3樓之4,核准設立,食品什貨批發業
26369281,香蒂商行,臺北市大安區潮州街84之2號,核准設立,食品什貨批發業
38507041,津語商行,臺北市內湖區成功路5段442之1號,核准設立,食品什貨批發業
26341545,濮合元實業社,臺北市松山區三民路107巷10號2樓,核准設立,食品什貨批發業
25556737,漢陽小吃店,臺北市信義區基隆路1段380巷6號,核准設立,食品什貨批發業
26213555,佳豐富食品行,臺北市大同區甘州街44之1號,核准設立,食品什貨批發業
99981011,飛騰企業行,臺北市大同區迪化街2段172巷15號,核准設立,食品什貨批發業
09837563,潔力欣商行,臺北市信義區吳興街518巷10號2樓,核准設立,食品什貨批發業
10304713,宇鈿科技企業社,臺北市大同區民族西路31巷36號,核准設立,食品什貨批發業
49858310,晟邑國際商行,臺北市中山區(南)民權西路20號9樓之7,核准設立,食品什貨批發業
81736852,上安健康商行,臺北市中山區中山北路1段105巷13之2號,核准設立,食品什貨批發業
48901134,四輪禽業商行,臺北市士林區延平北路5段334號,核准設立,食品什貨批發業
31859127,丞昕企業商行,臺北市中山區南京東路1段86號10樓,核准設立,食品什貨批發業
48939737,雅軒美食店,臺北市內湖區內湖路2段300號5樓之5,核准設立,食品什貨批發業
31871419,豐川水行,臺北市萬華區西園路1段136巷16弄17號4樓,核准設立,食品什貨批發業
31948888,士官長企業社,臺北市中正區北平東路24號8樓之5,核准設立,食品什貨批發業
38554579,士林芒果冰館,臺北市士林區基河路106號,核准設立,食品什貨批發業
38564582,超越美容材料行,臺北市中山區南京東路2段140號2樓,核准設立,食品什貨批發業
38568320,齊捷精品店,臺北市大安區和平東路2段51號1樓、53巷2號1樓,核准設立,食品什貨批發業
10301835,觀自在企業社,臺北市中山區復興南路1段36號4樓,核准設立,食品什貨批發業
26211986,七十番日式料理店,臺北市中山區復興北路170號,核准設立,食品什貨批發業
38552495,昇昇精品咖啡,臺北市大同區哈密街65號1樓,核准設立,食品什貨批發業
31832227,鉅鎧商行,臺北市信義區林口街27號,核准設立,食品什貨批發業
25669275,董娘的糖餅屋,臺北市士林區大東路15之18號,核准設立,食品什貨批發業
25516665,玉惠贊企業社,臺北市內湖區內湖路1段737巷51弄18號,核准設立,食品什貨批發業
31960284,唐榮百業企業社,臺北市中正區中山北路1段2號7樓之6,核准設立,食品什貨批發業
26220036,芳興商行,臺北市內湖區東湖路160巷10弄45號,核准設立,食品什貨批發業
25548929,正立小吃店,臺北市萬華區和平西路3段141號,核准設立,食品什貨批發業
48883380,生活者工作坊,臺北市士林區福志路52巷8號,核准設立,食品什貨批發業
48855645,森麒企業社,臺北市中山區民族東路258號3樓,核准設立,食品什貨批發業
26218329,龍宇富華健康養生館,臺北市中山區松江路431巷21號,核准設立,食品什貨批發業
09655541,鑫家潔企業社,臺北市萬華區貴陽街2段203號1樓,核准設立,食品什貨批發業
48852204,晞臘室內裝修設計工作室,臺北市內湖區陽光街92巷24弄17號,核准設立,食品什貨批發業
26221339,優得手作咖啡坊,臺北市中正區羅斯福路3段100號1樓之11,核准設立,食品什貨批發業
99983171,佳蒂企業社,臺北市文山區興隆路1段251巷6號1樓,核准設立,食品什貨批發業
01492756,威尼斯食品行,臺北市萬華區莒光路145號,核准設立,食品什貨批發業
81790216,筌冠企業社,臺北市南港區東明街116號,核准設立,食品什貨批發業
29222142,鄧老師養生館,臺北市中山區民權東路2段136號,核准設立,食品什貨批發業
29200870,世紀企業社,臺北市中正區漢口街1段31號4樓,核准設立,食品什貨批發業
81671350,譽展蜜餞行,臺北市中山區四平街72號1樓,核准設立,食品什貨批發業
38469124,興融興企業社,臺北市內湖區成功路2段486巷4號10樓,核准設立,食品什貨批發業
26236987,永鋐香行,臺北市萬華區環河南路2段276-2號1樓,核准設立,食品什貨批發業
38564020,立拓點和食館,臺北市信義區基隆路1段155號12樓之6,核准設立,食品什貨批發業
31952117,沐品實業社,臺北市士林區臺北市士林區前街25號,核准設立,食品什貨批發業
31716331,微笑實業,臺北市北投區三合街2段489號,核准設立,食品什貨批發業
48729079,豐億糧行,臺北市內湖區康寧路3段165巷25弄11號2樓,核准設立,食品什貨批發業
38474421,皇翔企業社,臺北市信義區信安街34號,核准設立,食品什貨批發業
31863023,聰嬌國際企業社,臺北市中山區復興北路488巷3號,核准設立,食品什貨批發業
31858788,飛登國際商行,臺北市大同區承德路1段32號12樓之12,核准設立,食品什貨批發業
17263391,班芙名品店,臺北市大安區仁愛路3段108號1樓,核准設立,食品什貨批發業
25533290,允凍商行,臺北市北投區清江路25巷26號,核准設立,食品什貨批發業
26248626,泰和悅泰式養生館,臺北市內湖區成功路3段127號1樓,核准設立,食品什貨批發業
26370365,味之鄉食品行,臺北市士林區重慶北路4段143巷3弄14號2樓,核准設立,食品什貨批發業
26368543,行達企業社,臺北市士林區延平北路6段448號,核准設立,食品什貨批發業
38571681,御寶企業社,臺北市南港區東新街205號2樓,核准設立,食品什貨批發業
26372504,尚品行,臺北市松山區八德路4段471號3樓,核准設立,食品什貨批發業
17977812,東禧日用品社,臺北市松山區八德路4段650號6樓之20,核准設立,食品什貨批發業
38563660,依夏霈商行,臺北市大安區忠孝東路4段53之11號,核准設立,食品什貨批發業
14494898,寶來眼鏡行,臺北市大安區復興南路2段2號1樓,核准設立,食品什貨批發業
31878243,傑彥國際企業社,臺北市大安區忠孝東路4段2號9樓之10,核准設立,食品什貨批發業
14719756,永康印度風餐坊,臺北市大安區延吉街137巷7弄3號,核准設立,食品什貨批發業
31957513,食安行,臺北市大安區復興南路1段206號10樓,核准設立,食品什貨批發業
25579871,金龍商行,臺北市中山區龍江路328巷18號3樓,核准設立,食品什貨批發業
25558019,富玉精品店,臺北市中山區民權西路48號7樓之1,核准設立,食品什貨批發業
38554542,錦上花國際企業社,臺北市松山區塔悠路81號8樓之3,核准設立,食品什貨批發業
31862426,彬彬黑鬍子小吃店,臺北市內湖區環山路3段1號,核准設立,食品什貨批發業
38466597,艾提精品坊,臺北市萬華區武昌街2段56號,核准設立,食品什貨批發業
10308979,茂鑄國際商行,臺北市中山區德惠街34號4樓之13,核准設立,食品什貨批發業
48904337,安倪雅美容?,臺北市松山區三民路9之6號,核准設立,食品什貨批發業
26230484,平晟商行,臺北市北投區溫泉路73巷6號10樓之2,核准設立,食品什貨批發業
73891486,頂好蔬果行,臺北市松山區八德路4段72巷14弄2號,核准設立,食品什貨批發業
31881155,即思整合行銷工作室,臺北市北投區石牌路2段315巷12之1號2樓,核准設立,食品什貨批發業
38557034,盚帛鼠~商行,臺北市萬華區成都路61之1號,核准設立,食品什貨批發業
78361296,東籬居民俗店,臺北市松山區八德路4段447號1樓,核准設立,食品什貨批發業
10332801,菲比國際行銷社,臺北市信義區基隆路2段189號5樓之4,核准設立,食品什貨批發業
38571036,歐德洋行,臺北市中山區中山北路1段83巷5號3樓之9,核准設立,食品什貨批發業
25664187,鄉村餅屋,臺北市萬華區艋舺大道140號,核准設立,食品什貨批發業
77145270,三行肉脯店,臺北市萬華區富民路83號1樓,核准設立,食品什貨批發業
01792753,禪門佛教文物店,臺北市大安區忠孝東路4段122之2號3樓,核准設立,食品什貨批發業
38471450,市民夜市商行,臺北市松山區市民大道4段145號,核准設立,食品什貨批發業
38514079,柏彥企業社,臺北市中山區南京東路2段174號8樓,核准設立,食品什貨批發業
48997715,都雲食品行,臺北市士林區重慶北路4段143巷3弄14號2樓,核准設立,食品什貨批發業
31858400,北町企業社,臺北市大安區師大路137號,核准設立,食品什貨批發業
78501819,力道企業社,臺北市士林區文林路180號,核准設立,食品什貨批發業
38470656,鉅幼企業社,臺北市文山區忠順街2段25號,核准設立,食品什貨批發業
38567167,東照商行,臺北市中山區民族東路60號7樓之8,核准設立,食品什貨批發業
48762317,美景工房,臺北市中山區雙城街18巷12號1樓,核准設立,食品什貨批發業
38560621,?彩果氛商行,臺北市大安區大安路2段70號1樓,核准設立,食品什貨批發業
49929700,仁極養生館,臺北市萬華區廣州街32號7樓,核准設立,食品什貨批發業
38570796,牛?牛肉麵店,臺北市中正區市民大道3段8號1樓(光華商場美食區),核准設立,食品什貨批發業
26194092,策略家整合行銷社,臺北市中山區天祥路48巷5號,核准設立,食品什貨批發業
01194665,大為商行,臺北市中山區林森北路341號,核准設立,食品什貨批發業
21720461,富樂商行,臺北市大安區信義路2段230號8樓之2,核准設立,食品什貨批發業
25656166,鼎旺食品行,臺北市大同區歸綏街240號1樓,核准設立,食品什貨批發業
31875392,金利來食品行,臺北市內湖區內湖路3段279號2樓,核准設立,食品什貨批發業
15641480,騏詮商行,臺北市南港區興中路28巷4號,核准設立,食品什貨批發業
31858648,冠睿商行,臺北市中山區林森北路472號7樓之13,核准設立,食品什貨批發業
77172557,振發商行,臺北市萬華區康定路24之2號1樓,核准設立,食品什貨批發業
38552333,如此美好工作室,臺北市信義區崇德街38巷22號,核准設立,食品什貨批發業
38574511,豐采燕商行,臺北市信義區中坡南路215巷8號5樓,核准設立,食品什貨批發業
38471347,益多咖啡館,臺北市大安區溫州街79號,核准設立,食品什貨批發業
38499582,澄意企業社,臺北市大安區和平東路2段118巷36號,核准設立,食品什貨批發業
38574527,哈寶國際商行,臺北市大安區忠孝東路4段59號10樓之2,核准設立,食品什貨批發業
17750168,金中科技企業社,臺北市中山區松江路259巷33號,核准設立,食品什貨批發業
25537423,?利國際企業社,臺北市松山區南京東路5段251巷24弄20之1號2樓,核准設立,食品什貨批發業
38560538,巧妮企業社,臺北市中山區南京東路2段76號4樓,核准設立,食品什貨批發業
25539941,祥榮企管企業社,臺北市中山區伊通街58號3樓,核准設立,食品什貨批發業
31947918,三美金企業社,臺北市中山區德惠街200號,核准設立,食品什貨批發業
21717233,抱花戶手創花藝設計坊,臺北市中山區林森北路85巷2之1號3樓,核准設立,食品什貨批發業
26307589,黑布朗咖啡專賣店,臺北市中山區長安東路2段129巷4號,核准設立,食品什貨批發業
98108602,泰一商行,臺北市中山區遼寧街138巷26號4樓,核准設立,食品什貨批發業
10314894,立可明企業社,臺北市信義區信義路6段126之32號,核准設立,食品什貨批發業
77163327,鴻福眼鏡行,臺北市萬華區萬大路414號1樓,核准設立,食品什貨批發業
25563272,益群工作室,臺北市松山區南京東路5段251巷24弄20之1號2樓,核准設立,食品什貨批發業
14433957,立農商行,臺北市大安區復興南路2段128巷6號4樓,核准設立,食品什貨批發業
99960965,雙龍食品行,臺北市萬華區成都路81號11樓之7,核准設立,食品什貨批發業
38576644,約書亞企業社,臺北市內湖區星雲街133號12樓之2,核准設立,食品什貨批發業
27171815,大峰利商行,臺北市士林區德行東路109巷5號1樓,核准設立,食品什貨批發業
48776993,茂茂森林創意行銷工作室,臺北市大安區復興南路1段127號16樓之1,核准設立,食品什貨批發業
81743262,智利洋行,臺北市大安區安和路1段141巷9號1樓,核准設立,食品什貨批發業
38497634,渢格眼鏡行,臺北市文山區木新路2段271號1樓,核准設立,食品什貨批發業
81776283,柏凱企業社,臺北市北投區北投路1段9號(2樓),核准設立,食品什貨批發業
10387517,寶利食品行,臺北市大同區延平北路1段51號4樓之5,核准設立,食品什貨批發業
25517876,迦蓮國際商行,臺北市大同區酒泉街159號1樓,核准設立,食品什貨批發業
25552964,上味香魚丸店,臺北市信義區松山路294號1樓永春市場132號攤位,核准設立,食品什貨批發業
38581674,麗琦美企業社,臺北市信義區莊敬路325巷56號3樓,核准設立,食品什貨批發業
41100355,世霖實業社,臺北市大同區民權西路122號6樓之1,核准設立,食品什貨批發業
66995582,豪華水電行,臺北市大同區南京西路452號4樓,核准設立,食品什貨批發業
26244712,楓葉商行,臺北市北投區中和街55號2樓,核准設立,食品什貨批發業
31862690,紅仕食品行,臺北市北投區光明路132之9號,核准設立,食品什貨批發業
10336481,膚適美企業社,臺北市大安區安東街40巷37號4樓,核准設立,食品什貨批發業
38505923,林董糕餅,臺北市萬華區西園路1段85號1樓,核准設立,食品什貨批發業
26236282,廣大順食品店,臺北市大同區延平北路2段36巷4號,核准設立,食品什貨批發業
48781742,艾蜜利食品商行,臺北市北投區光明路218之5號2樓,核准設立,食品什貨批發業
26219586,茱茱童裝屋,臺北市大安區敦化南路2段11巷38弄6號4樓之2,核准設立,食品什貨批發業
25525094,帝王縈商行,臺北市大安區新生南路3段100號3樓,核准設立,食品什貨批發業
38514036,興盛葡萄園企業社,臺北市中山區中山北路1段140巷13號3樓,核准設立,食品什貨批發業
31957345,悅成商行,臺北市內湖區新明路381號2樓,核准設立,食品什貨批發業
38464628,穠舍田園小吃店,臺北市內湖區碧山路38號,核准設立,食品什貨批發業
31866801,野上智寬工作室,臺北市士林區福國路5號1樓,核准設立,食品什貨批發業
26345057,衣坊布行,臺北市中正區博愛路142號,核准設立,食品什貨批發業
26255132,茶北壹零貳商行,臺北市士林區文林路102之24號、102之25號、102之26號、102之27號,核准設立,食品什貨批發業
38502952,雯浩商號,臺北市南港區興中路12巷9號,核准設立,食品什貨批發業
25666896,蔬活企業社,臺北市文山區景文街42號5樓,核准設立,食品什貨批發業
31951026,勒馬克精品咖啡店,臺北市大安區通化街193號,核准設立,食品什貨批發業
48754175,甫龍行,臺北市大安區仁愛路4段122巷58號3樓,核准設立,食品什貨批發業
48975515,鮮活家國際企業社,臺北市松山區八德路3段225號8樓之6,核准設立,食品什貨批發業
99427549,旭翔企業社,臺北市中山區松江路402巷26號3樓,核准設立,食品什貨批發業
38556979,和亞商行,臺北市中山區林森北路50號4樓之3,核准設立,食品什貨批發業
42269632,德思企業社,臺北市大安區仁愛路4段300巷35弄2號,核准設立,食品什貨批發業
25575848,鄉村農產企業社,臺北市萬華區環河南路2段280巷27號2樓,核准設立,食品什貨批發業
38560333,百翊精品店,臺北市內湖區內湖路1段591巷10弄2號,核准設立,食品什貨批發業
48956995,麗淇商行,臺北市文山區辛亥路7段82號2樓之1,核准設立,食品什貨批發業
26347647,極白商號,臺北市大安區敦化南路1段160巷10號,核准設立,食品什貨批發業
38571514,菁秀企業社,臺北市北投區石牌路1段166巷43弄19號,核准設立,食品什貨批發業
10317745,新祐食品行,臺北市南港區忠孝東路6段225巷4弄10號,核准設立,食品什貨批發業
10484840,冠達企業社,臺北市北投區明德路161號4樓之1,核准設立,食品什貨批發業
10303046,宇宸企業社,臺北市文山區景明街14巷6之1號,核准設立,食品什貨批發業
21710837,至宇商行,臺北市士林區中山北路5段811巷6號2樓,核准設立,食品什貨批發業
48832186,百林國際商行,臺北市士林區天母北路87巷1號2樓,核准設立,食品什貨批發業
38501898,穩菖實業社,臺北市中山區建國北路2段85號5樓,核准設立,食品什貨批發業
29206733,尚品香食品行,臺北市大同區錦西街90之1號,核准設立,食品什貨批發業
38474013,樂業企業社,臺北市中山區南京東路3段201號3樓,核准設立,食品什貨批發業
48880200,萬事通商行,臺北市士林區美德街74號,核准設立,食品什貨批發業
14333367,川巴子餐館,臺北市大安區復興南路1段144號1、2樓,核准設立,食品什貨批發業
38555768,豐糧富工作室,臺北市中正區重慶南路1段43號3樓之1,核准設立,食品什貨批發業
48903301,弘翔國際商行,臺北市中山區雙城街18巷12號,核准設立,食品什貨批發業
25581356,豐興肉品商行,臺北市萬華區和平西路3段302巷2之9號,核准設立,食品什貨批發業
38568877,晨曦商行,臺北市大安區和平東路3段106號3樓之10,核准設立,食品什貨批發業
38559770,岡太郎家商行,臺北市大安區和平東路2段175巷12號,核准設立,食品什貨批發業
26345937,披薩壹佰餐廳,臺北市松山區復興北路525號1樓,核准設立,食品什貨批發業
07736940,吉美香商店,臺北市大同區迪化街1段126號,核准設立,食品什貨批發業
26232981,萱柏商行,臺北市大安區仁愛路4段266巷15弄16號2樓,核准設立,食品什貨批發業
26243360,少華洋行,臺北市大安區麗水街9巷13號,核准設立,食品什貨批發業
26357715,天創科技工作室,臺北市中山區新生北路2段73號5樓之21,核准設立,食品什貨批發業
48831150,夠味食品行,臺北市中山區長安東路2段67號9樓之8,核准設立,食品什貨批發業
38579430,元嘉寶企業社,臺北市松山區南京東路5段200號8樓之14,核准設立,食品什貨批發業
99329625,廣寶行,臺北市文山區興隆路4段105巷27號,核准設立,食品什貨批發業
38500363,真幸商行,臺北市士林區後港街18號2樓,核准設立,食品什貨批發業
31865900,時興商行,臺北市松山區八德路4段471號3樓,核准設立,食品什貨批發業
25560789,翰倫商行,臺北市松山區南京東路3段346之1號8樓,核准設立,食品什貨批發業
25580764,領鮮商行,臺北市萬華區環河南路3段119號1樓,核准設立,食品什貨批發業
26361555,德撒律生物科技企業社,臺北市松山區八德路4段616號7樓,核准設立,食品什貨批發業
25560991,匯美鋪,臺北市中山區松江路67號6樓之3,核准設立,食品什貨批發業
31709943,京站支付企業社,臺北市中山區松江路207號9樓,核准設立,食品什貨批發業
38508999,英捷百貨商行,臺北市中山區中山北路1段33巷3號2樓,核准設立,食品什貨批發業
76759593,星沙齋商行,臺北市文山區木新路3段310巷12弄12號4樓,核准設立,食品什貨批發業
21765234,赴閣企業行,臺北市松山區復興北路499巷2弄1號1樓,核准設立,食品什貨批發業
38502518,星燁企業社,臺北市大安區臨江街104號,核准設立,食品什貨批發業
38513775,寶食商行,臺北市大同區重慶北路2段82號,核准設立,食品什貨批發業
31850879,饕選咖啡烘焙行,臺北市萬華區東園街67巷5弄12號1樓,核准設立,食品什貨批發業
17521308,久長禮儀社,臺北市松山區八德路4段650號2樓之21,核准設立,食品什貨批發業
10383630,盤宇洋行,臺北市文山區興隆路2段220巷31弄22號2樓,核准設立,食品什貨批發業
25562219,詠澄企業社,臺北市松山區民生東路5段250號4樓,核准設立,食品什貨批發業
38509245,亮亮企業社,臺北市中山區建國北路2段33號10樓之5,核准設立,食品什貨批發業
02407602,燕蜜企業社,臺北市信義區忠孝東路5段1之8號2樓,核准設立,食品什貨批發業
01793839,史威德生活小舖,臺北市中正區紹興北街31巷6號4樓之1,核准設立,食品什貨批發業
21754074,生命科技行,臺北市大安區仁愛路4段137號6樓,核准設立,食品什貨批發業
26229769,華想翼視覺設計社,臺北市大同區民族西路42-1號(3樓),核准設立,食品什貨批發業
38515041,鼎紘食品行,臺北市中山區新生北路2段108號11樓之6,核准設立,食品什貨批發業
31870241,豐閣實業社,臺北市松山區八德路3段12巷70弄2號,核准設立,食品什貨批發業
31874400,主流咖啡,臺北市信義區莊敬路289巷3弄37號,核准設立,食品什貨批發業
48972046,捷科企業社,臺北市信義區松山路129號,核准設立,食品什貨批發業
31953663,楠興菸酒專賣商店,臺北市信義區信義路6段91號,核准設立,食品什貨批發業
17755403,全能高爾夫運動器材行,臺北市大同區民族西路92號,核准設立,食品什貨批發業
80887297,松億精品行,臺北市北投區公館路292巷16號1樓,核准設立,食品什貨批發業
26253789,蜜糖盒子創意蛋糕館,臺北市中山區長春路17號6樓,核准設立,食品什貨批發業
48751944,大昌行,臺北市中山區民生東路1段30號地下,核准設立,食品什貨批發業
48931025,通運企業社,臺北市南港區東明街33號,核准設立,食品什貨批發業
48582770,十芳商行,臺北市南港區玉成街225巷3號,核准設立,食品什貨批發業
25574833,鳳秦商行,臺北市南港區成福路245號4樓,核准設立,食品什貨批發業
17844855,亨瑀洋行,臺北市中山區錦州街25號5樓,核准設立,食品什貨批發業
26221345,敏時流行工作室,臺北市北投區致遠一路1段10巷12弄1號2樓,核准設立,食品什貨批發業
25667467,豆豆坊,臺北市北投區東華街2段128號,核准設立,食品什貨批發業
38570439,聖誕小姐企業社,臺北市大同區南京西路163號2樓之21,核准設立,食品什貨批發業
31875914,美善家食品行,臺北市中山區北安路621巷2號,核准設立,食品什貨批發業
38562466,威騰企業社,臺北市大安區信義路2段72號地下,核准設立,食品什貨批發業
48982261,吉碼企業社,臺北市中山區民生東路3段27號2樓,核准設立,食品什貨批發業
31867576,揚明食品行,臺北市士林區重慶北路4段81號7樓之5,核准設立,食品什貨批發業
38466040,銀種子工坊,臺北市大安區師大路59巷8號,核准設立,食品什貨批發業
31962213,樂可集工作室,臺北市中山區南京東路3段89巷5號1樓,核准設立,食品什貨批發業
37889099,漢晶企業社,臺北市士林區中山北路5段250號,核准設立,食品什貨批發業
77897855,吉弟食品行,臺北市大同區西寧北路78之1號,核准設立,食品什貨批發業
31872867,華元國際商行,臺北市北投區中央北路1段76號,核准設立,食品什貨批發業
10385089,睿龍商行,臺北市士林區中正路235巷20號,核准設立,食品什貨批發業
38567286,摩亞商行,臺北市中山區合江街20巷10號1樓,核准設立,食品什貨批發業
31875371,好作文創工作室,臺北市中正區辛亥路1段5號16樓,核准設立,食品什貨批發業
99338785,鮪宇行,臺北市中山區松江路140巷6之2號1樓,核准設立,食品什貨批發業
31689812,光展企業社,臺北市松山區民生東路4段75巷5弄3號,核准設立,食品什貨批發業
48868233,晶心坊,臺北市信義區嘉興街313號,核准設立,食品什貨批發業
48707103,振禾蛋店,臺北市中正區詔安街40之8號,核准設立,食品什貨批發業
10354847,冠瑩商行,臺北市中山區北安路458巷51弄10號,核准設立,食品什貨批發業
31492959,傳承之星工作室,臺北市松山區民族東路632號,核准設立,食品什貨批發業
26733296,宏怡企業商行,臺北市內湖區內湖路1段737巷100號地下樓,核准設立,食品什貨批發業
31873768,中野商行,臺北市士林區忠義街71巷13弄7號地下,核准設立,食品什貨批發業
26368213,法緣觀企業社,臺北市北投區中和街367號,核准設立,食品什貨批發業
38496071,安妙膠囊咖啡企業社,臺北市信義區吳興街118巷26弄18號1樓,核准設立,食品什貨批發業
38569236,鑫佳盛商行,臺北市大同區安西街28號1樓,核准設立,食品什貨批發業
26249478,鼎翼顧問社,臺北市北投區大興街127號,核准設立,食品什貨批發業
48806265,神川實業社,臺北市文山區木新路3段74巷1弄6號,核准設立,食品什貨批發業
25566812,祥富商行,臺北市士林區大南路325號8樓之14,核准設立,食品什貨批發業
38580226,巨長工程行,臺北市信義區松仁路281巷8號,核准設立,食品什貨批發業
26250642,朵克麗企業社,臺北市大同區承德路3段191巷9號1樓,核准設立,食品什貨批發業
48841994,台灣第一家?酥雞店,臺北市中山區北安路530號,核准設立,食品什貨批發業
48957299,銘城實業社,臺北市內湖區東湖路49號3樓,核准設立,食品什貨批發業
42268726,德興冷凍食品商行,臺北市萬華區和平西路3段302巷2之9號,核准設立,食品什貨批發業
38500722,暖心工作室,臺北市中正區重慶南路1段43號3樓之1,核准設立,食品什貨批發業
04466845,宏原行,臺北市中正區齊東街82巷36號1樓,核准設立,食品什貨批發業
25556292,優特商行,臺北市士林區福國路26號2樓,核准設立,食品什貨批發業
25662907,康寶食品行,臺北市大安區忠孝東路4段52號9樓,核准設立,食品什貨批發業
01398160,螢火蟲兒童服飾店,臺北市北投區中央北路1段133號,核准設立,食品什貨批發業
25576564,勝田行,臺北市內湖區民權東路6段180巷6號9樓之18,核准設立,食品什貨批發業
25532813,崇耀國際商行,臺北市文山區景後街95號8樓之4,核准設立,食品什貨批發業
25572379,冠榮大商店,臺北市南港區興中路28巷4號1樓,核准設立,食品什貨批發業
25537958,卡樂企業社,臺北市文山區景興路188號24樓之9,核准設立,食品什貨批發業
98890745,希悅工作室,臺北市萬華區長沙街2段133號1樓,核准設立,食品什貨批發業
38466225,八葉商行,臺北市內湖區大湖街131巷14號,核准設立,食品什貨批發業
31861221,微賀企業社,臺北市中山區民權東路2段92巷1弄5號,核准設立,食品什貨批發業
10351476,中麒企業社,臺北市中山區民族東路258號3樓,核准設立,食品什貨批發業
99619835,飛瑞企業行,臺北市大同區迪化街2段172巷15號,核准設立,食品什貨批發業
38474506,達漢商行,臺北市北投區溫泉路73巷6號10樓之2,核准設立,食品什貨批發業
48740454,另類火鍋小吃店,臺北市大安區市民大道4段10號,核准設立,食品什貨批發業
31871327,點心猴工坊,臺北市松山區民權東路3段144號12樓之2,核准設立,食品什貨批發業
38472943,德美安商行,臺北市大安區和平東路1段15號3樓,核准設立,食品什貨批發業
48922476,阿郎鹽酥雞小吃店,臺北市中山區中山北路1段105巷6號,核准設立,食品什貨批發業
21580671,潤大綠色食品行,臺北市文山區興隆路3段181巷3弄2號3樓,核准設立,食品什貨批發業
26211965,星美雜糧行,臺北市北投區石牌路1段166巷113號1樓,核准設立,食品什貨批發業
13466368,宜倫商行,臺北市內湖區新明路304之1號,核准設立,食品什貨批發業
42270173,職人咖啡商行,臺北市內湖區新湖一路128巷15號,核准設立,食品什貨批發業
38559595,關子企業,臺北市大安區復興南路2段333號1樓,核准設立,食品什貨批發業
17549191,玉翔商行,臺北市大安區仁愛路4段79號14樓,核准設立,食品什貨批發業
31860264,益利商行,臺北市士林區延平北路6段392巷6號9樓之8,核准設立,食品什貨批發業
38558913,偢條企業社,臺北市萬華區環河南路二段224號4樓,核准設立,食品什貨批發業
38523099,後頭厝廚房,臺北市北投區行義路186巷60號3樓,核准設立,食品什貨批發業
29224134,至凱國際商行,臺北市中山區長安東路1段23號11樓之5,核准設立,食品什貨批發業
38560663,安珀瑪克斯服飾行,臺北市大安區大安路1段31巷19號,核准設立,食品什貨批發業
26210425,全方位食品行,臺北市信義區基隆路1段364巷12號6樓,核准設立,食品什貨批發業
25658495,興農穀糧行,臺北市士林區中山北路7段90號,核准設立,食品什貨批發業
25666642,瘦身殿堂形象工作室,臺北市中正區重慶南路1段43號3樓之1,核准設立,食品什貨批發業
15937049,禾祐商行,臺北市萬華區環河南路2段245號(公有環南市場丁棟1樓第657號攤位),核准設立,食品什貨批發業
38552798,瓏莞實業行,臺北市內湖區東湖路33巷15號4樓,核准設立,食品什貨批發業
38568291,萊恩企業社,臺北市中山區南京東路1段34號7樓,核准設立,食品什貨批發業
26236059,昌勃企業社,臺北市中山區天津街63號7樓,核准設立,食品什貨批發業
38578523,饗饌食品行,臺北市內湖區內湖路2段363號2樓,核准設立,食品什貨批發業
38469481,公主花園工作室,臺北市大安區信義路4段265巷21弄1號6樓,核准設立,食品什貨批發業
14322967,力宇民俗食品店,臺北市士林區大南路48號1樓,核准設立,食品什貨批發業
01276883,多友商行,臺北市中山區龍江路370巷50號1樓,核准設立,食品什貨批發業
31844764,熊猴創義廚房,臺北市萬華區西寧南路70號地下1層之7,核准設立,食品什貨批發業
07431709,新如春行,臺北市大同區涼州街39號,核准設立,食品什貨批發業
48972209,御提商行,臺北市大安區和平東路3段1巷37號,核准設立,食品什貨批發業
26375116,利得企業社,臺北市中正區水源路49號7樓之2,核准設立,食品什貨批發業
10382359,久翼工作室,臺北市信義區基隆路2段179號15樓之3,核准設立,食品什貨批發業
26220872,蔻絲生活寢具館,臺北市中山區建國北路2段129號6樓,核准設立,食品什貨批發業
48694923,榮鑫企業社,臺北市中山區松江路38巷2號2樓之1,核准設立,食品什貨批發業
25568396,萬國美食商行,臺北市中正區臨沂街60巷3號,核准設立,食品什貨批發業
38506232,鈁鈁商行,臺北市信義區虎林街68-3號1樓,核准設立,食品什貨批發業
38459575,松下健康生活館,臺北市中正區羅斯福路3段300號1樓,核准設立,食品什貨批發業
14327554,梁祥碧阿松青菜行,臺北市萬華區西寧南路67號,核准設立,食品什貨批發業
13782891,比菲德國際企業社,臺北市中山區林森北路100號5樓之3,核准設立,食品什貨批發業
26766438,琬貽企業社,臺北市信義區林口街38巷19號,核准設立,食品什貨批發業
31876688,益堂企業社,臺北市中山區新生北路3段19巷22號2樓,核准設立,食品什貨批發業
26232286,大來小館,臺北市大安區永康街7巷2號,核准設立,食品什貨批發業
38470065,大可國際企業社,臺北市文山區仙岩路69號5樓,核准設立,食品什貨批發業
25507791,飛虹行,臺北市大安區信義路4段315號5樓,核准設立,食品什貨批發業
81769142,富喬企業社,臺北市大同區歸綏街232號1樓,核准設立,食品什貨批發業
31858247,富麗國際企業社,臺北市內湖區成功路3段187巷35弄17號,核准設立,食品什貨批發業
31852476,展創企業社,臺北市中山區渭水路36號,核准設立,食品什貨批發業
38515226,滿溢小吃店,臺北市信義區松山路441號(1樓),核准設立,食品什貨批發業
99609718,左耳文化出版社,臺北市大安區大安路1段116巷5號地下,核准設立,食品什貨批發業
31492888,致美工作室,臺北市松山區八德路3段212號8樓,核准設立,食品什貨批發業
31959076,夏娃洋行,臺北市信義區松山路119巷17弄12號,核准設立,食品什貨批發業
25675570,傑斯康企業社,臺北市萬華區西園路2段277號6樓,核准設立,食品什貨批發業
38498578,大河武商行,臺北市士林區福德路57巷25弄1號,核准設立,食品什貨批發業
31948466,東格國際商行,臺北市松山區光復南路6巷23號1樓,核准設立,食品什貨批發業
80992468,海天國際企業社,臺北市南港區研究院路2段70巷47弄10號3樓,核准設立,食品什貨批發業
81766285,山河飲料商行,臺北市大安區臥龍街151巷31號1樓,核准設立,食品什貨批發業
27158778,百利達百貨用品社,臺北市內湖區康寧路1段170號1樓,核准設立,食品什貨批發業
48904569,台灣北海食品行,臺北市松山區南京東路5段389巷11弄20號4樓,核准設立,食品什貨批發業
26215890,鼎新門文教社,臺北市大同區南京西路107巷8號,核准設立,食品什貨批發業
99344891,東雅小廚館,臺北市大安區濟南路3段7之1號1樓,核准設立,食品什貨批發業
26246633,橋克創意工作室,臺北市大安區安和路1段41號6樓,核准設立,食品什貨批發業
25561112,昇洋企業社,臺北市大安區光復南路676巷18號,核准設立,食品什貨批發業
15428501,新興化學儀器行,臺北市萬華區長泰街233號1樓,核准設立,食品什貨批發業
38578875,宣原蛋糕店,臺北市士林區通河東街1段15號1樓,核准設立,食品什貨批發業
38473719,美魔女網路行銷網,臺北市信義區莊敬路391巷3弄14號,核准設立,食品什貨批發業
48805961,力高企業社,臺北市大安區新生南路3段68之4號2樓,核准設立,食品什貨批發業
31960714,蔡木耳飲行,臺北市中山區雙城街49巷1號1樓,核准設立,食品什貨批發業
05260102,大名行,臺北市中山區新生北路3段68巷37號1樓,核准設立,食品什貨批發業
25513436,紅陽袁立誠企業社,臺北市文山區景福街226號,核准設立,食品什貨批發業
31866963,佳康企業社,臺北市萬華區漢中街108號(1樓),核准設立,食品什貨批發業
26217166,昇冠企業社,臺北市信義區福德街268巷4弄26號,核准設立,食品什貨批發業
38575883,拿布原創企業社,臺北市南港區忠孝東路6段70巷5弄5號7樓,核准設立,食品什貨批發業
05803859,魚米之鄉企業社,臺北市中山區南京東路2段76號4樓,核准設立,食品什貨批發業
17552511,興隆生機小站,臺北市文山區興隆路2段220巷39號,核准設立,食品什貨批發業
38503798,老蔡企業社,臺北市大同區哈密街17號,核准設立,食品什貨批發業
25539463,力元國際企業社,臺北市大安區臥龍街131巷19弄3號,核准設立,食品什貨批發業
48980334,思維管理顧問工作室,臺北市信義區忠孝東路5段1之1號9樓,核准設立,食品什貨批發業
48717931,三立洋行,臺北市內湖區內湖路1段591巷11弄4號2樓,核准設立,食品什貨批發業
38496852,豐滿企業社,臺北市文山區木柵路2段57號4樓之5,核准設立,食品什貨批發業
25581089,魔荳咖啡館,臺北市信義區大道路129號,核准設立,食品什貨批發業
48983070,新視界國際事業企業社,臺北市松山區民族東路632號,核准設立,食品什貨批發業
38511657,緯創企業社,臺北市大安區泰順街16巷16號2樓之1,核准設立,食品什貨批發業
81742221,亞美服裝號,臺北市萬華區大理街42之3號1樓,核准設立,食品什貨批發業
31849888,藝技咖啡店,臺北市信義區忠孝東路4段553巷6弄15號,核准設立,食品什貨批發業
81718989,凌芸實業商行,臺北市松山區光復北路85巷29號1樓,核准設立,食品什貨批發業
38524750,美食樂食品商行,臺北市信義區信義路4段413之2號,核准設立,食品什貨批發業
31871993,沃拿文創企業社,臺北市大安區敦化南路1段160巷45號,核准設立,食品什貨批發業
10344095,長恩禮儀社,臺北市信義區基隆路2段33號12樓之2,核准設立,食品什貨批發業
25556700,勝利醫療器材行,臺北市內湖區大湖山莊街219巷34弄1號地下之1,核准設立,食品什貨批發業
48804920,露比企業社,臺北市北投區明德路7號,核准設立,食品什貨批發業
99972391,富糠行,臺北市大安區麗水街13巷18號1樓,核准設立,食品什貨批發業
25513409,喜多屋國際商行,臺北市中山區林森北路306號2樓之1,核准設立,食品什貨批發業
31847116,文記農產企業社,臺北市萬華區武成街63巷6弄3號,核准設立,食品什貨批發業
25669232,菲司卡飲食館,臺北市內湖區東湖路119巷50弄17號,核准設立,食品什貨批發業
31863494,茂新食品行,臺北市大同區迪化街1段238號1樓,核准設立,食品什貨批發業
07030021,大隆企業社,臺北市中山區民權東路2段176號2樓,核准設立,食品什貨批發業
26254648,安提阿企業社,臺北市萬華區環河南路3段179號,核准設立,食品什貨批發業
38458323,麋鹿迷路企業社,臺北市士林區基河路118號,核准設立,食品什貨批發業
73899001,享迪商行,臺北市士林區福林路251巷5號,核准設立,食品什貨批發業
26361422,君霖商行,臺北市北投區致遠一路2段125巷3號3樓,核准設立,食品什貨批發業
31866823,久良食品行,臺北市中山區八德路2段174巷9弄5號3樓,核准設立,食品什貨批發業
31858598,羽崴企業社,臺北市中山區錦州街20號7樓之4,核准設立,食品什貨批發業
25578726,隆美企業社,臺北市內湖區東湖路160巷10弄45號,核准設立,食品什貨批發業
25516829,盛棠商行,臺北市中山區龍江路100巷1之2號,核准設立,食品什貨批發業
48767087,食尚鑫粿實業社,臺北市文山區指南路2段51號,核准設立,食品什貨批發業
26237796,樂森活烘焙工房,臺北市松山區八德路4段249號,核准設立,食品什貨批發業
25535071,艾格創意蛋糕店,臺北市萬華區德昌街261巷19號,核准設立,食品什貨批發業
01707551,鼎盛企業社,臺北市文山區景華街128巷27號1樓,核准設立,食品什貨批發業
38566441,谷德工程行,臺北市萬華區和平西路3段109巷11號3樓,核准設立,食品什貨批發業
10351546,明真商行,臺北市萬華區環河南路1段165號5樓,核准設立,食品什貨批發業
31862761,豐禾大商店,臺北市南港區興中路12巷9號1樓,核准設立,食品什貨批發業
38515128,權思商行,臺北市大安區光復南路102號8樓,核准設立,食品什貨批發業
38563958,和漁行,臺北市大安區四維路222號,核准設立,食品什貨批發業
31947179,滿載企業社,臺北市內湖區江南街71巷8號,核准設立,食品什貨批發業
31849655,佳來食品行,臺北市士林區重慶北路4段81號7樓之5,核准設立,食品什貨批發業
17747050,統將商行,臺北市大安區溫州街74巷12號,核准設立,食品什貨批發業
26221801,宏昇興業社,臺北市中山區新生北路1段83號4樓,核准設立,食品什貨批發業
38557317,威盛企業社,臺北市大安區信義路2段72號地下,核准設立,食品什貨批發業
48674433,安娜日用品商行,臺北市中山區民權西路20號9樓之5,核准設立,食品什貨批發業
29219815,利得商行,臺北市信義區光復南路505號9樓之1,核准設立,食品什貨批發業
99620045,美麗潔企業社,臺北市中正區晉江街124巷2號（之1）1樓,核准設立,食品什貨批發業
25658093,猴子企業社,臺北市信義區松山路651號5樓,核准設立,食品什貨批發業
31952828,翊芳食品行,臺北市松山區南京東路5段234號5樓之7,核准設立,食品什貨批發業
26372595,九萌館,臺北市中山區林森北路138巷50號1樓,核准設立,食品什貨批發業
38506182,吉洋商行,臺北市松山區民權東路3段160巷19弄32號(1樓),核准設立,食品什貨批發業
31855353,希潔商行,臺北市信義區虎林街132巷26號1樓,核准設立,食品什貨批發業
38576840,棉蕓企管企業社,臺北市信義區虎林街164巷6號5樓,核准設立,食品什貨批發業
38578093,花綵名品商行,臺北市松山區八德路4段471號3樓,核准設立,食品什貨批發業
38568335,寶旺精品店,臺北市中山區復興北路94號1樓,核准設立,食品什貨批發業
48782215,富宏商行,臺北市中正區館前路6號8樓之5,核准設立,食品什貨批發業
81685538,先進行銷企劃工作室,臺北市信義區忠孝東路5段669號10樓之1,核准設立,食品什貨批發業
31864677,亞洲混樂企業社,臺北市大同區南京西路370號3樓,核准設立,食品什貨批發業
38560235,山享植物工作坊,臺北市中山區民權東路1段70巷17號4樓,核准設立,食品什貨批發業
48501860,德立企業社,臺北市信義區信義路5段5號,核准設立,食品什貨批發業
26235489,愛莫盛國際貿易行,臺北市中山區敬業1路128巷10號1樓,核准設立,食品什貨批發業
26229732,吉季韓式小吃店,臺北市松山區民生東路3段113巷6弄13號,核准設立,食品什貨批發業
48871526,喬貴服飾店,臺北市北投區中和街258號,核准設立,食品什貨批發業
38570992,吉吉異國商行,臺北市中正區羅斯福路3段316巷16號2樓,核准設立,食品什貨批發業
48691279,奇蹟商行,臺北市中山區明水路539號地下1樓,核准設立,食品什貨批發業
38499062,朋琴食品行,臺北市中山區吉林路312號2樓,核准設立,食品什貨批發業
38506578,花水木餐廳,臺北市大安區復興南路1段107巷5弄2號1樓,核准設立,食品什貨批發業
34773412,欣欣向榮工作室,臺北市中正區重慶南路1段43號3樓之1,核准設立,食品什貨批發業
38497677,阿畢克漢草本花園商行,臺北市北投區文林北路250號3F,核准設立,食品什貨批發業
10351898,聿傑企業社,臺北市萬華區西園路2段162號7樓,核准設立,食品什貨批發業
80980287,騁龍行,臺北市大同區重慶北路3段223巷19號1樓,核准設立,食品什貨批發業
38464676,江廚商行,臺北市內湖區新明路475巷12之1號1樓,核准設立,食品什貨批發業
31860139,新日成食品行,臺北市大同區歸綏街218之2號,核准設立,食品什貨批發業
21595604,碩宸企業社,臺北市文山區景文街13之2號1樓,核准設立,食品什貨批發業
38568530,波士頓洋行,臺北市松山區南京東路4段47號地下室,核准設立,食品什貨批發業
37898301,金正義果菜行,臺北市中正區南昌路1段16號4樓,核准設立,食品什貨批發業
48903787,駿霖商行,臺北市南港區昆陽街147號,核准設立,食品什貨批發業
31873280,舜鋐國際商行,臺北市士林區葫蘆街39巷2號2樓,核准設立,食品什貨批發業
38509147,麥光小粉舖,臺北市士林區士東路46巷20號1樓,核准設立,食品什貨批發業
42270602,芳慈咖啡工作室,臺北市內湖區環山路1段59巷10弄8號2樓,核准設立,食品什貨批發業
02268088,伊品企業社,臺北市松山區民生東路5段169號15樓之4,核准設立,食品什貨批發業
21761292,萬珍樓食坊,臺北市松山區敦化北路120巷11號1樓,核准設立,食品什貨批發業
34777613,炬鈦企業社,臺北市內湖區新湖二路367號3樓,核准設立,食品什貨批發業
31874936,承洋企業社,臺北市中山區南京東路2段138巷7號,核准設立,食品什貨批發業
01304924,吉羊服務社,臺北市信義區松德路65號11樓之1,核准設立,食品什貨批發業
38472508,鴻霖食品行,臺北市士林區延平北路5段334號,核准設立,食品什貨批發業
37794333,東興食品行,臺北市內湖區環山路2段26巷11號4樓,核准設立,食品什貨批發業
38576715,朵爾自家手烘咖啡店,臺北市大安區敦化南路2段63巷13號,核准設立,食品什貨批發業
14339545,嗎哪食品行,臺北市文山區溪洲街10之12號3樓,核准設立,食品什貨批發業
31957350,生醫企業社,臺北市中山區復興北路82號11樓,核准設立,食品什貨批發業
38495827,嘉諭百貨行,臺北市信義區永吉路30巷178弄1號1樓,核准設立,食品什貨批發業
38565956,以便以謝國際商行,臺北市北投區榮華三路43號2樓,核准設立,食品什貨批發業
94914302,峻興商行,臺北市中山區民權西路20號10樓之10,核准設立,食品什貨批發業
31963992,法蘭珍食品,臺北市中山區長春路40號3樓之3,核准設立,食品什貨批發業
31859442,香菇大王國際企業社,臺北市大同區迪化街1段2號,核准設立,食品什貨批發業
38497711,饌宥實麵包館,臺北市信義區莊敬路391巷5號,核准設立,食品什貨批發業
29250955,聖田企業社,臺北市北投區崗山路18號2樓之1,核准設立,食品什貨批發業
42271476,毅威商行,臺北市中山區合江街150號1樓,核准設立,食品什貨批發業
31954754,善根企業社,臺北市北投區承德路7段282號,核准設立,食品什貨批發業
48756363,永富家國際商行,臺北市文山區羅斯福路6段106號6樓之3,核准設立,食品什貨批發業
25556856,瑞盈企業社,臺北市中山區長安東路2段178號10樓,核准設立,食品什貨批發業
99956245,旭騰號,臺北市大安區建國南路2段195號11樓,核准設立,食品什貨批發業
38574532,黑輪大王小吃店,臺北市士林區文林路169號,核准設立,食品什貨批發業
31959391,君柏企業社,臺北市松山區民生東路4段76號2樓,核准設立,食品什貨批發業
34773567,響聲行銷工作坊,臺北市萬華區昆明街111號3樓之8,核准設立,食品什貨批發業
38463867,美齊企業社,臺北市松山區慶城街8之1號4樓,核准設立,食品什貨批發業
26244564,弘翔實業社,臺北市大同區重慶北路1段15巷8號(4樓),核准設立,食品什貨批發業
10396071,昀亨行,臺北市北投區中央南路1段25巷19號,核准設立,食品什貨批發業
99984306,豆工房咖啡商行,臺北市信義區忠孝東路5段1之8號1樓,核准設立,食品什貨批發業
31881471,傳家之包小吃店,臺北市內湖區內湖路1段285巷65弄9號,核准設立,食品什貨批發業
14734742,九逵通通通寶商行,臺北市松山區南京東路4段95號4樓,核准設立,食品什貨批發業
31964388,美麗堡企業社,臺北市士林區天母北路4巷5之2號地下1樓,核准設立,食品什貨批發業
38571269,傑發企業社,臺北市萬華區環河南路3段35號1樓,核准設立,食品什貨批發業
25522110,廷昱百貨行,臺北市大同區延平北路1段69巷17號,核准設立,食品什貨批發業
18398093,承泰實業社,臺北市內湖區成功路4段323巷2弄1號4樓,核准設立,食品什貨批發業
48694607,韻綮國際商行,臺北市士林區中山北路6段195巷21號3樓,核准設立,食品什貨批發業
38504207,兩姊妹咖啡館,臺北市中山區五常街53巷11號,核准設立,食品什貨批發業
25669697,達園食品行,臺北市士林區重慶北路4段81號7樓之5,核准設立,食品什貨批發業
38472789,赫而司企業社,臺北市內湖區成功路5段460號15樓,核准設立,食品什貨批發業
26228585,源川鍋物餐廳,臺北市大安區和平東路2段311巷43弄24號,核准設立,食品什貨批發業
01303523,雯嬅企業社,臺北市士林區重慶北路4段143巷3弄14號2樓,核准設立,食品什貨批發業
31961621,萬得福國際商行,臺北市松山區八德路4段660號14樓之2,核准設立,食品什貨批發業
48682927,沅景企業社,臺北市松山區南京東路5段389巷6弄11號3樓,核准設立,食品什貨批發業
38501834,愛時光工作室,臺北市中山區民生東路2段31號,核准設立,食品什貨批發業
10007495,全蓮企業社,臺北市內湖區東湖路160巷10弄45號,核准設立,食品什貨批發業
25580379,寶鑫企業社,臺北市南港區興中路12巷15號6樓,核准設立,食品什貨批發業
38573999,安心圓嬰兒用品商行,臺北市內湖區大湖街166巷4號,核准設立,食品什貨批發業
38575574,奕強商行,臺北市大同區迪化街2段146巷22號4樓,核准設立,食品什貨批發業
38463450,台灣銀髮族樂活醫療器材企業社,臺北市松山區光復北路190巷39號龍城市場2樓224號攤位,核准設立,食品什貨批發業
26743055,加洛芙工作室,臺北市松山區三民路110巷10之2號1樓,核准設立,食品什貨批發業
38561874,科諦咖啡商行,臺北市大安區延吉街137巷7弄3號,核准設立,食品什貨批發業
48975276,東亞雜糧行,臺北市文山區興隆路4段74巷9號,核准設立,食品什貨批發業
38562450,綾的文創社,臺北市中山區中山北路2段26巷10之1號,核准設立,食品什貨批發業
48693987,麗旺日用品商行,臺北市士林區東山路110巷10號2樓,核准設立,食品什貨批發業
25656139,騏鼎峰企管企業社,臺北市信義區虎林街164巷6號5樓,核准設立,食品什貨批發業
99960727,皇廷煨湯餐廳,臺北市北投區承德路7段臨1之3號,核准設立,食品什貨批發業
14738199,衡美國際實業洋行,臺北市中山區民生東路1段48號7樓之3,核准設立,食品什貨批發業
26344727,創心空間合一企業社,臺北市大同區長安西路342號6樓之1,核准設立,食品什貨批發業
38471472,鮮綠商行,臺北市中山區南京東路2段76號4樓,核准設立,食品什貨批發業
31874859,豪瑞企業社,臺北市萬華區成都路42號,核准設立,食品什貨批發業
31866056,振興合食品行,臺北市信義區林口街38巷36號1樓,核准設立,食品什貨批發業
38557490,樂芙萊茯館,臺北市大安區忠孝東路4段162號11樓之5,核准設立,食品什貨批發業
25557551,世昌傳鮮樓,臺北市士林區德行西路80號,核准設立,食品什貨批發業
26208363,史記鴛鴦麻辣火鍋店,臺北市中山區民生東路2段62號1、2樓及64號1樓,核准設立,食品什貨批發業
29247571,噹鴻實業社,臺北市士林區基河路101號公有士林市場短棟08號雜貨攤位,核准設立,食品什貨批發業
48976205,傳美生活坊,臺北市萬華區漢口街2段73號10樓,核准設立,食品什貨批發業
26235045,順盈商行,臺北市大同區承德路3段122巷13號1樓,核准設立,食品什貨批發業
30353395,洧東生鮮行,臺北市北投區承德路7段210號1樓,核准設立,食品什貨批發業
31855966,善霖企業社,臺北市信義區吳興街281巷72號1樓,核准設立,食品什貨批發業
77523890,佳昇服飾行,臺北市大同區太原路8巷5號1樓,核准設立,食品什貨批發業
38468217,宇婕通信社,臺北市信義區和平東路3段329號,核准設立,食品什貨批發業
26239324,順莉企業社,臺北市萬華區西寧南路36號5樓之17,核准設立,食品什貨批發業
73887440,榮鴻企業社,臺北市南港區成功路1段94巷2弄5號1樓,核准設立,食品什貨批發業
25550749,蓬萊摩沙烘焙坊,臺北市中山區松江路382號1樓,核准設立,食品什貨批發業
26210305,恩得力企業社,臺北市內湖區星雲街88巷9號,核准設立,食品什貨批發業
26365665,啡比尋茶咖啡店,臺北市大安區大安路1段83巷14號,核准設立,食品什貨批發業
25544000,皇錤商行,臺北市信義區永吉路120巷57弄4號2樓,核准設立,食品什貨批發業
31863136,維芮商行,臺北市文山區興隆路4段29巷4弄10號3樓,核准設立,食品什貨批發業
38457176,采新實業社,臺北市北投區明德路116號2樓,核准設立,食品什貨批發業
38472486,亞太貿易商行,臺北市中山區松江路122號11樓,核准設立,食品什貨批發業
25586872,貝鈺企業社,臺北市松山區南京東路5段200號6樓之4,核准設立,食品什貨批發業
31856445,勳勳商行,臺北市士林區永平街39號1樓,核准設立,食品什貨批發業
21525262,文發雜糧行,臺北市文山區辛亥路7段65巷7號,核准設立,食品什貨批發業
31874788,子翎食品行,臺北市松山區八德路3段106巷21號,核准設立,食品什貨批發業
31850836,玉閔行,臺北市中正區同安街99之9號1樓,核准設立,食品什貨批發業
31877687,富華成商號,臺北市士林區中山北路7段140巷4號1樓及6號1樓,核准設立,食品什貨批發業
25544228,永昇禮儀社,臺北市中山區農安街277號2樓之1,核准設立,食品什貨批發業
20855813,永吉蛋行,臺北市信義區忠孝東路5段790巷47弄22號1樓,核准設立,食品什貨批發業
26358313,上大藝品禮品社,臺北市中山區新生北路2段39號8樓,核准設立,食品什貨批發業
26341947,匡記小吃店,臺北市信義區吳興街8巷3號,核准設立,食品什貨批發業
31953208,瀚昇茶行,臺北市松山區八德路3段78號,核准設立,食品什貨批發業
26241172,味來實業社,臺北市中山區松江路328號10樓之3,核准設立,食品什貨批發業
10322607,文功商行,臺北市松山區八德路4段309號,核准設立,食品什貨批發業
26356808,葡京蔬果行,臺北市萬華區萬大路424巷112之4號,核准設立,食品什貨批發業
31250376,保成切麵店,臺北市北投區自強街125之8號1樓,核准設立,食品什貨批發業
26207759,祥餘國際企業社,臺北市松山區南京東路5段250巷2弄5之1號2樓,核准設立,食品什貨批發業
38568314,寶發精品店,臺北市松山區南京東路4段118之1號1樓及2樓,核准設立,食品什貨批發業
48872671,展悅軒,臺北市大安區和平東路1段214號10樓之1,核准設立,食品什貨批發業
99976740,駿茂洋行,臺北市內湖區成功路4段68號7樓,核准設立,食品什貨批發業
31955254,酒吧點酒小吃店,臺北市中山區吉林路179號,核准設立,食品什貨批發業
26223955,交朋友汽車百貨行,臺北市信義區吳興街284巷22弄28號1樓,核准設立,食品什貨批發業
26225617,安力企業社,臺北市大同區延平北路2段127號3樓之10,核准設立,食品什貨批發業
26366051,全興國際商行,臺北市文山區福興路82巷6弄10號,核准設立,食品什貨批發業
38503024,窩廚房,臺北市中正區羅斯福路3段126號之2、之4,核准設立,食品什貨批發業
10385898,邁林企業社,臺北市信義區信義路6段56號7樓,核准設立,食品什貨批發業
26349933,達臻商行,臺北市北投區尊賢街302巷22號1樓,核准設立,食品什貨批發業
26353062,喜樂壽司館,臺北市松山區南京東路5段123巷1弄21號1樓,核准設立,食品什貨批發業
48949685,永記商行,臺北市大同區太原路9之3號2樓,核准設立,食品什貨批發業
25537140,水木林藝品輕食店,臺北市松山區民生東路5段69巷3弄32號1樓,核准設立,食品什貨批發業
15663603,永生墓園景觀工程行,臺北市中山區農安街277號2樓之1,核准設立,食品什貨批發業
10397043,品萬企業社,臺北市中山區民權東路2段39號,核准設立,食品什貨批發業
10355304,可米娜企業社,臺北市松山區三民路101巷8之2號,核准設立,食品什貨批發業
48501502,新典企業社,臺北市中山區民生東路2段147巷5弄19號1樓,核准設立,食品什貨批發業
48967655,宏一企業社,臺北市內湖區成功路5段57號2樓,核准設立,食品什貨批發業
38565317,世樺企業社,臺北市大同區重慶北路3段65號2樓,核准設立,食品什貨批發業
48896982,美樂帝生活館,臺北市文山區景興路188號24樓之9,核准設立,食品什貨批發業
17080533,旺旺鋪雙人煮商店,臺北市大安區忠孝東路4段97號4樓,核准設立,食品什貨批發業
38575618,美芝城食品行,臺北市松山區寧安街7巷1號2樓之1,核准設立,食品什貨批發業
99955800,垣久行,臺北市中山區新生北路2段68巷11之2號,核准設立,食品什貨批發業
42269767,誠氏號,臺北市中山區吉林路171號2樓,核准設立,食品什貨批發業
31954733,冠鮮行,臺北市內湖區成功路4段328號,核准設立,食品什貨批發業
42269443,潔豐銘工作室,臺北市中正區重慶南路1段43號3樓之1,核准設立,食品什貨批發業
38570613,水天齊企業社,臺北市中山區松江路123巷8之2號1樓,核准設立,食品什貨批發業
31844552,晉倫商行,臺北市大同區延平北路3段4號3樓,核准設立,食品什貨批發業
38558033,浩瀚行銷社,臺北市信義區基隆路1段103號14樓之4,核准設立,食品什貨批發業
31710483,宏暐企業社,臺北市中山區復興北路48號3樓,核准設立,食品什貨批發業
26373068,喜寬豐企業行,臺北市文山區羅斯福路5段176巷51號,核准設立,食品什貨批發業
26351374,珮芝美容工作室,臺北市松山區民權東路3段160巷22號2樓之1,核准設立,食品什貨批發業
31873681,艾莉絲美顏館,臺北市中山區林森北路561號10樓之5,核准設立,食品什貨批發業
48725073,聯來企業社,臺北市大同區重慶北路2段73巷20號4樓,核准設立,食品什貨批發業
48536278,欣淇企業社,臺北市大安區復興南路2段148號9樓之1,核准設立,食品什貨批發業
48907812,義路食品行,臺北市內湖區內湖路2段355巷2號8樓之1,核准設立,食品什貨批發業
26341411,利昂商號,臺北市中正區館前路6號8樓之5,核准設立,食品什貨批發業
48939666,魯旦茶酒菜館,臺北市中山區建國南路2段151巷48號,核准設立,食品什貨批發業
31851075,酉一二行號,臺北市大安區忠孝東路3段249號3樓,核准設立,食品什貨批發業
04829184,百松教學用品社,臺北市信義區基隆路2段22號6樓之6,核准設立,食品什貨批發業
10652402,鵬呈商行,臺北市大同區太原路153號,核准設立,食品什貨批發業
25565285,榛和有機坊,臺北市信義區忠孝東路5段508之6號,核准設立,食品什貨批發業
48816221,家家企業社,臺北市北投區公館路340巷8號3樓,核准設立,食品什貨批發業
26351986,大阜企業社,臺北市大安區信義路4段1號12樓之10,核准設立,食品什貨批發業
26348456,名漾企業社,臺北市士林區福華路164巷13號,核准設立,食品什貨批發業
26218622,上禾百貨行,臺北市萬華區中華路1段122號,核准設立,食品什貨批發業
25576760,嘉鄉豆腐店,臺北市士林區福志路24號,核准設立,食品什貨批發業
25539837,全球菁英企業社,臺北市中山區松江路194巷59號,核准設立,食品什貨批發業
38576763,江南貿易行,臺北市中山區興安街42號,核准設立,食品什貨批發業
48931828,永毅企業社,臺北市內湖區成功路2段250巷33號2樓,核准設立,食品什貨批發業
26251184,好餡食品原料行,臺北市松山區塔悠路19號9樓之4,核准設立,食品什貨批發業
25509221,和達人食品店,臺北市萬華區西園路1段314之2號,核准設立,食品什貨批發業
99987958,法亞企業社,臺北市內湖區成功路4段182巷6弄43號2樓之1,核准設立,食品什貨批發業
48979028,昇輝行,臺北市士林區重慶北路4段58號1樓,核准設立,食品什貨批發業
38565359,千禧企業社,臺北市中山區南京東路3段118號10樓之1,核准設立,食品什貨批發業
26224618,巧堡美食企業社,臺北市大安區忠孝東路4段166號12樓,核准設立,食品什貨批發業
38455923,寶菁美妍館,臺北市中山區民生西路45巷9弄17號1樓,核准設立,食品什貨批發業
99986819,京川食品物料行,臺北市北投區承德路7段280巷14號1樓,核准設立,食品什貨批發業
27165433,元泉餐飲設備行,臺北市中正區汀州路1段380號,核准設立,食品什貨批發業
10347488,京琦美容材料行,臺北市信義區忠孝東路5段412之2及之3號,核准設立,食品什貨批發業
38571747,元豐清潔用品商行,臺北市大同區民族西路223之9號6樓,核准設立,食品什貨批發業
20144764,陳氏蛋行,臺北市中山區民權東路2段148號3樓,核准設立,食品什貨批發業
38509300,卓昌商行,臺北市中山區民權東路3段17號1樓,核准設立,食品什貨批發業
21765229,栯慈商行,臺北市中山區民生東路3段1號3樓,核准設立,食品什貨批發業
38506140,綵軒企業社,臺北市松山區新東街41巷6號4樓,核准設立,食品什貨批發業
42270407,威品企業社,臺北市松山區八德路3段12巷51弄15號1樓,核准設立,食品什貨批發業
31878573,利芳商行,臺北市大安區敦化南路1段233巷66號,核准設立,食品什貨批發業
26234708,康寧生技企業社,臺北市北投區東華街1段392號1樓,核准設立,食品什貨批發業
38507154,大禮記食品行,臺北市文山區保儀路109巷17號2樓,核准設立,食品什貨批發業
42268275,極鮮美食企業社,臺北市大同區華陰街91號及91號2樓之1,核准設立,食品什貨批發業
29245855,欽愛眼鏡行,臺北市北投區石牌路2段62號1樓,核准設立,食品什貨批發業
48872736,立辰商行,臺北市大安區復興南路2段128巷6號4樓,核准設立,食品什貨批發業
48975563,唯好商行,臺北市士林區德行東路76號,核准設立,食品什貨批發業
30953047,良果食品店,臺北市大安區和平東路2段189號,核准設立,食品什貨批發業
26255219,東方庭園工作室,臺北市中山區雙城街19巷8號13樓之13,核准設立,食品什貨批發業
26223884,美林商行,臺北市大同區錦西街54號,核准設立,食品什貨批發業
31952236,瑞家商行,臺北市士林區福港街244巷18弄11號3樓,核准設立,食品什貨批發業
25517860,德星企業社,臺北市松山區南京東路5段40號6樓之7,核准設立,食品什貨批發業
48792213,大耀實業社,臺北市北投區自強街5巷118號,核准設立,食品什貨批發業
10317724,仲才實業社,臺北市中山區民生東路1段48號7樓之3,核准設立,食品什貨批發業
26251375,越峰工程行,臺北市中山區渭水路54號,核准設立,食品什貨批發業
25552958,永吉上品香行,臺北市信義區永吉路278巷1弄30號永吉市場34號攤位,核准設立,食品什貨批發業
31951969,幸韻草企業社,臺北市松山區民生東路3段158號地下一層之1,核准設立,食品什貨批發業
38582239,大匠和食企業社,臺北市中山區民權東路2段152巷22弄3號,核准設立,食品什貨批發業
26764305,卍普賢佛教文物用品企業,臺北市中山區建國北路3段113巷7弄3號(1樓),核准設立,食品什貨批發業
15667832,強懋資訊社,臺北市中正區八德路1段78號(3樓),核准設立,食品什貨批發業
38458528,維愛思時尚美學館,臺北市信義區忠孝東路5段71巷12弄28號1樓,核准設立,食品什貨批發業
38504184,和旺企業行,臺北市中山區長安東路一段16號4樓之7,核准設立,食品什貨批發業
26355370,白波健康企業社,臺北市松山區敦化北路120巷52號,核准設立,食品什貨批發業
01680069,廣飴鄉商行,臺北市北投區溫泉路30巷11之1號2樓,核准設立,食品什貨批發業
26249913,咪你酷可主題咖啡,臺北市中正區牯嶺街107號,核准設立,食品什貨批發業
42270151,上聖企業社,臺北市北投區大興街23巷17號3樓,核准設立,食品什貨批發業
31860399,鴻錡實業社,臺北市大安區復興南路2段277號3樓,核准設立,食品什貨批發業
38562509,璞豆企業社,臺北市大安區仁愛路3段5巷1弄21-7號,核准設立,食品什貨批發業
10381990,泛泰富都企業社,臺北市信義區忠孝東路5段372巷27弄72之1號,核准設立,食品什貨批發業
26215499,億芳企業社,臺北市信義區虎林街164巷72號2樓,核准設立,食品什貨批發業
31482404,鼎譽企業社,臺北市萬華區艋舺大道120巷11弄16號4樓,核准設立,食品什貨批發業
31877618,咖樂烘豆企業社,臺北市大安區延吉街68之16號,核准設立,食品什貨批發業
48557673,龍記事業工作室,臺北市松山區民生東路4段131巷1號3樓,核准設立,食品什貨批發業
26729005,仲旺企業社,臺北市內湖區陽光街285巷3號,核准設立,食品什貨批發業
05153601,信忠實業社,臺北市中正區惠安街17號1樓,核准設立,食品什貨批發業
38501150,李傑企業社,臺北市中正區漢口街1段110號8樓之12,核准設立,食品什貨批發業
38556632,廣灃水產行,臺北市萬華區西園路2段281巷18號1樓,核准設立,食品什貨批發業
38504939,大阜餐飲店,臺北市信義區忠孝東路4段553巷22弄4之1號,核准設立,食品什貨批發業
26215239,生全食品行,臺北市中山區龍江路358號,核准設立,食品什貨批發業
31847256,升懋生技企業社,臺北市大安區敦化南路1段317號,核准設立,食品什貨批發業
26355337,震威商行,臺北市萬華區三水街63號,核准設立,食品什貨批發業
45592438,穗霖農產行,臺北市萬華區萬大路424巷160號,核准設立,食品什貨批發業
26339479,春吉農產品行,臺北市北投區立農街1段257巷3弄5號2樓,核准設立,食品什貨批發業
48856573,有樂橫丁屋,臺北市文山區久康街66號,核准設立,食品什貨批發業
31860481,食采樂活商行,臺北市松山區富錦街485號1樓,核准設立,食品什貨批發業
48926249,璟瑞商行,臺北市北投區石牌路1段62號,核准設立,食品什貨批發業
26352922,漫動作咖啡館,臺北市中山區中山北路1段33巷20弄6號,核准設立,食品什貨批發業
38473112,九園企業社,臺北市大同區承德路3段198巷7號,核准設立,食品什貨批發業
99613419,采瑄美材精品店,臺北市士林區大東路86之5號1樓,核准設立,食品什貨批發業
38554260,綠舍健康生活館,臺北市文山區木柵路3段14號,核准設立,食品什貨批發業
38578170,鑫濠食品行,臺北市大同區安西街48號,核准設立,食品什貨批發業
38474512,永捷國際洋行,臺北市信義區吳興街524巷16弄2之1號(1樓),核准設立,食品什貨批發業
31715902,邦達創意工作坊,臺北市中山區民權東路3段57號4樓,核准設立,食品什貨批發業
31952475,安舜生命禮儀社,臺北市中山區民權東路2段174號,核准設立,食品什貨批發業
26371358,明月湯包小吃店,臺北市大安區通化街171巷40號,核准設立,食品什貨批發業
48821499,豐華商店,臺北市士林區延平北路5段127號4樓,核准設立,食品什貨批發業
26362034,濬品食品商行,臺北市文山區和興路26巷3之1號,核准設立,食品什貨批發業
26519346,艾伶企業社,臺北市信義區忠孝東路5段1之8號5樓,核准設立,食品什貨批發業
25657117,和宏食品行,臺北市文山區萬芳路19號,核准設立,食品什貨批發業
42270862,紳石商行,臺北市中山區林森北路119巷58號5樓,核准設立,食品什貨批發業
25656406,三采妍企業社,臺北市大安區忠孝東路4段329號8樓之1,核准設立,食品什貨批發業
31857401,銓福商行,臺北市松山區光復南路57巷3之1號1樓,核准設立,食品什貨批發業
38507387,富方商行,臺北市大安區建安里敦化南路1段189號,核准設立,食品什貨批發業
48720794,鄭家農產企業社,臺北市萬華區公有環南市場乙棟1樓第200號攤位,核准設立,食品什貨批發業
29216583,咖比咖啡店,臺北市松山區民生東路3段113巷21號1樓,核准設立,食品什貨批發業
38554640,欣美企業社,臺北市大安區通安街19巷2號,核准設立,食品什貨批發業
48735895,興真味行,臺北市中山區復興北路176號,核准設立,食品什貨批發業
25548408,天意養生館,臺北市中山區吉林路152號,核准設立,食品什貨批發業
26218427,貓守城堡企業社,臺北市中山區龍江路429巷7號1樓,核准設立,食品什貨批發業
38497640,偉殷企業社,臺北市文山區三福街4巷38號,核准設立,食品什貨批發業
38580268,永沅商行,臺北市士林區德行東路363號,核准設立,食品什貨批發業
48890538,菁蘋企業社,臺北市大安區復興南路2段293之3號10樓之1,核准設立,食品什貨批發業
26230822,食宜商行,臺北市中山區復興南路1段30巷4號1樓,核准設立,食品什貨批發業
25660247,岳紘企業社,臺北市松山區延吉街48巷3號3樓,核准設立,食品什貨批發業
31847782,雲品企業社,臺北市士林區重慶北路4段78號1樓,核准設立,食品什貨批發業
25584086,敦品數位貿易工作室,臺北市大安區溫州街22號4樓之3,核准設立,食品什貨批發業
26248631,嘉鑫百貨行,臺北市內湖區東湖路58巷1號,核准設立,食品什貨批發業
13449072,靈悅天然芳香養生館,臺北市大安區忠孝東路4段216巷33弄4號,核准設立,食品什貨批發業
26251683,文山茶行,臺北市中山區民族東路2號6樓之3,核准設立,食品什貨批發業
25579204,潘朵拉的盒子西點烘焙原料行,臺北市松山區饒河街200號,核准設立,食品什貨批發業
25553056,夏布立小吃店,臺北市大安區仁愛路4段228之6號1樓,核准設立,食品什貨批發業
31869130,菲帆企業商行,臺北市松山區民生東路5段137巷4弄14號8樓,核准設立,食品什貨批發業
98914887,百韻工坊,臺北市松山區南京東路4段93號2樓,核准設立,食品什貨批發業
99962393,垣翔企業社,臺北市北投區中央北路2段39號2樓,核准設立,食品什貨批發業
38473746,頤亨行,臺北市士林區忠誠路2段108號,核准設立,食品什貨批發業
30287396,津品企業社,臺北市信義區永吉路53號7樓之2,核准設立,食品什貨批發業
38572020,海城商行,臺北市信義區福德街5號1樓,核准設立,食品什貨批發業
25504252,海爾企業社,臺北市大安區忠孝東路4段2號11樓之5,核准設立,食品什貨批發業
03570102,德孚貿易行,臺北市中正區寶慶路37號7樓,核准設立,食品什貨批發業
26208130,咖啡捌拾捌咖啡專賣店,臺北市文山區木柵路1段88號,核准設立,食品什貨批發業
25655737,馬東小吃店,臺北市大安區忠孝東路4段223巷10弄4號,核准設立,食品什貨批發業
10332534,彩虹企業社,臺北市文山區景明街14巷6之1號,核准設立,食品什貨批發業
17759196,誌恩禮儀社,臺北市文山區興隆路4段32號,核准設立,食品什貨批發業
26352520,衍昌?菜行,臺北市士林區前港街88號2樓,核准設立,食品什貨批發業
25540047,情愫餐坊,臺北市大安區仁愛路4段407，407之1號地下1樓,核准設立,食品什貨批發業
48685950,逸采康健工作坊,臺北市士林區承德路4段116號2樓之7,核准設立,食品什貨批發業
25668162,凱星食品行,臺北市中山區新生北路2段108號11樓之6,核准設立,食品什貨批發業
38571079,譽翔百貨行,臺北市大同區重慶北路3段295巷6號1樓,核准設立,食品什貨批發業
38576166,御尊企業社,臺北市中山區天津街50號4樓,核准設立,食品什貨批發業
18405159,上吉創意企業社,臺北市中山區新生北路1段67號1樓,核准設立,食品什貨批發業
42269838,民丰果菜批發商行,臺北市松山區三民路35巷1號11樓之3,核准設立,食品什貨批發業
26360417,朋昌食品坊,臺北市松山區八德路4段92號,核准設立,食品什貨批發業
38580529,豐物美食行,臺北市內湖區東湖路43巷15號,核准設立,食品什貨批發業
25513816,有瑭商號,臺北市北投區中央南路1段217號,核准設立,食品什貨批發業
31723023,麓飲企業社,臺北市北投區中央北路4段142巷2號,核准設立,食品什貨批發業
77836289,大安醫療器材行,臺北市大安區大安路1段155號1樓,核准設立,食品什貨批發業
26359621,六顆星專業外燴坊,臺北市內湖區內湖路3段365號,核准設立,食品什貨批發業
38497992,上善企業社,臺北市中山區農安街45號10樓之4,核准設立,食品什貨批發業
48766849,柏源事業社,臺北市中山區民生東路3段1號3樓,核准設立,食品什貨批發業
25663315,鄉匯食品行,臺北市中山區松江路26巷13號3樓,核准設立,食品什貨批發業
31951953,達佩企業社,臺北市信義區信義路5段127號17樓之11,核准設立,食品什貨批發業
25538078,新生活全健康管理工作坊,臺北市大同區長安西路342號6樓之1,核准設立,食品什貨批發業
25582377,周雙發號,臺北市中山區中山北路1段118之1號3樓,核准設立,食品什貨批發業
10049729,凱閎食品行,臺北市信義區松壽路20號2樓,核准設立,食品什貨批發業
31864439,蓁豆家商行,臺北市大安區通化街57巷12號,核准設立,食品什貨批發業
31844758,奇樂創意行銷工作室,臺北市大同區民權西路144巷5弄7號6樓之3,核准設立,食品什貨批發業
26222962,瑞宏香興業社,臺北市中山區松江路46巷13號2樓,核准設立,食品什貨批發業
99775265,治源企業行,臺北市北投區尊賢街230巷12號2樓,核准設立,食品什貨批發業
20731356,弘正商店,臺北市松山區民生東路4段74號1樓,核准設立,食品什貨批發業
26215152,太駿多媒體行銷顧問,臺北市中正區許昌街42之1號10樓,核准設立,食品什貨批發業
26221844,咖比咖啡雜誌社,臺北市松山區民生東路3段113巷21號,核准設立,食品什貨批發業
99328908,精元企業社,臺北市南港區舊庄街1段66號1樓,核准設立,食品什貨批發業
31864070,益新國際商行,臺北市內湖區成功路4段323巷14弄5號2樓,核准設立,食品什貨批發業
31425880,若熊工作室,臺北市大安區仁愛路4段406之1號,核准設立,食品什貨批發業
08589164,皇品食品行,臺北市內湖區環山路1段24巷24號,核准設立,食品什貨批發業
38557668,好好生活實業,臺北市大安區大安路1段84巷2號3樓,核准設立,食品什貨批發業
31682677,由蒂食品,臺北市中山區雙城街38之1號,核准設立,食品什貨批發業
83937980,企美國際事業企業社,臺北市中山區民生東路2段70號3樓,核准設立,食品什貨批發業
25559354,品?工坊,臺北市松山區復興北路313巷39號1樓,核准設立,食品什貨批發業
38553467,上善文化館,臺北市中正區羅斯福路1段72巷1號1樓,核准設立,食品什貨批發業
48828205,天母漁店,臺北市士林區天玉街38巷6號2樓,核准設立,食品什貨批發業
26239529,福多雜糧行,臺北市大安區新生南路1段137巷9之1號,核准設立,食品什貨批發業
38503636,竹子米兒咖啡,臺北市中山區民生東路2段115巷24號1樓,核准設立,食品什貨批發業
05162860,全國眼鏡行,臺北市中正區羅斯福路3段278號1樓,核准設立,食品什貨批發業
13827406,立捷金屬企業社,臺北市信義區松德路25巷30號,核准設立,食品什貨批發業
30143814,金湯品企業社,臺北市松山區民生東路5段198號11樓之10,核准設立,食品什貨批發業
26728569,愛普資訊社,臺北市中山區民權西路27號10樓,核准設立,食品什貨批發業
25513822,小馬食品行,臺北市內湖區成功路3段187巷35弄23號,核准設立,食品什貨批發業
38571850,晶露實業社,臺北市文山區忠順街2段1號3樓,核准設立,食品什貨批發業
30273148,微笑森活企業社,臺北市中山區南京東路3段189號4樓,核准設立,食品什貨批發業
25580862,普樂創意工作室,臺北市中山區明水路702號4樓之3,核准設立,食品什貨批發業
09706491,愛之水企業社,臺北市北投區富貴一路5巷12號1樓,核准設立,食品什貨批發業
38566759,真平安滿喜樂商行,臺北市松山區八德路4段138號地下3層,核准設立,食品什貨批發業
38566272,天妃企業社,臺北市萬華區大理街159巷11號,核准設立,食品什貨批發業
31855712,展鳳禮儀社,臺北市中山區民權東路2段196號,核准設立,食品什貨批發業
38496348,恆豐企業社,臺北市文山區樟新街32巷6號,核准設立,食品什貨批發業
26235410,天馬茶房,臺北市大同區南京西路189號3樓,核准設立,食品什貨批發業
30289937,家禾健康美食館,臺北市松山區基隆路1段10號7樓,核准設立,食品什貨批發業
26254653,二十五號廚房,臺北市信義區中坡北路25號,核准設立,食品什貨批發業
38565941,嘉鎂全球行銷網,臺北市大同區延平北路4段282巷47號,核准設立,食品什貨批發業
38579641,城?企業社,臺北市士林區葫蘆街77號3樓,核准設立,食品什貨批發業
25535662,見達食品商行,臺北市松山區南京東路5段251巷46弄16號,核准設立,食品什貨批發業
48559145,福星大商店,臺北市北投區中和街258號1樓,核准設立,食品什貨批發業
25540150,寶格麗池企業社,臺北市中山區敬業三路157號、159號,核准設立,食品什貨批發業
25581102,三五階小吃店,臺北市信義區信義路5段7號35樓,核准設立,食品什貨批發業
48781237,明英商行,臺北市北投區中央北路3段40巷40號1樓,核准設立,食品什貨批發業
38580020,勤家餐飲事業行,臺北市大安區敦化南路2段275號,核准設立,食品什貨批發業
04473655,新光實業商行,臺北市大同區太原路175巷26號2樓,核准設立,食品什貨批發業
26337937,杬?臻?商行,臺北市南港區東新街80巷10弄22號,核准設立,食品什貨批發業
26353555,義采企業社,臺北市北投區永興路1段53巷4號3樓,核准設立,食品什貨批發業
38466463,小紅樓企業社,臺北市文山區羅斯福路5段214號9樓之7,核准設立,食品什貨批發業
38552988,伊登花園美學館,臺北市中正區公園路32號2樓之1,核准設立,食品什貨批發業
20298872,鼎欣酒莊,臺北市北投區大業路517巷17號,核准設立,食品什貨批發業
38459717,佳裕小吃店,臺北市南港區忠孝東路5段1000號2樓,核准設立,食品什貨批發業
38554439,永康三一六工坊,臺北市大安區永康街31巷16號,核准設立,食品什貨批發業
38570986,駿工翡翠泡菜屋,臺北市大同區南京西路109號1樓,核准設立,食品什貨批發業
38574688,旭立宸企業社,臺北市信義區永吉路120巷50弄25號3樓,核准設立,食品什貨批發業
15901289,正泰日用品百貨行,臺北市萬華區莒光路181號1樓,核准設立,食品什貨批發業
48732356,樺達國際商行,臺北市中山區松江路38巷2號2樓之1,核准設立,食品什貨批發業
48963736,緒沅商行,臺北市大同區民權西路144巷5弄7號11樓之1,核准設立,食品什貨批發業
26232357,非苣不可麵食工坊,臺北市松山區民生東路4段131巷3號,核准設立,食品什貨批發業
48717159,舜發行,臺北市文山區辛亥路7段65巷7號1樓,核准設立,食品什貨批發業
26223723,巧芸商號,臺北市中正區館前路6號9樓之5,核准設立,食品什貨批發業
26252326,立成發食品行,臺北市大同區民生西路423巷17號1樓,核准設立,食品什貨批發業
48972566,億達企業社,臺北市中山區新生北路3段11巷30號,核准設立,食品什貨批發業
31872515,昱辰企業社,臺北市信義區吳興街600巷98弄2號2樓,核准設立,食品什貨批發業
26352943,明輝蔬菜行,臺北市中山區行仁里龍江路2段370巷52號,核准設立,食品什貨批發業
26227679,光芒企業社,臺北市中山區松江路469巷1號6樓之1,核准設立,食品什貨批發業
31953410,行得利開發商行,臺北市大同區民權西路89號4樓,核准設立,食品什貨批發業
31954889,互信企業社,臺北市中山區長春路20號2樓,核准設立,食品什貨批發業
25535229,貝比卡企業社,臺北市信義區松山路540巷3弄19號,核准設立,食品什貨批發業
26230153,漾果子食品坊,臺北市大安區忠孝東路4段169號6樓之1,核准設立,食品什貨批發業
38579229,寶島傳奇商行,臺北市中山區中山北路2段137巷34號6樓之2,核准設立,食品什貨批發業
42270758,馨茉國際實業社,臺北市內湖區文德路66巷14弄12號2樓,核准設立,食品什貨批發業
38473247,蜜思禮企業社,臺北市大同區重慶北路1段22號地下之5,核准設立,食品什貨批發業
38506520,偉華企業社,臺北市士林區蘭雅里德行東路109巷73弄5號1樓,核准設立,食品什貨批發業
31860948,朴子魚丸店,臺北市中山區民族東路410巷19號,核准設立,食品什貨批發業
25542832,春吉蛋行,臺北市北投區公館路255巷1弄3號2樓,核准設立,食品什貨批發業
13841934,瑋捷企業社,臺北市中山區建國北路3段113巷19弄3號,核准設立,食品什貨批發業
38568139,開心點創意美食網,臺北市中山區新生北路2段58巷21號之1,核准設立,食品什貨批發業
38468286,巨人企業社,臺北市中山區農安街71號1樓,核准設立,食品什貨批發業
48800348,拉撒路企業社,臺北市萬華區環河南路3段185號,核准設立,食品什貨批發業
31952094,花花姐姐工作坊,臺北市文山區萬隆街47號、47之2號1樓,核准設立,食品什貨批發業
01608980,龍鳳珠寶精品行,臺北市大安區安和路1段38號,核准設立,食品什貨批發業
04841552,中興企業社,臺北市文山區景華街128巷3弄5號1樓,核准設立,食品什貨批發業
21761482,吉米商行,臺北市中山區松江路514號1樓,核准設立,食品什貨批發業
38553950,金鳳旺食品行,臺北市中山區松江路28號7樓之2,核准設立,食品什貨批發業
31852692,美萌時尚館,臺北市北投區石牌路2段122號2樓,核准設立,食品什貨批發業
99972792,錦辰行,臺北市信義區忠孝東路5段701號4樓,核准設立,食品什貨批發業
38496213,春富企業社,臺北市南港區東明街33號,核准設立,食品什貨批發業
26730609,宸金企業社,臺北市文山區忠順街2段25號,核准設立,食品什貨批發業
26211780,三千櫻商行,臺北市松山區南京東路3段303巷7弄5號,核准設立,食品什貨批發業
31878264,展宸商行,臺北市士林區福港街149巷15弄8號,核准設立,食品什貨批發業
38513352,田寶健康蔬食食品行,臺北市信義區莊敬路289巷14號,核准設立,食品什貨批發業
81648231,鑽石亮晶晶清潔社,臺北市中山區吉林路245號3樓,核准設立,食品什貨批發業
26249940,欣穎國際企業社,臺北市大安區仁愛路3段129號4樓,核准設立,食品什貨批發業
48739463,震光企業社,臺北市萬華區和平西路3段261之14號,核准設立,食品什貨批發業
38467462,沉香咖啡館,臺北市中山區民生東路2段151號1樓,核准設立,食品什貨批發業
25582545,合茂行,臺北市大同區民樂街72號1樓,核准設立,食品什貨批發業
10314888,亮量運動用品企業社,臺北市萬華區西園路2段140巷25號,核准設立,食品什貨批發業
17273004,源祥藥行,臺北市大同區民生西路337號,核准設立,食品什貨批發業
42270103,廣海企業社,臺北市萬華區萬大路27號3樓,核准設立,食品什貨批發業
02445351,源泰行,臺北市中山區新生北路2段108號11樓之6,核准設立,食品什貨批發業
99821970,錦上花商行,臺北市松山區塔悠路81號8樓之3,核准設立,食品什貨批發業
10304896,找到了服飾工作室,臺北市大安區師大路117巷2號,核准設立,食品什貨批發業
38473773,品宣工作室,臺北市大同區民族西路205巷8號,核准設立,食品什貨批發業
38564984,昌達實業行,臺北市松山區健康路288號2樓,核准設立,食品什貨批發業
26242496,薇雅美容坊,臺北市松山區民生東路5段209號1樓,核准設立,食品什貨批發業
38568813,桂楠芳企業社,臺北市中山區長春路265號2樓,核准設立,食品什貨批發業
99963750,亞葳洋行,臺北市大安區新生南路2段74號2樓,核准設立,食品什貨批發業
31697496,爃森企業社,臺北市士林區福港街280巷14號3樓,核准設立,食品什貨批發業
38552381,朝朕國際商貿企業社,臺北市大安區信義路2段72號地下,核准設立,食品什貨批發業
31870903,廷翊精品店,臺北市萬華區西寧南路50巷13號,核准設立,食品什貨批發業
17265779,啟順蔥蒜行,臺北市大同區歸綏街271號273號1樓,核准設立,食品什貨批發業
25503562,金點企業社,臺北市大安區忠孝東路4段209號9樓,核准設立,食品什貨批發業
26235214,阿薩伊企業社,臺北市中山區長安東路2段246號7樓之5,核准設立,食品什貨批發業
38497183,元豐食品行,臺北市中正區忠孝西路1段7號10樓之7,核准設立,食品什貨批發業
25582290,大鵬灣有機諾麗農園,臺北市松山區長安東路2段219號6樓之11,核准設立,食品什貨批發業
10178172,六張?饅頭店,臺北市信義區嘉興街283號,核准設立,食品什貨批發業
31847349,薯山傳奇商行,臺北市南港區南港路三段82號,核准設立,食品什貨批發業
48735591,喬登企業社,臺北市中山區中山北路2段170號,核准設立,食品什貨批發業
99336816,宏泰切麵店,臺北市士林區社中街25號1樓,核准設立,食品什貨批發業
38575461,上發雜糧行,臺北市文山區景美街151號1樓,核准設立,食品什貨批發業
38581317,英倫餐飲店,臺北市中山區伊通街66巷5之2號1樓,核准設立,食品什貨批發業
38576525,鰼酩居食屋,臺北市大安區瑞安街112號,核准設立,食品什貨批發業
31861398,羅州小吃店,臺北市中山區長安東路2段49之1號,核准設立,食品什貨批發業
37890005,立新國際商行,臺北市北投區文林北路244巷66號1樓,核准設立,食品什貨批發業
38455986,穰食專門鋪,臺北市信義區忠孝東路5段133號6樓,核准設立,食品什貨批發業
31874669,喜思糖果商行,臺北市大安區忠孝東路4段222號,核准設立,食品什貨批發業
41373828,七肆食堂企業,臺北市文山區羅斯福路5段108號5樓,核准設立,食品什貨批發業
38497472,晶盈企業社,臺北市大安區忠孝東路4段221號12樓,核准設立,食品什貨批發業
99352414,新翼商行,臺北市南港區經貿二路166號,核准設立,食品什貨批發業
31843977,酉坤小吃店,臺北市萬華區柳州街16號1樓,核准設立,食品什貨批發業
31959337,立安企業社,臺北市大安區市民大道4段232號,核准設立,食品什貨批發業
38467097,米芙精品店,臺北市信義區松德路65號4樓之2,核准設立,食品什貨批發業
38572160,元偉國際企業社,臺北市松山區南京東路5段251巷24弄20之1號2樓,核准設立,食品什貨批發業
26250930,今采工作室,臺北市北投區中央北路2段267號,核准設立,食品什貨批發業
18179560,秝榮國際企業商行,臺北市松山區八德路4段783號3樓之2,核准設立,食品什貨批發業
25546892,中央新記醬園,臺北市萬華區西寧南路31號,核准設立,食品什貨批發業
26361582,鴻鵬商行,臺北市文山區興隆路4段105巷29號地下之3,核准設立,食品什貨批發業
38498514,棋來企業社,臺北市松山區新東街20巷35號1樓,核准設立,食品什貨批發業
38580979,捷菏企業社,臺北市信義區和平東路3段531巷43弄31號,核准設立,食品什貨批發業
38511875,慈購網實業社,臺北市士林區中山北路7段165號3樓之5,核准設立,食品什貨批發業
10554319,李家鄉企業社,臺北市松山區八德路3段225號3樓之6,核准設立,食品什貨批發業
30924509,振泰什糧行,臺北市大安區金山南路2段185巷4號1樓,核准設立,食品什貨批發業
31842962,盼飛工作室,臺北市南港區研究院路2段197巷5號3樓,核准設立,食品什貨批發業
38580106,及第貿易商行,臺北市中山區中山北路2段85巷15號,核准設立,食品什貨批發業
26338703,立昇商行,臺北市中山區龍江路172之2號,核准設立,食品什貨批發業
17261470,向日葵商行,臺北市大安區市民大道4段68巷4號1樓,核准設立,食品什貨批發業
09699604,標榜企業社,臺北市大安區忠孝東路4段147巷1號9樓,核准設立,食品什貨批發業
26370267,鈺庭企業社,臺北市大同區迪化街1段189號2樓,核准設立,食品什貨批發業
01125751,琮凱花店,臺北市大同區重慶北路3段313巷23號1樓,核准設立,食品什貨批發業
98676219,纖體食品企業社,臺北市中正區青島東路5號6樓,核准設立,食品什貨批發業
17269851,冠榮企業社,臺北市中山區民生東路2段34號1至3樓,核准設立,食品什貨批發業
31856846,?鍋涮涮鍋店,臺北市松山區復興北路313巷23號,核准設立,食品什貨批發業
17515447,艾諾瑪咖啡,臺北市信義區莊敬路238號4樓,核准設立,食品什貨批發業
38466421,日鑫企業社,臺北市中山區龍江路65巷8號4樓,核准設立,食品什貨批發業
38562536,合鑫企業社,臺北市信義區松德路65號11樓之1,核准設立,食品什貨批發業
83902602,虹飛企業社,臺北市士林區文昌路240號1樓,核准設立,食品什貨批發業
25665448,華玉食品行,臺北市內湖區南京東路6段119號2樓,核准設立,食品什貨批發業
38497727,鮑大人水產行,臺北市萬華區萬大路493巷12弄17號1樓,核准設立,食品什貨批發業
38579558,物豐商行,臺北市大同區迪化街1段179號,核准設立,食品什貨批發業
99975854,睿懋國際商行,臺北市北投區西安街2段85號1樓,核准設立,食品什貨批發業
26347745,知美國際企業社,臺北市大安區信義路2段72號地下,核准設立,食品什貨批發業
38578256,群為企業社,臺北市信義區松山路651號5樓,核准設立,食品什貨批發業
48982641,勵鑫企業社,臺北市萬華區興寧街8巷8號3樓,核准設立,食品什貨批發業
25540074,壹森咖啡生活館,臺北市中山區南京東路3段89巷2號,核准設立,食品什貨批發業
26373026,利樂屋企業社,臺北市內湖區文德路22巷24號,核准設立,食品什貨批發業
10319440,首益飾品,臺北市中山區松江路133巷6號,核准設立,食品什貨批發業
26215250,東北服飾行,臺北市大同區華陰街37之1號,核准設立,食品什貨批發業
26344661,之引食品行,臺北市士林區重慶北路4段143巷3弄14號2樓,核准設立,食品什貨批發業
38559357,墨點商行,臺北市萬華區貴陽街2段10號1樓,核准設立,食品什貨批發業
25543754,龍園商店,臺北市文山區興隆路2段142號,核准設立,食品什貨批發業
31874871,富美企業社,臺北市中山區南京東路2段138巷7號,核准設立,食品什貨批發業
48979580,費莉絲精品企業社,臺北市大安區忠孝東路4段223巷10弄2號,核准設立,食品什貨批發業
99672492,采聯企業社,臺北市大同區迪化街1段46巷22號1樓,核准設立,食品什貨批發業
48687486,雅得麗生活企業社,臺北市中山區中山北路2段33號10樓,核准設立,食品什貨批發業
31864228,烈泉企業社,臺北市萬華區梧州街22號1樓,核准設立,食品什貨批發業
48856757,御品香企業社,臺北市中正區中華路2段311巷31號,核准設立,食品什貨批發業
26232595,瑞呈商行,臺北市萬華區和平西路3段396號,核准設立,食品什貨批發業
80920319,荃豪食品行,臺北市文山區萬芳路19號,核准設立,食品什貨批發業
31954868,格林商行,臺北市中山區松江路283號5樓之1,核准設立,食品什貨批發業
18402580,宏願禮儀禮品社,臺北市中山區民權東路2段135巷29弄2號,核准設立,食品什貨批發業
99985092,詩玫花坊,臺北市內湖區成功路4段30巷26號2樓,核准設立,食品什貨批發業
25579318,啟億行,臺北市大同區迪化街1段228號之1,核准設立,食品什貨批發業
26256076,日陽貿易商行,臺北市內湖區陽光街161巷8號5樓,核准設立,食品什貨批發業
26255246,昱隼商行,臺北市北投區懷德街84巷6號5樓,核准設立,食品什貨批發業
38565858,豆漿農工作坊,臺北市大同區環河北路2段199號,核准設立,食品什貨批發業
38553277,吉林鐵板小吃店,臺北市中山區吉林路169號1樓,核准設立,食品什貨批發業
25556552,歐納企業社,臺北市大同區延平北路2段154號,核准設立,食品什貨批發業
26369634,拓勝企業社,臺北市信義區和平東路3段391巷8弄59號1樓,核准設立,食品什貨批發業
25557996,九兵衛食品行,臺北市士林區延平北路7段106巷132弄8號2樓,核准設立,食品什貨批發業
26371701,吉恬餐飲,臺北市中山區南京東路2段182號(1樓),核准設立,食品什貨批發業
38464205,豬舍創意製作社,臺北市松山區民權東路3段170號12樓,核准設立,食品什貨批發業
38471607,永旭食品行,臺北市中山區新生北路2段108號11樓之6,核准設立,食品什貨批發業
38470608,沐藝生活品味行,臺北市大安區復興南路2段340巷5號,核准設立,食品什貨批發業
25565089,金金洋行,臺北市大同區甘州街50號,核准設立,食品什貨批發業
21715137,吉盛行,臺北市萬華區環河南路3段29號,核准設立,食品什貨批發業
38556324,晏竹企業社,臺北市士林區延平北路6段176巷6弄3號1樓,核准設立,食品什貨批發業
38467456,小時代國際媒體工作室,臺北市大安區信義路4段281號11樓,核准設立,食品什貨批發業
14740857,翃昌企業社,臺北市大安區復興南路2段151巷16號1樓,核准設立,食品什貨批發業
38470488,弘提顧問企業社,臺北市大安區忠孝東路4段162號5樓之5,核准設立,食品什貨批發業
21577795,周老闆美食工作室,臺北市大同區甘州街50號1樓,核准設立,食品什貨批發業
99947963,黃金健身器材用品店,臺北市松山區八德路4段656號地下樓,核准設立,食品什貨批發業
38495642,東宇企業社,臺北市內湖區文德路220巷5弄13號,核准設立,食品什貨批發業
99970099,圓融企業社,臺北市中山區南京東路1段10號3樓,核准設立,食品什貨批發業
26253964,傳杰企業社,臺北市北投區文林北路80巷60弄22號1樓,核准設立,食品什貨批發業
15885871,水木商行,臺北市中山區敬業一路36巷5號,核准設立,食品什貨批發業
31870312,光復李記商行,臺北市大同區延平北路2段143號13樓之3,核准設立,食品什貨批發業
31866035,品睿商行,臺北市中山區復興北路288號7樓之3,核准設立,食品什貨批發業
26249701,碩亨企業社,臺北市萬華區寶興街188巷23號,核准設立,食品什貨批發業
10315731,味覺義廚館,臺北市士林區天母北路2之1號1樓,核准設立,食品什貨批發業
01383238,鴻裕企業社,臺北市北投區富貴一路5巷12號1樓,核准設立,食品什貨批發業
25503140,柏敘企業社,臺北市中正區中華路1段59號7樓,核准設立,食品什貨批發業
38560404,大嘴壹拾貳商行,臺北市大安區新生南路3段106號,核准設立,食品什貨批發業
48812718,郁登美麗工坊,臺北市松山區南京東路5段8號6樓,核准設立,食品什貨批發業
31957210,茉莉小吃店,臺北市士林區中山北路6段470號1樓,核准設立,食品什貨批發業
26187775,向騰企業社,臺北市內湖區瑞湖街103號3樓,核准設立,食品什貨批發業
38575482,日連百貨文具行,臺北市中山區中山北路2段96巷52號1樓,核准設立,食品什貨批發業
31864402,禾順興貿易行,臺北市大同區迪化街1段32巷30號1樓,核准設立,食品什貨批發業
48558574,梅門養生館,臺北市中正區延平南路87號地下,核准設立,食品什貨批發業
