26352887,天然彩藝國際企業社,臺北市大同區大龍街259巷14號4樓之1,核准設立,食品添加物批發業
31844764,熊猴創義廚房,臺北市萬華區西寧南路70號地下1層之7,核准設立,食品添加物批發業
38507154,大禮記食品行,臺北市文山區保儀路109巷17號2樓,核准設立,食品添加物批發業
38567672,康利企業社,臺北市信義區基隆路1段364巷40號2樓,核准設立,食品添加物批發業
31873768,中野商行,臺北市士林區忠義街71巷13弄7號地下,核准設立,食品添加物批發業
42270173,職人咖啡商行,臺北市內湖區新湖一路128巷15號,核准設立,食品添加物批發業
26352922,漫動作咖啡館,臺北市中山區中山北路1段33巷20弄6號,核准設立,食品添加物批發業
42270103,廣海企業社,臺北市萬華區萬大路27號3樓,核准設立,食品添加物批發業
17265779,啟順蔥蒜行,臺北市大同區歸綏街271號273號1樓,核准設立,食品添加物批發業
38555937,人品養生御膳坊,臺北市中山區錦州街50號8樓之18,核准設立,食品添加物批發業
38459809,四月雨咖啡館,臺北市大安區忠孝東路4段216巷40弄18號1樓,核准設立,食品添加物批發業
38505156,柯威企業社,臺北市中山區南京東路2段137號14樓,核准設立,食品添加物批發業
26367299,欣洋企業社,臺北市中山區雙城街12巷5之1號,核准設立,食品添加物批發業
38565956,以便以謝國際商行,臺北市北投區榮華三路43號2樓,核准設立,食品添加物批發業
26342116,健宸企業社,臺北市松山區八德路4段709巷2之3號1樓,核准設立,食品添加物批發業
31868569,耶和華生技企業社,臺北市內湖區星雲街138巷20號6樓,核准設立,食品添加物批發業
38578208,青陽商行,臺北市大安區延吉街123號1樓,核准設立,食品添加物批發業
38514562,青果園鮮萃飲品企業社,臺北市大安區和平東路1段159之2號,核准設立,食品添加物批發業
38496564,老麵團食坊,臺北市萬華區和平西路3段61號(1樓),核准設立,食品添加物批發業
99338785,鮪宇行,臺北市中山區松江路140巷6之2號1樓,核准設立,食品添加物批發業
38470543,宏泰自然植物顧問商號,臺北市內湖區康樂街136巷29弄15號7樓,核准設立,食品添加物批發業
26241172,味來實業社,臺北市中山區松江路328號10樓之3,核准設立,食品添加物批發業
38579641,城?企業社,臺北市士林區葫蘆街77號3樓,核准設立,食品添加物批發業
38497183,元豐食品行,臺北市中正區忠孝西路1段7號10樓之7,核准設立,食品添加物批發業
38511875,慈購網實業社,臺北市士林區中山北路7段165號3樓之5,核准設立,食品添加物批發業
38580106,及第貿易商行,臺北市中山區中山北路2段85巷15號,核准設立,食品添加物批發業
15885871,水木商行,臺北市中山區敬業一路36巷5號,核准設立,食品添加物批發業
31866035,品睿商行,臺北市中山區復興北路288號7樓之3,核准設立,食品添加物批發業
31878187,龍均國際企業社,臺北市萬華區長順街99巷16弄11號2樓,核准設立,食品添加物批發業
26239529,福多雜糧行,臺北市大安區新生南路1段137巷9之1號,核准設立,食品添加物批發業
