03263006,昇源水電行,臺北市中正區金山南路1段110巷20號1樓,電器批發業
26350895,有財專業電池企業行,臺北市大同區環河北路二段23號,電器批發業
21533018,東瓏電機工程行,臺北市士林區葫蘆街122號1樓,電器批發業
38562199,納米社,臺北市中山區八德路2段288號1樓,電器批發業
48863700,億昌電器工程行,臺北市中山區吉林路168巷4號,電器批發業
01162468,榮豐企業社,臺北市大同區迪化街1段338號,電器批發業
38473056,聚鑫工程行,臺北市中正區北平東路20號3樓,電器批發業
31870805,米哇企業社,臺北市信義區永吉路170號12樓,電器批發業
26253562,鑫漾美妝企業社,臺北市內湖區東湖路106巷8號3樓,電器批發業
38508739,宇鑫工程行,臺北市大同區承德路2段155巷7號,電器批發業
38497607,暐創工程行,臺北市內湖區康寧路3段56巷1號10樓之2,電器批發業
48728281,冠倫企業社,臺北市士林區福國路45號3樓,電器批發業
34468969,長城水電行,臺北市中山區吉林路154巷14號,電器批發業
48823285,友鼎機電行,臺北市松山區南京東路5段230號15樓之8,電器批發業
38578397,鹿米工作室,臺北市信義區忠孝東路5段412號13樓之4,電器批發業
31952307,水姑娘頭毛店,臺北市信義區嘉興街66號1樓,電器批發業
31874422,闊喜工房,臺北市信義區基隆路2段22號6樓之6,電器批發業
98882457,承洋商行,臺北市北投區致遠一路2段30號1樓,電器批發業
31709943,京站支付企業社,臺北市中山區松江路207號9樓,電器批發業
99983897,鎂利固冷氣行,臺北市信義區虎林街30巷32號1樓,電器批發業
78070656,信毅水電行,臺北市大安區和平東路2段107巷4之1號1樓,電器批發業
25668796,兒童園圖書社,臺北市信義區吳興街583巷151號3樓,電器批發業
45376522,禾亦富企業社,臺北市中山區民生東路2段83號4樓之29,電器批發業
99351512,騰笙水電企業社,臺北市文山區興隆路3段181巷3弄1號,電器批發業
09644691,禾力實業社,臺北市信義區基隆路1段155號13樓之5,電器批發業
77511141,三悅國際企業社,臺北市大同區承德路3段35號1樓,電器批發業
10367961,耐震工程行,臺北市松山區八德路4段602號11樓之6,電器批發業
17550056,精選企業社,臺北市松山區民族東路671號2樓,電器批發業
77923235,吉銳企業社,臺北市士林區後港街161號3樓之2,電器批發業
48751108,立正企業社,臺北市文山區興隆路1段163號,電器批發業
25582496,豆粒通信行,臺北市信義區莊敬路357號,電器批發業
10646423,鐠洛科技商行,臺北市中山區八德路2段68號,電器批發業
26510909,泳灃企業社,臺北市士林區葫蘆街130號1樓,電器批發業
10528122,?洋家電精品行,臺北市中山區民權東路3段21號5樓,電器批發業
38562276,格那斯企業社,臺北市中山區錦州街46號9樓之1,電器批發業
48776234,維安實業社,臺北市中山區新生北路2段76巷10號1樓,電器批發業
14324493,奇亞家具行,臺北市文山區景興路195號10樓之1,電器批發業
10347564,德成企業行,臺北市萬華區廣州街81巷14號,電器批發業
18259183,佛光聯合醫療企業管理顧問社,臺北市大安區基隆路2段226號,電器批發業
26251419,業欣冷氣行,臺北市萬華區德昌街147巷1號4樓,電器批發業
48766799,昱融工程企業行,臺北市中正區忠孝東路2段120號4樓,電器批發業
48822808,一成工程行,臺北市大同區保安街49巷24號,電器批發業
48967584,柏帝工程行,臺北市文山區興隆路3段32號,電器批發業
38462071,達育企業社,臺北市中山區興安街51之8號1樓,電器批發業
81750299,鑫旺電器行,臺北市北投區致遠一路1段118號1樓,電器批發業
30293860,富昇工程行,臺北市士林區通河西街2段146號3樓,電器批發業
48954906,耕圃工程行,臺北市中山區民權東路2段26號6樓之1,電器批發業
31954826,東津甫企業社,臺北市內湖區大湖街137號,電器批發業
90921554,承鈞工程行,臺北市萬華區東園街66巷53弄8號,電器批發業
31949015,順上通訊社,臺北市文山區木新路3段129號,電器批發業
31442109,酷鎷企業工作坊,臺北市中正區北平東路24號2樓之5,電器批發業
13837761,廣承企業行,臺北市中正區羅斯福路3段210巷8弄7之12號,電器批發業
01237849,雅美家具飾品店,臺北市松山區民生東路3段113巷33號1樓,電器批發業
48755168,建元冷材行,臺北市北投區致遠一路2段50號1樓,電器批發業
25556125,九久商號,臺北市大安區永康街41巷26號,電器批發業
31871895,承鴻企業社,臺北市信義區光復南路495號,電器批發業
15659376,秋葉原攝影器材專賣店,臺北市中正區漢口街1段59號1樓,電器批發業
10372628,舒展企業社,臺北市內湖區文德路171巷3弄17號,電器批發業
38514562,青果園鮮萃飲品企業社,臺北市大安區和平東路1段159之2號,電器批發業
14715371,元陞企業行,臺北市松山區八德路3段99巷9之2號3樓,電器批發業
30303683,史丹佛魔髮美學企業社,臺北市松山區復興北路145號2樓,電器批發業
01726305,欣欣美材精品店,臺北市北投區石牌路2段68巷1號,電器批發業
09959333,熙葆企業行,臺北市大安區辛亥路2段121號2樓,電器批發業
26251537,加菲工程行,臺北市信義區莊敬路289巷8弄30號3樓,電器批發業
81623013,嘉元工程行,臺北市文山區木新路3段50巷8號1樓,電器批發業
25573807,有情水電行,臺北市大安區大安路1段51巷11號2樓,電器批發業
19510361,加勒比企業社,臺北市北投區育仁路119巷13號1樓,電器批發業
42269892,千岳工程行,臺北市萬華區萬青街195號2樓,電器批發業
25574257,佳隆水電工程行,臺北市文山區辛亥路4段166巷17號,電器批發業
10352334,宏洋工程行,臺北市北投區豐年路2段76號,電器批發業
38512543,精英水電工程行,臺北市萬華區臺北市萬華區青年路30巷4號11樓之4,電器批發業
10351567,業勤企業社,臺北市南港區興中路12巷19號10樓,電器批發業
73891211,尚鼎企業社,臺北市南港區忠孝東路6段320號4樓,電器批發業
31960284,唐榮百業企業社,臺北市中正區中山北路1段2號7樓之6,電器批發業
26354597,?燊工程行,臺北市文山區興隆路1段70巷11弄9號,電器批發業
38572561,大員空調冷氣工程行,臺北市南港區興中路80巷12號3樓,電器批發業
48852204,晞臘室內裝修設計工作室,臺北市內湖區陽光街92巷24弄17號,電器批發業
99983171,佳蒂企業社,臺北市文山區興隆路1段251巷6號1樓,電器批發業
26371012,惠淳工程行,臺北市萬華區西昌街96號,電器批發業
38508082,勝群工程行,臺北市大同區鄭州路119號2樓之3,電器批發業
10626658,夢想家興業社,臺北市中山區長春路202號1樓,電器批發業
31877589,伸通企業社,臺北市中正區新生南路1段6號地下1樓之6,電器批發業
48760970,這虎音樂工作室,臺北市南港區忠孝東路6段83號3樓,電器批發業
17766582,盧森堡企業社,臺北市萬華區桂林路143號11樓,電器批發業
78413800,大地工程行,臺北市中山區中山北路2段128巷3之3號(1樓),電器批發業
17091270,台茂力照明行,臺北市萬華區寶興街162號1樓,電器批發業
48921672,健恆電器工程行,臺北市松山區南京東路5段23巷9弄2號,電器批發業
29200870,世紀企業社,臺北市中正區漢口街1段31號4樓,電器批發業
25551162,銀侖企業社,臺北市大同區昌吉街69號4樓,電器批發業
83930451,以琳國際洋行,臺北市士林區中山北路6段474號1樓,電器批發業
01290371,一一大台北企業行,臺北市中山區新生北路2段72巷17號2樓之1,電器批發業
31866443,橙語空間設計工作室,臺北市大安區忠孝東路4段303號9樓,電器批發業
38496706,湧盛水電工程行,臺北市中山區南京東路3段189號4樓,電器批發業
48879409,利威工程行,臺北市中正區泉州街43號,電器批發業
25685113,優福全方位商行,臺北市中山區新生北路2段40號14樓之2,電器批發業
38474409,丞暘五金商行,臺北市內湖區內湖路2段339巷6號,電器批發業
10344237,和喬企業社,臺北市南港區新民街73號,電器批發業
38464649,兆生科技商行第一分店,臺北市中正區市民大道3段8號3樓61號店鋪,電器批發業
25560227,一二一企業社,臺北市萬華區興寧街66巷2號1樓,電器批發業
73910408,百晟自動化企業社,臺北市文山區指南路3段73號5樓之1,電器批發業
21764220,富騰企業社,臺北市中山區松江路160巷2號1樓,電器批發業
48797168,大仕林實業社,臺北市大同區庫倫街27號,電器批發業
98888847,瑞暉水電工程行,臺北市文山區景興路188號23樓之6,電器批發業
10352101,金萬億企業行,臺北市萬華區環河南路1段185號,電器批發業
25517876,迦蓮國際商行,臺北市大同區酒泉街159號1樓,電器批發業
11324625,明利電器行,臺北市中山區林森北路342號1樓,電器批發業
81680718,元邦興業社,臺北市萬華區西園路2段261巷12弄13號1樓,電器批發業
25573089,建成工程行,臺北市萬華區西藏路165號2樓,電器批發業
31873789,安豐電控技術工作室,臺北市內湖區瑞光路580號7樓,電器批發業
26218974,富鈞水電行,臺北市大同區重慶北路3段69號,電器批發業
25512529,春禾企業社,臺北市大同區民族西路67號,電器批發業
48880200,萬事通商行,臺北市士林區美德街74號,電器批發業
26373216,明峰通信企業社,臺北市南港區重陽路166巷8號,電器批發業
99957259,光成實業社,臺北市文山區辛亥路7段84巷14號2樓,電器批發業
27193579,立任燈光音響工程行,臺北市內湖區金龍路198號1樓,電器批發業
31448011,欣嬅企業社,臺北市內湖區文德路90巷34號7樓之2,電器批發業
38567455,全億工程行,臺北市信義區松山路256號8樓,電器批發業
26254859,科炬裝潢工程行,臺北市萬華區萬大路171號5樓,電器批發業
04892876,松發登山體育用品社,臺北市文山區興隆路3段62號,電器批發業
38499247,穩宏通訊行,臺北市萬華區西寧南路36之48號,電器批發業
38566603,木新數位通訊行,臺北市文山區木新路3段105號1樓,電器批發業
31878807,信成通訊社,臺北市南港區中坡南路37號,電器批發業
26232981,萱柏商行,臺北市大安區仁愛路4段266巷15弄16號2樓,電器批發業
25545578,鴻海工程行,臺北市南港區福德街339巷1弄10號2樓,電器批發業
26243360,少華洋行,臺北市大安區麗水街9巷13號,電器批發業
26215723,芃芃玩具店,臺北市大同區太原路100號1樓,電器批發業
25552346,金品工程行,臺北市大同區興城街35號,電器批發業
38496993,崴視吉音響企業社,臺北市萬華區西寧南路4號(臺北市公有西寧市場1樓1143、1144號攤位),電器批發業
31696291,摩爾通訊行,臺北市文山區羅斯福路6段222巷28號,電器批發業
26219495,國政企業社,臺北市士林區社子街125巷22號1樓,電器批發業
38575292,華麗空間設計社,臺北市松山區民生東路5段204號2樓之2,電器批發業
31860285,籟德商號,臺北市內湖區內湖路1段691巷7號,電器批發業
13786926,禹丞企業社,臺北市萬華區和平西路3段29號1樓,電器批發業
18088169,孟億電器行,臺北市中正區同安街101巷20之1號1樓,電器批發業
48558912,愛莉娜設計工作室,臺北市大同區延平北路2段62號3樓,電器批發業
83946242,鴻賀行,臺北市松山區民族東路733之1號1樓,電器批發業
78413800,大地工程行,臺北市中山區中山北路2段128巷3之3號(1樓),電器批發業
31709943,京站支付企業社,臺北市中山區松江路207號9樓,電器批發業
38508999,英捷百貨商行,臺北市中山區中山北路1段33巷3號2樓,電器批發業
83920003,冠富廚衛裝璜行,臺北市北投區承德路7段106巷5號2樓,電器批發業
26248359,鼎興行,臺北市文山區羅斯福路5段95號2樓,電器批發業
26358735,楊其聰工作室,臺北市士林區延平北路7段27巷12號2樓,電器批發業
48887055,上立企業社,臺北市士林區通河西街2段109號1樓,電器批發業
48936106,榮進水電行,臺北市中正區新生南路1段54巷11號,電器批發業
09701897,伍義工程行,臺北市內湖區東湖路106巷7弄5號4樓,電器批發業
14737327,財健企業社,臺北市中山區中山北路2段128巷6弄5號4樓,電器批發業
25508341,卑爾工作室,臺北市南港區八德路4段871號15樓之6,電器批發業
34769085,利基行銷價值鏈整合顧問室,臺北市松山區南京東路5段63號7樓之2,電器批發業
13519365,帛格圖文社,臺北市大安區復興南路2段157號4樓之4,電器批發業
26218989,日元商行,臺北市南港區八德路4段917號,電器批發業
29630007,花盛發商號,臺北市士林區大北路73號1樓,電器批發業
48672955,凡玉曲商行,臺北市中山區遼寧街63巷30號地下室,電器批發業
30128790,綠光行,臺北市大安區復興南路2段27號5樓之4,電器批發業
25577944,崴鴻科技企業社,臺北市文山區興隆路2段220巷65弄31之2號,電器批發業
30185736,冠允企業社,臺北市文山區辛亥路7段51號,電器批發業
42269204,呈靖實業社,臺北市士林區社中街156巷28號,電器批發業
48982261,吉碼企業社,臺北市中山區民生東路3段27號2樓,電器批發業
01283625,信佳企業社,臺北市萬華區西園路2段261巷14之1號1樓,電器批發業
31873578,新華國企業社,臺北市文山區富山路1巷16號4樓,電器批發業
49993907,權舜企業社,臺北市大同區民權西路136號7樓之11,電器批發業
17042010,立昌冷氣工程行,臺北市內湖區文德路210巷30弄31號1樓,電器批發業
17844855,亨瑀洋行,臺北市中山區錦州街25號5樓,電器批發業
13837761,廣承企業行,臺北市中正區羅斯福路3段210巷8弄7之12號,電器批發業
26209829,佳和國際社,臺北市大安區羅斯福路3段187號,電器批發業
99853613,邰渼企業社,臺北市大同區延平北路4段282巷19弄3號1樓,電器批發業
13467303,景久工程行,臺北市文山區三福街4巷17號,電器批發業
38562466,威騰企業社,臺北市大安區信義路2段72號地下,電器批發業
38463395,裕雄企業社,臺北市內湖區新明路380巷6弄7號2樓,電器批發業
42270048,海神堡音響,臺北市中山區民生東路3段57號2樓之1,電器批發業
10067113,廣明水電工程行,臺北市南港區研究院路2段35巷23弄12號3樓,電器批發業
99456699,富利商行,臺北市文山區興隆路2段196號7樓之3,電器批發業
31873768,中野商行,臺北市士林區忠義街71巷13弄7號地下,電器批發業
31948331,全勝企業社,臺北市文山區興隆路4段89號,電器批發業
48751944,大昌行,臺北市中山區民生東路1段30號地下,電器批發業
31580171,鑫采工程行,臺北市萬華區昆明街201巷8號1樓,電器批發業
99619835,飛瑞企業行,臺北市大同區迪化街2段172巷15號,電器批發業
31258010,隆進實業社,臺北市大同區承德路3段214巷10號,電器批發業
26230386,東林工程行,臺北市北投區吉利街123巷18號2樓,電器批發業
26257194,常勝水電材料行,臺北市大同區大龍街58號,電器批發業
17742604,立榮音響電器行,臺北市北投區尊賢街246號1樓,電器批發業
14741201,緯林水電行,臺北市內湖區康樂街72巷17弄19之1號,電器批發業
01131515,昆成工具行,臺北市大同區哈密街59巷38弄31號3樓,電器批發業
48749960,廖子豪設計工作室,臺北市大安區仁愛路4段125號9樓之1,電器批發業
38496071,安妙膠囊咖啡企業社,臺北市信義區吳興街118巷26弄18號1樓,電器批發業
48806265,神川實業社,臺北市文山區木新路3段74巷1弄6號,電器批發業
42270173,職人咖啡商行,臺北市內湖區新湖一路128巷15號,電器批發業
38508105,偉泰工程行,臺北市中正區博愛路36號地下,電器批發業
37942496,格凌企業社,臺北市中正區汀州路2段230號,電器批發業
31877820,漢霖行,臺北市信義區嘉興街265號,電器批發業
26223224,依心電子材料企業社,臺北市中正區金門街52號,電器批發業
31952637,永翔資訊傢俱企業社,臺北市北投區自強街5巷100弄3之1號3樓,電器批發業
17751407,深澤工程行,臺北市中山區民權東路1段72號11樓之2,電器批發業
25667874,天威工程行,臺北市松山區光復北路157號1樓,電器批發業
26237992,木匠實業社,臺北市萬華區莒光路153巷4號1樓,電器批發業
48954075,泰生工程企業社,臺北市松山區八德路3段182號6樓,電器批發業
31724830,久亨國際企業社,臺北市信義區忠孝東路5段474號4樓,電器批發業
37906626,新明修車業,臺北市大同區長安西路66號4樓之2,電器批發業
38474294,宏洋貿易商行,臺北市大安區復興南路2段111巷17弄7號2樓,電器批發業
15665089,威誠企業行,臺北市中正區羅斯福路3段210巷8弄7之12號1樓,電器批發業
26247871,大安科技行,臺北市信義區和平東路3段325號,電器批發業
26247128,弘展工作室,臺北市松山區八德路4段389巷9號,電器批發業
25541566,滿鑫行,臺北市中山區吉林路299巷7號,電器批發業
31842626,右腦音樂工作室,臺北市中山區林森北路260號3樓,電器批發業
99344891,東雅小廚館,臺北市大安區濟南路3段7之1號1樓,電器批發業
10332393,永大資訊社,臺北市士林區通河西街1段22號,電器批發業
38560158,宏昌水電行,臺北市內湖區永保街136號4樓,電器批發業
25560486,明川工程行,臺北市大同區長安西路97號,電器批發業
25573320,康德電器行,臺北市士林區延平北路6段45號,電器批發業
04882194,協真動力工程行,臺北市文山區興隆路1段70巷11弄7號1樓,電器批發業
18093472,全億企業社,臺北市內湖區民權東路6段47巷10弄12號2樓,電器批發業
26206196,和勝工程行,臺北市南港區南港路2段27號,電器批發業
17747050,統將商行,臺北市大安區溫州街74巷12號,電器批發業
48868212,弘瑋工程行,臺北市中正區水源路131之3號,電器批發業
04777448,金鼎冷凍社,臺北市南港區南港路2段136號1樓,電器批發業
20909613,明益實業社,臺北市松山區八德路4段245巷52弄40號,電器批發業
26356531,傑聖服裝行,臺北市萬華區西園路1段203巷4之1號,電器批發業
31870158,經宇實業社,臺北市中正區西藏路114號,電器批發業
48674433,安娜日用品商行,臺北市中山區民權西路20號9樓之5,電器批發業
25580321,立硐鷎僭茼,臺北市萬華區洛陽街9之5號,電器批發業
48728091,松廉工程行,臺北市內湖區成功路4段324巷1弄1號1樓,電器批發業
26233193,福鑫企業社,臺北市松山區民族東路689號,電器批發業
18088800,松下數位生活館,臺北市中正區羅斯福路3段100號8樓之13,電器批發業
26228804,大金冷氣材料行,臺北市文山區辛亥路7段51號,電器批發業
25580791,大中華通訊行,臺北市大安區通化街110號,電器批發業
31847122,晨堡工程行,臺北市大安區臥龍街195巷25號,電器批發業
04775722,勝隆水電行,臺北市內湖區金龍路53號1樓,電器批發業
26366051,全興國際商行,臺北市文山區福興路82巷6弄10號,電器批發業
17737790,泉峰工程行,臺北市信義區永吉路127巷17號1樓,電器批發業
14716028,宜和通訊企業社,臺北市中山區林森北路410之2號,電器批發業
48733756,榮營工程行,臺北市南港區東新街118巷77號3樓,電器批發業
26344178,巨禾興行,臺北市大同區重慶北路3段252巷1號3樓,電器批發業
30192650,奇蹟企業社,臺北市信義區忠孝東路5段510號15樓,電器批發業
31956417,廣成冷凍零件行,臺北市士林區葫蘆街70巷15號3樓,電器批發業
48582407,永勝工程行,臺北市內湖區內湖路3段60巷50弄6號,電器批發業
30179946,鴻墨水耗材專賣店,臺北市信義區基隆路2段185號,電器批發業
48747148,翔安商行,臺北市萬華區環河南路3段101號5樓之2,電器批發業
49891438,聖賀企業社,臺北市萬華區梧州街60巷11號3樓,電器批發業
15641480,騏詮商行,臺北市南港區興中路28巷4號,電器批發業
48501502,新典企業社,臺北市中山區民生東路2段147巷5弄19號1樓,電器批發業
26256456,展盟國際商行,臺北市信義區松山路482巷32號8樓,電器批發業
34757362,均盈企業社,臺北市大同區華陰街227巷7號,電器批發業
21527347,東展工程行,臺北市南港區南港路3段80巷29號,電器批發業
25540222,彩瑞生活館,臺北市中山區民權東路2段135巷20弄12號,電器批發業
10646423,鐠洛科技商行,臺北市北投區光明路170號1樓,電器批發業
48770442,崴通儀器行,臺北市大安區和平東路3段308巷68號,電器批發業
48908158,東宸企業社,臺北市信義區基隆路1段186號3樓之7,電器批發業
26246654,久康科技工程行,臺北市大安區忠孝東路4段169號11樓之1,電器批發業
48776993,茂茂森林創意行銷工作室,臺北市大安區復興南路1段127號16樓之1,電器批發業
66995582,豪華水電工程行,臺北市大同區南京西路452號4樓,電器批發業
30293860,富昇工程行,臺北市士林區通河西街2段146號3樓,電器批發業
26359426,重輝水電行,臺北市士林區延平北路8段2巷153弄臨9號,電器批發業
31858859,光音工作室,臺北市信義區忠孝東路5段410號地下之4,電器批發業
38456774,新益冷氣行,臺北市北投區尊賢街302巷21號1樓,電器批發業
99993781,佑?影像工作室,臺北市內湖區民權東路6段23號4樓之3,電器批發業
38571177,品浩企業社,臺北市松山區八德路4段445號7樓之6,電器批發業
10397043,品萬企業社,臺北市中山區民權東路2段39號,電器批發業
26249152,得盛機電工程行,臺北市大同區延平北路4段70號1樓,電器批發業
37851657,運達通企業商行,臺北市中正區衡陽路10號12樓,電器批發業
41807303,澄品烘焙屋,臺北市士林區承德路4段80巷52號,電器批發業
38508127,明星汽車商行,臺北市中山區南京東路2段71號8樓之2,電器批發業
66995582,豪華水電行,臺北市大同區南京西路452號4樓,電器批發業
07720927,慶安水電行,臺北市中山區農安街66號1樓,電器批發業
38576763,江南貿易行,臺北市中山區興安街42號,電器批發業
38563943,建民數位企業社,臺北市中正區市民大道3段8號光華數位新天地商場3樓31號店鋪,電器批發業
21765229,栯慈商行,臺北市中山區民生東路3段1號3樓,電器批發業
25584001,諦孚國際流通商號,臺北市大安區忠孝東路3段251巷3弄18之3號,電器批發業
41019910,富海工程行,臺北市信義區虎林街57之21號1樓,電器批發業
13450393,葛瑞斯國際商行,臺北市大安區仁愛路3段24巷1弄4號1樓,電器批發業
26245796,新錡音響行,臺北市萬華區中華路1段20號,電器批發業
38467478,振鈺工程行,臺北市萬華區福星里西寧南路11號7樓之2,電器批發業
26242502,超越科技行,臺北市內湖區文德路1號,電器批發業
10609497,盛穎企業社,臺北市大同區民權西路236號2樓,電器批發業
83947559,日進水電行,臺北市中山區新生北路1段78號9樓之2,電器批發業
31856796,立豐室內裝修工程行,臺北市文山區新光路1段134號,電器批發業
37851657,運達通企業商行,臺北市中正區衡陽路10號12樓,電器批發業
31846685,米黎時尚生活會館,臺北市信義區基隆路1段149號,電器批發業
38502952,雯浩商號,臺北市南港區興中路12巷9號,電器批發業
25666896,蔬活企業社,臺北市文山區景文街42號5樓,電器批發業
78329178,一久捲門行,臺北市大同區延平北路2段242號3樓之3,電器批發業
25552774,阿嚕咪電器行,臺北市中正區漢口街1段136號1樓,電器批發業
38474581,萬固工程行,臺北市信義區忠孝東路5段786號6樓,電器批發業
04829184,百松教學用品社,臺北市信義區基隆路2段22號6樓之6,電器批發業
09680128,達誠通訊行,臺北市中山區長春路186號1樓,電器批發業
38497439,御淳空調行,臺北市南港區重陽路504巷2號(1樓),電器批發業
38514182,孚懋實業社,臺北市南港區東明街94號1樓,電器批發業
04911424,大宇文具影印行,臺北市文山區羅斯福路6段102號,電器批發業
99447313,建華空調工程行,臺北市大同區民權西路245巷8號1樓,電器批發業
48926249,璟瑞商行,臺北市北投區石牌路1段62號,電器批發業
31873872,磐石工程行,臺北市內湖區東湖路106巷7弄23號4樓,電器批發業
31871641,一嘉空調工程行,臺北市南港區市民大道8段532號,電器批發業
48799530,瑋爵通訊行,臺北市中正區忠孝西路1段72號1樓之24,電器批發業
13441563,豐群行,臺北市信義區光復南路505號10樓之8,電器批發業
81714442,佳晉水電材料行,臺北市南港區南港路1段79號1樓,電器批發業
38574076,修易士電器行,臺北市大安區臨江街25號6樓之1,電器批發業
10321184,捷創貿易行,臺北市松山區八德路3段12巷17弄21號,電器批發業
38501139,力美企業社,臺北市南港區向陽路120巷2弄34號3樓,電器批發業
31858990,美樂家商行,臺北市北投區中央南路1段154號,電器批發業
38510138,展毅通信資訊社,臺北市松山區八德路4段44號(2樓),電器批發業
08654869,易禾工程行,臺北市中山區敬業三路162巷178號8樓,電器批發業
48947455,鴻宇資訊企業社,臺北市中正區新生南路1段16號13樓之2,電器批發業
42270217,億輝冷氣工程行,臺北市南港區中南街74巷18號4樓,電器批發業
17818343,貿順工程行,臺北市萬華區萬大路550號2樓,電器批發業
15632052,舜發石材工程行,臺北市信義區基隆路1段155號8樓之8,電器批發業
25567919,鑫聯高爾夫用品社,臺北市中山區吉林路389號1樓,電器批發業
26249245,芮娜藝術美甲商行,臺北市中山區松江路362巷7號1樓,電器批發業
04466845,宏原行,臺北市中正區齊東街82巷36號1樓,電器批發業
48738289,橙衣衫舖,臺北市信義區基隆路1段155號12樓,電器批發業
81769924,長龍實業行,臺北市大同區重慶北路2段188號5樓,電器批發業
38559672,德陞監視科技行,臺北市萬華區中華路1段22號,電器批發業
14654888,音揚舞台硬體整合行銷企業社,臺北市中正區中華路2段305巷13號,電器批發業
14872688,億倡工程行,臺北市中山區南京東路1段2號6樓之5,電器批發業
25564693,翔豐水電工程行,臺北市南港區研究院路3段16巷5號1樓,電器批發業
26352628,悅心生活坊,臺北市松山區南京東路4段197號11樓之1,電器批發業
15773340,弘電工程行,臺北市信義區永吉路491巷9弄20號,電器批發業
26234741,中元電器行,臺北市萬華區長順街107巷16號,電器批發業
38570472,葉欣寧運動實業社,臺北市中山區農安街208號,電器批發業
31862679,新成電器行,臺北市北投區中央北路2段39號,電器批發業
98885102,文新汽車百貨行,臺北市大同區重慶北路3段257巷12號1樓,電器批發業
17760089,祺祿水電工程行,臺北市大同區大龍街159巷12號1樓,電器批發業
29243955,先進企業社,臺北市信義區永吉路278巷2弄16號2樓,電器批發業
26211917,韋澄企業社,臺北市萬華區艋舺大道120巷38弄41號,電器批發業
25572379,冠榮大商店,臺北市南港區興中路28巷4號1樓,電器批發業
48942901,?恩企業社,臺北市內湖區新明路460巷18弄9號,電器批發業
17542916,力基水電冷氣行,臺北市大安區樂業街42號7樓,電器批發業
15901289,正泰日用品百貨行,臺北市萬華區莒光路181號1樓,電器批發業
73889138,翔宏行,臺北市大安區敦化南路1段337號11樓,電器批發業
48963736,緒沅商行,臺北市大同區民權西路144巷5弄7號11樓之1,電器批發業
48943211,源準商號,臺北市內湖區康寧路1段86巷1弄6號2樓,電器批發業
31965513,鴻?企業社,臺北市萬華區大理街157號,電器批發業
18390114,宏碩企業社,臺北市文山區辛亥路4段101巷74號,電器批發業
99988350,頂盛音響企業社,臺北市萬華區中華路1段18巷31號,電器批發業
48754457,巨?水電行,臺北市中山區農安街227巷3弄22之1號,電器批發業
26217449,建宏維修工作室,臺北市大同區南京西路107巷48號,電器批發業
31859365,奕辰企業社,臺北市萬華區西園路2段320巷36弄6號5樓,電器批發業
38512001,翃緯通訊行,臺北市中山區長春路217號,電器批發業
25542798,功成通訊行,臺北市大安區延吉街122號1樓,電器批發業
15632102,東保工程行,臺北市信義區基隆路1段83巷20弄6號1樓,電器批發業
38515231,鴻脖子工作室,臺北市信義區信義路6段76巷2弄62號1樓,電器批發業
48559551,台新工程行,臺北市內湖區金湖路40號1樓,電器批發業
31873704,高鈰企業社,臺北市信義區忠孝東路5段1之6號10樓,電器批發業
25587008,隆翔戶外生活用品社,臺北市北投區大業路727號,電器批發業
31866020,達特工作室,臺北市大安區忠孝東路4段107號12樓之4,電器批發業
48903323,正信水電工程行,臺北市北投區致遠三路117巷9號,電器批發業
01961217,全慶五金電料行,臺北市大同區環河北路2段223巷14號,電器批發業
13824040,達達音響行,臺北市大安區復興南路1段295巷1號1樓,電器批發業
49993907,權舜企業社,臺北市大同區民權西路136號7樓之11,電器批發業
99339519,水昆商行,臺北市大安區和平東路3段85號1樓,電器批發業
31954889,互信企業社,臺北市中山區長春路20號2樓,電器批發業
31861783,藝順工程行,臺北市大安區和平東路3段228巷24號4樓之1,電器批發業
29220094,音律影音企業行,臺北市文山區木柵路1段327號1樓,電器批發業
99494119,興業水電工程行,臺北市文山區木新路2段79巷6弄11號3樓,電器批發業
38565793,元元國際企業社,臺北市大安區信義路2段72號地下,電器批發業
73799328,一宏盛冷氣行,臺北市內湖區康樂街136巷18弄66號,電器批發業
31878187,龍均國際企業社,臺北市萬華區長順街99巷16弄11號2樓,電器批發業
38555269,政豐企業社,臺北市大安區基隆路2段132巷21之3號,電器批發業
48755195,杰克實業社,臺北市士林區中正路690之2號,電器批發業
38714148,誠攻國際商行,臺北市松山區南京東路5段250巷36弄35號4樓,電器批發業
48788040,元立行,臺北市萬華區和平西路3段57號1樓,電器批發業
80992208,鍶?玹工作坊,臺北市內湖區成功路4段325號4樓,電器批發業
31957181,吉恩企業社,臺北市中正區羅斯福路2段126號10樓之1,電器批發業
25666967,佰億資訊企業社,臺北市大安區敦化南路2段128號11樓之6,電器批發業
25584086,敦品數位貿易工作室,臺北市大安區溫州街22號4樓之3,電器批發業
80995541,協聲水電行,臺北市士林區中山北路7段190巷6號1樓,電器批發業
26765867,豪鼎企業社,臺北市北投區承德路7段342巷14號2樓,電器批發業
31851201,峰九八通訊行,臺北市萬華區西寧南路36之98號,電器批發業
01608980,龍鳳珠寶精品行,臺北市大安區安和路1段38號,電器批發業
48670160,嵩源企業社,臺北市松山區南京東路4段21號8樓之2,電器批發業
27163532,鉅翔企業社,臺北市中山區民權東路1段58巷8號3樓,電器批發業
38562228,鼎季商行,臺北市大安區浦城街13巷24號2樓,電器批發業
25556053,佑昌企業社,臺北市萬華區長順街107巷20號4樓,電器批發業
13476083,志鼎企業行,臺北市內湖區金龍路223號2樓,電器批發業
38556020,廣威工程行,臺北市文山區忠順街1段26巷12弄1號,電器批發業
14886711,富春商行,臺北市文山區興隆路2段196號7樓之3,電器批發業
98914887,百韻工坊,臺北市松山區南京東路4段93號2樓,電器批發業
99962393,垣翔企業社,臺北市北投區中央北路2段39號2樓,電器批發業
26552484,全國監視器企業社,臺北市萬華區長沙街2段93號10樓之3,電器批發業
14731999,元晨商行,臺北市北投區大同街349號,電器批發業
26348054,誠品數位工作室,臺北市大安區羅斯福路2段79號4樓之2,電器批發業
42268401,宏正環境維護企業社,臺北市中山區建國北路3段95號2樓,電器批發業
48733221,世一企業社,臺北市萬華區峨嵋街130號,電器批發業
81769142,富喬企業社,臺北市大同區歸綏街232號1樓,電器批發業
01932348,鳴宏水電行,臺北市萬華區桂林路120號10樓之2,電器批發業
11208409,正華電器行,臺北市中山區中山北路1段120號之1,電器批發業
04821562,中興電料行,臺北市南港區同德路59號,電器批發業
26352562,宏道電器行,臺北市文山區木柵路3段6號,電器批發業
25556167,速易購電腦資訊社,臺北市萬華區東園街140巷18號,電器批發業
09606182,造鴻工程行,臺北市內湖區內湖路1段205號,電器批發業
38566765,嗨嗨批發零售飲食商行,臺北市中山區林森北路119巷81號1樓,電器批發業
25581813,弘鉅汽車百貨商行,臺北市內湖區江南街71巷81號3樓,電器批發業
10396895,原宏工程行,臺北市南港區東新街77巷9號,電器批發業
31852476,展創企業社,臺北市中山區渭水路36號,電器批發業
25580167,僑富工程行,臺北市中山區中原街9號,電器批發業
14741981,上億工程行,臺北市大安區延吉街131巷1弄36號1樓,電器批發業
26214843,宇明企業社,臺北市萬華區西寧南路63號9樓,電器批發業
99609718,左耳文化出版社,臺北市大安區大安路1段116巷5號地下,電器批發業
99624339,允丰企業社,臺北市大安區忠孝東路3段249號7樓,電器批發業
37851657,運達通企業商行,臺北市中正區衡陽路10號12樓,電器批發業
38580416,鼎坤資訊社,臺北市中正區市民大道3段8號光華數位新天地商場3樓8號店鋪,電器批發業
31954092,侑創設計工作室,臺北市松山區南京東路4段197號9樓之1,電器批發業
13837018,大河音樂工作室,臺北市松山區民生東路5段69巷2弄16號1樓,電器批發業
77836289,大安醫療器材行,臺北市大安區大安路1段155號1樓,電器批發業
29301526,朗佑室內裝潢工程行,臺北市北投區中央北路3段148巷4弄13號4樓,電器批發業
26369819,日樣汽機車精品店,臺北市大同區西寧北路52號(1樓),電器批發業
13445343,巧全冷氣行,臺北市萬華區武成街125巷6弄1號1樓,電器批發業
30273371,杰揚企業社,臺北市南港區研究院路1段155號,電器批發業
10359913,怡誠水電工程行,臺北市士林區延平北路5段136巷27弄29號,電器批發業
48766849,柏源事業社,臺北市中山區民生東路3段1號3樓,電器批發業
17523333,全盟家電服務站,臺北市中山區吉林路199巷17號,電器批發業
38507083,鼎記照明企業社,臺北市北投區文化三路22號3樓,電器批發業
15822406,永全機電行,臺北市萬華區萬大路85巷4號1樓,電器批發業
01637520,樺達電機行,臺北市內湖區內湖路1段411巷9弄26號,電器批發業
21725894,明昌資訊行,臺北市南港區中坡北路50巷10號1樓,電器批發業
26766373,京展眼鏡行,臺北市大同區長安西路52之1號捷運地下街南段A8號店舖,電器批發業
17271195,龍鼎禮品百貨社,臺北市南港區興華路114巷1弄5號2樓,電器批發業
26336705,酷碧兒冷氣工程行,臺北市中正區水源路39之4號,電器批發業
31873319,誠達電器行,臺北市內湖區金龍路85號,電器批發業
92908640,立德工程行,臺北市內湖區康樂街48巷16號,電器批發業
26374828,鋐昌工程行,臺北市中正區北平東路20號3樓,電器批發業
10339868,鑫宏工程行,臺北市松山區光復北路85巷29號,電器批發業
38557858,冠億冷凍家具行,臺北市萬華區環河南路1段63號,電器批發業
30313325,聖地音響工程企業社,臺北市士林區社中街231巷21號1樓,電器批發業
38556794,正隆廚具行,臺北市萬華區和平西路3段384號6樓之6,電器批發業
31920798,錦繡大地工作室,臺北市大同區涼州街2號3樓之6,電器批發業
99775265,治源企業行,臺北市北投區尊賢街230巷12號2樓,電器批發業
98909842,偉辰企業社,臺北市松山區三民路154號1樓,電器批發業
20731356,弘正商店,臺北市松山區民生東路4段74號1樓,電器批發業
48972968,中威電器工程行,臺北市北投區新興路134號,電器批發業
13837761,廣承企業行,臺北市中正區羅斯福路3段210巷8弄7之12號,電器批發業
99328908,精元企業社,臺北市南港區舊庄街1段66號1樓,電器批發業
38469433,擎宇事業社,臺北市大安區泰順街50巷34號1樓,電器批發業
26250333,希恩娜藝術美甲工坊,臺北市大安區忠孝東路4段319號5樓之1,電器批發業
38474175,秦朝娛樂事業工作室,臺北市大安區忠孝東路4段169號6樓之1,電器批發業
05260102,大名行,臺北市中山區新生北路3段68巷37號1樓,電器批發業
99961916,八鄉狸精品服飾店,臺北市萬華區武昌街2段50巷11號1樓,電器批發業
01519621,以馬內利行銷企業社,臺北市中正區漢口街1段110號5樓之7,電器批發業
83937980,企美國際事業企業社,臺北市中山區民生東路2段70號3樓,電器批發業
21533018,東瓏電機工程行,臺北市士林區葫蘆街122號1樓,電器批發業
26222745,浩茗設計工作室,臺北市大同區長安西路239號7樓之1,電器批發業
48983682,瀚洋行,臺北市大同區哈密街59巷59號,電器批發業
01498098,大發工程行,臺北市萬華區中華路2段504巷49號2樓,電器批發業
38568243,佳誼工程行,臺北市中正區忠孝西路1段72號9樓之11,電器批發業
26208429,宗冠裝潢工程行,臺北市士林區延平北路5段163巷26弄22號2樓,電器批發業
13844101,極光工作室,臺北市松山區八德路4段604號2樓之12,電器批發業
38468238,周姐工作室,臺北市信義區光復南路495號2樓之1,電器批發業
26353957,引領通訊行,臺北市北投區東華街1段360號1樓,電器批發業
10305375,立昇舊貨行,臺北市中正區廈門街101之2號,電器批發業
38503636,竹子米兒咖啡,臺北市中山區民生東路2段115巷24號1樓,電器批發業
31853812,上和立企業社,臺北市中山區南京東路3段189號8樓,電器批發業
09707203,小錢通訊行,臺北市士林區文林路265號,電器批發業
25556700,勝利醫療器材行,臺北市內湖區大湖山莊街219巷34弄1號地下之1,電器批發業
10311405,擎光媒體工作室,臺北市大同區長安西路287號8樓之1,電器批發業
01382028,永豐冷氣行,臺北市北投區義理街74號1樓,電器批發業
48936400,亨佳工程行,臺北市北投區公館路340巷6號,電器批發業
48868418,聖榕企業社,臺北市南港區福德街339巷3弄16號,電器批發業
48704653,全盈峰企業社,臺北市北投區中央北路2段137號1樓,電器批發業
99972391,富糠行,臺北市大安區麗水街13巷18號1樓,電器批發業
26231364,裕林車業,臺北市大安區市民大道3段132號,電器批發業
25557124,龍鈦五金行,臺北市松山區八德路4段481號,電器批發業
38555985,立安醫療器材商行,臺北市內湖區內湖路3段329巷2弄1號,電器批發業
31877976,祥舜冷氣行,臺北市文山區和平東路4段89號,電器批發業
17270506,岡展企業社,臺北市中山區松江路185號6樓之2,電器批發業
73880170,富麗行,臺北市文山區興隆路4段165巷37號1樓,電器批發業
10396261,留聲跡藝文工坊,臺北市中山區民權西路27號8樓之1,電器批發業
38566441,谷德工程行,臺北市萬華區和平西路3段109巷11號3樓,電器批發業
31843738,非常木木亦大華工作室,臺北市松山區八德路3段212號8樓,電器批發業
31862761,豐禾大商店,臺北市南港區興中路12巷9號1樓,電器批發業
25664644,無限志娛樂創意工作室,臺北市中山區松江路32之1號地下室,電器批發業
38578328,聖嘉工程行,臺北市中山區松江路283號5樓,電器批發業
31864677,亞洲混樂企業社,臺北市大同區南京西路370號3樓,電器批發業
26349342,東燦企業社,臺北市中山區松江路182號11樓之1,電器批發業
08584978,宇盛企業社,臺北市內湖區民權東路6段120巷5弄3號4樓,電器批發業
99639868,心思國際事業行,臺北市南港區中坡北路50巷10號1樓,電器批發業
80991550,中二水電行,臺北市大安區忠孝東路3段251巷9弄14號,電器批發業
31874035,創富燈光照明行,臺北市士林區社中街152巷31號1樓,電器批發業
13455735,弘盛電器行,臺北市中山區松江路330巷16號,電器批發業
17736244,錄堡音樂工作室,臺北市士林區忠誠路1段173巷28弄10號1樓,電器批發業
31582451,信威實業社,臺北市萬華區德昌街144號3樓,電器批發業
48887219,永弘電器行,臺北市北投區懷德街20號,電器批發業
38564035,忠宬企業社,臺北市萬華區康定路192號2樓,電器批發業
01773622,怡良水電工程行,臺北市中山區民權東路2段75號3樓,電器批發業
02207294,懋森企業社,臺北市北投區溫泉路30巷15號,電器批發業
26359740,冠君文教事業社,臺北市南港區忠孝東路6段159巷4弄7號1樓,電器批發業
10318596,奕翔企業社,臺北市士林區中正路696號7樓,電器批發業
01304924,吉羊服務社,臺北市信義區松德路65號11樓之1,電器批發業
25556820,威信工程行,臺北市中山區復興北路68巷5號1樓,電器批發業
10335814,佳能企業社,臺北市中山區民生東路1段96號1樓,電器批發業
42290564,鴻玓冷氣工程行,臺北市信義區忠孝東路5段1-3號14樓,電器批發業
29208900,安利實業社,臺北市中山區長春路3巷15號2樓,電器批發業
38505389,探子設計實驗室,臺北市大同區鄭州路55號3樓,電器批發業
48961300,佰塑水電行,臺北市南港區忠孝東路6段256號,電器批發業
66983811,嘉升冷氣行,臺北市文山區木柵路2段109巷27弄10號4樓,電器批發業
31850104,成大科技工程企業社,臺北市松山區八德路3段120號8樓之6,電器批發業
98889016,神通企業社,臺北市文山區木柵路4段25號,電器批發業
38463450,台灣銀髮族樂活醫療器材企業社,臺北市松山區光復北路190巷39號龍城市場2樓224號攤位,電器批發業
25572103,正達數位監控企業社,臺北市大同區哈密街86號1樓,電器批發業
41070606,創升工程行,臺北市內湖區東湖路160巷10弄20號4樓,電器批發業
13832169,青竣企業社,臺北市士林區社中街272號1樓,電器批發業
31874859,豪瑞企業社,臺北市萬華區成都路42號,電器批發業
38573739,品讚行動通訊行,臺北市中山區興安街122號1樓,電器批發業
48698245,恆億水電材料行,臺北市文山區恆光街14巷16號1樓,電器批發業
18100662,國源冷氣行,臺北市中正區林森南路141號1樓,電器批發業
17762538,宗興儀器企業社,臺北市中正區仁愛路3段17號11樓,電器批發業
38501187,金昌電器企業社,臺北市萬華區西園路2段261巷25號1樓,電器批發業
38468954,長虹數位企業社,臺北市中正區漢口街1段85號,電器批發業
15667592,達博企業社,臺北市松山區復興北路1號11樓之2,電器批發業
42271118,新詠鴻冷氣工程行,臺北市大安區和平東路3段63號8樓,電器批發業
99624366,巧修家工程行,臺北市士林區延平北路5段182號4樓,電器批發業
38562070,宇通企業社,臺北市中山區中山北路3段27號12樓之1,電器批發業
10382772,上美包裝企業社,臺北市大同區民族西路169巷18之1號2樓,電器批發業
48676690,晟富工程行,臺北市中山區民權西路20號11樓之6,電器批發業
31853469,有鈞國際貿易企業社,臺北市中山區林森北路85巷39號6樓,電器批發業
14744930,郡康企業社,臺北市內湖區環山路2段109巷6弄7號3樓,電器批發業
38469285,晉源行,臺北市大安區復興南路2段237號13樓,電器批發業
81749569,明星燈飾行,臺北市內湖區成功路3段187巷35弄23號1樓,電器批發業
99635498,映象前線工作室,臺北市南港區玉成街176巷15號2樓,電器批發業
26351867,東洲企業社,臺北市大同區民生西路272號6樓,電器批發業
31956140,達鑽商行,臺北市中山區民生東路3段1號3樓,電器批發業
31871179,金采工作室,臺北市士林區通河街325巷38之1號,電器批發業
25661739,日溢通訊行,臺北市文山區羅斯福路6段403號1樓之5,電器批發業
26254106,台灣精品生活館,臺北市中山區民生東路1段25號5樓之23,電器批發業
31956388,冠宸國際企業社,臺北市士林區承德路4段198號3樓,電器批發業
26241095,家樂照明企業社,臺北市北投區東華街2段258號,電器批發業
81621296,南區家電服務站,臺北市大安區臥龍街279號,電器批發業
78493162,高欣電氣行,臺北市中山區吉林路161巷11號之1、1樓,電器批發業
81683567,陞隆水電行,臺北市內湖區陽光街92巷14弄2號,電器批發業
38579754,朝暘美術社,臺北市信義區基隆路2段23號5樓之1,電器批發業
17742055,鉅聖工程行,臺北市內湖區康樂街20巷37號2樓,電器批發業
26226806,健佑工程行,臺北市信義區永吉路278巷37弄20號1樓,電器批發業
48972496,台晶科技實業社,臺北市中山區新生北路3段26號10樓之2,電器批發業
99990378,新響工程行,臺北市大安區復興南路1段107巷5弄19之1號1樓,電器批發業
38581604,原創全方位音樂工作室,臺北市中山區興安街91號2樓之1,電器批發業
25540829,優異安控工程行,臺北市中正區羅斯福路3段100之101號,電器批發業
13903966,天雅藝術館,臺北市信義區松德路65號11樓之2,電器批發業
26247859,三圓企業社,臺北市文山區興隆路4段145巷23弄5號,電器批發業
17544463,上川工程行,臺北市士林區福志路64號1樓,電器批發業
26338838,無為藝術工作坊,臺北市信義區基隆路1段350號1樓之71,電器批發業
78067982,東區家電服務站,臺北市信義區松德路217號1樓,電器批發業
48896842,世界光企業社,臺北市大安區文昌街228號,電器批發業
99981011,飛騰企業行,臺北市大同區迪化街2段172巷15號,電器批發業
25573953,博士通冷氣水電工程行,臺北市大同區承德路3段55號3樓,電器批發業
10332268,富明企業社,臺北市士林區延平北路5段163巷13號,電器批發業
48799412,佳鎂洋行,臺北市士林區中正路501號16樓,電器批發業
01096947,加彰工程行,臺北市北投區稻香路155號,電器批發業
29339213,衛爾士數位貿易工作室,臺北市松山區南京東路5段70號6樓之1,電器批發業
26194092,策略家整合行銷社,臺北市中山區天祥路48巷5號,電器批發業
48636924,鳴嘩音響企業社,臺北市萬華區忠孝西路2段16巷13號,電器批發業
38579425,亦翔工程行,臺北市北投區中央北路4段456巷2號,電器批發業
49983529,英吉利企業社,臺北市萬華區武成街24號,電器批發業
48694901,慶益機電工程材料行,臺北市中山區復興北路488巷1弄11號1樓,電器批發業
38557652,薇恩企業社,臺北市大安區信義路2段72號地下,電器批發業
48963790,台品企業社,臺北市松山區民生東路5段165號8樓之3,電器批發業
21710837,至宇商行,臺北市士林區中山北路5段811巷6號2樓,電器批發業
78194164,金蘋果音樂社,臺北市內湖區行善路122號,電器批發業
31861263,鴻頂安防實業社,臺北市大同區哈密街83巷1號3樓,電器批發業
26346400,佳嘉工程行,臺北市大安區敦化南路2段46號12樓之11,電器批發業
04810447,竣祥企業行,臺北市內湖區陽光街155號1樓,電器批發業
38502518,星燁企業社,臺北市大安區臨江街104號,電器批發業
38576855,秀真誠行,臺北市中正區齊東街82巷36號1樓,電器批發業
38466225,八葉商行,臺北市內湖區大湖街131巷14號,電器批發業
38571578,八隻貓企業社,臺北市文山區羅斯福路5段88之5號2樓,電器批發業
31870143,瀧森實業社,臺北市信義區永吉路120巷53號,電器批發業
25662673,世全事務機器行,臺北市信義區虎林街242巷60號1樓,電器批發業
38469285,晉源行,臺北市大安區復興南路2段237號13樓,電器批發業
48930617,阿月巴商行,臺北市文山區木新路3段210號,電器批發業
26220872,蔻絲生活寢具館,臺北市中山區建國北路2段129號6樓,電器批發業
48694923,榮鑫企業社,臺北市中山區松江路38巷2號2樓之1,電器批發業
48884037,鴻劍實業社,臺北市中山區錦州街25號5樓,電器批發業
26207569,圓融工程行,臺北市南港區舊莊街1段44號,電器批發業
38459575,松下健康生活館,臺北市中正區羅斯福路3段300號1樓,電器批發業
38568102,安心租賃商行,臺北市萬華區西藏路510號,電器批發業
38580653,三才企業社,臺北市大安區忠孝東路4段162號11樓之5,電器批發業
25513436,紅陽袁立誠企業社,臺北市文山區景福街226號,電器批發業
05803859,魚米之鄉企業社,臺北市中山區南京東路2段76號4樓,電器批發業
26348792,澄橘數位工作室,臺北市大安區羅斯福路2段33號8樓之1,電器批發業
31965372,華義工程行,臺北市松山區南京東路5段47號12樓,電器批發業
25581089,魔荳咖啡館,臺北市信義區大道路129號,電器批發業
48983070,新視界國際事業企業社,臺北市松山區民族東路632號,電器批發業
31881423,澕揚國際企業社,臺北市中正區汀州路3段203號1樓,電器批發業
29280178,慶億企業社,臺北市大同區大龍街161號1樓,電器批發業
31579961,景意水電工程行,臺北市中山區建國北路2段262號6樓,電器批發業
99970008,亞迅通資訊器材行,臺北市大安區信義路4段60之20號1樓,電器批發業
01932847,龍館電器行,臺北市中正區重慶南路3段138號1樓,電器批發業
26358313,上大藝品禮品社,臺北市中山區新生北路2段39號8樓,電器批發業
38576052,尚程企業社,臺北市士林區忠誠路2段130巷9之2號2樓,電器批發業
26223955,交朋友汽車百貨行,臺北市信義區吳興街284巷22弄28號1樓,電器批發業
26225617,安力企業社,臺北市大同區延平北路2段127號3樓之10,電器批發業
18100229,麗華餅店,臺北市中正區開封街1段57號1樓,電器批發業
38473817,利偉水電企業城,臺北市北投區東華街2段132號,電器批發業
25662505,兆鈦企業社,臺北市士林區承德路4段277巷48號,電器批發業
48743353,泰毅工程行,臺北市大同區酒泉街254號1樓,電器批發業
17751413,東靖企業社,臺北市南港區玉成街201巷10號1樓,電器批發業
31710483,宏暐企業社,臺北市中山區復興北路48號3樓,電器批發業
26373068,喜寬豐企業行,臺北市文山區羅斯福路5段176巷51號,電器批發業
25546605,藍紫光企業社,臺北市士林區中山北路6段405巷76號1樓,電器批發業
26208119,蒙恩國際貿易行,臺北市士林區環河北路3段215號3樓,電器批發業
25561339,克萊兒國際商行,臺北市文山區福興路63巷4弄16號,電器批發業
26218622,上禾百貨行,臺北市萬華區中華路1段122號,電器批發業
25669401,品屋企業社,臺北市萬華區西園路2段261巷20弄32號,電器批發業
29230678,新震憲企業社,臺北市士林區永平街20巷11弄5號1樓,電器批發業
26342615,景瀚實業社,臺北市士林區德行東路90巷19號,電器批發業
26369584,?野通訊器材行,臺北市文山區景興路179號1樓,電器批發業
38555079,常虹國際企業社,臺北市信義區永吉路30巷151弄13號4樓,電器批發業
26251375,越峰工程行,臺北市中山區渭水路54號,電器批發業
30298197,建達國際企業社,臺北市北投區石牌路1段8號1樓,電器批發業
30290131,蕙成企業社,臺北市中山區新生北路3段1號3樓之21,電器批發業
31876131,廣福國際研發企業社,臺北市信義區基隆路1段35巷7弄8號4樓,電器批發業
05153601,信忠實業社,臺北市中正區惠安街17號1樓,電器批發業
80998266,三禾五金百貨店,臺北市松山區饒河街247號1樓,電器批發業
99613419,采瑄美材精品店,臺北市士林區大東路86之5號1樓,電器批發業
26360824,台亞美行,臺北市中正區重慶南路3段1之3號,電器批發業
26357932,宥笙企業社,臺北市中正區漢口街1段140號1樓,電器批發業
48841426,正麟企業社,臺北市文山區興隆路2段244巷10號,電器批發業
48559145,福星大商店,臺北市北投區中和街258號1樓,電器批發業
38497199,堉信水電行,臺北市內湖區文德路22巷44弄8號,電器批發業
26232928,金享企業社,臺北市文山區景華街32號2樓,電器批發業
38467322,成妍工作室,臺北市松山區光復北路230巷53號4樓,電器批發業
26345649,九緯工務社,臺北市萬華區開封街2段10號,電器批發業
15644682,聯鑫企業社,臺北市士林區德行東路155號,電器批發業
42279929,恩雨實業社,臺北市南港區忠孝東路6段70巷24號1樓,電器批發業
26373047,星榮電料五金行,臺北市大同區承德路3段8巷18號4樓,電器批發業
38580106,及第貿易商行,臺北市中山區中山北路2段85巷15號,電器批發業
26247725,吉祥企業社,臺北市松山區健康路190號1樓,電器批發業
38571182,禾峰企業社,臺北市文山區指南路2段45巷4弄11號4樓,電器批發業
25541833,歐保企業社,臺北市大同區延平北路1段69巷30號,電器批發業
26763729,大不同通訊行,臺北市中正區羅斯福路4段74之1號,電器批發業
09699604,標榜企業社,臺北市大安區忠孝東路4段147巷1號9樓,電器批發業
26233026,通榮企業社,臺北市中正區市民大道3段8號4樓光華數位新天地商場30號31號店舖,電器批發業
17262822,全音域設計企業社,臺北市中山區南京東路3段89巷6號4樓,電器批發業
17269851,冠榮企業社,臺北市中山區民生東路2段34號1至3樓,電器批發業
10359202,杰果音樂工作室,臺北市大安區忠孝東路4段325號12樓之1,電器批發業
38562536,合鑫企業社,臺北市信義區松德路65號11樓之1,電器批發業
87773039,雅家油漆工程行,臺北市內湖區金湖路46巷15號,電器批發業
98783225,國俊工程行,臺北市萬華區萬大路84巷9號5樓,電器批發業
25664010,澄品水電企業社,臺北市信義區虎林街164巷60弄21號,電器批發業
30307251,威名通訊行,臺北市內湖區成功路3段93號,電器批發業
17529723,金勝水電材料行,臺北市松山區民生東路5段260巷24號1樓,電器批發業
48958071,明耀水電冷氣工程行,臺北市中正區濟南路2段31之23號,電器批發業
26373026,利樂屋企業社,臺北市內湖區文德路22巷24號,電器批發業
10319440,首益飾品,臺北市中山區松江路133巷6號,電器批發業
04892947,廚友企業行,臺北市文山區羅斯福路5段236巷5之9號1樓,電器批發業
25554463,紘華工程行,臺北市北投區中央北路4段142巷2之1號2樓,電器批發業
21730876,明昌文化事業行,臺北市南港區中坡北路50巷10號1樓,電器批發業
01680119,旭日工程行,臺北市北投區大同街343號,電器批發業
17743940,王維水電冷氣工程行,臺北市大同區重慶北路3段152巷12號1樓,電器批發業
48812436,承泓機電工程行,臺北市中山區新生北路3段61號4樓之1,電器批發業
48855791,傳景水電工程行,臺北市士林區延平北路7段106巷23號1樓,電器批發業
25556552,歐納企業社,臺北市大同區延平北路2段154號,電器批發業
21716712,景傑利企業社,臺北市松山區八德路3段106巷56號1樓,電器批發業
13848211,天揚衛生工程行,臺北市文山區忠順街2段100號6樓,電器批發業
10391619,鑫茂企業社,臺北市內湖區成功路4段61巷25弄5號,電器批發業
38572400,陳亞孚空間設計工作室,臺北市南港區園區街58巷3號9樓,電器批發業
48999663,豪泉淨水設備商行,臺北市內湖區五分街62號2樓,電器批發業
01192765,連文餐飲家餐具行,臺北市中山區吉林路174巷11號1樓,電器批發業
15885871,水木商行,臺北市中山區敬業一路36巷5號,電器批發業
25577281,冠泉工程行,臺北市文山區福興路4巷5號2樓,電器批發業
17092783,仁昱行,臺北市大安區和平東路1段8號7樓,電器批發業
02363457,駿宏企業社,臺北市信義區忠孝東路5段1之10號11樓,電器批發業
25503140,柏敘企業社,臺北市中正區中華路1段59號7樓,電器批發業
26187775,向騰企業社,臺北市內湖區瑞湖街103號3樓,電器批發業
14317107,亞森行,臺北市中山區長安東路1段28號,電器批發業
