03069208,天成飯店股份有限公司,臺北市中正區忠孝西路1段43號
03426607,華美大飯店股份有限公司,臺北市中正區重慶南路1段1號
03529603,銘泰股份有限公司,臺北市大安區大安路1段101巷10號3樓
03583704,樂聲大戲院股份有限公司,臺北市萬華區武昌街2段85號
03701104,台灣土地開發股份有限公司,臺北市中正區衡陽路51號14樓之1
04229920,新光兆豐股份有限公司,臺北市中正區忠孝西路1段66號38樓
04461573,協民隆有限公司,臺北市大安區復興南路2段381號12樓之2
04690983,大魯閣纖維股份有限公司,臺北市內湖區民善街83號3樓
05026438,遠流出版事業股份有限公司,臺北市中正區南昌路2段81號6樓
05064431,公誠興業股份有限公司,臺北市內湖區民善街89號3樓
05135956,邱氏鼎食品企業股份有限公司,臺北市中正區博愛路99號1、2樓
05184787,金石堂圖書股份有限公司,臺北市中正區汀州路3段184號1樓之11，12，13，14，15，16，17，18，及192號地下室
07305506,南僑化學工業股份有限公司,臺北市大同區延平北路4段100號
07525207,台灣農林股份有限公司,臺北市南港區三重里園區街3號15樓
07677386,銀穗國際企業股份有限公司,臺北市中山區民權西路40號、42號5樓
09494412,有如股份有限公司,臺北市大安區仁愛路3段125號4樓
11511090,皇冠金屬工業股份有限公司,臺北市中山區復興南路1段2號8樓之1
11746603,建林工業股份有限公司,臺北市中山區松江路82號3樓
11768704,義美食品股份有限公司,臺北市大同區延平北路2段31號1樓
12015605,馥麗工業股份有限公司,臺北市大安區仁愛路4段376號13樓
12167948,金慶實業股份有限公司,臺北市松山區南京東路3段248號10樓之2
12170866,雙園建設股份有限公司,臺北市中山區南京東路1段66號1至10樓及地下1至4樓
12343635,超德有限公司,臺北市大安區復興南路2段381號12樓之2
12371287,采盟股份有限公司,臺北市松山區中正里復興北路57號3樓之1、2、7
12393873,伊禮蘭餐廳有限公司,臺北市中山區長春路15號3樓
12401402,老爺大酒店股份有限公司,臺北市中山區中山北路2段37之1號
12420175,台灣普聯股份有限公司,臺北市大安區仁愛路3段30號11樓
12435753,擁潔股份有限公司,臺北市萬華區西園路2段157號9樓
12483564,爵爵餐廳有限公司,臺北市中山區中山北路１段１０５巷２０號１樓
12657945,世青開發股份有限公司,臺北市信義區松隆路１０２號４樓之１
12667633,仲望國際管理顧問股份有限公司,臺北市大安區仁愛路４段１０７號８樓
12673142,永豐棧麗緻酒店股份有限公司,臺北市信義區忠孝東路5段669號
12675346,亞爵國際育樂股份有限公司,臺北市信義區松仁路97、99、101號地下1樓
12680495,藝馨股份有限公司,臺北市大安區信義路４段５３巷１４號地下樓
12681781,立麒國際有限公司,臺北市中山區松江路293~1001號
12693251,吸引力餐坊股份有限公司,臺北市信義區忠孝東路5段297之1號1樓及297號2樓至6樓及地下1樓
12699044,愛發事業有限公司,臺北市大安區復興南路２段１２５巷２０弄６號１樓
12852356,友善的貓有限公司,臺北市文山區新光路1段29號2樓
12853279,莉群有限公司,臺北市萬華區長沙街２段９１號
12857325,天成開發股份有限公司,臺北市中正區忠孝西路1段41號5樓之16
12859626,唐昶育樂股份有限公司,臺北市萬華區漢口街2段73號1樓及地下1樓
12866302,德逸有機生活館股份有限公司,臺北市萬華區西園路2段157號9樓
12866963,米倉音像食館有限公司,臺北市大安區潮洲街２４號１樓
12873303,雅室室內用品股份有限公司,臺北市中山區松江路３０１號６樓之２、之４
12874106,墨色國際股份有限公司,臺北市內湖區瑞光路300號4樓
12877357,紹熙股份有限公司,臺北市松山區光復南路２８８號３樓之４
12879593,雅妮絲比股份有限公司,臺北市信義區松仁路36號9樓
12932387,卡奈基股份有限公司,臺北市大安區安和路2段100號
12937117,國際極舞藝股份有限公司,臺北市大安區敦化南路１段１６１巷４９號１樓
12937377,維斯特管理顧問有限公司,臺北市中山區遼寧街９７號１樓
12941610,太平洋國際商務中心股份有限公司,臺北市信義區光復南路495號6樓之3
12942603,順富節能股份有限公司,臺北市大安區忠孝東路４段２９３號７樓之２
12946798,里朵國際企業有限公司,臺北市大安區光復南路260巷5號1樓
12947017,老爺管理顧問股份有限公司,臺北市中山區中山北路1段27號4樓
12949486,一郎餐飲有限公司,臺北市中正區和平西路1段150號之1、150號2樓之2、150號2樓之5
12953468,采榮股份有限公司,臺北市大安區忠孝東路4段30號10樓
12954993,勝邑有限公司,臺北市大安區安和路2段40號1樓
12955965,水茗樓餐飲事業股份有限公司,臺北市中山區長安東路2段131之1號131之2號
12957529,月筑餐飲實業有限公司,臺北市中山區錦州街４１７號１樓
12961657,外苑有限公司,臺北市中山區南京東路１段１４０號２樓
12961853,薇閣旅館股份有限公司,臺北市中山區錦州街27號29號31號2樓至4樓
12962234,家家通活動量販有限公司,臺北市信義區莊敬路325巷4號1樓
12964009,米茄音樂餐廳有限公司,臺北市信義區松壽路22號地下1樓之2
12968693,百老繪餐廳有限公司,臺北市松山區八德路4段24號
12970213,早川生產革新有限公司,臺北市北投區自強街164號
12970810,三勝國際育樂開發股份有限公司,臺北市松山區復興北路369號10樓之2
12971037,陽光士林開發股份有限公司,臺北市士林區福德路31號
12974745,芬達整合行銷股份有限公司,臺北市松山區八德路3段232號6樓
13081758,木槿有限公司,臺北市松山區南京東路4段75巷20號
13082314,香辣有限公司,臺北市松山區八德路４段１７巷７號１樓
13087747,緣道咖啡股份有限公司,臺北市松山區民生東路5段173號1樓
13091448,滴夏有機事業有限公司,臺北市士林區華榮街1號1樓
13096247,你我他有限公司,臺北市大安區復興南路２段２７１巷２號
13097180,朝輝國際股份有限公司,臺北市內湖區潭美街587號2樓
13097999,葳康事業有限公司,臺北市大安區復興南路２段１２５巷２０弄６號１樓
13098391,竹月餐廳有限公司,臺北市中山區中山北路２段２７巷１４號１樓
13099482,五方開發實業股份有限公司,臺北市松山區敦化北路167號18樓
13100312,御金國際股份有限公司,臺北市大同區重慶北路３段１５２巷１０號１樓
13101396,桃花源家族國際育樂開發股份有限公司,臺北市松山區復興北路369號10樓之2
13101852,上銀全通電訊股份有限公司,臺北市中山區南京東路1段46號4樓
13102775,如平實業股份有限公司,臺北市大安區忠孝東路4段201號5樓、6樓
13103964,樂利國際有限公司,臺北市大安區安和路１段４９巷２１號２樓
13104268,富維蓄股份有限公司,臺北市大同區市民大道1段209號11樓之1
13104844,台灣梁山泊股份有限公司,臺北市中山區中山北路2段170號8樓
13112627,泰宇娛樂有限公司,臺北市信義區忠孝東路5段297號2樓、3樓
13113267,恆囍食品有限公司,臺北市信義區忠孝東路5段297號4樓
13113920,陽明國際休閒育樂開發股份有限公司,臺北市信義區莊敬路289巷3弄37號
13116757,全吉堂食品有限公司,臺北市大安區忠孝東路4段250之3號1樓
13123498,達克司有限公司,臺北市松山區敦化南路１段１０２之１號及之３號
13127353,典固人文股份有限公司,臺北市信義區基隆路2段189號15樓之13
13134896,麥吉客股份有限公司,臺北市大安區忠孝東路4段230號5樓
14091240,愛家餐廳有限公司,臺北市中山區長安東路2段110號地下室
15047904,中影股份有限公司,臺北市中山區八德路2段260號6樓
15319335,新東陽股份有限公司,臺北市大安區忠孝東路4段289號8樓
16086448,威秀影城股份有限公司,臺北市信義區松壽路20號2樓
16095002,統一國際開發股份有限公司,臺北市信義區松高路11號10樓
16099892,亞藝國際股份有限公司,臺北市中山區民權西路53號17樓
16139233,旺潤綜合股份有限公司,臺北市信義區松仁路89號5樓
16141792,美台華德科技股份有限公司,臺北市松山區復興北路191號7樓之2
16143428,兆基企業有限公司,臺北市大安區大安路1段84巷11號13號、2樓
16154917,小耳朵國際開發有限公司,臺北市大安區信義路4段199巷12號1樓
16157962,丹麓生物科技有限公司,臺北市大安區敦化南路1段319號6樓
16166907,仕特餐飲開發有限公司,臺北市北投區文林北路60巷3弄11號5樓
16175552,大丹狗國際事業有限公司,臺北市中山區龍江路223巷24之1號
16281174,銘望實業有限公司,臺北市松山區南京東路4段11號4樓
16296628,競合國際行銷股份有限公司,臺北市松山區復興北路369號4樓
16301220,肯園國際股份有限公司,臺北市大安區新生南路1段97巷25號1樓
16322421,梨瑟企業有限公司,臺北市士林區天母東路78號1樓、80號1樓
16434853,宜華國際股份有限公司,臺北市中山區樂群二路199號
16447098,美麗華城巿發展股份有限公司,臺北市中山區敬業三路20號1至5樓地下1層、22號1至5樓
16573947,啟運通商國際股份有限公司,臺北市中山區南京西路16號
16593922,新隆城開發股份有限公司,臺北市松山區八德路4段686號11樓之3
16595463,文暉有限公司,臺北市松山區八德路３段３４號１樓
16596028,珞琳石動有限公司,臺北市大安區光復南路288號3樓之7
16603718,真宏開發娛樂事業有限公司,臺北市中山區南京東路3段189號8樓
16606102,網路家庭國際資訊股份有限公司,臺北市大安區敦化南路2段105號12樓
16613785,華油企業股份有限公司,臺北市中山區八德路2段232號10樓
16614715,路客國際股份有限公司,臺北市中山區南京東路1段86號5樓
16620147,吉陽國際娛樂股份有限公司,臺北市中山區新生北路2段70號1樓、地下1樓
16620738,雅朵國際有限公司,臺北市大安區光復南路260巷5號1樓
16625369,鄭氏羅多倫有限公司,臺北市中正區漢口街1段38號1樓
16626402,力瑋國際開發股份有限公司,臺北市中山區松江路162號11樓
16631067,佑克股份有限公司,臺北市中山區新生北路2段70號1樓、2樓
16654027,費加洛傳播事業有限公司,臺北市大同區重慶北路２段１８５之１號１０樓
16713911,大來育樂股份有限公司,臺北市中山區敬業四路168號
16740494,全聯實業股份有限公司,臺北市中山區敬業四路33號8樓
16777766,智瓔股份有限公司,臺北市文山區一壽街56號1樓
16784892,綺茵企業有限公司,臺北市中山區新生北路1段122號1至7樓
16787808,佳璟建設股份有限公司,臺北市松山區復興北路527號1樓
16793891,九二國際名品有限公司,臺北市中山區錦州街309號1樓
16797030,越冠國際開發股份有限公司,臺北市大安區敦化南路2段97號17樓
16797741,千鶴有限公司,臺北市中山區新生北路2段72巷15號1樓
16830827,歌林開發股份有限公司,臺北市中正區重慶南路1段86號7樓
16923439,雅慶實業有限公司,臺北市中山區南京西路5之1號9樓之3
18793600,建中工程股份有限公司,臺北市大安區新生南路1段111號7樓
20523701,中泰賓館股份有限公司,臺北市松山區敦化北路150號10樓
20651901,黑松股份有限公司,臺北市大安區信義路4段296號3樓
20953125,上元實業開發股份有限公司,臺北市大安區和平東路1段73號5樓
22002565,西華大飯店股份有限公司,臺北市松山區民生東路3段111號
22157928,吉伯貿易股份有限公司,臺北市中山區松江路301號9樓之1
22265497,皇家可口股份有限公司,臺北市中正區懷寧街64號7樓
22345387,祥美食品股份有限公司,臺北市大安區信義路2段88號5樓
22434141,惠陽百貨股份有限公司,臺北市中山區(南)長春路三十一號七樓之一
22657472,三友建設股份有限公司,臺北市中正區忠孝東路2段80號6樓之3
22662550,家福股份有限公司,臺北市南港區南港路2段20巷5號地下1樓
22735694,安陽有限公司,臺北市大安區復興南路１段１０７巷５弄２３號６樓
22762256,長承國際開發股份有限公司,臺北市中山區民生東路1段87號地下
23013219,郅威國際貿易有限公司,臺北市中山區松江路31號7樓之6
23456115,捷美快速沖印有限公司,臺北市松山區敦化北路２２２巷７０號１樓
23458015,眳齛瑊z顧問股份有限公司,臺北市中正區衡陽路51號11樓
23526549,亞芝國際貿易有限公司,臺北市信義區永吉路４９２號１樓
23534604,威豪聯合股份有限公司,臺北市中山區中山北路2段129號8樓之2
23754851,川普開發事業股份有限公司,臺北市信義區忠孝東路５段１７號１１樓
23888042,歐旻企業股份有限公司,臺北市松山區敦化北路307號3樓
23919930,威尼斯餐廳股份有限公司,臺北市中山區長春路38號2樓
23928781,台灣崇廣股份有限公司,臺北市信義區光復南路495號9樓之5
23928945,安心食品服務股份有限公司,臺北市中山區松江路156之1號8樓
23984185,英屬維爾京群島商高力國際股份有限公司,臺北市信義區信義路5段7號49樓
23991799,台灣雅瑪拓股份有限公司,臺北市萬華區忠孝西路2段38號7樓之1
23994655,理育企業有限公司,臺北市大安區安和路2段211號1樓
23999482,吉線餐廳有限公司,臺北市中山區林森北路107巷30號1樓
24267372,優勢多數位行銷有限公司,臺北市中山區長安東路1段16號6樓之7
24290795,仲華餐飲股份有限公司,臺北市大安區濟南路3段20號1樓
24301391,丸虎國際顧問有限公司,臺北市信義區基隆路1段398號12樓之5
24305777,圓勝有限公司,臺北市大安區仁愛路3段100號12樓
24306038,凱西迪國際有限公司,臺北市中山區民權東路2段63號2樓
24308009,美利固開發國際股份有限公司,臺北市大安區四維路36號
24309936,微風梅森凱瑟有限公司,臺北市松山區復興南路1段39號2樓之1
24313087,派翠克餐飲有限公司,臺北市大安區四維路42號1樓
24315212,仲成大飯店股份有限公司,臺北市松山區民生東路3段132號7樓
24315607,多樂國際餐飲有限公司,臺北市萬華區漢中街157號8樓之5
24315803,奧修生命之道學苑國際顧問有限公司,臺北市松山區延吉街50巷6號1樓
24318148,商樂國際有限公司,臺北市大同區南京西路18巷20號
24319462,航陽企業有限公司,臺北市中山區松江路31號7樓之6
24320025,台商資源國際有限公司,臺北市中山區松江路17號6樓
24320756,奇鼎資產管理股份有限公司,臺北市松山區八德路4段245巷32弄67號2樓
24321256,馥霖股份有限公司,臺北市松山區敦化北路167號18樓
24324079,晨櫻有限公司,臺北市萬華區武昌街2段114之4號2樓
24327977,艾帷國際貿易有限公司,臺北市內湖區南京東路6段451巷57號9樓之16
24328589,鴻磐開發股份有限公司,臺北市松山區敦化北路167號18樓
24331156,米倉有限公司,臺北市大安區龍泉街83號
24331923,倍德有限公司,臺北市大安區杭州南路2段7之1號1樓
24332943,大企整合行銷有限公司,臺北市大同區太原路152巷15號1樓
24335370,舞衣新宿企業股份有限公司,臺北市中山區中山北路1段105巷15號
24335619,全能冒險有限公司,臺北市松山區復興北路223號12樓
24335863,采籬有限公司,臺北市大安區忠孝東路4段220號4樓
24336602,鑫湛國際管理顧問股份有限公司,臺北市中正區忠孝東路2段35號
24336997,仁合興業有限公司,臺北市大安區忠孝東路3段170號8樓
24337187,聯荷有限公司,臺北市信義區松德路171號地下之3之4
24337519,中國父有限公司,臺北市大安區信義路4段188號11樓之1
24338931,李方酒店管理顧問股份有限公司,臺北市大同區南京西路316號2樓
24341099,博杰國際娛樂股份有限公司,臺北市內湖區瑞光路358巷38弄1號4樓
24341963,和果有限公司,臺北市中山區北安路595巷20弄8號
24342148,何烈國際股份有限公司,臺北市松山區復興北路1號2樓之2
24342978,迪亞國際娛樂股份有限公司,臺北市中山區復興北路168號6樓
24343435,搖滾基地有限公司,臺北市信義區松壽路20號
24344151,琪麗股份有限公司,臺北市中山區明水路575號
24344413,山長國際有限公司,臺北市中山區復興北路166、168號11樓
24345237,準康廚餐飲有限公司,臺北市大安區復興南路1段107巷21-2號
24345362,新凡間餐飲事業有限公司,臺北市松山區敦化南路1段7號1樓
24345927,尹元企業有限公司,臺北市大安區延吉街138巷6號
24346003,品川餐飲事業有限公司,臺北市內湖區江南街73號
24348157,搖滾客有限公司,臺北市大安區和平東路1段177號地下1樓
24359479,聯華娛樂飛線傳播事業股份有限公司,臺北市內湖區瑞光路513巷36號3樓
24374871,欣鴻興企業股份有限公司,臺北市大安區復興南路2段349號2樓
24375132,育丞國際有限公司,臺北市士林區劍潭路55巷8號
24450146,馥宴有限公司,臺北市中山區林森北路138巷26號
24450820,好心情企業有限公司,臺北市中山區松江路133巷18號1樓
24451996,澳譽葡餐飲有限公司,臺北市中山區南京東路3段89巷5-2號2樓
24453832,東津國際有限公司,臺北市信義區莊敬路208號1樓
24455769,富右國際有限公司,臺北市中山區農安街233號
24456535,波步餐飲有限公司,臺北市松山區民生東路3段130巷18弄4號1樓
24457393,植樹果沐有限公司,臺北市南港區南港路3段106巷4弄7號4樓
24458219,高賓海鮮有限公司,臺北市士林區大北路5號
24458962,北哥國際貿易企業有限公司,臺北市中山區松江路133巷18號1樓
24460138,三重奏食品有限公司,臺北市中山區北安路630巷25弄1號1樓
24460361,傑森全球整合行銷股份有限公司,臺北市內湖區陽光街321巷66號
24460860,尚美網路科技股份有限公司,臺北市大安區信義路2段88號8樓
24461170,星聚點文創股份有限公司,臺北市萬華區成都路81號6樓
24461848,喜禾國際行銷股份有限公司,臺北市士林區環河北路3段125號
24462023,肥飛咖啡有限公司,臺北市內湖區成功路5段16號1樓
24462678,松崗國際股份有限公司,臺北市中正區忠孝西路1段50號地下1樓及1-5樓
24463310,春香館有限公司,臺北市中山區吉林路179號
24466273,亞太美容有限公司,臺北市中山區林森北路409號1樓及地下之2
24466288,台灣牛陣但馬屋有限公司,臺北市中山區農安街263號
24467189,克里埃特有限公司,臺北市大安區忠孝東路4段216巷27弄11號1樓
24467408,吐司利亞咖啡有限公司,臺北市大安區雲和街72巷1號
24468624,紫晶美食咖啡股份有限公司,臺北市松山區敦化北路244巷51號
24469200,永立娛樂有限公司,臺北市萬華區武昌街2段72號5樓
24469335,斑馬國際有限公司,臺北市大安區永康街41巷12號
24471830,強記實業有限公司,臺北市松山區興安街214號
24472612,添才有限公司,臺北市中正區武昌街1段16巷6號1、2樓
24473181,津詠大實業有限公司,臺北市南港區八德路4段875號3樓
24473470,爵士蟲有限公司,臺北市大安區和平東路2段53巷2號地下室
24474288,雷鬼音樂餐飲有限公司,臺北市信義區松壽路28號
24475293,台灣高力物業股份有限公司,臺北市信義區信義路5段7號49樓之1
24475701,醇陽貿易股份有限公司,臺北市士林區德行東路251號
24476053,鼎麗音樂餐飲股份有限公司,臺北市松山區敦化南路1段57號地下
24477481,三井餐飲事業有限公司,臺北市信義區松智路1號
24479875,安翌全球電子商務股份有限公司,臺北市松山區南京東路3段287號5樓
24480985,名悅有限公司,臺北市北投區石牌路2段91號6樓
24481366,大地都更建設股份有限公司,臺北市士林區福德路31號
24481491,第捌街美式餐廳有限公司,臺北市松山區民生東路5段49號1樓
24482554,京士頓國際休閒育樂事業股份有限公司,臺北市中正區思源街1號
24483370,上饌國際有限公司,臺北市松山區八德路4段616號
24484336,身體工場股份有限公司,臺北市中山區中山北路1段103號
24484997,群享股份有限公司,臺北市士林區德行東路117號
24485172,派樂國際有限公司,臺北市中山區長春路17號6樓
24486242,小當家的幸福料理有限公司,臺北市松山區民生東路4段55巷14號1樓
24486313,青陽管理顧問股份有限公司,臺北市中正區杭州南路1段15-1號5樓
24486329,太倉國際股份有限公司,臺北市大安區忠孝東路4段98號8樓
24486427,霍爾飛翔事業有限公司,臺北市松山區八德路4段138號12樓
24486432,家騰開發有限公司,臺北市松山區八德路4段138號12樓
24486496,釗鈞餐飲有限公司,臺北市松山區八德路4段138號12樓
24489162,山本關東煮事業有限公司,臺北市北投區知行路270號
24489536,荅芙尼國際有限公司,臺北市松山區民生東路4段97巷6弄17號1樓
24489971,樂窟音樂有限公司,臺北市中山區新生北路3段46號7樓之6
24490626,波澍特有限公司,臺北市士林區文林路168號
24491694,鴻昇興業有限公司,臺北市松山區南京東路3段337號8樓
24491857,樂騎食品有限公司,臺北市大安區永康街4巷12號
24493546,詩薇緹國際餐飲有限公司,臺北市中山區合江街121號1樓
24493996,亞伯蘭國際有限公司,臺北市大安區復興南路1段107巷19號5樓
24496451,理捷國際策略管理諮詢顧問有限公司,臺北市大安區敦化南路2段267號8樓之6
24496635,小公園國際有限公司,臺北市中山區北安路621巷30號
24498789,源頂企業有限公司,臺北市大安區新生南路3段96號1樓
24498916,馬仕股份有限公司,臺北市萬華區廣州街114號8樓
24521753,時來運轉創意商業有限公司,臺北市中山區龍江路243巷9號2樓
24534309,艾斯特維諾有限公司,臺北市中山區松江路2號2樓之4
24535031,嘉穗創意食品股份有限公司,臺北市內湖區成功路3段146號
24535911,億開冠餐廳有限公司,臺北市文山區景文街19號
24539938,自然醒有限公司,臺北市大安區忠孝東路4段223巷49弄6號
24541646,映樂食尚國際有限公司,臺北市萬華區武昌街2段89號5樓
24542173,瑋恩餐飲企業有限公司,臺北市中山區新生北路1段88號
24542188,蜍房有限公司,臺北市信義區忠孝東路4段553巷6弄11號
24543270,花東海礦股份有限公司,臺北市中山區松江路363號12樓
24545018,義品咖啡股份有限公司,臺北市內湖區新湖三路132號6樓
24545853,紫筠軒企業有限公司,臺北市士林區中正路229號
24545875,咬學問有限公司,臺北市大安區敦化南路2段172巷8弄9號1樓
24546537,蔚藍可麗有限公司,臺北市大安區敦化南路1段187巷45-2號
24546635,<U+5586>揚農技股份有限公司,臺北市中山區民生東路3段49號16樓
24547888,台灣慧斗有限公司,臺北市大安區復興南路1段368號13樓
24548155,東鋪有限公司,臺北市松山區復興南路1段47巷3號4樓
24548330,小川餐飲有限公司,臺北市信義區松壽路20號
24551117,俊詠科技股份有限公司,臺北市松山區復興北路1號13樓之1
24552087,美福飯店管理顧問股份有限公司,臺北市中山區樂群二路55號地下1樓
24552137,芳野國際貿易有限公司,臺北市中山區林森北路85巷20號1樓
24552755,正向烘焙股份有限公司,臺北市中山區建國北路2段6巷27號1樓
24554509,野行文化股份有限公司,臺北市大同區迪化街1段197號
24554682,盈嘉文創事業股份有限公司,臺北市中正區重慶南路1段113號
24555232,和鉅國際股份有限公司,臺北市中山區松江路261號7樓
24556366,好味全餐飲管理顧問股份有限公司,臺北市中山區長安東路1段30巷6號(1樓)
24557392,金宏鑫股份有限公司,臺北市信義區松壽路22號地下1層及地下1層之1
24557409,春天水產股份有限公司,臺北市大安區忠孝東路4段235號10樓
24558548,台灣鳥善餐飲有限公司,臺北市大安區忠孝東路3段217巷3弄2號1樓
24559309,富邦旅館管理顧問股份有限公司,臺北市信義區菸廠路88號7樓
24559981,金煌國際有限公司,臺北市松山區三民路147號
24560381,宸展事業股份有限公司,臺北市中山區松江路50號8樓
24562590,浪漫的工作室有限公司,臺北市大安區潮州街102號
24562727,野趣旅舍有限公司,臺北市大同區承德路2段28號1-5樓
24562901,大丹食品股份有限公司,臺北市信義區基隆路1段155號10樓
24565436,五發顧問國際有限公司,臺北市中山區南京東路2段137號14樓
24565766,酷食餐飲股份有限公司,臺北市中山區松江路277之1號7樓
24566126,日日吉旅店股份有限公司,臺北市大同區昌吉街1號
24566688,台北瑪琍蓮餐飲有限公司,臺北市中山區合江街102巷2號
24567005,驕比有限公司,臺北市大安區四維路30號1樓
24568308,方<U+5586>股份有限公司,臺北市大安區仁愛路3段26之3號7樓
24568356,台灣金爸爸餐飲股份有限公司,臺北市中山區雙城街28巷3號2樓
24568969,泊客股份有限公司,臺北市松山區富錦街342號1樓
24570661,職人餐飲國際有限公司,臺北市大安區和平東路3段346巷2之1號
24571009,夏媞雅文創有限公司,臺北市大安區樂利路50號1樓
24571654,八道喜餐飲股份有限公司,臺北市大安區通化街26之4號1樓
24572680,鑫悅行銷有限公司,臺北市信義區松壽路22號5樓
24575151,臺寶國際有限公司,臺北市松山區民生東路4段54號6樓之11
24575429,台灣玩藝有限公司,臺北市信義區基隆路1段176號13樓
24575504,臺虎精釀股份有限公司,臺北市大安區敦化南路2段59號20樓
24575645,世田谷企業股份有限公司,臺北市中山區南京東路2段6號9樓
24576412,仁井田企業有限公司,臺北市中山區中山北路1段57號
24576659,阿民平價美食有限公司,臺北市士林區中山北路6段245號1樓
24577854,超動力娛樂事業有限公司,臺北市信義區松德路171號地下一樓之4
24600567,小寶的家專業顧問有限公司,臺北市松山區敦化北路170號3樓
24632300,南苑大飯店有限公司,臺北市中山區民生東路3段1號12樓
24632343,摩登國際大飯店有限公司,臺北市中山區民生東路3段1號12樓
24739176,新時代廣場實業股份有限公司,臺北市中正區北平東路30號11樓之2
24739274,德揚國際實業有限公司,臺北市中山區建國北路1段58號2樓
24740342,寶格麗食品有限公司,臺北市大安區師大路39巷1號
24742806,分子國際有限公司,臺北市士林區福國路95號6樓之7
24743973,台灣王<U+6EDD>股份有限公司,臺北市大安區和平東路1段197號6樓之1
24745579,密特酒館有限公司,臺北市中山區林森北路138巷25號
24747422,嘉農台日有限公司,臺北市中正區新生南路1段52之3號2樓
24749189,富麗商業聯合有限公司,臺北市大同區民權西路136號3樓
24749596,將捷文創實業股份有限公司,臺北市中山區松江路126號15樓
24750501,僖樂實業有限公司,臺北市信義區光復南路417巷157號
24750523,好吃燒庵庵有限公司,臺北市大安區樂業街153號
24751543,鍋樂股份有限公司,臺北市中山區南京東路2段20號2樓
24754577,遇見咖啡實業有限公司,臺北市松山區南京東路4段120巷9弄30號
24755055,丹尼酒窖有限公司,臺北市大安區建國南路2段69巷22號
24755153,朗朗有限公司,臺北市松山區光復南路6巷55號
24756929,南紅股份有限公司,臺北市松山區東興路28號16樓
24764081,春品道企業股份有限公司,臺北市信義區松高路9號27樓
24764174,松閤企業股份有限公司,臺北市中山區南京東路2段206號9樓之1
24764842,武翔股份有限公司,臺北市中山區農安街18之2號1樓
24766855,台灣創新美食股份有限公司,臺北市大安區忠孝東路3段305號6樓之1
24768143,富麥股份有限公司,臺北市中山區南京東路2段123號4樓
24770915,映歲企業有限公司,臺北市信義區忠孝東路5段1-1號7樓
24772619,全立嘉有限公司,臺北市大安區永康街12巷8號1樓
24773194,老爺家餐飲有限公司,臺北市信義區和平東路3段215號1樓
24773321,柒貳肆有限公司,臺北市中山區新生北路1段40號及地下1樓
24774497,花舞十藝國際有限公司,臺北市中正區忠孝東路1段76號5樓之3
24775524,大魯閣興業股份有限公司,臺北市內湖區民善街89號3樓
24776642,樺澎開發股份有限公司,臺北市北投區中央北路3段53巷1號
24777065,鄉饌餐飲事業有限公司,臺北市中山區錦州街442號
24780420,七日有限公司,臺北市大安區信義路4段188號7樓之1
24782449,美麗華實業股份有限公司,臺北市中山區北安路780號5樓之5
24782721,喜家成有限公司,臺北市中山區復興北路48號5樓
24783926,花彘醺餐飲管理顧問有限公司,臺北市大安區忠孝東路4段170巷6弄16號
24784875,儷庭股份有限公司,臺北市內湖區內湖路1段66號7樓
24785353,樂可斯有限公司,臺北市大安區復興南路1段107巷5弄21號
24786233,艾柔有限公司,臺北市大安區敦化南路1段219號地下二樓
24789040,南港國際一股份有限公司,臺北市大安區仁愛路4段296號
24789219,南港國際二股份有限公司,臺北市大安區仁愛路4段296號
24789702,塞席爾商築積有限公司,臺北市信義區基隆路2段23號8樓之1
24794873,英屬維京群島商庖丁堂國際股份有限公司,臺北市大安區和平東路1段14號1樓
24795556,英商沙富沃有限公司,臺北市大安區忠孝東路4段270號17樓
24929823,朋禮肆餐飲顧問有限公司,臺北市中山區松江路122號11樓
24931314,勝喜股份有限公司,臺北市中山區林森北路133巷37號1樓
24932828,源益豐股份有限公司,臺北市萬華區中華路1段76巷23號
24935819,兆遠資本股份有限公司,臺北市中山區南京東路1段34號7樓
24936465,逗子有限公司,臺北市中山區民生東路2段153號及151號地下
24937725,璽格馬平方有限公司,臺北市內湖區成功路5段460號11樓
24939744,富裕自由夢想商旅股份有限公司,臺北市中山區林森北路85巷23號1-4樓
24940405,車站酒吧有限公司,臺北市中山區松江路122號11樓
24941517,宏味有限公司,臺北市信義區光復南路521號3樓之3
24941903,袽瑜股份有限公司,臺北市中正區延平南路21號2樓
24942641,中環育樂城股份有限公司,臺北市中山區民權西路53號15樓
24942712,百兆股份有限公司,臺北市大安區復興南路1段219之2號1樓
24951232,澄<U+6E76>食堂有限公司,臺北市信義區松仁路101號1樓
24952020,光沐有限公司,臺北市北投區明德路335巷1號
24953371,碧柏斯有限公司,臺北市松山區南京東路3段256巷38號
24954168,銅鈴美食有限公司,臺北市大安區東豐街39號1樓
24954239,你的國際飯店有限公司,臺北市中山區南京東路2段178號9樓
24954913,新緯度生活藝術有限公司,臺北市南港區研究院路3段7之1號
24955075,宥幄國際有限公司,臺北市大安區大安路1段147號地下
24955482,食屋重次郎股份有限公司,臺北市中山區天津街57號1樓
24956829,童趣放肆股份有限公司,臺北市松山區八德路4段123號地下1層之3
24957377,啤兒麥斯特股份有限公司,臺北市內湖區港墘路200號4樓之1
24962913,貳悅酒店股份有限公司,臺北市萬華區中華路1段144號10樓
24963461,丞欣整合行銷股份有限公司,臺北市大同區保安街49巷11號1樓
24965355,雨沛有限公司,臺北市大安區忠孝東路4段107號12樓之5
24966404,禾御房餐飲有限公司,臺北市大安區樂利路74號1樓
24968000,滿鑫歡喜有限公司,臺北市大安區安和路2段35巷3號
24972237,綠億餐飲開發有限公司,臺北市大安區仁愛路4段266巷8弄2號
24973427,夢想三十八號股份有限公司,臺北市松山區復興北路313巷38號1樓
24974185,金皇國際育樂有限公司,臺北市信義區松壽路12號7樓
24974586,福岡日本料理有限公司,臺北市文山區景興路188號17樓之19
24975282,台<U+6E7E>睛姿股份有限公司,臺北市信義區基隆路2段51號14號
24975924,極品國際開發股份有限公司,臺北市中山區明水路397巷7弄2號2樓之1
24977562,吉鵲有限公司,臺北市松山區南京東路4段133巷4弄16號1樓
25030305,都舖股份有限公司,臺北市中山區民權東路2段42號4樓
25056971,永和樂活事業有限公司,臺北市內湖區康寧路3段165巷14弄11號
25067225,泓安國際有限公司,臺北市文山區辛亥路5段53號1樓
25085259,寬廷有限公司,臺北市中山區民權東路2段152巷5弄18號
25100580,尚承龍有限公司,臺北市大安區復興南路1段137號5樓之1
25100809,大眾餐飲有限公司,臺北市中山區吉林路220號2樓
25100842,崴豐國際有限公司,臺北市中山區南京西路5之1號11樓之1
25100857,異量國際事業股份有限公司,臺北市大安區仁愛路4段91巷12號
25101758,檸檬廚房有限公司,臺北市信義區逸仙路42巷15號1樓
25105918,晶饌企業有限公司,臺北市松山區敦化北路4巷53號1樓
25106000,歐杰有限公司,臺北市松山區健康路325巷26號
25107057,福達餐飲有限公司,臺北市松山區南京東路4段75巷14弄3號1樓
25107964,開心小館有限公司,臺北市大安區金山南路2段230號地下
25108247,永利行銷有限公司,臺北市內湖區民權東路6段180巷6樓6號之5
25108865,極意食品有限公司,臺北市中山區德惠街198巷9號3樓
25109180,道洋股份有限公司,臺北市大安區大安路1段170號7樓之2
25111622,卡羅師父有限公司,臺北市大安區復興南路1段126巷1號2樓之1
25113620,三三區有限公司,臺北市中山區長安東路1段63之1號
25114091,我流實業有限公司,臺北市信義區吳興街600巷86弄15號3樓
25115113,樂灴企業有限公司,臺北市中山區松江路31號7樓之6
25115346,易購達國際股份有限公司,臺北市松山區八德路4段465號7樓
25115459,淵孟企業有限公司,臺北市中正區水源路109號3樓之1
25115768,熙筵豐食府股份有限公司,臺北市士林區福國路95號1樓之3
25116746,沃美肌膚生技股份有限公司,臺北市信義區信義路5段5號
25117175,青春再現度假育樂股份有限公司,臺北市信義區松勤街9號4樓
25117864,春鑫酒店股份有限公司,臺北市萬華區西寧南路107號1樓
25118081,權兆興股份有限公司,臺北市北投區溫泉路73巷1號3樓
25118435,寺田大中華股份有限公司,臺北市大安區復興南路2段237號9樓之9
25118884,卡瑞諾國際開發有限公司,臺北市中山區樂群三路123號1樓
25119568,山宜企業有限公司,臺北市大安區光復南路308巷34號
25119602,可立聖有限公司,臺北市大安區敦化南路2段8號1樓
25119981,東方仙境國際開發股份有限公司,臺北市松山區南京東路5段399號2樓之3
25120050,大旺飲食企業有限公司,臺北市士林區士東路266巷5弄19號地下室
25120220,城浩展業有限公司,臺北市信義區忠孝東路4段563號地下1樓
25120994,元昌國際股份有限公司,臺北市中山區南京東路3段101號4樓
25121255,亞洲颶風整合行銷有限公司,臺北市內湖區康樂街186巷17號4樓
25122064,天力餐飲股份有限公司,臺北市信義區忠孝東路5段1-3號10樓
25122120,囿宜企業有限公司,臺北市萬華區峨眉街100號2樓之3
25122233,永佳國際事業股份有限公司,臺北市大安區敦化南路1段205號6樓之2
25122780,覓食國際餐飲企業有限公司,臺北市大同區寧夏路45巷1號1樓
25123227,慕哲社會企業股份有限公司,臺北市中正區中華路1段77號6樓之1
25123373,鼎浦有限公司,臺北市大同區延平北路1段51號11樓之5
25123465,舜子同安有限公司,臺北市中正區同安街84號
25123824,宮崎有限公司,臺北市中山區復興北路170號
25126603,達博斯股份有限公司,臺北市中山區松江路27號5樓之7
25127390,臺灣暢遊旅服中心股份有限公司,臺北市中山區中山北路3段30號8樓之3
25128813,開蘭有限公司,臺北市大同區南京西路316號2樓
25130070,翰王餐飲有限公司,臺北市萬華區昆明街146號、148號
25131465,路易士映象有限公司,臺北市大安區市民大道4段76號
25132062,馥悅實業有限公司,臺北市大安區復興南路2段283號9樓
25132181,台灣饌十有限公司,臺北市中山區復興北路164號9樓
25132464,美事多有限公司,臺北市中山區北安路630巷8號
25132909,商店街市集國際資訊股份有限公司,臺北市大安區敦化南路2段105號14樓
25133098,禾寶國際企業有限公司,臺北市內湖區康樂街136巷3弄18號4樓之1
25133153,紫色創意科技股份有限公司,臺北市信義區基隆路2段48號7樓之1
25133365,旭和洋國際有限公司,臺北市信義區信義路5段16號
25134168,薆悅股份有限公司,臺北市萬華區西寧南路107號1樓至10樓
25136932,淼淞企業有限公司,臺北市松山區南京東路3段346之9號8樓
25137046,榮<U+745D>有限公司,臺北市信義區松德路171號地下1樓之1及地下1樓之4
25139972,凱績企業有限公司,臺北市萬華區西寧南路70號6樓
25141371,益嘉科技股份有限公司,臺北市大安區敦化南路1段205號6樓之2
25142097,五星國際有限公司,臺北市內湖區內湖路1段351巷18號1樓
25142646,海菊國際娛樂有限公司,臺北市大安區忠孝東路4段169號12樓之1
25142701,夢田影像股份有限公司,臺北市大安區新生南路1段161巷9號
25143455,馥琳食品有限公司,臺北市文山區興隆路2段220巷23號
25143624,山點水創意行銷有限公司,臺北市大安區延吉街135之1號
25144118,散文有限公司,臺北市士林區中山北路6段245號
25144216,瑤池宴餐飲有限公司,臺北市大安區永康街23巷11之1號
25145453,烤室有限公司,臺北市松山區市民大道4段19號1樓
25145799,布雷特股份有限公司,臺北市松山區八德路3段199巷21號2樓之11
25146404,熵威國際貿易有限公司,臺北市信義區忠孝東路4段553巷38號1樓
25149444,識別庫國際整合行銷有限公司,臺北市文山區萬壽路75巷29號7樓
25149943,千里行會館股份有限公司,臺北市中山區南京東路2段62號1樓、2樓、3樓及3樓之1
25149958,鎧紋文化創意事業有限公司,臺北市大同區昌吉街21號2樓
25166061,協盟行銷有限公司,臺北市大安區光復南路102號10樓
25189347,三一國際超媒體股份有限公司,臺北市內湖區新湖一路95號1樓
27205907,日田有限公司,臺北市大安區潮州街１６８號１樓
27310984,華威影城有限公司,臺北市士林區忠誠路2段202號4<U+223C>9樓
27314428,台北泰冠餐飲有限公司,臺北市中山區南京東路2段49號1樓
27316811,登峰旅館股份有限公司,臺北市中山區敬業三路11號
27317494,寵物一生股份有限公司,臺北市士林區士東路２００巷３９號１樓
27318753,美景良宸有限公司,臺北市中山區民權東路２段６５號１之２樓
27320152,金河國際餐飲有限公司,臺北市大安區仁愛路4段31號地下室
27320694,索思調味工房有限公司,臺北市中正區武昌街１段３號
27325109,日勝生加賀屋國際溫泉飯店股份有限公司,臺北市北投區光明路236號
27326424,紅勝有限公司,臺北市大安區忠孝東路４段３１１號１０樓之８
27327471,大柚實業有限公司,臺北市信義區忠孝東路５段４１０號７樓之３
27330428,神奇綠光多媒體有限公司,臺北市內湖區民權東路6段160號13樓之1
27330503,摩力有限公司,臺北市松山區敦化北路２２２巷７０號１樓
27330546,鑫樂國際有限公司,臺北市大安區樂利路11巷32號1樓
27330932,錢盈有限公司,臺北市大安區羅斯福路2段67號地下1樓
27331003,布佬廚房股份有限公司,臺北市大安區羅斯福路４段１１９巷３４號２樓
27334120,董娘食品有限公司,臺北市中山區錦州街４２８號
27334888,台灣巨蛋開發股份有限公司,臺北市大安區忠孝東路4段270號16樓
27336957,尚飴餐飲有限公司,臺北市中山區民權東路３段２０號２樓
27338385,不老閣有限公司,臺北市中山區中山北路２段６５巷２弄６０號１樓
27338646,布佬睞恩股份有限公司,臺北市內湖區陽光街321巷26號8樓之1
27339906,肯愛國際股份有限公司,臺北市大安區大安路1段117號1樓
27344534,金禾泰股份有限公司,臺北市中山區建國北路２段１４７號７樓之５
27345111,音樂王國際育樂股份有限公司,臺北市松山區東興路12號2樓
27345560,捷瑞國際有限公司,臺北市文山區辛亥路4段245號
27345647,智科股份有限公司,臺北市內湖區民權東路6段280巷74號1樓
27347618,波汶有限公司,臺北市士林區中山北路５段４３７號１樓
27351062,咸亨酒店有限公司,臺北市南港區東新街64巷13號4樓
27352837,峰源裕行銷有限公司,臺北市大安區光復南路296號8樓之1
27354716,三井極壽司有限公司,臺北市中山區農安街45之2號1樓
27355840,龍洞活海鮮有限公司,臺北市信義區逸仙路５０巷８號１樓
27356361,酩樽國際有限公司,臺北市大安區永康街２巷１２號（１樓）
27356382,億網智慧股份有限公司,臺北市南港區忠孝東路６段２３６號２樓
27357426,承昌餐飲事業有限公司,臺北市松山區民生東路5段59號1樓
27357431,傑思有限公司,臺北市大安區信義路３段１３４巷２６號１，２樓
27358184,沃金有限公司,臺北市大安區仁愛路4段125號9樓
27358733,鴻達國際休閒事業有限公司,臺北市中山區林森北路50號8樓之7
27360013,百麗園餐飲有限公司,臺北市松山區復興北路１８９巷１之２號３樓
27360111,億立購國際有限公司,臺北市南港區忠孝東路６段２３６號２樓
27365333,怡映股份有限公司,臺北市松山區敦化北路207號13樓之4
27365690,佳怡香有限公司,臺北市中山區松江路９５之１號２樓
27476231,每日糧草有限公司,臺北市信義區光復南路473巷11弄38號
27520546,快樂城市有限公司,臺北市中山區林森北路１０７巷５９號
27520927,車猛有限公司,臺北市大同區環河北路1段295號1樓
27521616,樂天餐飲股份有限公司,臺北市大安區光復南路102號1樓
27522609,彬岳食業有限公司,臺北市松山區南京東路5段206號1樓
27523754,豪酒實業有限公司,臺北市萬華區西園路１段７２巷８號１樓
27524563,七五會股份有限公司,臺北市信義區松壽路２２號地下１樓
27524873,哇烤串燒有限公司,臺北市大安區敦化南路１段１６０巷５６號１樓
27526675,黑水企業有限公司,臺北市中正區羅斯福路4段58號8樓
27528836,浩琦國際股份有限公司,臺北市大安區建國南路2段151巷19弄7號16樓
27532108,酷客文化有限公司,臺北市大安區敦化南路1段177巷37號
27533177,莎芙藝文有限公司,臺北市大安區安和路１段１０２巷１號地下１樓
27533583,豐燒豐鍋有限公司,臺北市松山區東寧路１９號
27534577,拾里洋場有限公司,臺北市中山區新生北路２段１０８號３樓
27535745,久久餐飲有限公司,臺北市大安區復興南路2段27號地下2層
27535843,台灣艾席而有限公司,臺北市大安區光復南路668號
27537075,楓崎食品有限公司,臺北市松山區民生東路４段５５巷３弄７號１樓
27537309,錦華餐飲酒店管理顧問有限公司,臺北市大安區仁愛路４段６４號地下１樓
27540536,亞緻酒店股份有限公司,臺北市中山區民權東路2段35號1樓
27543169,護照餐廳有限公司,臺北市中山區中山北路1段135巷42之1號1樓
27547756,雨鬧餐飲有限公司,臺北市松山區南京東路4段52巷1號1樓
27548283,吾為峰開發股份有限公司,臺北市中山區長安東路2段2號5樓
27549570,和泰興開發實業有限公司,臺北市大同區赤峰街25號
27554165,男鹿股份有限公司,臺北市大安區復興南路1段137號8樓
27555093,寶滿意有限公司,臺北市松山區南京東路４段１３３巷５弄１０號１樓
27556065,史卡拉餐飲有限公司,臺北市大安區羅斯福路３段３２５號２樓之１之１０
27556369,六星集股份有限公司,臺北市松山區南京東路5段76、78號1樓
27556537,小涵舍股份有限公司,臺北市內湖區文德路242號
27559324,花園飯店股份有限公司,臺北市中山區長安東路1段64號地下3樓至10樓
27560434,龍風有限公司,臺北市大安區大安路1段51巷41號1樓
27560878,夢幻山股份有限公司,臺北市大安區敦化南路2段97號16樓
27561356,米家有限公司,臺北市信義區松隆路335號3樓
27561383,茶碗部落餐飲事業股份有限公司,臺北市中山區松江路362巷28號1樓
27563208,聖卡爾有限公司,臺北市大安區復興南路１段１０７巷５弄２１號（１樓）
27567909,大河觀光事業股份有限公司,臺北市北投區大度路3段301巷54號6樓
27569821,毛蟲小比股份有限公司,臺北市萬華區昆明街86號
27573536,歐舍有限公司,臺北市大安區安和路2段22號1樓
27577630,金儷豪有限公司,臺北市中山區長安東路１段２１號地下１樓
27578477,台灣威凌克股份有限公司,臺北市中正區羅斯福路2段116號3樓之1
27578687,金色皇家實業有限公司,臺北市萬華區峨嵋街１２２之１號１樓
27663038,晶宏科技有限公司,臺北市內湖區行善路111巷1號5樓之1
27714607,金豪麥實業股份有限公司,臺北市大安區信義路4段248號11樓之1
27716106,華茂生技股份有限公司,臺北市中山區松江路２９之２號３樓
27717111,福達生技股份有限公司,臺北市萬華區華西街１７之４號１樓
27717442,蔥月股份有限公司,臺北市中山區中山北路2段24之2、24之3號1樓
27717463,順信洋坊有限公司,臺北市大安區安和路２段１８２號１樓
27717674,華琳行銷股份有限公司,臺北市松山區光復北路82號3樓
27718168,茶館找茶有限公司,臺北市松山區南京東路５段１９６號１樓
27719510,康帝園有限公司,臺北市大安區安和路2段23巷4號1樓
27720158,威炫股份有限公司,臺北市大同區長安西路70號2樓
27720946,風稜石休閒育樂股份有限公司,臺北市中山區新生北路3段26號地下室
27721396,和音善科技股份有限公司,臺北市萬華區華西街１７之４號１樓
27723417,大提琴餐廳有限公司,臺北市大安區信義路4段137號2樓
27724485,遠麗設計開發有限公司,臺北市中山區中山北路1段83巷5號3樓之10
27726863,施善科技股份有限公司,臺北市萬華區華西街１７之４號１樓
27727146,讚觀股份有限公司,臺北市大同區華陰街33號5樓之2
27728356,安達誠國際有限公司,臺北市中正區新生南路１段１４４之１號２樓
27730091,長義食品股份有限公司,臺北市中山區南京東路1段19號4樓
27731599,玉和源國際餐飲股份有限公司,臺北市大安區辛亥路１段７９號
27732844,泛拓有限公司,臺北市大安區光復南路２８０巷２７號
27733442,龍門翠谷溫泉會館股份有限公司,臺北市大安區復興南路1段127號11樓之2
27733626,古色古香有限公司,臺北市中山區林森北路３１０巷２、６、８號１樓
27736519,路肯有限公司,臺北市大安區忠孝東路4段223巷10弄5號1樓
27737355,瀧味騰企業有限公司,臺北市萬華區峨嵋街２８號２樓之２９
27739776,創立媒體整合行銷有限公司,臺北市松山區南京東路3段305號3樓
27739804,文人實驗社有限公司,臺北市大安區忠孝東路４段１８１巷３５弄１９號１樓
27741246,黃澄澄有限公司,臺北市信義區忠孝東路５段７１巷１８號１樓
27744476,錦豪康事業股份有限公司,臺北市信義區松壽路22號地下1層之1
27744503,寶船國際行銷股份有限公司,臺北市萬華區貴陽街2段83號3樓之3
27744525,台北花園大酒店股份有限公司,臺北市中正區中華路2段1號
27745307,東森國際餐飲股份有限公司,臺北市信義區基隆路2段151之1號1樓
27749676,泰道地有限公司,臺北市萬華區武昌街２段１１４之３號
27749845,上允創作料理有限公司,臺北市松山區敦化南路1段108號地下1樓之1
27749872,家饌餐飲有限公司,臺北市信義區松壽路20號1樓
27750119,大宏餐飲股份有限公司,臺北市信義區松壽路22號地下1層
27751519,豐火寮餐廳股份有限公司,臺北市士林區中山北路５段６８８號１樓
27751638,旦頭實業有限公司,臺北市中正區思源路６號２樓
27754488,宏紀實業有限公司,臺北市南港區玉成街６６之２６號１樓
27756654,米開蘭音樂餐坊有限公司,臺北市松山區敦化南路１段５７號地下１樓
27757008,中信電子商務有限公司,臺北市松山區南京東路5段89號3樓
27762781,富貴亭有限公司,臺北市中正區忠孝西路１段５０號地下２樓
27763846,金將酒吧有限公司,臺北市中山區林森北路５７５號１０樓之２
27770044,台北國際會館股份有限公司,臺北市中正區忠孝東路1段138號6樓
27770229,台北世貿會館股份有限公司,臺北市中正區忠孝東路1段138號6樓
27770868,表町有限公司,臺北市中正區忠孝西路１段５０號地下２層之１
27771402,太谷開發股份有限公司,臺北市士林區福國路19號4樓
27771732,水悅星國際有限公司,臺北市松山區撫遠街１９３號１樓
27807963,錫蘭心國際有限公司,臺北市士林區天母西路13巷5號1及地下1樓
27912085,璽福有限公司,臺北市萬華區東園街73巷44號3樓
27924907,英屬維京群島商卡西莫餐廳股份有限公司,臺北市信義路４段２３３號５樓之２
27936447,香港商歐氏兄弟有限公司,臺北市大安區樂利路28巷1號6樓之1
27944066,英屬維京群島商台北普及健身有限公司,臺北市信義區松仁路89號5樓之6
27946233,遠雄巨蛋事業股份有限公司,臺北市信義區松高路1號22樓
27952282,禮客餐廳股份有限公司,臺北市內湖區民善街205號5樓
27954726,台北國際商務中心股份有限公司,臺北市中正區忠孝東路1段138號6樓
27955083,台北經貿會館股份有限公司,臺北市中正區忠孝東路1段138號6樓
27955730,蓬來閣有限公司,臺北市中正區忠孝西路１段５０號地下２樓
27957316,御和園國際餐飲股份有限公司,臺北市中正區衡陽路７號１２樓
27960092,嘉年華水岸飯店股份有限公司,臺北市中正區杭州南路１段８之１號２樓
27962541,龘國際股份有限公司,臺北市大安區光復南路３４６巷２２號地下樓
27963669,楹翔有限公司,臺北市信義區永吉路３０巷８７號１樓
27964533,柏文行銷整合有限公司,臺北市中正區重慶南路1段57號13樓之3
27965126,柯旅天閣股份有限公司,臺北市信義區忠孝東路5段297號1至6樓
27967665,宮都食品有限公司,臺北市大安區忠孝東路4段170巷17弄5號1樓
27971507,汯典國際開發有限公司,臺北市士林區中山北路６段４０５巷５７號１樓
27972148,故宮晶華股份有限公司,臺北市中山區中山北路2段45巷21號6樓
27972695,椿園餐旅有限公司,臺北市松山區南京東路5段31號8樓
27975709,米格食品有限公司,臺北市大安區光復南路280巷28號1樓
27981456,香堤餐飲事業股份有限公司,臺北市松山區慶城街１６巷８號
27982429,德意志烘焙股份有限公司,臺北市中正區羅斯福路4段162號11樓之2
27982650,碩真有限公司,臺北市文山區景興路188號17樓之19
27984123,拾柒運動坊有限公司,臺北市中山區長安東路2段94號2樓
27985093,美麗新娛樂股份有限公司,臺北市中山區北安路780號5樓之2
27985410,長汎事業有限公司,臺北市信義區松壽路１８號地下１樓
27987971,山倚國際股份有限公司,臺北市中正區南昌路2段103號5樓
27988839,三大家國際股份有限公司,臺北市信義區松隆路60號2樓
27989400,瑞曲國際行銷有限公司,臺北市信義區忠孝東路4段559巷1號5樓
27990384,台灣國際天屋有限公司,臺北市中正區新生南路1段56號3樓之1
27991790,國民綜合餐飲有限公司,臺北市大安區東豐街６７號１樓
27995281,味之藝食品有限公司,臺北市信義區松信路８１號５樓
27998225,百富國際股份有限公司,臺北市大安區信義路2段186號2樓
27998301,小金樺餐飲有限公司,臺北市中正區濟南路2段13號之1
27998999,若谷股份有限公司,臺北市大安區仁愛路4段25-1號12樓
28000683,紅友企業有限公司,臺北市中山區林森北路410號4樓，3樓之9至23、26至28
28001368,太平洋商務會館股份有限公司,臺北市中正區忠孝東路1段138號6樓
28003035,台灣大戶屋股份有限公司,臺北市中山區中山北路2段61號3樓
28003181,緯翰企業有限公司,臺北市松山區敦化北路207號7樓之1
28003794,洪祥食品有限公司,臺北市大安區仁愛路4段62號11樓之3
28004745,葳華國際股份有限公司,臺北市松山區敦化北路201之24號6樓
28005316,莫柏有限公司,臺北市士林區天母西路３２號１樓
28006547,中印國際企業有限公司,臺北市信義區松德路65號11樓之1
28007089,童情愛心股份有限公司,臺北市信義區基隆路1段180號12樓
28007927,思酷有限公司,臺北市文山區景興路２０２巷１１號
28007953,臻尚生物科技股份有限公司,臺北市大安區忠孝東路４段３２５號１２樓
28008453,凡間事業有限公司,臺北市松山區敦化南路１段７號１樓
28010232,鈴崧餐坊股份有限公司,臺北市大安區市民大道4段104號1樓
28011957,優像數位媒體科技股份有限公司,臺北市中山區民生東路2段149號3樓
28055574,清水苑農場股份有限公司,臺北市大安區仁愛路3段17號9樓
28088884,滿盈茜草館企業有限公司,臺北市文山區木新路3段333號
28121069,樺威開發有限公司,臺北市信義區信義路4段395巷6弄10號5樓之5
28172025,伯納餐飲有限公司,臺北市信義區莊敬路178巷15號2樓之2
28175162,一八一餐廳有限公司,臺北市大安區忠孝東路４段１８１巷３５弄１９號１樓
28175487,臨櫻齋股份有限公司,臺北市中山區吉林路２６巷２０號
28176330,瑞榮豐國際股份有限公司,臺北市松山區敦化北路１５０號１０樓
28178442,澳門骨堡有限公司,臺北市中山區長安東路1段53巷2之2號1樓
28179104,廣盈行銷顧問有限公司,臺北市士林區環河北路３段１２３號１樓
28179343,京品食品有限公司,臺北市士林區通河東街1段120號1樓
28180072,藍調國際有限公司,臺北市大安區仁愛路４段１２２巷６０號
28181447,香檳坊事業股份有限公司,臺北市信義區松德路171號8樓
28184649,三喜亭有限公司,臺北市中山區中山北路2段27巷14號1樓
28185838,衍賓有限公司,臺北市中山區林森北路310巷2、6、8號
28187293,太拿創意有限公司,臺北市北投區中央北路3段40巷34弄9號
28187322,何善之涮羊肉食品有限公司,臺北市松山區復興南路1段5號1、2樓
28187483,六合源國際經濟投資顧問有限公司,臺北市文山區羅斯福路5段257號1樓
28190065,永承享生活有限公司,臺北市大同區承德路1段32號12樓之12
28190086,媽媽鍋子有限公司,臺北市大安區安和路1段112巷12號1樓
28190868,味霸有限公司,臺北市大同區延平北路2段126號1樓
28191557,<U+753B>一事業有限公司,臺北市內湖區成功路4段70號5樓之1
28191629,保得滿國際實業有限公司,臺北市信義區基隆路1段155號13樓之6
28192752,派思廣告有限公司,臺北市萬華區開封街2段36號3樓之2
28194288,巴博企業有限公司,臺北市大安區泰順街48之1號1樓
28194920,荃管企業管理有限公司,臺北市南港區忠孝東路7段549號4樓
28195054,輝映國際開發股份有限公司,臺北市中山區合江街116巷20號1樓
28196286,金盛興實業有限公司,臺北市中正區重慶南路1段71號
28197095,小路餐飲股份有限公司,臺北市大安區仁愛路4段15號1樓
28198496,徠多企業有限公司,臺北市信義區忠孝東路5段236巷3弄33號
28198664,億兆京國際股份有限公司,臺北市萬華區萬大路423巷42號
28201627,家樂喜有限公司,臺北市信義區松仁路90號1樓
28202098,開泰豐國際股份有限公司,臺北市松山區松基里15鄰敦化北路158號
28207729,奧瑞岡有限公司,臺北市大安區四維路96號1樓
28207951,青山林國際股份有限公司,臺北市中山區民權東路3段60巷7號
28209070,石洞國際餐廳有限公司,臺北市中山區雙城街32巷3號、3之1號
28210689,香味股份有限公司,臺北市中山區長安東路2段230號7樓之1
28211723,宇光國際企業有限公司,臺北市中山區吉林路329巷31號1樓
28212498,布奇亞設計有限公司,臺北市大同區重慶北路2段32號1樓
28213399,愛爾發國際有限公司,臺北市大安區忠孝東路4段177號2樓
28214221,金鼎珍饌有限公司,臺北市中山區錦西街8號
28216327,樺映餐飲行銷顧問有限公司,臺北市大安區安和路2段35巷5號
28218922,歐雷生活有限公司,臺北市大安區復興南路1段107巷5弄2號1樓
28220672,訊康有限公司,臺北市中山區長安東路2段50之2號
28221285,商務會館股份有限公司,臺北市中正區忠孝東路1段138號6樓
28221383,台灣會館股份有限公司,臺北市中正區忠孝東路1段138號6樓
28222539,麗晶開發事業股份有限公司,臺北市信義區東興路43號9樓
28222720,名傑國際股份有限公司,臺北市中正區博愛路52號7樓
28222947,香堤創意料理股份有限公司,臺北市大安區安和路2段80號15樓
28227133,貴子坑開發事業有限公司,臺北市北投區珠海路18號2樓
28227865,比堤飯店有限公司,臺北市中山區建國北路2段91號1樓、93號1、2、3、4、5、6、7樓、93號2樓之1、3樓之1、4樓之1、5樓之1、6樓之1、7樓之1、95巷2號1樓、4號1樓
28229879,康傑國際企業有限公司,臺北市大安區安和路1段137號
28294337,四面八方黃金企業有限公司,臺北市信義區基隆路2段131之20號5樓之2
28324373,禾譁實業有限公司,臺北市中山區長安東路2段201巷19-2號
28440970,御閎企業有限公司,臺北市萬華區昆明街175號3樓
28443929,前錦有限公司,臺北市大安區新生南路1段161巷5之4號
28443998,合銳股份有限公司,臺北市中正區重慶南路2段51號11樓
28445834,摩天輪國際開發股份有限公司,臺北市中山區松江路375號7樓
28445861,樺福育樂事業股份有限公司,臺北市中正區羅斯福路4段68號12樓之16
28446284,久堡國際有限公司,臺北市信義區忠孝東路5段800號7樓之2
28446664,九龍鳳殿有限公司,臺北市中山區中山北路1段140巷4號2樓
28447039,澳地條碼有限公司,臺北市大安區新生南路1段161巷5之4號
28447299,高豐泰餐飲有限公司,臺北市大安區復興南路1段160號3樓及162號3樓
28447312,高金餐飲實業有限公司,臺北市大安區復興南路1段156號4樓及158號4樓
28447376,金高記餐飲有限公司,臺北市大安區復興南路1段152號4樓及154號4樓
28448375,麗晶餐飲管理顧問股份有限公司,臺北市萬華區成都路41號2樓
28448918,家閤實業股份有限公司,臺北市中正區忠孝西路1段66號31樓
28449085,潤泰旭展股份有限公司,臺北市南港區中南里19鄰忠孝東路7段369號
28449141,沛強實業股份有限公司,臺北市中山區長安東路2段112號8樓
28450879,花水木國際股份有限公司,臺北市中山區長安東路2段171號4樓之1
28450955,八百燒有限公司,臺北市中山區農安街19號2樓
28451687,有模有樣餐廳有限公司,臺北市中山區新生北路1段66號地下1樓
28451737,七條龍餐飲企業股份有限公司,臺北市中山區林森北路119巷40號1樓
28457155,鑫富發食品有限公司,臺北市內湖區內湖路1段323巷2弄2號1樓
28460905,晶寬企業有限公司,臺北市中山區龍江路147號地下室
28463240,八號吧有限公司,臺北市大安區永康街41巷5號
28463446,微風股份有限公司,臺北市松山區復興南路1段39號2樓之2
28463918,台灣惠比壽有限公司,臺北市中山區中山北路2段59巷47號
28465438,五右衛門有限公司,臺北市中山區林森北路107巷35號1樓
28466083,時代國際飯店股份有限公司,臺北市信義區忠孝東路5段10號
28468131,景承興業有限公司,臺北市大安區復興南路1段79巷2號9樓之4
28468174,美麗華科技有限公司,臺北市松山區復興北路1號13樓之1
28468385,光點珈琲時光股份有限公司,臺北市中山區中山北路2段18號
28469482,官邸飯店股份有限公司,臺北市士林區文林路102號、102之1號至102之29號、102號2樓之1至5樓之24、102號3樓之25至4樓之26、102號3樓之27至3樓之29、102號5樓之25至5樓之32、102號6樓、102號6樓之1
28470045,展泰食品有限公司,臺北市中山區中山北路1段135巷21號4樓之2
28470967,世筑有限公司,臺北市士林區文林路468號
28471229,龍風國際有限公司,臺北市大安區大安路1段51巷41號1樓
28471924,知識無限數位股份有限公司,臺北市中山區新生北路3段82巷32號8樓
28472661,樂亞地有限公司,臺北市大安區安和路1段49巷21號1樓
28472971,聚祥全方位管理顧問有限公司,臺北市萬華區西寧南路118號10樓
28476483,七星集股份有限公司,臺北市松山區南京東路5段78號1樓
28479989,大春事業股份有限公司,臺北市信義區松壽路22號5樓
28480557,潤泰百益股份有限公司,臺北市信義區永吉里松山路11號1樓
28480846,和寶事業有限公司,臺北市松山區長春路508號
28480971,花田國際股份有限公司,臺北市大安區忠孝東路4段216巷27弄10號
28484076,典炬開發有限公司,臺北市大安區新生南路1段139之4號
28485526,隱私房食飲藝術有限公司,臺北市松山區民生東路3段130巷18弄3號
28486145,富泓食品有限公司,臺北市大安區安和路2段241號
28487566,橘屋有限公司,臺北市內湖區江南街79號1樓
28487910,舞鎖有限公司,臺北市北投區北投路1段73號
28489086,忠泰生活開發股份有限公司,臺北市中山區復興南路1段36之4號
28489207,四季家常有限公司,臺北市中山區南京東路3段223巷43號1樓
28673554,博新教育有限公司,臺北市內湖區內湖路1段120巷13號1樓
28676433,世代文化創業有限公司,臺北市大同區迪化街1段167號
28676969,獅城砂煲餐飲事業有限公司,臺北市中山區吉林路228號
28678306,三六一度半島國際餐飲有限公司,臺北市松山區八德路3段191號2樓
28679059,美邦國際實業有限公司,臺北市中正區忠孝西路1段37號2樓
28679332,鏢壹有限公司,臺北市大安區大安路1段84巷19號1樓
28681246,貝爾妮妮卜奕有限公司,臺北市大安區忠孝東路4段1號10樓
28682239,她他有限公司,臺北市大安區光復南路308巷30號1樓
28683820,振紳國際洋行實業有限公司,臺北市中山區吉林路14巷20號1樓
28683960,麟揚股份有限公司,臺北市南港區重陽路59號
28684010,九二百康興業有限公司,臺北市大安區延吉街126巷1號1樓
28685263,本橋有限公司,臺北市中山區林森北路133巷1號
28686848,御宴食品企業有限公司,臺北市中正區中華路1段59號7樓
28687500,台灣文創發展股份有限公司,臺北市中正區八德路1段1號
28688000,美樂地餐飲有限公司,臺北市大安區安和路2段120號1樓
28694615,冰河森林數位科技股份有限公司,臺北市信義區基隆路2段77號8樓之3
28698035,豐秀事業有限公司,臺北市大安區四維路244號
28701480,寒舍食譜股份有限公司,臺北市中正區杭州南路1段15之1號21樓
28701799,伍伍捌捌音樂餐廳事業有限公司,臺北市中山區長安東路2段78-2號
28704888,盛宴餐飲股份有限公司,臺北市大安區市民大道4段110、110-1號
28706372,創味家餐飲有限公司,臺北市大安區安和路1段127巷29弄17號
28707294,經心有限公司,臺北市信義區光復南路495號6樓之1
28709103,貝得沃國際有限公司,臺北市信義區松德路171號8樓
28709167,海瑞國際開發股份有限公司,臺北市中山區松江路185號14樓之7
28711419,異客股份有限公司,臺北市大安區敦化南路1段245號5樓
28712310,拉頓有限公司,臺北市大安區安和路2段112號
28718503,儀庭有限公司,臺北市大安區仁愛路4段345巷4弄45號
28719307,非凡食飲藝術有限公司,臺北市大安區四維路52巷31號
28791882,好樣創意整合行銷有限公司,臺北市中山區龍江路223巷24-1號1樓
28823625,饌神有限公司,臺北市大安區光復南路450號
28824027,貓纜股份有限公司,臺北市大安區復興南路1段204號11樓之2
28824292,神之<U+96EB>有限公司,臺北市中正區忠孝東路1段85號13樓之1
28824379,可倫坡國際餐飲有限公司,臺北市士林區天母西路13巷5號
28826453,壹宇股份有限公司,臺北市北投區中央南路2段72號
28828699,御島燒股份有限公司,臺北市中山區撫順街12號
28829304,豪泉企業有限公司,臺北市萬華區昆明街270號(1樓)
28829873,台灣拓序文藝有限公司,臺北市信義區基隆路2段14號1樓
28829938,琨翔興業有限公司,臺北市松山區南京東路3段337號9樓
28832899,仕名揚有限公司,臺北市大同區承德路1段71號2樓
28833905,食方文化創意產業有限公司,臺北市士林區忠誠路1段16巷34號
28834453,琇翃有限公司,臺北市南港區永吉路547號
28838079,川普國際旅館管理顧問有限公司,臺北市松山區南京東路5段48號4樓
28839324,音響家國際有限公司,臺北市士林區天母東路50巷25號2樓
28841757,豆府股份有限公司,臺北市中山區民權東路2段42號4樓
28842432,六十國際開發股份有限公司,臺北市信義區忠孝東路4段553巷16弄2號
28843517,崴業股份有限公司,臺北市松山區復興北路479巷14號1樓
28843930,北海天泉酒店股份有限公司,臺北市中正區杭州南路1段8之1號2樓
28843946,逸寬股份有限公司,臺北市信義區松仁路90號3樓
28845959,新德聯餐飲股份有限公司,臺北市大安區復興南路2段283號5樓之1
28847464,鼎順發國際有限公司,臺北市大安區和平東路2段107巷12之1號
28848127,豐誼國際股份有限公司,臺北市大安區忠孝東路4段285號5樓
28848724,高馡有限公司,臺北市北投區泉源路12號3樓
28851570,仁茂開發有限公司,臺北市大安區新生南路1段139之4號
28862485,璽悅國際股份有限公司,臺北市中正區金山南路1段58號
28869924,全球怡動有限公司,臺北市大安區忠孝東路3段242號
28887562,皇后之心股份有限公司,臺北市北投區中央北路4段18巷32號1樓
28892452,塔芮士餐飲有限公司,臺北市大安區信義路2段86巷25號1樓
28909480,閎揚國際拓展有限公司,臺北市大同區寧夏路2號
28939457,美淂行銷顧問有限公司,臺北市松山區南京東路5段239號6樓之20
28996864,新加坡商卡奈眭悒鬫陪迨膝q,臺北市大安區安和路2段100號
28997553,英屬維京群島商鼎恩餐飲股份有限公司,臺北市信義區基隆路2段189號3樓之1
29030453,金歐顧問股份有限公司,臺北市中山區松江路206號9樓之8
29033135,一品餐飲有限公司,臺北市中山區吉林路170號1樓
29033557,克洛絲股份有限公司,臺北市松山區南京東路5段1號3樓
29034465,愛錡國際有限公司,臺北市大安區復興南路1段107巷5弄8號
29036610,長谷川先生的家有限公司,臺北市大安區光復南路240巷45號1樓
29042726,壺同國際餐飲事業有限公司,臺北市松山區八德路3段12巷70弄18號
29043345,璽葡有限公司,臺北市松山區八德路3段174號
29043627,鑫滿楹股份有限公司,臺北市內湖區新湖三路132號6樓
29044169,霍爾娛樂事業有限公司,臺北市中山區南京東路3段217號地下
29044800,礁溪遠雄悅來大飯店股份有限公司,臺北市信義區松高路1號22樓
29045961,珍嚮益有限公司,臺北市中山區敬業一路48號
29050464,珊牡籟有限公司,臺北市中正區懷寧街64號7樓
29050773,鼎麗工程有限公司,臺北市大同區華陰街167號1樓
29051436,僖閣飲食文化有限公司,臺北市大安區樂利路11巷7號1樓及通化街200巷54號地下室
29055691,和璞飯店股份有限公司,臺北市中山區樂群三路123號1樓至8樓
29055910,河岸留言展演事業有限公司,臺北市萬華區西寧南路177號
29059752,標準創意股份有限公司,臺北市大安區忠孝東路4段97號2樓之19
29061125,環球智能有限公司,臺北市大安區忠孝東路4段169號11樓之1
29061639,香檳國際企業股份有限公司,臺北市大安區光復南路260巷46號1樓
29062341,可愛的小羊餐坊有限公司,臺北市大安區敦化南路2段265巷7號
29063334,御井開發有限公司,臺北市中正區林森南路2之4號1樓
29065488,北緯二十三度五實業有限公司,臺北市松山區南京東路4段52巷1號
29068318,貝特旺事業股份有限公司,臺北市南港區東新街10之9號4樓之1
29070481,昇摯股份有限公司,臺北市中山區南京東路3段118號11樓
29071313,羊毛山藝文有限公司,臺北市大安區仁愛路4段8巷33號1樓
29071783,藝瀠苑有限公司,臺北市中山區林森北路107巷62號地下
29073950,暟信國際行銷有限公司,臺北市大安區忠孝東路4段295號3樓
29074135,奇諾餐飲事業股份有限公司,臺北市中山區龍江路124巷10號
29074959,那米哥國際股份有限公司,臺北市信義區松仁路97、99、101號地下1樓
29079053,首創模擬高爾夫有限公司,臺北市信義區基隆路1段398號1樓
29084823,三二三網路科技股份有限公司,臺北市大安區敦化南路2段216號14樓
29106832,凱文國際企業有限公司,臺北市松山區南京東路5段286巷7號
29135560,煦煜企業有限公司,臺北市中山區松江路31號5樓
29823341,熱海大飯店股份有限公司,臺北市北投區光明路258號
30837420,熊威興業股份有限公司,臺北市松山區光復北路112號3樓
30897600,三曜建設股份有限公司,臺北市中山區南京東路2段206號9樓之1
30912530,頌林股份有限公司,臺北市中山區南京東路2段160號11樓
30926555,高立建設開發股份有限公司,臺北市中山區民生東路１段３９號１２樓
30946150,經達緯貿易股份有限公司,臺北市內湖區成功路3段174巷43號3樓
30977126,<U+7282>原企業有限公司,臺北市大安區敦化南路１段２３２巷８號１樓及地下室
31107415,三商福寶股份有限公司,臺北市中山區建國北路2段145號11樓
31304605,錫安實業有限公司,臺北市北投區東華街1段360號5樓
36519725,福記產業股份有限公司,臺北市大安區仁愛路3段160號
36533873,日健企業股份有限公司,臺北市萬華區漢口街2段90巷4號1樓
42611854,三一國際興業股份有限公司,臺北市內湖區新湖一路95號1樓
42612967,萃吧股份有限公司,臺北市信義區虎林街164巷19之1號
42613092,萬曜事業股份有限公司,臺北市信義區松壽路12號10樓
42614698,泰蘸有限公司,臺北市北投區石牌路1段126之1號
42615681,鼎富達股份有限公司,臺北市內湖區民權東路6段160號6樓
42616078,十方云集股份有限公司,臺北市松山區敦化北路201之1號12樓
42616302,漢遠有限公司,臺北市士林區中山北路6段37之3號1樓
42616350,崴揚開發休閒有限公司,臺北市松山區敦化北路102號11樓
42617061,享樂文旅飯店股份有限公司,臺北市中山區南京東路2段178號8樓
42618060,心悅有限公司,臺北市中山區長春路247之1號、247號2樓
42618884,生命之水有限公司,臺北市內湖區金豐街52號
42619700,原品餐飲有限公司,臺北市大安區延吉街253號1樓
42624680,真品國際開發有限公司,臺北市大安區仁愛路4段445號
42625702,八領觀光事業股份有限公司,臺北市中山區明水路636號9樓之19
42625822,沁人合業股份有限公司,臺北市信義區信義路5段8巷13號7樓
42625920,號子青旅股份有限公司,臺北市中山區南京東路2段125號地下
42626049,好樣本事股份有限公司,臺北市大安區忠孝東路4段181巷40弄12號2樓
42627602,龍麟開發有限公司,臺北市大安區敦化南路1段160巷51-1號
42628089,鑫囍實業股份有限公司,臺北市信義區松德路74號6樓
42628975,金諄餐飲有限公司,臺北市大安區仁愛路4段91巷23號1樓
42630199,亞傑克斯餐飲有限公司,臺北市大安區通化街171巷33號
42633029,吉事安有限公司,臺北市信義區基隆路2段51號14樓
42633127,通宇投資股份有限公司,臺北市信義區基隆路1段333號21樓
42633941,拾米聚集有限公司,臺北市北投區泉源路12號1樓
42634646,弗瑯斯餐飲有限公司,臺北市松山區南京東路3段287號10樓
42635960,叡吉國際有限公司,臺北市信義區忠孝東路5段31巷18弄15號1樓
42636031,盛聚有限公司,臺北市大安區安和路2段35巷16號6樓之1
42637453,茂眾聯合開發有限公司,臺北市松山區敦化北路153之21號
42637968,生活食樂股份有限公司,臺北市松山區敦化北路165巷11號1樓
42639419,酒湧有限公司,臺北市中山區安東街17之2號
42640491,三一國際生活事業股份有限公司,臺北市內湖區新湖一路93號1樓
42641554,馥裕國際餐飲有限公司,臺北市信義區基隆路1段400號6樓
42641631,誠美社會企業股份有限公司,臺北市松山區八德路3段2號12樓之1
42642815,嘉客文旅飯店股份有限公司,臺北市中正區重慶南路1段113號2樓
42645192,原始碼智慧股份有限公司,臺北市松山區八德路3段199巷21號2樓之11
42645828,盈嘉整合餐飲有限公司,臺北市大安區敦化南路1段160巷11號
42646410,湧銓餐飲有限公司,臺北市中山區長安東路1段53巷1之6號
42647662,艾莫芽學苑股份有限公司,臺北市士林區士東路220號1樓
42648894,澳斯國際股份有限公司,臺北市大安區忠孝東路3段217巷4弄17號1樓
42648938,母狼餐飲有限公司,臺北市松山區寧安街7巷7號
42650602,洧騰有限公司,臺北市中山區安東街17之2號
42651623,同隆股份有限公司,臺北市大安區信義路4段1號4樓之7
42651665,新北投實業股份有限公司,臺北市中山區南京東路3段21號11樓
42652989,黑糖文創股份有限公司,臺北市信義區松仁路101號
53006329,香港商馬雅餐飲股份有限公司,臺北市信義區松隆路102號16樓之1
53006475,英屬維京群島商敦宜股份有限公司,臺北市大安區光復南路632號5樓
53010365,東森海洋溫泉酒店股份有限公司,臺北市大安區復興南路一段368號5樓
53010999,英屬維京群島商台灣興華拓展股份有限公司,臺北市中正區博愛路28號
53011081,薩摩亞商盛世傳媒股份有限公司,臺北市大安區建安里忠孝東路4段169號6樓之1
53011738,英屬維京群島商銅猴子餐廳股份有限公司,臺北市中山區復興北路166號
53017579,新加坡商有機化藝有限公司,臺北市信義區忠孝東路5段1-1號12樓
53019252,塞席爾商微風姬芙股份有限公司,臺北市信義區光復南路551號7樓之3
53023930,日商仕女經濟藝術有限公司,臺北市大安區敦化南路1段187巷46號1樓
53079737,捷耀食品有限公司,臺北市中山區民權東路2段71巷39號1樓
53079878,大盟開發股份有限公司,臺北市松山區敦化北路167號18樓
53080328,華酒國際開發股份有限公司,臺北市松山區敦化北路102號7樓
53080777,椅子工作室有限公司,臺北市松山區民權東路3段144號9樓
53081179,盛典餐飲股份有限公司,臺北市中山區松江路77巷12號
53081939,雅蘭生活美學有限公司,臺北市萬華區廣州街79號
53082466,醉翁亭有限公司,臺北市大安區復興南路1段295巷24號
53082536,大品國際聯合餐飲股份有限公司,臺北市中山區中山北路1段145號(9樓)
53082542,沅味國際有限公司,臺北市信義區逸仙路42巷17號1樓
53082727,饕餮之徒有限公司,臺北市大安區復興南路1段295巷24號
53083021,銓錸行銷有限公司,臺北市信義區信義路4段413號2樓之3
53083129,萊明富健康快樂有限公司,臺北市文山區萬和街8號9樓之2
53083211,酒神貿易有限公司,臺北市大安區復興南路1段126巷1號2樓之2
53083471,喬伊思有限公司,臺北市大安區安和路1段21巷5號1樓
53083866,布法羅股份有限公司,臺北市中山區北安路538巷1弄9號1樓
53084014,安寶餐飲有限公司,臺北市中山區松江路33號
53085652,統一上都股份有限公司,臺北市松山區東興路8號8樓
53086511,扈豐食府股份有限公司,臺北市松山區民生東路5段99號
53086836,神鑑股份有限公司,臺北市內湖區內湖路1段396號12樓
53086890,台灣<U+5869>酥雞股份有限公司,臺北市中山區北安路530號
53087379,松益網路事業有限公司,臺北市大同區寧夏路155號7樓
53087722,天堂鳥音樂有限公司,臺北市大安區和平東路3段68-6號
53087808,茂喜生技企業有限公司,臺北市內湖區基湖路35巷22號
53088784,太鼓判有限公司,臺北市內湖區金湖路377號
53089762,全家國際餐飲股份有限公司,臺北市中山區中山北路2段61號3樓
53089828,味滿屋餐飲有限公司,臺北市松山區興安街214號
53089876,食趣國際有限公司,臺北市中山區民權西路42之2號
53090183,台灣亞瑪亞股份有限公司,臺北市中山區南京東路2段174號8樓
53090557,花蓮海洋論壇股份有限公司,臺北市中正區衡陽路51號14樓
53091042,豐碩企業有限公司,臺北市內湖區成功路3段187巷3弄15號1樓
53091872,承先開發有限公司,臺北市中山區吉林路315巷36號
53091985,京庭國際有限公司,臺北市松山區市民大道4段147號1樓
53092470,富柏潤國際股份有限公司,臺北市中山區松江路439號2樓
53092513,立眴鼠~股份有限公司,臺北市松山區敦化北路222巷6弄2號
53092675,季節開發有限公司,臺北市大同區南京西路344巷23號3樓之3
53093359,宸毅企業有限公司,臺北市大安區仁愛路3段29號8樓之1
53093597,翃甫企業有限公司,臺北市大安區仁愛路3段29號8樓之1
53094385,躍寅股份有限公司,臺北市大安區金華街243巷1號1樓
53094934,姵慈有限公司,臺北市大安區樂利路86巷6號
53095933,得意欣業有限公司,臺北市中山區長安東路2段171號2樓之8
53096026,黑米食品有限公司,臺北市信義區忠孝東路4段553巷22弄5號1樓
53096861,飯饌餐飲有限公司,臺北市中正區新生南路1段54巷3號
53096877,華亞客戶資訊管理顧問股份有限公司,臺北市大安區忠孝東路4段235號10樓
53097186,聯邦億達有限公司,臺北市中山區長安東路2段81號12樓
53097279,北蘆莊有限公司,臺北市中山區松江路273號1樓
53097377,東方美學有限公司,臺北市大安區忠孝東路4段155號7樓
53097469,食旅概念有限公司,臺北市大安區敦化南路1段295巷10號
53097714,一碟股份有限公司,臺北市大安區敦化南路1段155號2樓
53097931,富康國際興業股份有限公司,臺北市信義區忠孝東路5段510之2號
53098116,佳宣食品企業有限公司,臺北市信義區忠孝東路4段553巷18號1樓及地下室
53098220,好崴有限公司,臺北市大安區忠孝東路4段220號13樓
53098360,頂峰開發建設股份有限公司,臺北市大安區信義路2段44巷9號1樓
53098740,寒舍國際酒店股份有限公司,臺北市信義區松高路18號
53098880,百宴軒有限公司,臺北市萬華區中華路2段416巷3號4樓之2
53099712,品品國際股份有限公司,臺北市大安區敦化南路2段81巷20號
53100062,芷亭餐飲有限公司,臺北市中山區林森北路119巷2之1號1樓
53100274,台北壹零壹尊榮管理顧問股份有限公司,臺北市信義區信義路5段7號59樓
53101251,逸居餐飲有限公司,臺北市大安區新生南路3段56巷11號
53102104,<U+5586>園事業股份有限公司,臺北市中山區建國北路1段80號1樓及2樓
53102717,富豐餐飲股份有限公司,臺北市中山區德惠街9號1樓
53103595,正永有限公司,臺北市中山區長安東路2段92號
53104118,伊勢餐飲事業有限公司,臺北市松山區敦化北路6號1樓
53104378,荖藤國際股份有限公司,臺北市內湖區港墘路208號
53104481,爾必達股份有限公司,臺北市松山區敦化北路165巷9號(1樓)
53105480,寰昕國際有限公司,臺北市大安區忠孝東路4段285號5樓
53105799,美儷新境有限公司,臺北市松山區南京東路5段283、285、287號1至4樓及289號2至4樓
53107213,邑法食品有限公司,臺北市大安區忠孝東路4段122-1號
53108487,箱緹國際股份有限公司,臺北市松山區民生東路3段113巷23號
53108851,希望之春國際開發有限公司,臺北市大安區忠孝東路3段217巷8弄8號1樓
53109850,紅鼎敘企業有限公司,臺北市中山區明水路646號
53109958,翡彩彤有限公司,臺北市松山區光復南路390號3樓之2
53111342,台北吉本娛樂事業股份有限公司,臺北市中正區八德路1段23號9樓
53111743,萌遠股份有限公司,臺北市中山區敬業三路11號
53111814,鐵人化計畫股份有限公司,臺北市中正區忠孝西路1段50號16樓
53111856,雙人徐企業有限公司,臺北市內湖區民權東路6段186之1號
53112686,保慶食品有限公司,臺北市中山區松江路222號1樓
53113051,翠瑞斯國際有限公司,臺北市信義區松仁路89-2號
53113714,掌握國際管理顧問實業有限公司,臺北市信義區永吉路32號9樓之8
53114191,八滬曲餐飲股份有限公司,臺北市內湖區成功路2段371號地下1樓
53114798,御珍軒有限公司,臺北市大同區重慶北路1段62號、62號2樓
53114994,金登龍有限公司,臺北市中正區羅斯福路1段1之2號1樓
53116923,台灣福代克思股份有限公司,臺北市內湖區內湖路1段91巷22號3樓
53117731,佑翰開發股份有限公司,臺北市萬華區漢口街2段90巷8弄9號1樓
53118041,台灣富驛酒店股份有限公司,臺北市中山區南京東路3段131號1樓、地下1樓、10、11、12、13樓
53118437,禮輝食品股份有限公司,臺北市內湖區新湖三路237號(1樓)
53119013,虎城國際股份有限公司,臺北市信義區東興路59號1樓
53119554,戴樂哈斯有限公司,臺北市內湖區洲子街112號
53119962,達達國際實業有限公司,臺北市中山區中山北路2段77巷2號地下
53120270,西里奧斯光之輪有限公司,臺北市大安區忠孝東路4段169號6樓之1
53120567,月半餐廳股份有限公司,臺北市士林區忠誠路2段140巷34號1樓
53121453,大師會館國際酒店股份有限公司,臺北市大同區市民大道1段209號10樓
53122214,山海屋有限公司,臺北市中山區天津街65號2樓
53122283,饗樂有限公司,臺北市大安區東豐街67號
53122426,諦盟資產管理有限公司,臺北市萬華區隆昌街11號
53124043,祥成國際諮詢有限公司,臺北市中山區林森北路85巷20號1樓
53124228,曏竭企業有限公司,臺北市中正區忠孝西路1段50號14樓之12
53126062,洛神賦食品有限公司,臺北市大安區仁愛路4段27巷16號
53126268,畫新聞網路傳媒有限公司,臺北市內湖區堤頂大道2段501號4樓
53126605,吸引力文創娛樂股份有限公司,臺北市信義區松壽路12號7樓、8樓
53127457,弘宇國際事業有限公司,臺北市大安區仁愛路4段91巷12號
53128934,街角食品有限公司,臺北市中山區南京東路3段189號4樓
53129080,新竹山城花園股份有限公司,臺北市中正區衡陽路51號14樓
53163072,易智宇股份有限公司,臺北市內湖區內湖路1段392號4樓之1
53189452,科登國際實業有限公司,臺北市內湖區金龍路228號4樓
53189875,展奕國際股份有限公司,臺北市中山區民權東路3段9號1樓
53214993,佰賜福有限公司,臺北市信義區光復南路419巷103號1樓
53216633,諾斯歐國際有限公司,臺北市文山區辛亥路5段53號1樓
53228201,雲端酒市國際有限公司,臺北市文山區羅斯福路5段88之3號
53236119,台灣多媒體國際股份有限公司,臺北市中正區忠孝西路1段4號8樓
53309843,珅陽股份有限公司,臺北市信義區松德路161號23樓之1
53310638,暹廚泰式料理有限公司,臺北市大安區安和路2段231號
53310948,一三九二全人志業股份有限公司,臺北市北投區光明路242號2樓之7
53311502,品傑國際有限公司,臺北市內湖區成功路4段182巷6弄43號8樓之3
53313059,美臺團網路股份有限公司,臺北市中正區中華路1段77號6樓之1
53313282,金鑽石有限公司,臺北市萬華區漢口街2段54號3樓
53315269,中華雙子星開發股份有限公司,臺北市松山區東興路12號16樓
53315486,亞和緣創有限公司,臺北市大安區延吉街62巷9號
53315556,故鄉味有限公司,臺北市內湖區瑞光路421號
53315654,法城國際有限公司,臺北市大安區安和路1段49巷3號1樓
53315991,玖杯坊股份有限公司,臺北市大安區光復南路346巷21號1樓
53316801,南豐國際開發股份有限公司,臺北市北投區中山路3號
53317858,郁紳國際貿易股份有限公司,臺北市中山區長春路26號5樓之10
53318408,蠔饌有限公司,臺北市大安區安和路2段40號
53318857,墨鈞國際有限公司,臺北市松山區民族東路689號1樓
53320782,祤襐企業有限公司,臺北市中山區松江路3號4樓之4
53320811,羲棋有限公司,臺北市士林區雨農路2巷2號1樓
53320827,展旗有限公司,臺北市大安區忠孝東路4段223巷75號1樓
53321810,葡萄坊欣業有限公司,臺北市中山區長春路100號6樓之11
53322260,東永祥開發股份有限公司,臺北市大同區重慶北路2段10號1樓
53322418,彼亞蒂妮有限公司,臺北市中正區臨沂街40-7號
53323161,廬醫山本草生技股份有限公司,臺北市中正區忠孝東路2段100號5樓、5樓之1
53323731,馥悅股份有限公司,臺北市信義區松壽路28號
53323839,明緯國際商務股份有限公司,臺北市內湖區瑞光路76巷43號5樓
53324041,烸狸企業有限公司,臺北市大安區四維路154巷15號1樓
53324719,陶然居樂活館有限公司,臺北市大安區安東街50號1樓
53325745,諾維兒文創事業有限公司,臺北市大安區溫州街58巷2號1樓
53326977,市喜企業有限公司,臺北市大安區忠孝東路4段216巷27弄10號
53328172,仲熹實業股份有限公司,臺北市松山區民生東路3段132號7樓
53328996,承馥餐飲事業股份有限公司,臺北市大安區復興南路2段346號1樓
53329432,貓咪先生有限公司,臺北市大安區大安路1段83巷7號A棟1樓
53331079,海亞國際開發股份有限公司,臺北市士林區士東路2巷7號2樓
53331731,東京潮尚國際有限公司,臺北市大安區敦化南路1段205號11樓之2
53331958,夢工房股份有限公司,臺北市中山區南京東路1段92號4樓
53332056,愛華網根文化產業有限公司,臺北市松山區敦化北路102號7樓
53332696,盈豐國際股份有限公司,臺北市大安區敦化南路2段40號7樓之1
53333267,夾腳拖的家有限公司,臺北市大同區華陰街103號
53333837,食彩股份有限公司,臺北市大同區重慶北路2段127號1樓
53334131,一心二葉茶葉股份有限公司,臺北市信義區基隆路2段107之5號2樓之1
53334343,黑茶屋餐飲事業股份有限公司,臺北市大安區敦化南路2段81巷20號1、2樓
53336068,多本食品有限公司,臺北市大安區忠孝東路4段1號6樓
53337025,亞洲新德里有限公司,臺北市大安區雲和街65號
53337159,天禧國際餐飲股份有限公司,臺北市內湖區行愛路77巷55號
53337947,一二三股份有限公司,臺北市大安區復興南路1段279巷24號1樓
53337952,縛華企業有限公司,臺北市中正區忠孝西路1段50號14樓之12
53338832,創健食坊有限公司,臺北市大安區仁愛路4段91巷5號
53339868,富饌餐飲有限公司,臺北市大安區市民大道4段104號
53340062,三重奏股份有限公司,臺北市中正區忠孝西路1段50號15樓
53340302,李方企業股份有限公司,臺北市大同區南京西路316號3樓
53342505,微風置地股份有限公司,臺北市信義區忠孝東路5段68號6樓
53342815,台北雙子星大樓營運股份有限公司,臺北市中正區青島東路4號2樓之1
53343119,設計之家有限公司,臺北市中山區中山北路2段50巷13之2號
53343201,霸天得有限公司,臺北市大安區安和路2段71巷7號
53343271,時瀚國際股份有限公司,臺北市中山區中山北路1段121巷29號1樓
53343429,頌夏有限公司,臺北市士林區社中街387號1樓
53343906,台灣瓦皮安諾股份有限公司,臺北市信義區信義路5段91巷12弄1號2樓
53343928,巴科隆餐旅股份有限公司,臺北市中山區民權東路2段71巷39號1樓
53345496,洛箕潞有限公司,臺北市內湖區內湖路1段737巷51弄1之1號1樓
53345762,實夢有限公司,臺北市大安區大安路1段31巷27號
53346740,窗口美式餐廳有限公司,臺北市松山區復興北路209號
53346919,龍飛傳媒科技有限公司,臺北市信義區忠孝東路5段1-3號10樓
53347142,貝黎士國際企業有限公司,臺北市大安區忠孝東路4段181巷7弄21號
53349113,水舍銀光開發股份有限公司,臺北市北投區溫泉路銀光巷22號
53350119,太鮮生技股份有限公司,臺北市大安區仁愛路4段151巷38號2樓
53351428,禾奕有限公司,臺北市大安區忠孝東路3段303號4樓之8
53351433,傳奇興業有限公司,臺北市內湖區江南街65巷45號
53351813,弘眥篕睎\飲事業有限公司,臺北市士林區中正路694號
53353024,老爺榮康股份有限公司,臺北市北投區中和街2號6樓
53354001,吸元國際育樂股份有限公司,臺北市信義區松壽路12號(9樓)
53354781,鑫太娛樂行銷有限公司,臺北市信義區松壽路22號5樓
53355634,杰摩爾國際有限公司,臺北市大安區信義路3段156號10樓之1
53355803,瓏曜食品有限公司,臺北市大安區安和路1段109巷6號1樓
53355923,源裕豐國際股份有限公司,臺北市中山區伊通街28號2樓
53357350,煙活有限公司,臺北市信義區松德路297號
53358864,京華世界尊爵國際股份有限公司,臺北市松山區八德路4段138號9樓
53358935,全球首席股份有限公司,臺北市松山區光復南路13巷5號1樓
53458913,大魯閣開發股份有限公司,臺北市內湖區民善街83號3樓
53519518,吸引力商旅有限公司,臺北市信義區松仁路89號5樓
53519637,柯斯特餐營有限公司,臺北市大安區忠孝東路4段223巷71弄6號
53519685,依戀探索承德旅館股份有限公司,臺北市北投區承德路7段236號
53519849,西洋棋有限公司,臺北市信義區忠孝東路5段297號2樓
53520304,齊客來股份有限公司,臺北市中山區民權東路2段42號4樓
53520732,國美名廚企業有限公司,臺北市內湖區成功路3段199號2樓
53520971,一品成有限公司,臺北市內湖區民權東路6段127號
53521177,雙子星國際開發股份有限公司,臺北市中山區長安東路2段88號9樓
53522485,京品餐廳有限公司,臺北市中正區仁愛路2段7-1號1樓、7號1樓及地下樓
53522703,昶印有限公司,臺北市大安區浦城街13巷26號
53522730,油菜花有限公司,臺北市大安區東豐街67號1樓
53523013,東方仙境農業科技開發股份有限公司,臺北市松山區八德路3段225號11樓之4
53523029,玻爾多有限公司,臺北市中山區長春路100號6樓之11
53523317,果緣有限公司,臺北市大安區延吉街62巷1號1樓
53523822,<U+7287>火燻寶有限公司,臺北市中山區吉林路161巷14號1樓
53524110,躍洋有限公司,臺北市大安區和平東路3段77號1樓
53524300,旋轉木馬食品有限公司,臺北市中山區明水路672巷46號
53524673,阿里山纜車有限公司,臺北市中正區杭州南路1段15之1號21樓
53525595,前瞻智慧行銷有限公司,臺北市中正區臨沂街51號
53525639,卉霆有限公司,臺北市松山區南京東路3段256巷52號
53525912,泉心健康休閒事業股份有限公司,臺北市松山區健康路156號地下1樓
53527117,逸秝國際有限公司,臺北市中山區中山北路3段29號11樓之4
53527469,贏贏國際有限公司,臺北市中山區天津街50號1樓
53527502,棒活動藝文有限公司,臺北市中正區新生南路1段160巷22-1號
53527762,卓傲股份有限公司,臺北市中山區建國北路2段145號11樓
53528827,禾康時尚有限公司,臺北市大同區延平北路1段69巷10號1樓
53528919,盛茹有限公司,臺北市大安區復興南路1段295巷24號1樓
53529924,潮汕紅實業股份有限公司,臺北市大安區復興南路2段277號、279號2樓
53530062,羅馬巨人股份有限公司,臺北市大安區安和路1段83號
53531225,凰鶯越南餐館有限公司,臺北市南港區新民街76號1樓
53531999,燕翔國際事業有限公司,臺北市信義區基隆路2段189號21樓之1
53532195,王侯將相國際開發有限公司,臺北市內湖區江南街75號
53533217,金字塔綜效行銷有限公司,臺北市中正區南昌路2段31號2樓
53533315,宴上海有限公司,臺北市中山區建國北路1段58號2樓
53533477,富裕自由國際開發股份有限公司,臺北市中山區建國北路2段87號2樓之1
53534010,微風超市股份有限公司,臺北市大安區忠孝東路4段219號1樓
53534026,微風美饌股份有限公司,臺北市大安區忠孝東路4段219號1樓
53534150,東京麥力股份有限公司,臺北市松山區光復北路7號6樓
53534270,恭圓有限公司,臺北市大安區延吉街153之2號地下室
53534742,思馬樂國際股份有限公司,臺北市內湖區新明路460巷18弄19號
53535833,新姿有限公司,臺北市松山區八德路4段138號12樓
53536087,禾風實業股份有限公司,臺北市中正區重慶南路1段57號10樓之13
53536875,寶來屋有限公司,臺北市大安區泰順街38巷16號
53536967,金納黎泰式創意料理有限公司,臺北市中山區吉林路142號1樓
53537121,酩悅有限公司,臺北市中山區林森北路101號5樓B室
53537564,歐思味股份有限公司,臺北市中山區新生北路2段72巷23號7樓之3
53537776,允賀有限公司,臺北市士林區士東路266巷5弄19號地下室
53538901,翔欣文創有限公司,臺北市中正區愛國東路110巷14號1樓
53541151,無限力餐飲企業股份有限公司,臺北市中山區林森北路119巷40號1樓
53541363,肆壹有限公司,臺北市大安區羅斯福路3段325號之3
53542285,樺漾有限公司,臺北市中山區南京東路1段25號10樓之2
53542308,心邑國際有限公司,臺北市萬華區環河南路3段261號4樓
53543849,舒食有限公司,臺北市信義區松仁路101號1樓
53545918,小山堂餐飲股份有限公司,臺北市大安區復興南路1段129號3樓之3
53546016,微風綜合開發股份有限公司,臺北市士林區福國路17號4樓
53547633,群饌餐飲股份有限公司,臺北市信義區信義路5段16號之2
53547660,夜殿娛樂事業有限公司,臺北市中山區南京東路3段217號地下
53548160,艾勒門有限公司,臺北市內湖區瑞光路582號4樓
53548801,禾麟設計有限公司,臺北市信義區松信路172號4樓
53549301,六國股份有限公司,臺北市中正區忠孝西路1段41號5樓之17
53549457,海葵企業有限公司,臺北市大安區四維路154巷15號1樓 
53549956,火聖有限公司,臺北市大安區仁愛路4段300巷19弄4號
53550242,淘囍有限公司,臺北市大安區仁愛路4段408巷11號
53552810,肯舍有限公司,臺北市信義區永吉路249號
53554042,富宥貿易有限公司,臺北市北投區崇仁路1段28號1樓
53554535,咖嘜士有限公司,臺北市大安區東豐街66號6樓
53554654,歡城有限公司,臺北市松山區八德路4段138號12樓
53555078,金門渡假村股份有限公司,臺北市中山區復興北路48號3樓
53555627,富彪股份有限公司,臺北市大安區安和路2段35巷5號
53555817,雲端事業股份有限公司,臺北市內湖區洲子街78號(1-2樓)
53556077,文水藝文事業有限公司,臺北市中山區南京東路2段124號9樓
53556246,曉文藝空間設計有限公司,臺北市大同區迪化街1段32巷1號(3樓)
53556436,幸福品味實業股份有限公司,臺北市內湖區民善街128號
53556816,廷漢企業有限公司,臺北市內湖區金豐街60號1樓
53557842,食樂町股份有限公司,臺北市松山區光復北路112號3樓
53557977,秘氏有限公司,臺北市大安區浦城街4巷30號1樓
53558173,耀塔樂數位整合有限公司,臺北市士林區美崙街84巷11號
53559834,自圓其說國際有限公司,臺北市大安區安和路1段49巷13-1號
53560327,沃格國際菸酒股份有限公司,臺北市信義區基隆路2段107之5號2樓之1
53560641,吐司利亞三號有限公司,臺北市大安區敦化南路1段169巷3號
53561917,餘香有限公司,臺北市大安區敦化南路2段81巷45弄12號
53563886,茗緣有限公司,臺北市中山區林森北路286號6樓之4
53564246,宏璽國際股份有限公司,臺北市文山區福興路62號2樓之6
53565646,樂巢有限公司,臺北市中正區思源街1號
53566357,海峽會股份有限公司,臺北市松山區敦化北路167號地下1樓
53652347,英屬維京群島商灝益有限公司,臺北市松山區八德路4段138號3樓及4樓
53656147,塞席爾商瑩景有限公司,臺北市內湖區南京東路6段451巷57號2樓之1
53658567,香港商梅光軒有限公司,臺北市中山區南京東路2段38號5樓
53658736,香港商亞妮斯比股份有限公司,臺北市信義區松仁路36號9樓
53661107,薩摩亞商亞立基國際股份有限公司,臺北市大同區寧夏路11號地下1樓
53661839,日商雪諾必克股份有限公司,臺北市士林區中山北路6段37號之2、39號、39號之1、39號之2
53663745,薩摩亞商夏普資產管理有限公司,臺北市信義區忠孝東路5段1-1號10樓
53665737,英屬維京群島商安傑羅餐飲有限公司,臺北市大安區忠孝東路4段170巷6弄20及22號1樓
53666927,英屬維京群島商紅隼餐廳股份有限公司,臺北市信義區松壽路12號6樓
53672104,新加坡商優達斯國際有限公司,臺北市信義區基隆路1段163號3樓之2
53673201,貝里斯商寶家家有限公司,臺北市信義區基隆路1段155號5樓之9
53676185,英屬維京群島商丹朵有限公司,臺北市中山區中山北路2段46號12樓之1
53678368,日商邁偉股份有限公司,臺北市中山區長春路15號3樓
53714060,謙商旅股份有限公司,臺北市大安區忠孝東路4段197號14樓
53730414,歐奇餐飲股份有限公司,臺北市大同區承德路1段44號6樓
53731125,晶鑫文創資產開發有限公司,臺北市大安區敦化南路2段40號11樓
53731194,欣琦翊設計有限公司,臺北市中正區臨沂街59巷9號3樓
53731510,夏喜國際有限公司,臺北市信義區松德路65號11樓之2
53731841,宏岡國際股份有限公司,臺北市大安區敦化南路2段267號12樓之3
53732953,理揚農技股份有限公司,臺北市中山區民生東路3段49號16樓
53734018,千利國際有限公司,臺北市信義區福德街268巷7弄22號
53734636,捷羽創意股份有限公司,臺北市中山區民權東路2段26號6樓之3
53734880,安博雅緻有限公司,臺北市大安區東豐街66號6樓
53734919,英<U+6761>棆股份有限公司,臺北市中山區南京東路2段137號14樓
53735207,名喜日本料理有限公司,臺北市內湖區內湖路1段296號、300號2樓之1
53738513,夜上海有限公司,臺北市萬華區漢口街2段54號3樓
53738627,天悅國際餐飲企業有限公司,臺北市大安區建國南路2段187號
53739127,逸尚國際股份有限公司,臺北市大同區太原路152巷15號
53739626,飛訊餐飲管理顧問有限公司,臺北市內湖區瑞光路478巷20號5樓
53739772,醬吃有限公司,臺北市中山區長春路105號
53740948,愛十有限公司,臺北市中山區中山北路1段135巷38號B1
53741828,巧思數位行銷股份有限公司,臺北市大安區忠孝東路4段333號11樓之2
53742468,串貳餐飲事業股份有限公司,臺北市大安區大安路1段31巷44號
53742501,圓豐餐飲有限公司,臺北市大安區四維路166號1樓
53742657,台灣尚好禮股份有限公司,臺北市萬華區長沙街2段161號6樓
53743797,富玉食堂有限公司,臺北市大安區大安路1段83巷14號1樓
53745211,<U+7287>角牛食品有限公司,臺北市中山區龍江路96號1樓
53745351,金東蓮國際有限公司,臺北市信義區忠孝東路5段71巷12弄8號4樓之1
53746210,永發餐飲有限公司,臺北市松山區興安街222號1樓
53746598,道地餐飲股份有限公司,臺北市中山區遼寧街101巷2弄16號1樓
53747457,秋記有限公司,臺北市大安區忠孝東路4段216巷19弄16號1樓
53747702,人定有限公司,臺北市大安區大安路1段31巷27號
53748879,聯英事業有限公司,臺北市大安區忠孝東路3段6號8樓
53749602,丸大食品有限公司,臺北市大安區和平東路1段167號(1樓)
53749618,豬妞廚房有限公司,臺北市中山區雙城街19巷5號1樓
53749716,杜伊有限公司,臺北市中正區汀洲路2段40號9樓
53749954,喜膳國際商貿股份有限公司,臺北市大安區敦化南路2段69號11樓
53751000,糖朝餐飲股份有限公司,臺北市大安區忠孝東路4段201號2樓
53751114,雅晴餐飲事業股份有限公司,臺北市內湖區金莊路98號
53752465,譚仔三哥餐飲有限公司,臺北市中正區中華路1段59號7樓
53752731,淳翊餐飲股份有限公司,臺北市大安區仁愛路4段300巷26弄19號
53752768,錦騰璽尊有限公司,臺北市松山區八德路4段138號4樓
53752958,海灣餐飲有限公司,臺北市松山區南京東路5段66巷3弄3號
53754604,澎盟股份有限公司,臺北市松山區復興北路57號3樓之1
53754935,美而饌有限公司,臺北市文山區景福街29號2樓
53755110,仁合餐飲有限公司,臺北市中山區民生東路1段87號5樓之6
53755245,金品國際事業有限公司,臺北市內湖區洲子街80號1樓
53755250,凱怡國際企業有限公司,臺北市信義區忠孝東路5段492巷26號
53755786,薩克餐飲有限公司,臺北市中山區松江路133巷14-1號
53755961,騑耳藝術文化有限公司,臺北市大安區忠孝東路4段295號3樓
53756053,自然風餐飲有限公司,臺北市大安區市民大道4段124號、126號
53756504,飛創餐飲股份有限公司,臺北市內湖區民善街89號3樓
53756547,滿納多有限公司,臺北市松山區敦化北路145巷73號
53757742,漁藏有限公司,臺北市大安區仁愛路4段112巷3弄8號
53757779,鼎強文創國際股份有限公司,臺北市大安區復興南路2段13號12樓
53759523,凱蘿娜生技有限公司,臺北市大安區敦化南路1段205號3樓之8
53759657,立多旅館有限公司,臺北市萬華區開封街2段53號、53號2樓、3樓之1至5、4樓之1至5、5樓之1至5、6樓之1至5、7樓之1至4、8樓之1至3、9樓之1至3
53760113,興發投資有限公司,臺北市中正區忠孝西路1段50號11樓之11
53760280,萬里酒品事業股份有限公司,臺北市信義區松智路1號19樓
53760633,亞盧流行時尚有限公司,臺北市中正區三元街198號1樓
53762267,夢想成真有限公司,臺北市中山區建國北路1段156號地下1樓
53762560,沐舍時尚酒店有限公司,臺北市信義區吳興街600巷81號2樓
53762739,杉鍠企業有限公司,臺北市北投區中和街521號
53763717,銀色種子有限公司,臺北市中正區重慶南路1段57號12樓之18
53763809,康食國際有限公司,臺北市大安區安和路2段169號1樓
53765399,大方舟音樂展演有限公司,臺北市大安區敦化南路1段205號2樓之8
53765692,楓味亭居食有限公司,臺北市松山區敦化北路165巷7號
53766361,元族有限公司,臺北市中山區林森北路133巷52號1樓
53766799,濟賢有限公司,臺北市中山區林森北路119巷18號1樓
53767050,西門卡菲有限公司,臺北市信義區松壽路18號
53768327,紅久國際有限公司,臺北市大安區仁愛路4段300巷25弄2號1樓
53768500,衡陽綜合有限公司,臺北市松山區八德路4段138號4樓
53769022,法帝有限公司,臺北市大安區安和路1段49巷3號
53769775,鼎強有限公司,臺北市萬華區西寧南路36-15號1樓
53770999,實愛食品有限公司,臺北市大安區安和路1段29號13樓
53771759,名曜實業有限公司,臺北市中正區新生南路1段54巷12號(1、2樓)
53772574,佳訊全方位行銷股份有限公司,臺北市中正區館前路34號2樓
53773638,聚品國際有限公司,臺北市中山區松江路289之602號
53773834,太平洋森活股份有限公司,臺北市大安區忠孝東路4段285號6樓
53773898,梧桐沙龍有限公司,臺北市信義區忠孝東路4段553巷38號1樓
53774025,喜樂全興業股份有限公司,臺北市大安區安和路1段109巷6號(1樓)
53774881,瑄逸餐飲有限公司,臺北市松山區健康路325巷18弄7號1樓
53776229,悅好生活有限公司,臺北市大安區敦化南路1段161巷29號(1樓)
53776234,鼎心展業有限公司,臺北市中山區林森北路133巷18號1樓
53776749,侑趣有限公司,臺北市大安區復興南路2段309號
53776760,萬濠事業股份有限公司,臺北市信義區基隆路1段396號12樓之1   
53777135,白石國際顧問股份有限公司,臺北市內湖區民權東路6段123巷24號9樓之1
53777769,<U+4F03>辰實業有限公司,臺北市中正區南昌路2段31號2樓
53777986,福美酒店股份有限公司,臺北市中山區南京東路3段21號9樓
53778681,五鐵秋葉原股份有限公司,臺北市中正區黎明里忠孝西路1段50號地下1層至地下3層、1樓至5樓及7樓
53778726,雅浮蒂有限公司,臺北市松山區敦化南路1段238巷1號
53778916,河堤一八六號有限公司,臺北市中正區汀州路2段186號地下樓
53830700,熊貓食品有限公司,臺北市大安區敦化南路2段63巷40號1樓
53838153,宅流通事業開發有限公司,臺北市信義區松智路1號11樓
53909537,虎屋咖啡有限公司,臺北市松山區民生東路5段36巷8弄20號
53911908,飛昶有限公司,臺北市大安區和平東路2段118巷62號
53912857,好日子股份有限公司,臺北市士林區雨聲街61之1號
53912961,笑哈哈企業有限公司,臺北市中山區林森北路483號3樓之9
53912998,暹廚泰豐吉林有限公司,臺北市中山區吉林路39號
53913146,費尼餐飲有限公司,臺北市內湖區瑞光路478巷18弄30號1樓
53913363,魚民股份有限公司,臺北市萬華區成都路1號2樓、中華路1段152號2樓
53913835,台研國際行銷有限公司,臺北市中正區濟南路2段31之17號
53914378,亞杰餐飲有限公司,臺北市大安區復興南路1段107巷5弄8號1樓
53914623,邑和園餐飲股份有限公司,臺北市大安區臨江街87號2樓
53916354,水吻餐飲有限公司,臺北市內湖區瑞光路591號
53917467,璽易國際貿易有限公司,臺北市大安區忠孝東路3段221之3號(2樓)
53917570,莫凡彼餐飲管理顧問股份有限公司,臺北市南港區南港路3段50巷5號地下
53917749,食樂股份有限公司,臺北市大同區重慶北路2段127號
53918135,福至國際貿易有限公司,臺北市中山區南京西路1之1號6樓
53918178,鑫綺國際貿易有限公司,臺北市中山區南京西路1之1號6樓
53918634,澄季有限公司,臺北市內湖區內湖路2段179巷48弄6號2樓
53918780,百合莊園有限公司,臺北市大安區樂利路11巷23號
53919063,虎將餐飲股份有限公司,臺北市大安區忠孝東路4段219號1樓
53919253,吧廚餐飲顧問有限公司,臺北市大安區浦城街24之2號
53919373,一嵐有限公司,臺北市中山區中山北路1段140巷2之1號4樓
53919789,金樂利國際有限公司,臺北市信義區松壽路12號(9樓)
53920322,古得嘉國際股份有限公司,臺北市大安區忠孝東路4段333號12樓之3
53921309,台北花園開發股份有限公司,臺北市大同區太原路57號
53921390,極品雞煲火鍋有限公司,臺北市大安區市民大道4段80號1樓
53921650,蘋果飯店股份有限公司,臺北市中山區長安東路2段63號4樓
53921764,元氣先生有限公司,臺北市中正區羅斯福路3段126號3樓
53921862,台維食品企業有限公司,臺北市南港區重陽路30號
53922052,養心餐飲事業有限公司,臺北市中山區松江路128號(1樓及2樓)
53922074,彩禾貿易股份有限公司,臺北市大安區安和路2段28號
53922855,昱安生物科技股份有限公司,臺北市中正區新生南路1段50號9樓之5
53922927,詹記餐飲顧問有限公司,臺北市中山區南京東路2段178號地下室
53923708,福久有限公司,臺北市大安區敦化南路2段273號5樓之1
53924832,愛買客股份有限公司,臺北市內湖區舊宗路1段159號3樓
53925776,軒芝鍋有限公司,臺北市中山區農安街170號1樓
53925868,日光大道股份有限公司,臺北市南港區八德路4段768巷1弄18號4樓之1
53925889,錦富程股份有限公司,臺北市大安區新生南路1段161巷5之4號
53926064,育廷企業有限公司,臺北市萬華區峨嵋街100號2樓之3
53926070,咕嚕網股份有限公司,臺北市大同區承德路3段297之1號2樓
53926938,菈<U+67E8>咖啡有限公司,臺北市中正區信義路2段161巷2弄7號
53927248,環宇餐飲股份有限公司,臺北市中山區遼寧街101巷2弄16號1樓
53927768,崎馨國際有限公司,臺北市內湖區民權東路6段90巷5弄6號2樓
53927916,品心設計有限公司,臺北市內湖區港墘路127巷27號（1樓）
53929196,祈利企業有限公司,臺北市中正區南昌路2段31號2樓
53929225,霍王企業有限公司,臺北市萬華區武成街101巷6弄1之1號1樓
53929512,荷田飲酒店有限公司,臺北市信義區基隆路2段10號
53929772,光舍國際餐飲有限公司,臺北市信義區基隆路1段364巷28號1樓
53930095,創新美味股份有限公司,臺北市中正區羅斯福路3段284巷11號1樓
53930911,萬亨達娛樂股份有限公司,臺北市大安區安和路1段73號1樓
53931313,小禮物有限公司,臺北市大同區赤峰街44巷4號
53931593,誠品旅館事業股份有限公司,臺北市信義區菸廠路98號、2樓、3樓及14樓
53931670,聖塔瑞有限公司,臺北市內湖區行愛路77巷57號2樓
53931806,比佛利食品股份有限公司,臺北市大安區敦化南路2段63巷38號1樓
53931926,傑概念有限公司,臺北市文山區和興路63號5樓
53932538,<U+53CC>安會館有限公司,臺北市大同區民權西路136號、136號地下一層
53934825,金銀泰國際有限公司,臺北市內湖區瑞光路360號8樓之2
53935113,十兵衛有限公司,臺北市大安區安和路2段23巷5號1樓
53935140,味柔股份有限公司,臺北市松山區八德路3段12巷5弄26號(1樓)
53935296,鑫山國際有限公司,臺北市大安區忠孝東路4段170巷17弄7號1樓
53935465,歡喜創意有限公司,臺北市信義區松德路153號
53935508,手串本舖股份有限公司,臺北市大安區仁愛路4段8巷20號
53936838,沐紗國際餐飲事業股份有限公司,臺北市大安區敦化南路2段81巷22號
53936892,星叢有限公司,臺北市大安區羅斯福路3段269巷9號
53937506,賦食行水有限公司,臺北市萬華區西寧南路82巷2號1樓
53937689,范蔡香股份有限公司,臺北市大安區信義路4段307號
53938364,百誠食品有限公司,臺北市中山區吉林路199巷36號
53938511,丸屋海產有限公司,臺北市大同區重慶北路3段223巷42號1樓
53939053,五福星企業有限公司,臺北市中山區成功里敬業一路128巷45號1樓
53939672,大威有限公司,臺北市大安區仁愛路4段425號
53941494,傑兆有限公司,臺北市信義區基隆路1段37巷24號2樓
53941537,品鮮璞食股份有限公司,臺北市中山區南京東路2段88號18樓
53941570,甜格子企業有限公司,臺北市內湖區新湖三路239號3樓
53941706,老爺商務會館股份有限公司,臺北市中山區林森北路83號4-12樓
53941826,福爾摩沙國際美食有限公司,臺北市松山區八德路4段760號7樓
53942368,三一區有限公司,臺北市中山區長安東路1段79-1號1樓
53942389,台灣中城發展股份有限公司,臺北市中正區衡陽路51號14樓之1
53942521,好幸福食堂有限公司,臺北市中山區吉林路18號1樓
53942682,品<U+714A>國際有限公司,臺北市信義區基隆路1段147巷5弄3號1樓
53945246,喜元有限公司,臺北市信義區吳興街60號
53945843,合鉅寶國際有限公司,臺北市信義區信義路5段150巷2號12樓之3
53946189,美典實業有限公司,臺北市信義區東興路37、39號2樓
53946245,比克餐飲有限公司,臺北市信義區和平東路3段391巷20弄6號1樓
53946527,頤順有限公司,臺北市中山區南京東路2段174號8樓
53946836,航博瑞樸股份有限公司,臺北市大安區敦化南路1段252巷24號
53947455,名屋餐飲有限公司,臺北市中正區新生南路1段6號2樓之1
53947954,松哖酒店股份有限公司,臺北市大安區仁愛路3段6號及8號
53948476,晴友國際有限公司,臺北市松山區延吉街9巷14弄4號3樓
53948530,三九四有限公司,臺北市中山區松江路69巷8之1號1、2樓
53949833,璞豆企業有限公司,臺北市大安區仁愛路3段5巷1弄21-7號
53950036,台灣通行商務股份有限公司,臺北市松山區南京東路3段275號7樓
53950205,友源有限公司,臺北市南港區重陽路59號
53950726,小房間有限公司,臺北市大安區四維路140號1樓
53951422,左側股份有限公司,臺北市大安區延吉街137巷26號
53952647,沃樂創意料理有限公司,臺北市萬華區西寧南路76之2號2樓
53953081,台灣北壽心股份有限公司,臺北市信義區忠孝東路4段553巷30號2樓
53953147,欣城實業股份有限公司,臺北市大同區鄭州路87號12樓之2
53953456,天將神兵創意廣告有限公司,臺北市大同區民族西路76巷12弄10號1樓
53953603,富裕自由商旅有限公司,臺北市大安區忠孝東路4段235號3樓、3樓之1、4樓、4樓之1、5樓、5樓之1
53953792,歡迎光臨飯店股份有限公司,臺北市大安區仁愛路4段109號8樓
53954188,索尼山股份有限公司,臺北市士林區承德路4段187號7樓
53954645,寶市古威有限公司,臺北市中山區復興北路420號12樓之1
53955320,山林實業有限公司,臺北市中正區汀州路3段165號7樓
53955497,陽光台維酒店股份有限公司,臺北市中正區北平東路20號2樓之1
53955623,泰盛娛樂事業股份有限公司,臺北市信義區忠孝東路5段297號2樓
53956550,<U+4E80>山社中股份有限公司,臺北市信義區基隆路2段51號14樓之1
53956714,庭惠娛樂事業有限公司,臺北市中山區林森北路138巷26號1樓
53956897,云陽創意國際發展股份有限公司,臺北市松山區八德路4段666號3樓之3
53957609,六<U+53F7>茶集有限公司,臺北市中正區新生南路1段6號2樓
53958038,金滿餐飲有限公司,臺北市大安區忠孝東路4段216巷11弄18號
54139327,創笙國際股份有限公司,臺北市大安區敦化南路1段190巷38號1樓
54139473,梅山有限公司,臺北市大安區光復南路346巷56號1樓，地下樓
54150151,中華之美餐飲顧問實業有限公司,臺北市士林區承德路4段198號3樓
54150589,艋舺熱海食品有限公司,臺北市大安區安和路2段69巷2號1、2樓
54151433,台灣歐馬克有限公司,臺北市大安區敦化南路1段177巷12弄2號
54153235,豐祿寶國際有限公司,臺北市中正區忠孝西路1段72號4樓
54154184,高見整合行銷股份有限公司,臺北市大安區忠孝東路4段2號9樓
54155584,歡迎光臨股份有限公司,臺北市萬華區中華路1段76巷23號
54156057,旭本食府有限公司,臺北市士林區天母東路8巷51號1樓
54157302,好味全市集股份有限公司,臺北市中山區中山北路2段42巷4號1樓
54157513,木合金設計有限公司,臺北市北投區大度路3段296巷33弄7號1樓
54157632,涌瑞有限公司,臺北市大同區大龍街91巷17之1號1樓
54159202,台寶網發展股份有限公司,臺北市內湖區瑞光路66巷36號3樓
54160215,日青亞交流點有限公司,臺北市大安區忠孝東路4段223巷75號
54160257,豐丘有限公司,臺北市中山區中山北路2段42巷4號1樓
54160572,青聿頁西式廚房餐飲股份有限公司,臺北市中山區長安東路1段30巷6號1樓
54161452,陸台會股份有限公司,臺北市大安區敦化南路2段38號8樓之1
54162353,紅點手工鮮釀啤酒股份有限公司,臺北市大安區信義路4段233號4樓之1
54162781,南灣餐飲有限公司,臺北市大安區敦化南路1段187巷23號
54162826,正好實業股份有限公司,臺北市中山區南京東路2段160號8樓
54162868,卿蓬股份有限公司,臺北市大安區民炤里仁愛路3段30號9樓
54163629,太平洋鮮活股份有限公司,臺北市大安區忠孝東路4段285號8樓
54164937,三商立泰股份有限公司,臺北市中山區建國北路2段145號11樓
54165653,天台飲食文化股份有限公司,臺北市大安區忠孝東路4段67號1樓及69號、71號地下1樓
54166105,云品美食有限公司,臺北市中正區館前路59號1樓
54166132,禾沛國際藝術有限公司,臺北市大安區大安路1段126巷8號1樓
54166668,顏宇設計有限公司,臺北市信義區松德路202號1樓
54167316,喜多斯餐飲有限公司,臺北市北投區裕民六路130號1樓
54167478,愛家餐飲有限公司,臺北市松山區富錦街509號1樓
54168309,新宿實業有限公司,臺北市中山區中山北路3段49號2樓
54168820,大方國際餐飲股份有限公司,臺北市中山區中山北路1段121巷18號1、2、3樓
54169068,三心行有限公司,臺北市松山區敦化北路165巷20號1樓
54169222,禾家餐飲有限公司,臺北市大安區延吉街131巷37號
54169454,串香珍企業有限公司,臺北市南港區忠孝東路7段598號
54169911,一禮餐飲股份有限公司,臺北市中山區南京東路3段133號地下1樓
54170086,啤瓦多創意行銷有限公司,臺北市中正區金門街24巷35號
54170348,麒麟尚品有限公司,臺北市南港區重陽路59號
54170754,蓮潭休閒股份有限公司,臺北市中山區林森北路380號9樓
54172107,豆胤有限公司,臺北市松山區敦化北路222巷37號
54173078,空氣工房音樂有限公司,臺北市大安區光復南路204巷2號10樓之3
54173324,善食國際股份有限公司,臺北市中山區松江路277之1號7樓
54176639,大腳盤青年旅舍股份有限公司,臺北市萬華區西寧南路219號5樓
54176672,巧斯實業股份有限公司,臺北市信義區虎林街225號1樓
54178778,三五區有限公司,臺北市中山區長安東路1段79之1號1樓
54179256,醺饗有限公司,臺北市中山區松江路506號3樓之2
54179592,台灣勁邦有限公司,臺北市內湖區內湖路1段685號2樓
54179734,馬寶實業有限公司,臺北市松山區中正里南京東路3段285號9樓
54180850,晶軒餐飲股份有限公司,臺北市信義區忠孝東路5段482號7樓之1
54181295,<U+4E9C>細<U+4E9C>人材服務有限公司,臺北市中山區林森北路85巷59號1樓
54181675,親愛的美好生活股份有限公司,臺北市大安區仁愛路4段71巷8號1樓
54182941,林家庭園股份有限公司,臺北市松山區民生東路5段36巷4弄7號
54183028,豐島餐飲股份有限公司,臺北市大安區永康街75巷22號1樓
54183619,傑姆國際有限公司,臺北市大安區敦化南路1段232巷4號1樓、4號地下室1樓、6號地下室1樓
54183646,心石文昌美食有限公司,臺北市大安區麗水街13巷7號1樓
54183929,金荷會館有限公司,臺北市松山區復興北路99號5樓、5樓之1
54184808,聯慶餐飲事業有限公司,臺北市大安區大安路1段51巷45號1樓
54185530,星源國際股份有限公司,臺北市大安區忠孝東路4段319號10樓
54186833,葳皇時尚飯店有限公司,臺北市大同區延平北路2段197號3樓、4樓、11樓
54186926,新統領亞洲企業有限公司,臺北市南港區重陽路470號2樓之1
54186995,皇加新創投資股份有限公司,臺北市信義區基隆路2段189號20樓之1
54187241,高唐賦食品有限公司,臺北市大安區東豐街37號1樓
54187299,余水知歡花坊股份有限公司,臺北市大同區南京西路264號1樓
54187657,東西好匯餐飲管理顧問有限公司,臺北市信義區莊敬路212號1樓
54187896,新統領全球有限公司,臺北市南港區重陽路470號2樓之1
54187951,一期一會國際有限公司,臺北市大安區仁愛路4段300巷19弄4號1樓
54188311,古士舶餐飲有限公司,臺北市大安區延吉街128之1號
54188635,梅山商行有限公司,臺北市大安區光復南路346巷56號1樓、地下樓
54189070,夏爾企業有限公司,臺北市中山區松江路289之702號
54321227,台灣迪保隆國際有限公司,臺北市松山區八德路2段366巷19號4樓
54321325,禾詩股份有限公司,臺北市大安區忠孝東路4段289號10樓之5
54322773,三合院有限公司,臺北市文山區忠順街1段121巷7弄4號1樓
54323301,台灣歐薩克斯有限公司,臺北市中山區南京東路2段101號10樓
54323766,吉兆實業有限公司,臺北市大安區忠孝東路4段181巷48號
54324300,蘭博灣發展股份有限公司,臺北市大安區仁愛路3段30號7樓
54324738,吳阿水餐飲股份有限公司,臺北市中山區中山北路1段135巷35號
54325716,利迪萊恩有限公司,臺北市信義區松德路171號13樓之2
54326124,豐富餐飲股份有限公司,臺北市松山區敦化南路1段2號5樓
54326187,台灣天願結婚慶股份有限公司,臺北市中山區建國北路2段262號2樓
54326503,豐義興業有限公司,臺北市士林區忠義路93號
54326932,有鮮有限公司,臺北市中山區民生東路2段10號
54328474,新勵進有限公司,臺北市內湖區洲子街108號1樓
54328777,酒留米有限公司,臺北市中山區中山北路1段56巷2號1樓
54329277,光兆國際有限公司,臺北市大安區敦化南路1段205號12樓之10
54329419,頂焰有限公司,臺北市松山區市民大道4段219號
54330149,靠邊走有限公司,臺北市中正區忠孝東路2段68號(1樓)
54330231,元氣共生股份有限公司,臺北市信義區忠孝東路5段15巷7號
54330458,秀傳一零一皇家健康事業股份有限公司,臺北市信義區信義路5段7號56樓之1
54330801,露西兒餐飲有限公司,臺北市大安區復興南路2段144-1號、146號
54331288,珍棧有限公司,臺北市中正區青島東路9號4樓之1
54333841,旺德福國際貿易有限公司,臺北市南港區八德路4段768巷1弄16號
54334166,富來格有限公司,臺北市信義區光復南路587號
54334975,馬鞍山茶餐廳有限公司,臺北市大安區市民大道4段80號
54334980,誠鼎有限公司,臺北市信義區基隆路2段51號14樓
54335257,札野有限公司,臺北市大安區安和路2段28號
54335263,韓宮宴食品有限公司,臺北市內湖區瑞光路421號1樓
54335340,帕克賽有限公司,臺北市大安區延吉街131巷26號地下
54335377,宮廷餐飲事業有限公司,臺北市松山區市民大道4段179號
54336066,台灣芭蒂沃克股份有限公司,臺北市松山區民生東路3段156號11樓
54336299,食吞樂有限公司,臺北市大安區延吉街60號1樓
54337121,冠臺餐飲有限公司,臺北市中正區和平西路1段150號之1
54337163,風氣傳播有限公司,臺北市大安區忠孝東路4段223巷10弄5號
54337558,農士達食品工業有限公司,臺北市萬華區環河南路3段77號1樓
54338228,鐵三角音樂創造有限公司,臺北市中山區長安東路1段30巷6號1樓
54338297,大餐餐飲有限公司,臺北市信義區松壽路30號
54338326,祥月餐飲事業有限公司,臺北市大安區大安路1段172號
54338368,兆鵬餐飲有限公司,臺北市松山區民生東路4段131巷21號
54339205,三多屋食品有限公司,臺北市大同區太原路19號1樓
54339459,羊大實業股份有限公司,臺北市松山區八德路3段2號14樓
54339985,慕蔓特餐飲有限公司,臺北市大安區敦化南路2段63巷53弄12號
54340322,吉品商業有限公司,臺北市大同區承德路2段215號5樓之2
54340337,王大舶有限公司,臺北市萬華區雙和街110號3樓
54341259,繽紛事業有限公司,臺北市大安區忠孝東路4段59號7樓之5
54342150,玖芳貿易有限公司,臺北市大安區永康街31巷14號
54342898,鴻宥企業有限公司,臺北市中山區林森北路409號11樓之4
54343340,台灣福亭國際有限公司,臺北市松山區復興南路1段1號10樓之1
54343995,語軒國際股份有限公司,臺北市松山區民生東路3段113巷25弄12號1樓
54345240,萊樂活健康廚坊股份有限公司,臺北市松山區敦化北路207號9樓之1
54345537,崧成國際企業股份有限公司,臺北市中山區民生東路3段3號1-2樓
54346016,台灣聯合艾諾股份有限公司,臺北市大安區仁愛路4段71巷30、32號1樓
54346043,花兒音樂文化事業股份有限公司,臺北市南港區南港路3段50巷5號地下
54346254,富樂餐飲有限公司,臺北市松山區光復北路11巷99號
54346521,仙翁兆資有限公司,臺北市大安區忠孝東路4段220號13樓
54346938,瓦特貿易有限公司,臺北市大同區長安西路150號8樓之1
54347325,光癮時尚餐飲有限公司,臺北市內湖區堤頂大道2段181號9樓
54347991,侑樂股份有限公司,臺北市萬華區峨眉街88號7樓之1
54348247,三友拉麵股份有限公司,臺北市松山區民生東路4段112巷1弄18號1樓
54349750,福二股份有限公司,臺北市大安區敦化南路2段174號
54350587,國隆科技有限公司,臺北市中山區新生北路3段19巷19號1樓
54350735,昇奕旺飲食事業股份有限公司,臺北市大安區信義路4段26號6樓之1
54350904,恩沛建設有限公司,臺北市大安區敦化南路1段270巷29號5樓
54351306,第一太平洋投資股份有限公司,臺北市信義區基隆路1段420號3樓
54351468,瑩頤投資股份有限公司,臺北市中山區敬業一路97號8樓
54351501,食在好記百匯有限公司,臺北市中正區市民大道3段8號1樓(B08)
54351523,棧發展企業股份有限公司,臺北市大安區忠孝東路4段181巷40弄12號
54351559,閃耀時刻國際事業有限公司,臺北市信義區莊敬路196號5樓
54351663,季益順股份有限公司,臺北市大安區安和路2段116號（1樓）
54351684,東馬國際有限公司,臺北市大安區敦化南路1段177巷37號
54352467,緯豫企業有限公司,臺北市中山區松江路31號7樓之6
54353228,豐銘貿易有限公司,臺北市中山區南京東路2段160號8樓
54353424,亞莉實業有限公司,臺北市中正區汀州路3段27巷3號
54353901,崴爾國際開發設計有限公司,臺北市信義區忠孝東路5段412之6號
54354649,浦華興業股份有限公司,臺北市士林區承德路4段192之1號地下1樓
54354818,漢潮食品有限公司,臺北市大安區師大路39巷20號1樓
54354866,旺得福餐飲事業股份有限公司,臺北市中山區民生東路3段25號地下及27號1樓
54355534,環扣還扣文創企業有限公司,臺北市文山區下崙路11巷31號地下之3
54355859,利海餐飲股份有限公司,臺北市中山區南京東路1段130之4號2樓
54355936,佳滃股份有限公司,臺北市萬華區廣州街32號8樓
54355963,十盛餐飲股份有限公司,臺北市南港區研究院路1段88號1樓
54356127,屋普滋餐坊有限公司,臺北市大安區光復南路308巷34號
54356219,棋士有限公司,臺北市信義區忠孝東路5段297號2樓
54356225,漢王餐飲股份有限公司,臺北市中山區長春路154之4號1樓
54356301,供活股份有限公司,臺北市中山區錦州街154號
54356549,永勝娛樂有限公司,臺北市士林區中山北路6段197號6樓
54356858,樂朵詩股份有限公司,臺北市松山區敦化北路205號6樓(610室)
54356956,稜鏡映像有限公司,臺北市中正區北平東路20之4號
54356962,佳依興業有限公司,臺北市中山區天祥路61巷20號
54357110,富本國際有限公司,臺北市大安區復興南路1段313巷10之1號1樓
54357245,大葉國際美食股份有限公司,臺北市士林區忠誠路2段55號12樓
54357343,柏翊企業有限公司,臺北市中山區建國北路2段110號6樓
54357364,良心食飲有限公司,臺北市大安區大安路1段19巷8號
54357765,旭峰烘焙食品有限公司,臺北市中山區錦州街313號1樓
54358342,亞卡默可可松菸有限公司,臺北市大安區四維路14巷6號1樓
54358666,昊群餐飲有限公司,臺北市大安區光復南路290巷68號1樓
54359145,祐利豐有限公司,臺北市中山區南京東路2段69號8樓
54359341,佬食人有限公司,臺北市萬華區昆明街86號
54359378,艾風有限公司,臺北市松山區光復南路308巷32號
54359763,伊雲谷數位科技股份有限公司,臺北市中山區松江路139號7樓之2
54359855,司派客有限公司,臺北市信義區松壽路12號7樓
54359980,紘豆坊有限公司,臺北市大安區延吉街259號
54360157,和望有限公司,臺北市中山區新生北路1段48號8樓
54360564,和由股份有限公司,臺北市中山區錦州街23巷3號及5號1樓
54360641,日尚心潮國際有限公司,臺北市中正區館前路65號11樓
54361418,仕都企業有限公司,臺北市中山區南京東路3段189號10樓
54361634,舞茶茶有限公司,臺北市中正區南昌路2段207號（1樓）
54362177,利其國際有限公司,臺北市信義區永吉路278巷2之3號
54362401,金鷹國際商貿股份有限公司,臺北市大安區敦化南路2段76號12樓
54362562,杰洋貿易有限公司,臺北市大安區大安路1段51巷47號
54363112,奧藝有限公司,臺北市萬華區康定路206號7樓之1
54363865,黃歐爸餐飲有限公司,臺北市大安區延吉街131巷3號1樓
54364668,<U+6C58>奕有限公司,臺北市北投區知行路292巷2號1樓
54364978,日子公園有限公司,臺北市大同區承德路2段1巷7號2樓
54365131,歐帝斯娛樂有限公司,臺北市信義區基隆路2段189號4樓之7
54365435,雲之南國際餐飲有限公司,臺北市大安區安和路2段184巷8號
54365596,兔子比企劃有限公司,臺北市內湖區內湖路1段360巷2號1樓
54366455,卡夫特啤酒有限公司,臺北市大安區建國南路2段169號1樓
54367095,萬和軒國際有限公司,臺北市中正區忠孝西路1段66號28樓
54368290,天地人文創有限公司,臺北市中正區齊東街74號1樓
54368377,永曦企業有限公司,臺北市大安區光復南路612號4樓之1
54368849,名廚有限公司,臺北市大安區市民大道4段102號
54373913,薩摩亞商我愛寵物股份有限公司,臺北市大安區忠孝東路4段146巷1號5樓
54375840,香港商樂事會酒業有限公司,臺北市內湖區新湖一路88號7樓
54379819,英屬維京群島商青雨國際股份有限公司,臺北市信義區西村里松智路1號11樓
54381408,薩摩亞商味軒股份有限公司,臺北市信義區松壽路18號
54383139,香港商簡單桌有限公司,臺北市大安區敦化南路2段216號14樓
54388676,日商舒適餐廳股份有限公司,臺北市中山區林森北路107巷48號1樓
54389859,塞席爾商眾星國際實業股份有限公司,臺北市信義區忠孝東路5段510號9樓之1
54396444,香港商貝樂可有限公司,臺北市松山區南京東路3段287號9樓
54397181,三商行股份有限公司,臺北市中山區建國北路2段145號地下1樓及1~18樓
54398415,英屬維京群島商鳳翔美學股份有限公司,臺北市信義區中興里基隆路2段56號2樓
54527396,萬寶國際電子商務股份有限公司,臺北市信義區基隆路1段68號9樓
54639420,四方行國際企業有限公司,臺北市大安區光復南路420巷22號1樓
54639456,非你可思文創整合有限公司,臺北市中山區中山北路2段72巷11號2樓
54639548,榮星有限公司,臺北市松山區南京東路4段164號12樓
54639717,八分醉企業有限公司,臺北市松山區新中街25號1樓
54639940,建京興業有限公司,臺北市萬華區西藏路270號2樓
54639998,社群徠有限公司,臺北市萬華區忠孝西路2段38號
54640664,赤彩餐飲有限公司,臺北市松山區南京東路3段335巷21之2號1樓
54640995,麗紳餐飲實業有限公司,臺北市大安區復興南路1段348號地下室
54641690,名人品味香檳國際有限公司,臺北市大同區涼州街47號1樓
54641827,麗湖商務有限公司,臺北市內湖區成功路5段462號2樓
54641896,漢聲企業有限公司,臺北市萬華區漢中街42號4樓
54642699,馬卡波羅股份有限公司,臺北市文山區政大二街96號2樓
54643753,藍天雲端科技有限公司,臺北市信義區信義路4段415號14樓之1
54645204,宜家商旅實業股份有限公司,臺北市內湖區成功路2段512號
54646837,互連企業有限公司,臺北市中山區林森北路575號3樓之5
54648027,欽曌有限公司,臺北市中正區辛亥路1段29號1樓
54648053,宏友國際實業股份有限公司,臺北市內湖區金莊路100號5樓之12
54648342,英倫白企業有限公司,臺北市大安區羅斯福路3段177號11樓之2
54648912,臺藝藝術空間有限公司,臺北市北投區洲美街38號
54649166,勝立康有限公司,臺北市大安區光復南路456巷27號之2
54649378,巴拉國際股份有限公司,臺北市內湖區洲子街62號5樓
54650085,好結果國際餐飲股份有限公司,臺北市士林區中正路215號2樓
54651438,悅暉行銷顧問有限公司,臺北市中山區松江路506號3樓之2
54651612,微風和伊授桌餐飲管理顧問股份有限公司,臺北市松山區南京東路3段337號12樓1A室
54651697,誠盟股份有限公司,臺北市松山區復興北路57號3樓之1
54651850,豐石國際有限公司,臺北市大安區仁愛路3段123巷9弄10號1樓
54652838,品八有限公司,臺北市信義區光復南路417號9樓之6
54653246,新東西餐飲管理顧問有限公司,臺北市信義區基隆路1段143號5樓之2
54653323,醇意精品酒業有限公司,臺北市中正區忠孝西路1段33號7樓
54653652,金品國際飯店股份有限公司,臺北市中山區新生北路1段66號4樓
54655151,華翼育樂有限公司,臺北市南港區經貿二路188號5樓
54655271,上盈國際育樂股份有限公司,臺北市信義區松仁路89號5樓
54655390,口福金屋町股份有限公司,臺北市大安區仁愛路4段125號9樓
54655716,凌暢股份有限公司,臺北市大安區復興南路1段107巷5弄19號1樓
54656237,三二國際股份有限公司,臺北市內湖區基湖路1之1號1樓
54656953,洛德城堡有限公司,臺北市大安區新生南路1段111號7樓
54657284,界轉摺股份有限公司,臺北市松山區富錦街79號
54657545,十里洋場國際開發股份有限公司,臺北市中正區開封街1段90號5樓
54657783,晶盃有限公司,臺北市中正區忠孝東路1段176號7樓之1
54657947,宏康大飯店股份有限公司,臺北市中正區忠孝東路2段80號6樓之3
54658397,崑達國際股份有限公司,臺北市中正區杭州南路1段115號地下1樓
54659537,沛朔股份有限公司,臺北市松山區復興北路313巷45號1樓
54660289,亞商卓盛華閣股份有限公司,臺北市信義區忠孝東路5段31巷18弄3號
54660767,夏米國際娛樂股份有限公司,臺北市中山區南京東路2段150號11樓
54662245,發生文化股份有限公司,臺北市內湖區內湖路1段66號1樓及70號1樓
54662499,歐洲莊園有限公司,臺北市松山區八德路4段465號7樓
54662548,十分之一促動行銷股份有限公司,臺北市中山區民生東路2段143號5樓
54663461,邑里香有限公司,臺北市大安區市民大道4段80號(1樓)
54663477,盛崴國際有限公司,臺北市大同區長安西路106號7樓之1
54664216,吸旺主題餐飲企業股份有限公司,臺北市信義區松壽路12號10樓
54665101,艾川禾有限公司,臺北市大安區浦城街26巷2之2號
54669134,東京喜瑞不動產股份有限公司,臺北市大同區市民大道1段209號11樓
54669628,亞瑞斯有限公司,臺北市大安區信義路4段149之1號(1樓)
54670266,吉日媒體行銷有限公司,臺北市中山區松江路328號4樓
54670688,米洛克股份有限公司,臺北市中山區林森北路100號10樓之3
54670863,美麗華企業股份有限公司,臺北市中山區敬業一路160號3樓
54672481,立方空間文創股份有限公司,臺北市信義區松壽路12號7樓、8樓
54672953,哈嗑有限公司,臺北市信義區忠孝東路4段559巷8之1號1樓
54673192,吳阿火餐飲股份有限公司,臺北市大同區萬全街12號
54674256,羊羔記國際通商股份有限公司,臺北市內湖區內湖路1段737巷106號
54676260,派譜有限公司,臺北市中正區思源街1號
54678247,吸詮餐飲股份有限公司,臺北市信義區松壽路12號10樓
54678268,葉<U+664B>發股份有限公司,臺北市南港區三重路66號6樓之2
54679230,卓駿有限公司,臺北市松山區南京東路4段120巷9弄30號1樓
54680285,長毛象餐飲有限公司,臺北市大安區敦化南路2段152之1號
54681340,黛可國際貿易企業有限公司,臺北市中山區復興北路274號3樓
54681897,<U+7B17><U+7B17>大廚有限公司,臺北市松山區復興北路57號14樓之3
54682930,卡思貝爾有限公司,臺北市信義區基隆路2段51號14樓之1
54683023,夢蘿股份有限公司,臺北市松山區光復北路96號1樓
54683184,康頓酒坊股份有限公司,臺北市大安區辛亥路1段40號1樓
54684830,萬寶客股份有限公司,臺北市萬華區和平西路3段85號8樓之3
54685042,琪霖國際有限公司,臺北市松山區南京東路5段296號10樓
54687409,宸科有限公司,臺北市松山區敦化北路165巷8號1樓
54718487,新匯流有限公司,臺北市大安區青田街4-1號1樓
69714087,鵲巢旅館股份有限公司,臺北市大安區復興南路1段129號14樓之3
70364593,振紳洋行實業股份有限公司,臺北市中山區吉林路14巷18-1號1樓及20-1號1樓
70366760,都會館餐廳有限公司,臺北市大安區安和路2段114號1樓、116號1樓、118號1樓
70370954,新視紀整合行銷傳播股份有限公司,臺北市南港區忠孝東路6段465號11樓
70372778,通德利國際有限公司,臺北市大安區大安路１段１９巷８號１樓
70382570,榖鳥軒有限公司,臺北市萬華區廣州街150號1、2、3樓
70384248,台灣家樂福股份有限公司,臺北市中山區樂群三路218號4樓之1
70389406,亞太國寶股份有限公司,臺北市北投區溫泉路銀光巷21-2號
70393289,瑾聯貿易股份有限公司,臺北市中山區松江路６７號９樓之２
70396820,佾洋有限公司,臺北市信義區松仁路101號1樓Ｂ區
70397927,熊之物語開發有限公司,臺北市大同區重慶北路1段30號11樓之4
70399447,布奇企業有限公司,臺北市信義區信義路5段109號3樓之2
70413638,呼特斯國際股份有限公司,臺北市松山區慶城街18號之1
70438005,焦點餐坊有限公司,臺北市中山區中山北路１段１３５巷４０之１號１樓
70439975,君縉股份有限公司,臺北市松山區敦化北路２０１之３號８樓
70440522,百捷有限公司,臺北市萬華區峨眉街49號1、2、3樓
70445293,可喜坊有限公司,臺北市中山區長春路２５８巷６號地下之５２，５３
70447145,旅網國際股份有限公司,臺北市信義區基隆路1段159號4樓
70449002,闊喜窩國際股份有限公司,臺北市大安區敦化南路1段155號1樓
70454834,僑和企業股份有限公司,臺北市中正區懷寧街64號2樓
70464299,花月國際開發股份有限公司,臺北市士林區中山北路5段533號1樓
70467916,展圓國際股份有限公司,臺北市大安區敦化南路1段188號7樓
70468366,高鑫山餐飲有限公司,臺北市大安區復興南路1段156號3樓及158號3樓
70471881,寒舍餐旅管理顧問股份有限公司,臺北市中正區忠孝東路1段12號
70473760,眾悅實業有限公司,臺北市中山區新生北路２段７０號２樓
70484154,盛燦資訊股份有限公司,臺北市松山區光復北路80巷3號1樓
70490557,沃若有限公司,臺北市內湖區民權東路6段280巷31號地下1層之7
70540395,透明思考股份有限公司,臺北市大安區復興南路1段127號17樓之1
70546763,台灣聯合環球股份有限公司,臺北市信義區松仁路９１號１樓
70547123,捷正公寓大廈管理維護股份有限公司,臺北市南港區三重路66號4樓
70547860,祥鴻國際有限公司,臺北市中山區民權東路3段60巷3弄22號3樓
70559979,盈馨有限公司,臺北市大安區四維路６巷２號
70562968,洋風國際有限公司,臺北市大安區敦化南路2段81巷55號
70568463,岠芯餐廳有限公司,臺北市信義區信義路4段415號7樓之3
70569060,烤場有限公司,臺北市大安區安和路２段１００號地下１層
70570117,音樂向上股份有限公司,臺北市信義區忠孝東路5段412號17樓之3
70577131,威秀視聽歌唱有限公司,臺北市松山區南京東路5段336號1樓、2樓、2樓之1
70579898,世達發科技股份有限公司,臺北市內湖區基湖路32號2樓
70583318,烏鴉長壽企業有限公司,臺北市大安區忠孝東路４段４９巷４弄４號１樓
70584442,春天素食餐廳股份有限公司,臺北市中山區長春路26號3樓
70766007,迪廣國際股份有限公司,臺北市中山區林森北路312號地下1層、地下2層、1樓、2樓、3樓、4樓、5樓、6樓、7樓、8樓
70794995,年代文創事業股份有限公司,臺北市萬華區武昌街2段122之1號(4樓)
70802117,英屬維京群島商高合城有限公司,臺北市大安區信義路四段二三三號五樓之二
70830280,果豐食品股份有限公司,臺北市中山區南京東路3段21號5樓
70831078,鴨霸王企業有限公司,臺北市北投區文林北路292號
70832800,金石網絡股份有限公司,臺北市中正區汀州路3段160巷3之1號
80031618,日商博理股份有限公司,臺北市中山區臺北市士林區忠誠路２段４８之１號６樓
80141755,風揚國際有限公司,臺北市松山區民權東路3段106巷3弄14號1樓
80147006,希班牙有限公司,臺北市中正區和平西路1段50號1樓、2樓
80149216,生動科技股份有限公司,臺北市中山區一江街1號1樓
80152268,聯程輝住生活開發有限公司,臺北市文山區景興路318號9樓
80152577,上揚國際資產管理股份有限公司,臺北市中山區民生東路3段49號16樓
80154189,聯眾國際資產管理股份有限公司,臺北市松山區八德路３段３２號６樓
80159558,塔拉多羅餐飲事業有限公司,臺北市中山區松江路二七四號一樓
80159678,海必勝國際貿易股份有限公司,臺北市中山區新生北路3段82巷18號5樓之5
80161490,太盛餐飲事業有限公司,臺北市中山區天祥路86巷6弄5號
80162300,和真咖啡股份有限公司,臺北市松山區三民路９之８號
80166045,爵士映象有限公司,臺北市大安區市民大道4段76號1樓
80166973,核心生物科技股份有限公司,臺北市松山區敦化北路１４５巷１８弄２號（地下室）
80168352,燦宏咖啡流通有限公司,臺北市大安區基隆路2段190號8樓之3
80168424,亞朵國際有限公司,臺北市士林區中山北路7段57號
80169520,蘿貝莉義式餐館企業有限公司,臺北市萬華區武昌街２段１１６之３號１樓
80171194,啟兆開發滬揚閣股份有限公司,臺北市中正區衡陽路51號2樓之1
80176064,匯通堂食品有限公司,臺北市大安區大安路１段１０８號１樓
80176629,綠沛晴空間驚豔室內裝修有限公司,臺北市內湖區成功路4段70號5樓之1
80177471,度曼波餐飲有限公司,臺北市信義區松仁路101號1樓
80178859,統一佳佳股份有限公司,臺北市松山區民生東路5段149號地下1樓
80179610,赤猴餐廳股份有限公司,臺北市中山區復興北路166號1樓
80191918,月高餐廳有限公司,臺北市中山區中山北路1段105巷6號
80192923,芝姐的店餐廳有限公司,臺北市中山區民權西路１０巷６之２號
80193134,御東風國際行銷有限公司,臺北市中正區羅斯福路2段56號14樓之5
80195415,迷你軍事茶館有限公司,臺北市士林區劍潭路８號１樓
80195626,新潮流餐坊有限公司,臺北市中山區中山北路２段２７巷１１號１樓
80196717,神農餐廳有限公司,臺北市中山區龍江路３９號１樓
80197883,寶得城股份有限公司,臺北市松山區南京東路４段１８２號１樓
80198341,美福餐飲股份有限公司,臺北市內湖區民善街128號1-2樓
80201177,紅朵國際開發有限公司,臺北市士林區中山北路6段405巷47號1樓
80201704,吉立富國際股份有限公司,臺北市大安區忠孝東路4段69-6號7樓
80262440,展瑞國際股份有限公司,臺北市大安區敦化南路１段１９８號１樓
80262693,獨家報導資訊有限公司,臺北市大同區民權西路91號4樓之1
80262960,念動力文化有限公司,臺北市大安區光復南路616號5樓
80263617,瑞慧日式餐飲股份有限公司,臺北市松山區健康路325巷5弄1號1樓
80265143,單聲道餐飲有限公司,臺北市大安區安和路1段127巷29弄17號1樓
80266213,宏寶股份有限公司,臺北市松山區敦化南路１段５７號地下１樓
80267368,醺醺有限公司,臺北市士林區中山北路7段38巷5號1樓
80268900,棋王有限公司,臺北市萬華區峨嵋街88號2樓之2
80270011,香檳餐飲事業股份有限公司,臺北市大安區安和路２段１６９號１樓及２樓
80273848,心雅國際有限公司,臺北市北投區新興路52號1樓
80273930,建華盛有限公司,臺北市中山區德惠街170巷6號1樓
80274760,大美天地有限公司,臺北市南港區研究院路2段41號
80279266,大宅門飲食有限公司,臺北市大安區仁愛路４段４０７之１號地下１層
80279619,家喜股份有限公司,臺北市信義區松仁路９０號１樓
80281690,福利聯合國股份有限公司,臺北市文山區興隆路1段146號2樓
80287126,食韻開發事業有限公司,臺北市信義區基隆路1段143號4樓之5
80288504,賜帝國際有限公司,臺北市中正區衡陽路１１號１、２、３樓
80290038,力勝開發股份有限公司,臺北市中山區八德路2段308號11樓之1
80291183,長壽站前有限公司,臺北市中正區許昌街17之1號1樓
80292444,儷馨股份有限公司,臺北市大安區樂利路42巷2號2樓
80298550,好樣國際有限公司,臺北市大安區忠孝東路4段181巷40弄20號1樓
80302479,得盛國際事業股份有限公司,臺北市大安區仁愛路4段91巷12號
80305790,現代啟示錄餐飲有限公司,臺北市松山區復興北路３２３號１樓
80305898,酒饌餐飲股份有限公司,臺北市大安區安和路1段127巷6號1樓
80307880,博勝餐飲事業有限公司,臺北市文山區新光路2段10巷2號
80333064,英屬蓋曼群島商家庭傳媒股份有限公司,臺北市中山區民生東路２段１４１號４樓
80400128,碧逸會館股份有限公司,臺北市中正區中山北路1段2號10樓
80445687,精緻小舖有限公司,臺北市中山區林森北路１１９巷９號１樓
80466752,菲力餐飲有限公司,臺北市信義區基隆路２段１３１之２號１樓
80468745,佑語軒實業有限公司,臺北市松山區民生東路3段113巷25弄12號1樓
80492294,雪茄會股份有限公司,臺北市大安區大安路１段１７８號１樓
80493815,創意一零八股份有限公司,臺北市士林區中山北路７段１０８、１１０號１樓
80494238,大愛國際人力仲介有限公司,臺北市大安區復興南路2段84號15樓之3
80499888,雅庭生物科技有限公司,臺北市中正區開封街1段48號9樓之6
80501651,儂來餐飲事業有限公司,臺北市中山區吉林路176號1樓
80504123,璽樂國際開發有限公司,臺北市大安區樂利路11巷32號
80508330,世茂成有限公司,臺北市大安區敦化南路１段２３８巷１號１樓
80509823,艾詩婷有限公司,臺北市中山區南京東路２段１１號３樓
80513690,東東餐飲事業股份有限公司,臺北市大安區忠孝東路３段１９９之３號３樓
80514396,多喜有限公司,臺北市大安區安和路2段23巷2號1樓
80515509,魚生食品有限公司,臺北市中山區中山北路２段５９巷１８號１樓
80516417,千禾食品有限公司,臺北市大安區大安路1段51巷18號1樓
80518055,雙昇國際開發股份有限公司,臺北市中山區新生北路2段7、9、11、13號1、2樓
80518858,台灣無印良品股份有限公司,臺北市松山區東興路8號8樓
80520101,晨奎企業有限公司,臺北市大安區仁愛路４段１５１巷１９號１樓
80531389,豆豆餐飲事業股份有限公司,臺北市大安區忠孝東路3段199之3號3樓
80531917,味之藝有限公司,臺北市信義區松信路８１號５樓
80534864,曉曉國際有限公司,臺北市中山區中山北路1段105巷12之5號1樓
80537829,喜客斯企業股份有限公司,臺北市中山區四平街５０號１樓
80539848,福宣企業有限公司,臺北市士林區中山北路７段７２號１樓
80540508,水世界餐廳有限公司,臺北市中山區長安東路１段５４號７樓
80542870,馬吉燒物有限公司,臺北市大安區延吉街１３１巷１弄２８號１樓
80543049,大國民食堂有限公司,臺北市大安區東豐街６７號１樓
80543218,家京實業有限公司,臺北市中山區林森北路126號1樓
80544764,紅糖水有限公司,臺北市大安區忠孝東路4段160號1樓
80545308,將進酒餐廳有限公司,臺北市大安區復興南路1段323號地下1樓
80548261,興達娛樂有限公司,臺北市中山區民生東路3段31號10樓
80649227,開勝國際顧問股份有限公司,臺北市大安區信義路2段26號1樓
80650217,喜逗餐飲有限公司,臺北市信義區仁愛路４段４５４號１樓
80651546,威爾斯科技育樂股份有限公司,臺北市內湖區堤頂大道2段293號3樓
80655162,赫米思研發有限公司,臺北市信義區文昌街３１６號３樓之４
80655260,廣安階股份有限公司,臺北市中山區中山北路2段59巷21號10樓之10
80656248,皇家餐飲事業股份有限公司,臺北市中山區民權東路２段６５號１樓
80656747,福康事業有限公司,臺北市中山區復興北路348號1樓
80663753,美蓬萊有限公司,臺北市大同區承德路２段１９３號１樓
80664486,宇澄國際有限公司,臺北市大安區復興南路1段279巷18號1樓
80668146,出一張嘴有限公司,臺北市中山區南京東路2段49號4樓
80668666,笠復投資股份有限公司,臺北市中山區松江路32之1號8樓
80669807,藤屋國際有限公司,臺北市信義區逸仙路４２巷１５號１樓
80670993,五饌食品股份有限公司,臺北市大安區敦化南路１段１９０巷１０號
80672021,雄聯有限公司,臺北市信義區松壽路２２號Ｂ１樓之１
80672628,中子文化股份有限公司,臺北市大安區仁愛路4段25-1號12樓
80673788,萬和娛樂股份有限公司,臺北市信義區忠孝東路5段297號2、3樓
80679734,柒零年代有限公司,臺北市松山區八德路４段１３８號１２樓之２之３
80680774,水在火上煮有限公司,臺北市大同區重慶北路３段１７６號１樓
80683879,迷迷羊有限公司,臺北市大安區安和路2段143號1樓
80688092,環華豐股份有限公司,臺北市大同區市民大道1段209號10樓
80689326,聯傑餐飲事業諮詢管理顧問股份有限公司,臺北市中正區金山南路１段６５之２號３樓
80691076,關方陳廣告有限公司,臺北市大安區忠孝東路4段205巷29弄6號1樓
80692650,內湖全家福海鮮餐飲有限公司,臺北市內湖區陽光街365巷37、39號1樓
80698818,德利萊國際有限公司,臺北市大安區復興南路２段２３７號１１樓之６
84101066,虹場開發有限公司,臺北市松山區南京東路３段２８５號地下１樓
84251368,錢京視聽股份有限公司,臺北市中山區南京東路2段3號1至10樓
84256265,好樂迪股份有限公司,臺北市信義區忠孝東路5段293號4樓
84290587,迪加迪視聽歌唱有限公司,臺北市中山區南京西路3號1樓至9樓︹1樓使用面積71、06平方公
84299644,歡唱有限公司,臺北市中山區長春路62號3樓
84307709,台灣嘉士伯貿易股份有限公司,臺北市松山區民生東路3段129號6樓
84426992,阿爾法實業有限公司,臺北市松山區復興北路179號9樓之3
84481896,錢澤企業股份有限公司,臺北市大安區敦化南路1段209號1樓及205號2至4樓
84488687,麗羊實業有限公司,臺北市松山區民權東路3段106巷15弄6號1樓
84751835,芽生芝有限公司,臺北市中山區松江路330巷10號1樓
84762283,蒂欣有限公司,臺北市大同區承德路3段244號12樓
84776483,台灣標準電信股份有限公司,臺北市中山區新生北路1段67號1樓
84778927,藝眾國際娛樂有限公司,臺北市萬華區漢口街2段56號5樓
84862939,帝珀國際時裝有限公司,臺北市大安區忠孝東路４段１４２號４樓之１
84922900,瑞勳開發股份有限公司,臺北市大安區復興南路1段129號14樓之3
86023354,為福餐廳有限公司,臺北市南港區忠孝東路5段996號1樓
86139307,奕固廬時尚高爾夫有限公司,臺北市大安區潮州街160號4樓
86155523,維陽建設股份有限公司,臺北市中山區南京東路3段21號11樓
86155761,茱莉鈁餐廳有限公司,臺北市大安區安和路1段21巷2號4號1樓
86170947,初軌餐廳股份有限公司,臺北市中山區林森北路96號2樓
86375266,萬雄股份有限公司,臺北市中正區金華街43巷19號
86383028,世雅育樂股份有限公司,臺北市大同區承德路1段40號5樓
86383408,三麗鷗股份有限公司,臺北市大安區敦化南路2段95號4樓
86384960,台灣通用磨坊股份有限公司,臺北市信義區忠孝東路4段550號7樓
86423942,萬家福股份有限公司,臺北市內湖區內湖路1段392號12樓
86482266,又達興業股份有限公司,臺北市中山區民生東路3段51號16樓
86700447,茂登國際股份有限公司,臺北市中山區長安東路1段56巷1弄2號1樓
86722771,世林有限公司,臺北市文山區和興路44巷14弄2之1號3樓
86873496,溫馨視聽歌唱事業有限公司,臺北市松山區復興北路１８３號地下樓
86879885,小公館餐飲管理顧問有限公司,臺北市大安區忠孝東路４段２０５巷２４號１樓
86892873,果實有限公司,臺北市中山區中山北路１段１３５巷４２號１樓
89202303,友文實業股份有限公司,臺北市信義區松隆路327號1樓、327號地下樓
89290185,捷特安有限公司,臺北市中正區汀州路3段44號1樓
89400818,昇琠鱆悒鬫陪迨膝q,臺北市中山區江寧里民權東路3段60巷1號
89448117,南驊視聽有限公司,臺北市大安區和平東路１段１７７號地下１樓
89461440,亞洲網科技有限公司,臺北市松山區敦化北路214號7樓
89462551,金璁西餐廳有限公司,臺北市大安區忠孝東路4段221號8樓
89467346,阿爾發音樂股份有限公司,臺北市信義區忠孝東路5段293號4樓
89477962,微風廣場實業股份有限公司,臺北市松山區復興南路1段39號
89618739,新銳房屋仲介有限公司,臺北市中山區長安東路2段81號12樓
89631536,肯夢國際股份有限公司,臺北市大安區大安路1段117號1樓及地下1樓
89632155,台北圓環股份有限公司,臺北市大同區南京西路284之1號
89636510,威豆複合式餐飲有限公司,臺北市萬華區青年路２０號１樓
89927708,楊聯社股份有限公司,臺北市中山區敬業四路33號8樓
89935355,快樂地娛樂事業有限公司,臺北市松山區八德路4段138號4樓
89954063,美慕里餐廳有限公司,臺北市中山區林森北路１０７巷４號１樓
89972908,法寶國際事業股份有限公司,臺北市萬華區西藏路１９９巷４３號２樓
89973879,金士盟實業股份有限公司,臺北市中正區汀州路3段160巷4號1樓
90460840,台灣農畜產工業股份有限公司,臺北市大安區敦化南路2段71號4樓
96869149,盈源科技股份有限公司,臺北市中山區長安東路1段30巷2號2樓
96929646,太平洋商務中心股份有限公司,臺北市信義區光復南路495號11樓之4
96937408,陽明山娛樂事業有限公司,臺北市信義區松高路1號22樓
96945147,鉅亨有限公司,臺北市大安區忠孝東路4段197號8樓之1
96945569,中信鯨育樂股份有限公司,臺北市信義區松高路11號14樓
96956903,克林國際開發有限公司,臺北市大同區重慶北路2段196號3樓
96963833,竣達企業有限公司,臺北市信義區信義路5段150巷2號18樓之3
97087777,好宬有限公司,臺北市中山區中山北路1段105巷6號2樓
97095755,顥翰海洋事業開發股份有限公司,臺北市中山區民生東路1段87號10樓之2
97096564,台灣歐舒丹股份有限公司,臺北市中山區中山北路2段45巷11號5樓
97125343,城邦文化事業股份有限公司,臺北市中山區民生東路2段141號11樓
97127905,元定文創股份有限公司,臺北市大安區信義路4段184號7樓
97165560,大潤發流通事業股份有限公司,臺北市中山區八德路2段306號地下2樓
97170634,京華城股份有限公司,臺北市松山區八德路4段138號、138號7樓，138號12樓、138號地下1樓、138號地下2樓、138號地下3樓、138號地下4樓
97266595,擴翔國際有限公司,臺北市中山區建國北路2段3巷15號6樓之3
97272800,萬勝國際有限公司,臺北市中山區長安東路2段246號9樓之8
97275715,大板根育樂事業股份有限公司,臺北市大同區承德路3段24巷12號7樓之1
97311851,法蘭絲股份有限公司,臺北市內湖區新湖三路132號6樓
97314718,君悅飯店有限公司,臺北市中山區松江路182號4樓
97430717,大江國際股份有限公司,臺北市大安區仁愛路4段109號15樓
97432742,敦意股份有限公司,臺北市內湖區瑞光路208號4樓
97443353,扶康健康事業股份有限公司,臺北市信義區光復南路417巷163號
97458714,山猴王有限公司,臺北市中山區民生東路２段１號２樓
97465692,南極食品股份有限公司,臺北市大安區信義路2段88號6樓之1
97469590,宇宙線上多媒體股份有限公司,臺北市松山區民生東路三段一０九號十五樓
97472547,第五元素股份有限公司,臺北市松山區南京東路４段１８０號１樓
97477509,富裔實業股份有限公司,臺北市士林區中山北路5段453號1樓
