04417508,冠軍股份有限公司,臺北市中山區中山北路2段79號7樓,食品添加物批發業
04696749,友發化工股份有限公司,臺北市中正區忠孝東路1段85號16樓,食品添加物批發業
05406486,美而快實業股份有限公司,臺北市南港區南港路3段47巷8號1樓,食品添加物批發業
07057442,六和化工股份有限公司,臺北市中山區德惠街9號6樓,食品添加物批發業
07723733,立台貿易有限公司,臺北市松山區復興北路369號6樓之2,食品添加物批發業
11027322,久好企業股份有限公司,臺北市中山區南京東路3段201號10樓,食品添加物批發業
11845505,遠東香料股份有限公司,臺北市中山區松江路309號7樓,食品添加物批發業
12146493,合穗貿易股份有限公司,臺北市松山區南京東路3段248號13樓之2,食品添加物批發業
12637527,原菘生物科技有限公司,臺北市松山區南京東路4段50號7樓(A室),食品添加物批發業
12866437,綠恩生醫科技股份有限公司,臺北市中正區八德路1段50號,食品添加物批發業
12953312,宇笛生物科技股份有限公司,臺北市中正區羅斯福路2段11號4樓,食品添加物批發業
12979122,微晶電通有限公司,臺北市大安區信義路3段150號6樓之1,食品添加物批發業
13125926,中道康有限公司,臺北市中正區忠孝西路1段72號9樓之11,食品添加物批發業
15990352,力璟工程有限公司,臺北市萬華區康定路250巷7號1樓,食品添加物批發業
16448250,台灣泰華施股份有限公司,臺北市松山區富錦街421號2樓,食品添加物批發業
16587793,聯安健康事業股份有限公司,臺北市松山區南京東路4段16號地下1層,食品添加物批發業
16771030,蘿美國際有限公司,臺北市中山區農安街27號8樓,食品添加物批發業
20651901,黑松股份有限公司,臺北市大安區信義路4段296號3樓,食品添加物批發業
22425683,日正食品工業股份有限公司,臺北市文山區萬芳路21號1樓,食品添加物批發業
23048998,寬能企業有限公司,臺北市北投區承德路7段352號6樓,食品添加物批發業
23447756,台興企管顧問有限公司,臺北市中正區忠孝東路1段152號10樓之6,食品添加物批發業
04572085,太緯國際貿易有限公司,臺北市大安區和平東路1段6號3樓,食品添加物批發業
04794262,劍虹貿易有限公司,臺北市大安區信義路4段25號4樓之2,食品添加物批發業
05632309,曙商實業股份有限公司,臺北市大安區和平東路2段53巷2號3樓,食品添加物批發業
07067309,味王股份有限公司,臺北市中山區聚盛里中山北路2段79號5樓,食品添加物批發業
07719230,臺灣愛絲樂股份有限公司,臺北市大同區民權西路146號12樓之1,食品添加物批發業
11170157,立邦生物科技有限公司,臺北市中山區松江路293號3樓311室,食品添加物批發業
11594351,培英科技有限公司,臺北市中山區八德路2段174巷10弄5號1樓,食品添加物批發業
12213598,聖益有限公司,臺北市中山區農安街249號6樓,食品添加物批發業
12932921,琩貿易有限公司,臺北市大同區民族西路243號1樓,食品添加物批發業
13081321,麒鉅科技顧問有限公司,臺北市中山區一江街13號7樓,食品添加物批發業
13101261,詮勝企業管理顧問有限公司,臺北市中正區忠孝東路1段13號1樓,食品添加物批發業
13109171,敦頤資訊有限公司,臺北市中正區博愛路3號3樓,食品添加物批發業
14012061,甯w實業股份有限公司,臺北市大安區信義路4段184號4樓,食品添加物批發業
16294852,中華寧記食品有限公司,臺北市大安區光復南路628巷9號,食品添加物批發業
22422010,台忠企業股份有限公司,臺北市松山區民生東路3段118號8樓之2,食品添加物批發業
22448948,翰詮國際有限公司,臺北市中山區南京東路3段101號7樓,食品添加物批發業
22615332,祥靈企業有限公司,臺北市內湖區東湖路113巷95弄140號1樓,食品添加物批發業
22650870,柏誌股份有限公司,臺北市大安區建國南路1段42號4樓之7,食品添加物批發業
23059925,鴻盈國際有限公司,臺北市大安區復興南路2段86號13樓之2,食品添加物批發業
23060227,台灣長瀨股份有限公司,臺北市松山區南京東路3段248號16樓,食品添加物批發業
23312096,粉墨實業有限公司,臺北市北投區雙全街48巷7號1樓,食品添加物批發業
22443021,仁友興業有限公司,臺北市大安區信義路4段341號6樓之2,食品添加物批發業
20884177,勤裕企業股份有限公司,臺北市內湖區行愛路159號4樓,食品添加物批發業
18852136,振源食品科技股份有限公司,臺北市中正區師大路181號,食品添加物批發業
15221213,京聯實業有限公司,臺北市信義區信義路5段5號,食品添加物批發業
24308887,吉泰藥品股份有限公司,臺北市大安區敦化南路2段128號15樓之6、及15樓之3,食品添加物批發業
03341208,振芳股份有限公司,臺北市中正區新生南路1段116號3樓,食品添加物批發業
04385359,弘友股份有限公司,臺北市松山區南京東路4段164號6樓,食品添加物批發業
04747796,瑞順企業股份有限公司,臺北市中正區重慶南路1段121號4樓之9,食品添加物批發業
11310208,振誠貿易股份有限公司,臺北市中正區師大路181號,食品添加物批發業
11746701,裕元興業股份有限公司,臺北市中山區松江路129號9樓,食品添加物批發業
12197725,三多士股份有限公司,臺北市大安區四維路208巷3之1號1樓,食品添加物批發業
12343712,飛揚聯合科技股份有限公司,臺北市中山區農安街57號2樓之6,食品添加物批發業
12692458,一流王牌有限公司,臺北市萬華區西昌街51號,食品添加物批發業
12855635,鴻元事業有限公司,臺北市松山區八德路3段219號(2樓),食品添加物批發業
12933772,養生煮有限公司,臺北市中山區中山北路1段73號,食品添加物批發業
12971536,立弘生化科技股份有限公司,臺北市大安區敦化南路2段71號13樓,食品添加物批發業
13050164,賽斯生物科技股份有限公司,臺北市內湖區成功路4段30巷20號5樓,食品添加物批發業
13095958,源寶國際行銷流通事業有限公司,臺北市中山區復興北路514巷27號1樓,食品添加物批發業
13106646,泰創國際實業有限公司,臺北市大安區羅斯福路4段119巷34號5樓,食品添加物批發業
13120062,旺泉水實業有限公司,臺北市中山區民權東路1段72號11樓之11,食品添加物批發業
13141432,立和生醫股份有限公司,臺北市中山區中山北路2段93巷19號9樓,食品添加物批發業
16307131,泰宗生物科技股份有限公司,臺北市內湖區基湖路35巷11號7樓,食品添加物批發業
16584579,伍騏生科有限公司,臺北市內湖區成功路5段460號15樓之1,食品添加物批發業
16736983,摩司科技股份有限公司,臺北市北投區吉利街233號1樓,食品添加物批發業
16783795,佳美樂實業有限公司,臺北市中山區吉林路218巷10號1樓,食品添加物批發業
18707416,名臺企業股份有限公司,臺北市中山區吉林路24號9樓之4,食品添加物批發業
20592312,忠欣股份有限公司,臺北市大安區復興南路2段45號2樓,食品添加物批發業
22347435,祥宇有限公司,臺北市中山區南京東路2段150號6樓,食品添加物批發業
22463573,振全有限公司,臺北市中山區長安東路1段2之1號1樓,食品添加物批發業
23225585,台灣希比希股份有限公司,臺北市松山區復興北路365號10樓,食品添加物批發業
22137613,錦鋒化工股份有限公司,臺北市信義區信義路4段405號5樓,食品添加物批發業
03379506,國華貿易股份有限公司,臺北市中正區新生南路1段116號4樓,食品添加物批發業
03543210,台榮產業股份有限公司,臺北市中山區南京東路2段206號6樓,食品添加物批發業
04293133,員和工業股份有限公司,臺北市中山區德惠街9號6樓,食品添加物批發業
04404855,昭元化成股份有限公司,臺北市中山區松江路129號9樓,食品添加物批發業
04412124,欣臨企業股份有限公司,臺北市中山區南京東路3段70號4樓,食品添加物批發業
07138923,同欣有限公司,臺北市中山區新生北路3段20號,食品添加物批發業
09418745,有泰香料化學有限公司,臺北市大安區信義路3段178號11樓,食品添加物批發業
12154916,吉焮貿易有限公司,臺北市中山區松江路152號9樓之13,食品添加物批發業
12212985,幸生實業股份有限公司,臺北市中山區松江路520號6樓,食品添加物批發業
12504821,尹太有限公司,臺北市中山區吉林路168巷2號1樓,食品添加物批發業
12671051,力納資源整合股份有限公司,臺北市松山區東興路19號7樓,食品添加物批發業
12862636,銓昇企業管理顧問有限公司,臺北市信義區莊敬路325巷60號3樓,食品添加物批發業
12871826,摩多摩數位科技有限公司,臺北市中山區復興北路400號2樓之1,食品添加物批發業
12954430,天香回味有限公司,臺北市中山區南京東路1段16號2樓,食品添加物批發業
13120149,益昌實業有限公司,臺北市大同區西寧北路98號1樓,食品添加物批發業
14079772,合禮企業股份有限公司,臺北市松山區南京東路3段248號13樓之2,食品添加物批發業
16316363,騰岳國際股份有限公司,臺北市中正區青島東路5號4樓之1,食品添加物批發業
16681609,瑞華仕國際有限公司,臺北市文山區興隆路1段101號1樓、103號1樓,食品添加物批發業
16752012,金達信股份有限公司,臺北市中山區吉林路26巷7號1樓,食品添加物批發業
20990135,上鈺科技股份有限公司,臺北市松山區南京東路5段356號7樓,食品添加物批發業
22180049,天義企業股份有限公司,臺北市大安區復興南路1段129號5樓,食品添加物批發業
22347462,富浯企業有限公司,臺北市信義區基隆路1段186號3樓之7,食品添加物批發業
22653031,常餘實業有限公司,臺北市文山區和興路6巷2號9樓,食品添加物批發業
22749178,誌滿興業有限公司,臺北市大安區和平東路2段53巷2號3樓,食品添加物批發業
20992859,德記香料化學有限公司,臺北市大安區樂業街41巷5號,食品添加物批發業
19151626,豐慶貿易股份有限公司,臺北市中正區新生南路1段116號5樓,食品添加物批發業
15189403,協和興化工原料股份有限公司,臺北市萬華區和平西路3段84號1樓,食品添加物批發業
15069625,友源貿易股份有限公司,臺北市大安區敦化南路2段65號11樓,食品添加物批發業
09488312,博邁實業有限公司,臺北市大安區復興南路1段127號10樓,食品添加物批發業
05505275,品僑有限公司,臺北市中山區天津街62號6樓,食品添加物批發業
04222102,台石股份有限公司,臺北市中山區松江路42號6樓,食品添加物批發業
23070436,萬佳鑫貿易開發有限公司,臺北市萬華區德昌街185巷27弄4號4樓,食品添加物批發業
24307206,昇達昌企業有限公司,臺北市內湖區陽光街345巷8號3樓,食品添加物批發業
24329623,翡翠森林股份有限公司,臺北市內湖區民權東路6段180巷6號10樓之23,食品添加物批發業
24336602,鑫湛國際管理顧問股份有限公司,臺北市中正區忠孝東路2段35號,食品添加物批發業
24461164,歐勳實業股份有限公司,臺北市大同區承德路3段143巷8號,食品添加物批發業
24478051,京水寶生物科技股份有限公司,臺北市大安區新生南路1段123號9樓,食品添加物批發業
24537919,禾雅食品有限公司,臺北市士林區天母東路46號B1,食品添加物批發業
24541907,康千睿生物科技有限公司,臺北市中山區林森北路413號9樓之1,食品添加物批發業
24541998,高砂麥酒所有限公司,臺北市中山區北安路554巷19號9樓之2,食品添加物批發業
24542173,瑋恩餐飲企業有限公司,臺北市中山區新生北路1段88號,食品添加物批發業
24545093,沐鴉企業有限公司,臺北市中山區伊通街19巷8號,食品添加物批發業
24545137,巴克斯美食股份有限公司,臺北市大安區新生南路3段11之1號4樓,食品添加物批發業
24545349,卓盛有限公司,臺北市士林區德行東路90巷33弄8號1樓,食品添加物批發業
24548795,仕邑實業有限公司,臺北市大安區信義路4段25號7樓之3,食品添加物批發業
24549746,里山人文有限公司,臺北市中山區伊通街66巷17號,食品添加物批發業
24549886,祐美有限公司,臺北市中山區松江路43號9樓,食品添加物批發業
24550026,全多企業有限公司,臺北市內湖區康寧路3段70巷18號3樓之3,食品添加物批發業
24552158,高仕生技有限公司,臺北市萬華區西藏路232號6樓,食品添加物批發業
24552489,瑞智創業投資有限公司,臺北市大安區敦化南路1段205號8樓之5,食品添加物批發業
24552734,健康一零一事業有限公司,臺北市松山區敦化北路102號7樓,食品添加物批發業
24554607,台灣麗婷生物科技有限公司,臺北市北投區裕民六路132號4樓之1,食品添加物批發業
24558809,台灣水耕發展有限公司,臺北市士林區基河路40號2樓之1,食品添加物批發業
23443294,登盛企業股份有限公司,臺北市內湖區港墘路189號9樓,食品添加物批發業
23908390,佳峟國際股份有限公司,臺北市中山區建國北路2段129號3樓,食品添加物批發業
23924286,元孟投資開發有限公司,臺北市大安區和平東路2段201號11樓之1,食品添加物批發業
11454725,南嘉有限公司,臺北市中山區南京東路2段206號4樓,食品添加物批發業
04742997,寶齡富錦生技股份有限公司,臺北市南港區園區街3號16樓,食品添加物批發業
04713260,汎飛股份有限公司,臺北市松山區南京東路4段164號6樓,食品添加物批發業
23617098,加星有限公司,臺北市中山區長安東路1段2之1號2樓,食品添加物批發業
12152614,凱承企業股份有限公司,臺北市中山區南京東路2段150號6樓,食品添加物批發業
24315120,怡和澱粉有限公司,臺北市士林區華齡街18號1樓,食品添加物批發業
24323183,四紅時尚有限公司,臺北市中山區中山北路2段42巷38號4樓,食品添加物批發業
24336011,全國維他命有限公司,臺北市內湖區民權東路6段15巷38號4樓,食品添加物批發業
24348277,瑞揚聯合有限公司,臺北市南港區忠孝東路6段456號2樓,食品添加物批發業
24473154,世界聯合行銷股份有限公司,臺北市松山區南京東路5段343號10樓之3,食品添加物批發業
24483569,廣合國際有限公司,臺北市松山區南京東路4段164號6樓之4,食品添加物批發業
24485031,紅糖生技有限公司,臺北市文山區木柵路2段109巷100弄52號2樓,食品添加物批發業
24533821,昇信企業有限公司,臺北市北投區致遠一路2段57巷9號,食品添加物批發業
24536313,隨時購物有限公司,臺北市信義區松德路171號3樓,食品添加物批發業
24539938,自然醒有限公司,臺北市大安區忠孝東路4段223巷49弄6號,食品添加物批發業
24540891,活粒有限公司,臺北市松山區敦化北路170號3樓,食品添加物批發業
24541097,君海國際貿易有限公司,臺北市信義區虎林街202巷44號,食品添加物批發業
24545220,美吉克歐易國際有限公司,臺北市中正區重慶南路1段63號11樓之2,食品添加物批發業
24545328,新統領世界企業有限公司,臺北市南港區重陽路470號2樓之1,食品添加物批發業
24545523,沃荷國際有限公司,臺北市松山區南京東路3段346之2號10樓,食品添加物批發業
24545853,紫筠軒企業有限公司,臺北市士林區中正路229號,食品添加物批發業
24553261,金品源有限公司,臺北市大安區復興南路1段82號2樓之3,食品添加物批發業
24555296,辰宏事業有限公司,臺北市萬華區桂林路242巷81號,食品添加物批發業
24558104,一方生技股份有限公司,臺北市松山區塔悠路29號,食品添加物批發業
24560609,怡美光生技有限公司,臺北市內湖區瑞光路583巷21號5樓,食品添加物批發業
15153545,利邦化學食品股份有限公司,臺北市中正區重慶南路2段59號12樓之3,食品添加物批發業
12555736,易駿企業股份有限公司,臺北市信義區忠孝東路5段1-3號4樓,食品添加物批發業
12552055,豐盈美術印刷有限公司,臺北市中山區民權東路2段135巷29弄4號1樓,食品添加物批發業
12207667,維舟集通路有限公司,臺北市松山區光復北路26巷3號4樓,食品添加物批發業
07114909,四達化學有限公司,臺北市松山區復興北路369號7樓之6,食品添加物批發業
05118372,肯特貿易有限公司,臺北市松山區復興北路35號6樓,食品添加物批發業
04481803,世純企業有限公司,臺北市中山區民生東路2段176號7樓,食品添加物批發業
22731753,鑫山企業股份有限公司,臺北市中山區復興北路290號10樓之1,食品添加物批發業
23295701,承威企業有限公司,臺北市信義區莊敬路239巷1弄7號1樓,食品添加物批發業
16305345,逸品實業有限公司,臺北市中山區松江路283號5樓,食品添加物批發業
16295212,台灣活曼特有限公司,臺北市北投區文林北路94巷15號1樓,食品添加物批發業
11962025,南泰福貿易有限公司,臺北市中山區南京東路2段206號4樓,食品添加物批發業
24561369,天草斑鳩菊生技股份有限公司,臺北市萬華區開封街2段32號2樓之3,食品添加物批發業
24563113,海麗欣有限公司,臺北市大安區忠孝東路4段220號13樓,食品添加物批發業
24564302,以森有限公司,臺北市文山區木柵路3段96號12樓之3,食品添加物批發業
24567357,華麗藥業有限公司,臺北市松山區民生東路5段204號2樓之2,食品添加物批發業
24569974,富迪秀股份有限公司,臺北市大安區忠孝東路4段169號11樓之1,食品添加物批發業
24571303,台<U+5B9D>生醫股份有限公司,臺北市中山區新生北路1段66號5樓,食品添加物批發業
24573674,得禾投資股份有限公司,臺北市大同區哈密街59巷78弄10號8樓之2,食品添加物批發業
15980404,永加企業有限公司,臺北市萬華區西藏路284號1樓,食品添加物批發業
12509662,信意企業股份有限公司,臺北市松山區復興北路57號7樓之2,食品添加物批發業
11589006,第一化工原料股份有限公司,臺北市大同區天水路43號1至4樓,食品添加物批發業
04389073,葡其實業股份有限公司,臺北市中山區南京西路1之3號1樓,食品添加物批發業
03626801,佳美貿易股份有限公司,臺北市內湖區瑞光路302號9樓,食品添加物批發業
03564609,台灣武田藥品工業股份有限公司,臺北市中山區南京東路3段217號7樓,食品添加物批發業
22727879,新生貿易有限公司,臺北市松山區復興北路1號6樓之6,食品添加物批發業
24307260,可頎有限公司,臺北市大安區敦化南路2段104號11樓之1,食品添加物批發業
24346828,星際聯合傳媒事業有限公司,臺北市中正區忠孝西路1段66號28樓,食品添加物批發業
24464280,匯聚升國際企業有限公司,臺北市松山區復興北路1號5樓之3,食品添加物批發業
24469503,<U+97F5><U+8FBE>國際運通有限公司,臺北市中山區龍江路331巷19號1樓,食品添加物批發業
24480129,興福國際有限公司,臺北市中山區南京東路1段25號10樓之2,食品添加物批發業
24484286,多富多有限公司,臺北市大安區安和路1段32號11樓之2,食品添加物批發業
24534687,<U+7468>鑫有限公司,臺北市大安區仁愛路4段29之2號7樓,食品添加物批發業
24539753,成凱生技有限公司,臺北市大安區羅斯福路3段277之16號,食品添加物批發業
24543270,花東海礦股份有限公司,臺北市中山區松江路363號12樓,食品添加物批發業
24543829,禾潤生技有限公司,臺北市大安區和平東路1段73號7樓,食品添加物批發業
24545283,金凱食品有限公司,臺北市信義區吳興街85號,食品添加物批發業
24547297,丞宇科有限公司,臺北市大安區和平東路1段171號5樓,食品添加物批發業
24559119,大順化工有限公司,臺北市北投區清江路245巷18號,食品添加物批發業
24561305,健裕生技股份有限公司,臺北市中正區林森南路4之3號2樓,食品添加物批發業
24566580,凱賀國際有限公司,臺北市中山區民權東路2段152巷5弄3號,食品添加物批發業
24567841,東方大陸資源整合行銷有限公司,臺北市松山區敦化北路222巷25之1號3樓,食品添加物批發業
24568807,美村餐飲股份有限公司,臺北市南港區三重路19之9號5樓,食品添加物批發業
24568882,尚德利興業有限公司,臺北市大同區重慶北路2段48號9樓之3,食品添加物批發業
24574012,聯陽管理顧問股份有限公司,臺北市松山區南京東路4段16號地下1層,食品添加物批發業
22352345,品晁有限公司,臺北市中山區天津街62號6樓,食品添加物批發業
22197436,知佳實業股份有限公司,臺北市中正區博愛路25號4樓14室,食品添加物批發業
20991465,豐煜貿易股份有限公司,臺北市內湖區內湖路1段360巷17號3樓,食品添加物批發業
23590817,昊漢企業股份有限公司,臺北市松山區南京東路3段248號13樓之2,食品添加物批發業
23761071,高佳林實業股份有限公司,臺北市內湖區新湖一路89號3樓,食品添加物批發業
23764274,糧億企業有限公司,臺北市士林區後港街118號4樓,食品添加物批發業
11505604,美商美國新美股份有限公司,臺北市大安區龍雲里敦化南路2段76號9樓之2,食品添加物批發業
04982807,子億貿易有限公司,臺北市大安區信義路3段178號11樓,食品添加物批發業
15011407,大申貿易有限公司,臺北市萬華區康定路242號,食品添加物批發業
05183083,盛霖國際貿易有限公司,臺北市大安區和平東路1段6號3樓,食品添加物批發業
05077169,新騰貿易股份有限公司,臺北市中山區林森北路612號7樓,食品添加物批發業
04427533,<U+53CC>安有限公司,臺北市中山區長安東路1段2之1號3樓,食品添加物批發業
24305278,九鼎國際事業有限公司,臺北市信義區松德路65號11樓之2,食品添加物批發業
24316802,新瑞來事業有限公司,臺北市松山區民權東路3段142號9樓之5,食品添加物批發業
24326013,科林國際助聽器股份有限公司,臺北市中正區忠孝西路1段50號17樓之4,食品添加物批發業
24532935,同源堂生物科技有限公司,臺北市中正區羅斯福路2段18號4樓,食品添加物批發業
24532941,佳和流通實業有限公司,臺北市松山區南京東路4段71號,食品添加物批發業
24535285,祺晴國際有限公司,臺北市大同區南京西路315號3樓,食品添加物批發業
24537571,艾尚有限公司,臺北市萬華區康定路82號5樓,食品添加物批發業
24537811,維世喜生技國際股份有限公司,臺北市南港區興中路28巷28號19樓之1,食品添加物批發業
24537832,聚百福有限公司,臺北市中山區新生北路3段56巷1號5樓之13,食品添加物批發業
24549582,博迪堡國際企業有限公司,臺北市大安區信義路4段6號6樓,食品添加物批發業
24549892,中國唐誠后勤產業有限公司,臺北市中山區龍江路12之1號1樓,食品添加物批發業
24550927,珂拉貝美妍國際有限公司,臺北市中山區民權西路9巷22號13樓之1,食品添加物批發業
24554043,達特沈國際有限公司,臺北市大安區敦化南路1段376號4樓之3,食品添加物批發業
24555232,和鉅國際股份有限公司,臺北市中山區松江路261號7樓,食品添加物批發業
24555438,霍克有限公司,臺北市中山區長安東路1段52-1號3樓之2,食品添加物批發業
24556318,亞比有限公司,臺北市大安區敦化南路1段187巷15號(1樓),食品添加物批發業
24556540,榆新國際貿易有限公司,臺北市大安區敦化南路1段161巷3號1樓,食品添加物批發業
24558245,山酮新藥開發股份有限公司,臺北市南港區園區街3號17樓之1,食品添加物批發業
24561699,立達國際生技有限公司,臺北市大安區光復南路280巷24號2樓,食品添加物批發業
24566054,安宇股份有限公司,臺北市大同區迪化街1段70號,食品添加物批發業
24566738,品芸有限公司,臺北市大安區延吉街131巷45號6樓,食品添加物批發業
24571508,醫銘生技有限公司,臺北市大同區承德路1段17號6樓之6,食品添加物批發業
23162821,華禮企業股份有限公司,臺北市文山區興隆路4段122巷12號1樓,食品添加物批發業
16323723,嘉慶豐企業有限公司,臺北市大安區忠孝東路4段248巷29號10樓之1,食品添加物批發業
23929424,藝康企業股份有限公司,臺北市士林區承德路4段172號10樓及174號10樓,食品添加物批發業
23992410,濠隆實業有限公司,臺北市中山區明水路672巷38號2樓,食品添加物批發業
12298913,富凰企業股份有限公司,臺北市大同區承德路3段123號,食品添加物批發業
12109976,南峻企業有限公司,臺北市大安區敦化南路2段104號11樓之1,食品添加物批發業
11907184,台灣曾田香料股份有限公司,臺北市中山區松江路309號7樓,食品添加物批發業
11347802,味全食品工業股份有限公司,臺北市中山區松江路125號,食品添加物批發業
04472136,立業貿易股份有限公司,臺北市大同區南京西路22號12樓,食品添加物批發業
23991762,堅力企業有限公司,臺北市士林區中興街15號1樓,食品添加物批發業
23898576,高格工業有限公司,臺北市北投區建民路163之3號1樓,食品添加物批發業
12340412,嘉愛貿易有限公司,臺北市南港區經貿二路235巷27號14樓,食品添加物批發業
24560050,旁庫奇國際有限公司,臺北市萬華區長沙街2段68號3樓,食品添加物批發業
24563401,勁甫國際貿易有限公司,臺北市信義區基隆路1段149號4樓之8,食品添加物批發業
24566913,佐雅洋和國際有限公司,臺北市大同區承德路3段212之2號,食品添加物批發業
24568969,泊客股份有限公司,臺北市松山區富錦街342號1樓,食品添加物批發業
24570727,品悅食品有限公司,臺北市南港區玉成街166巷29號,食品添加物批發業
24573702,豪翊國際有限公司,臺北市信義區林口街172號2樓,食品添加物批發業
24574189,世展國際興業有限公司,臺北市士林區德行東路331巷44號3樓,食品添加物批發業
24574723,華農生物科技有限公司,臺北市中正區延平南路61號9樓之5,食品添加物批發業
24702924,美亞化學有限公司,臺北市北投區大度路3段301巷28弄50號,食品添加物批發業
24713437,鴒暘有限公司,臺北市士林區忠誠路2段96號4樓,食品添加物批發業
24738253,金品月子膳食有限公司,臺北市士林區雨聲街15巷10號5樓,食品添加物批發業
24746227,和悅國際有限公司,臺北市松山區八德路3段218號9樓之2,食品添加物批發業
24746438,安惠信實國際股份有限公司,臺北市中山區德惠街10號7樓之5,食品添加物批發業
24748203,品士登有限公司,臺北市松山區民權東路3段188號3樓,食品添加物批發業
24751467,億高登貿易有限公司,臺北市大安區忠孝東路4段148號7樓,食品添加物批發業
24755273,台灣海外天有限公司,臺北市內湖區東湖路43巷29號,食品添加物批發業
24760655,極緻國際實業有限公司,臺北市中山區中山北路2段65巷8號,食品添加物批發業
24760682,海繼生技有限公司,臺北市信義區松隆路282號,食品添加物批發業
24763490,大師兄創藝有限公司,臺北市中山區復興南路1段18號1樓,食品添加物批發業
24764940,達克寵物有限公司,臺北市士林區大南路325號9樓之12,食品添加物批發業
24765271,盛合國際股份有限公司,臺北市中山區中山北路2段59巷46號,食品添加物批發業
24768143,富麥股份有限公司,臺北市中山區南京東路2段123號4樓,食品添加物批發業
24776538,台灣小野藥品工業股份有限公司,臺北市信義區松高路1號7樓之3,食品添加物批發業
24779991,昕禧工程企業有限公司,臺北市中正區羅斯福路2段14號12樓,食品添加物批發業
24781477,富喜健股份有限公司,臺北市松山區敦化南路1段100巷7弄49號1樓,食品添加物批發業
24782378,高沺有限公司,臺北市中山區南京東路3段189號8樓,食品添加物批發業
24783637,鉅思利生技有限公司,臺北市大安區忠孝東路4段162號11樓之5,食品添加物批發業
24798250,英商弗凱爾國際有限公司,臺北市松山區南京東路5段405號7樓之4,食品添加物批發業
24575618,志江貿易有限公司,臺北市中山區南京西路1之1號7樓,食品添加物批發業
24628609,金田國際貿易有限公司,臺北市北投區文化三路120號5樓,食品添加物批發業
24257114,瑞麟國際實業有限公司,臺北市文山區景福街133巷38號,食品添加物批發業
23750519,道昇國際股份有限公司,臺北市文山區羅斯福路6段142巷82號1樓,食品添加物批發業
23905823,台灣尼克曼有限公司,臺北市中山區長安東路2段112號2樓之3,食品添加物批發業
24630099,台灣匯芯科技有限公司,臺北市中山區復興南路1段34號3樓,食品添加物批發業
24698442,臻寶生物科技有限公司,臺北市內湖區新明路298巷10號12樓,食品添加物批發業
24739350,艾林貿易有限公司,臺北市松山區南京東路5段40號6樓之7,食品添加物批發業
24741715,台灣艾倫恩娛樂有限公司,臺北市中正區寧波西街97號6樓之1,食品添加物批發業
24742741,富麗生醫事業有限公司,臺北市中山區合江街102巷2號,食品添加物批發業
24743333,百佳興有限公司,臺北市文山區羅斯福路6段106號7樓,食品添加物批發業
24746541,遠合生物科技股份有限公司,臺北市信義區信義路5段150巷2號13樓之8,食品添加物批發業
24746916,御膳茶坊有限公司,臺北市松山區敦化北路155巷4號1樓,食品添加物批發業
24747669,達那國際股份有限公司,臺北市大安區敦化南路1段205號12樓之10,食品添加物批發業
24747984,鑫百曜企業有限公司,臺北市士林區天母東路69巷7-1號1樓,食品添加物批發業
24749012,文達國際有限公司,臺北市萬華區漢口街2段73號7樓之15,食品添加物批發業
24752992,禮沃生技有限公司,臺北市大安區復興南路1段259號13樓之1,食品添加物批發業
24753985,來多國際企業股份有限公司,臺北市萬華區昆明街138號,食品添加物批發業
24754204,歐奇國際事業有限公司,臺北市中山區松江路133巷50號2樓之3,食品添加物批發業
24754437,東亞樂業有限公司,臺北市大安區安和路2段64號3樓,食品添加物批發業
24756603,茂益國際有限公司,臺北市中山區松江路330巷40號1樓,食品添加物批發業
24757504,瀚達生物科技有限公司,臺北市大安區信義路4段233號9樓之2,食品添加物批發業
24759518,台灣愛謝謝股份有限公司,臺北市內湖區內湖路1段91巷14號2樓,食品添加物批發業
24765928,台灣日清商會股份有限公司,臺北市松山區敦化北路168號6樓之1,食品添加物批發業
24766193,天地養時尚藝術文化有限公司,臺北市大同區庫倫街51-5號,食品添加物批發業
24769190,璞希國際有限公司,臺北市中山區長春路258巷6號6樓之3,食品添加物批發業
24770099,獨角獸股份有限公司,臺北市大同區庫倫街43號4樓,食品添加物批發業
24773217,科爾興生技股份有限公司,臺北市信義區松高路9號27樓,食品添加物批發業
24573007,圓圈圈文創美學股份有限公司,臺北市信義區基隆路1段155號13樓之5,食品添加物批發業
24578039,廣裕豐有限公司,臺北市大安區信義路2段72號地下,食品添加物批發業
24709898,澳樺股份有限公司,臺北市信義區忠孝東路5段372巷27弄23號,食品添加物批發業
24726685,廣連食品企業有限公司,臺北市中山區遼寧街138巷26號1樓,食品添加物批發業
24740271,鑫鼎國際股份有限公司,臺北市信義區莊敬路391巷16弄3號4樓,食品添加物批發業
24740589,陳杉號實業股份有限公司,臺北市內湖區內湖路1段285巷63弄9號3樓,食品添加物批發業
24740743,鬱金香股份有限公司,臺北市中山區吉林路12之3號4樓之2,食品添加物批發業
24742931,東方紅國際貿易有限公司,臺北市中正區公園路32號3樓,食品添加物批發業
24743220,元之素食品有限公司,臺北市信義區永吉路30巷157弄5號,食品添加物批發業
24744662,珍饌國際餐飲管理顧問有限公司,臺北市大安區信義路2段72號地下,食品添加物批發業
24744987,漢莎友德國際有限公司,臺北市松山區南京東路3段305號5樓,食品添加物批發業
24745352,萊克國際股份有限公司,臺北市大同區南京西路212號3樓,食品添加物批發業
24746134,泓榮國際有限公司,臺北市內湖區瑞光路188巷51號,食品添加物批發業
24746486,德益祥生技有限公司,臺北市大安區仁愛路4段107號7樓,食品添加物批發業
24747865,卡得國際有限公司,臺北市信義區松德路65號11樓之2,食品添加物批發業
24748061,甜豐食品有限公司,臺北市大同區承德路1段105號7樓之2,食品添加物批發業
24750191,楓棠國際股份有限公司,臺北市士林區中山北路5段837號3樓,食品添加物批發業
24751641,貳壹國際實業有限公司,臺北市北投區石牌路1段166巷43弄19號2樓,食品添加物批發業
24755301,登期頤養生文化有限公司,臺北市信義區永吉路278巷47弄15號2樓,食品添加物批發業
24757053,生榮行貿易有限公司,臺北市松山區敦化北路244巷31號2樓,食品添加物批發業
24759427,臺灣沙爾達有限公司,臺北市信義區忠孝東路4段563號9樓,食品添加物批發業
24760352,哈姆國際股份有限公司,臺北市內湖區民權東路6段160號2樓,食品添加物批發業
24764287,三分甜食品股份有限公司,臺北市中山區南京東路2段206號4樓之1,食品添加物批發業
24769889,學鼎留遊學代辦有限公司,臺北市大安區羅斯福路2段79號9樓之5,食品添加物批發業
24771554,祐樺養生實業有限公司,臺北市文山區保儀路109巷11號4樓,食品添加物批發業
24775910,台灣貝比和樂有限公司,臺北市南港區昆陽街14號2樓,食品添加物批發業
24776312,上品開發實業股份有限公司,臺北市中山區錦州街36號6樓,食品添加物批發業
24776621,台灣樂貝特有限公司,臺北市中山區南京東路2段123號4樓,食品添加物批發業
24776740,靈感餐飲管理顧問股份有限公司,臺北市中正區重慶南路1段57號8樓之3,食品添加物批發業
24782047,一品國際生物技術股份有限公司,臺北市中正區重慶南路1段43號3樓之1,食品添加物批發業
24782898,洋基可可思國際貿易有限公司,臺北市內湖區東湖路161號,食品添加物批發業
24783708,婕瑩國際有限公司,臺北市信義區永吉路468巷17弄37號2樓,食品添加物批發業
24884902,鶴健生物科技有限公司,臺北市內湖區石潭路61號1樓,食品添加物批發業
24929886,以馬內利國際貿易有限公司,臺北市中山區龍江路209巷24號,食品添加物批發業
24930151,純極生物科技有限公司,臺北市信義區忠孝東路五段770號5樓,食品添加物批發業
24930835,禮多多有限公司,臺北市萬華區環河南路1段71之12號,食品添加物批發業
24932756,樂沛思國際有限公司,臺北市松山區復興南路1段1號4樓,食品添加物批發業
24933093,好幫手國際商貿有限公司,臺北市大安區忠孝東路4段162號9樓之1,食品添加物批發業
24934939,太春堂國際有限公司,臺北市大同區寧夏路165號9樓之2,食品添加物批發業
24935607,熙蔓國際股份有限公司,臺北市中正區重慶南路1段95號8樓,食品添加物批發業
24936970,愛飛翔數位生活股份有限公司,臺北市信義區東興路63號2樓,食品添加物批發業
24937008,博霖生技有限公司,臺北市大安區新生南路2段82號4樓之6,食品添加物批發業
24937078,六果國際有限公司,臺北市松山區南京東路5段250巷36弄31號1樓,食品添加物批發業
24738649,全球發科技股份有限公司,臺北市中山區民生西路3巷2之2號4樓之3,食品添加物批發業
24738774,奎思特股份有限公司,臺北市信義區忠孝東路5段410號15樓之5,食品添加物批發業
24741216,嘉蒂保有限公司,臺北市松山區延吉街29號,食品添加物批發業
24741449,胡田和里家股份有限公司,臺北市信義區基隆路2段13號、13之1號,食品添加物批發業
24742720,賽伊國際有限公司,臺北市中正區信義路2段195號2樓,食品添加物批發業
24743919,大成世紀股份有限公司,臺北市信義區永吉路180巷66弄29號1樓,食品添加物批發業
24746795,早安森活有限公司,臺北市中山區敬業三路162巷31號10樓,食品添加物批發業
24748029,曦旺生物科技股份有限公司,臺北市中山區長安東路1段30巷8弄7號3樓,食品添加物批發業
24748219,悅調國際股份有限公司,臺北市中正區忠孝西路1段33號7樓,食品添加物批發業
24752212,禾禾實業有限公司,臺北市文山區景興路195號3樓之8,食品添加物批發業
24756929,南紅股份有限公司,臺北市松山區東興路28號16樓,食品添加物批發業
24767947,亞伯朗國際有限公司,臺北市士林區克強路10巷21弄19號1樓,食品添加物批發業
24770437,寧記食品有限公司,臺北市大安區光復南路628巷9號,食品添加物批發業
24776143,騰茂健康生技有限公司,臺北市南港區忠孝東路6段260號2樓,食品添加物批發業
24780771,富均國際有限公司,臺北市中山區民權東路3段75巷2弄2號1樓,食品添加物批發業
24783812,愛樂飛休閒科技有限公司,臺北市大安區仁愛路4段68號11樓之7,食品添加物批發業
24791046,美商優麗康國際有限公司,臺北市中山區松江路51號3樓之2,食品添加物批發業
24928205,家士富國際事業有限公司,臺北市萬華區西園路2段261巷12弄7號,食品添加物批發業
24929020,美冠有限公司,臺北市中正區重慶南路1段118巷5號2樓,食品添加物批發業
24930883,鋐澄貿易有限公司,臺北市內湖區洲子街181號2樓,食品添加物批發業
24933235,東方長紅國際貿易有限公司,臺北市中正區重慶南路1段13號8樓,食品添加物批發業
24937627,江麥海洋生物科技股份有限公司,臺北市內湖區行愛路77巷71號4樓,食品添加物批發業
24938203,造美淨界生技有限公司,臺北市士林區通河西街2段145號,食品添加物批發業
24938674,蜀味興有限公司,臺北市南港區興中路28巷28號7樓之1,食品添加物批發業
24940263,展晟生醫有限公司,臺北市中正區濟南路2段31之23號,食品添加物批發業
24940550,汎康有限公司,臺北市內湖區洲子街181號3樓,食品添加物批發業
24941241,泉嘉餐飲設備有限公司,臺北市士林區社中街252之1號1樓,食品添加物批發業
24942234,慕渴股份有限公司,臺北市內湖區內湖路2段311號11樓之1,食品添加物批發業
24944774,城癮商城有限公司,臺北市南港區中坡北路2號3樓,食品添加物批發業
24946098,安基懷生股份有限公司,臺北市內湖區行愛路140巷27號5樓,食品添加物批發業
24953702,優必原力有限公司,臺北市大安區安和路1段112巷12號,食品添加物批發業
24956216,樽前舞有限公司,臺北市中山區中原街13號1樓,食品添加物批發業
24956270,新和食品股份有限公司,臺北市中山區德惠街9號8樓之1,食品添加物批發業
24959678,六豆廣有限公司,臺北市內湖區康寧路3段189巷21弄23號2樓之2,食品添加物批發業
24965123,華傲國際貿易有限公司,臺北市中正區羅斯福路3段100號8樓之7,食品添加物批發業
24967939,御成國際餐飲開發有限公司,臺北市松山區南京東路4段197號9樓之1,食品添加物批發業
24969633,執動公共關係顧問有限公司,臺北市士林區文林路661巷40弄11號,食品添加物批發業
24970462,道和生技有限公司,臺北市大安區仁愛路4段107號7樓,食品添加物批發業
24777494,購鴻有限公司,臺北市南港區南港路3段80巷17號1樓,食品添加物批發業
24779471,雅典娜國際有限公司,臺北市信義區忠孝東路5段1-10號11樓,食品添加物批發業
24781693,雅威田環球資源有限公司,臺北市松山區復興北路367號8樓,食品添加物批發業
24781862,義成堂國際股份有限公司,臺北市大同區重慶北路3段199號9樓,食品添加物批發業
24782996,隆穎國際有限公司,臺北市北投區致遠一路2段109號1樓,食品添加物批發業
24784489,用九生物科技股份有限公司,臺北市信義區忠孝東路4段560號4樓,食品添加物批發業
24785564,亞太財智文創股份有限公司,臺北市中正區信義路2段253號,食品添加物批發業
24797007,日商小西安股份有限公司,臺北市松山區敦化北路170號3樓,食品添加物批發業
24929963,摩利橡樹有限公司,臺北市松山區長春路442號7樓之3,食品添加物批發業
24931068,富莉爾國際通路有限公司,臺北市中山區南京東路3段101號4樓,食品添加物批發業
24931335,武和膳有限公司,臺北市內湖區江南街81號,食品添加物批發業
24934190,鼎懋國際有限公司,臺北市內湖區新湖一路83號6樓,食品添加物批發業
24936330,越祥國際貿易有限公司,臺北市信義區基隆路1段149號4樓之8,食品添加物批發業
24939076,天仙草生技股份有限公司,臺北市信義區林口街117號1樓,食品添加物批發業
24941663,蘭恩奇妙有限公司,臺北市內湖區民權東路6段64號2樓,食品添加物批發業
24946294,忠信貿易有限公司,臺北市信義區基隆路1段155號7樓,食品添加物批發業
24953956,昌隆生技有限公司,臺北市中山區長春路3巷15號,食品添加物批發業
24957340,油花縱榖農產行銷有限公司,臺北市內湖區行愛路51號5樓,食品添加物批發業
24959760,聖瑞國際貿易有限公司,臺北市信義區基隆路1段420號12樓之1,食品添加物批發業
24929871,西臺有限公司,臺北市中山區南京東路2段60號1樓、2樓,食品添加物批發業
24933158,禾餘麥酒有限公司,臺北市松山區民生東路5段153號4樓之14,食品添加物批發業
24935374,中特生醫股份有限公司,臺北市松山區復興北路1號3樓之7,食品添加物批發業
24937751,宸祺實業有限公司,臺北市大安區忠孝東路3段305號6樓之1,食品添加物批發業
24938386,熊猴創意廚房股份有限公司,臺北市萬華區西寧南路70號地下一層之7,食品添加物批發業
24946674,好好運餐飲有限公司,臺北市信義區莊敬路423巷2弄17號,食品添加物批發業
24947358,戴米爾美賜康股份有限公司,臺北市內湖區新湖一路95號2樓,食品添加物批發業
24947673,遊創國際有限公司,臺北市大安區忠孝東路4段216巷27弄14號,食品添加物批發業
24948259,雲豆子科技有限公司,臺北市北投區公館路301巷1號,食品添加物批發業
24948455,華顯有限公司,臺北市中山區復興北路432號4樓之2,食品添加物批發業
24948814,塔奇極品咖啡有限公司,臺北市萬華區雙園街132號1樓,食品添加物批發業
24949308,三福生技股份有限公司,臺北市中山區中山北路2段21號7樓,食品添加物批發業
24956399,元利服務有限公司,臺北市信義區信義路5段8號14樓,食品添加物批發業
24960083,睿東企業股份有限公司,臺北市大安區忠孝東路4段221號10樓,食品添加物批發業
24965762,棒點有限公司,臺北市信義區忠孝東路5段510號15樓,食品添加物批發業
24965968,合洋開發實業有限公司,臺北市中正區重慶南路1段49號9樓,食品添加物批發業
24970499,玖伍貳柒股份有限公司,臺北市中山區復興北路60號3樓,食品添加物批發業
24971053,冠福生技股份有限公司,臺北市大同區華亭街8號1樓,食品添加物批發業
24971223,凱宇貿易有限公司,臺北市大安區和平東路3段63號8樓,食品添加物批發業
24972525,諾華生技股份有限公司,臺北市中山區南京東路3段70號4樓,食品添加物批發業
24974087,達妍生技有限公司,臺北市信義區忠孝東路5段1之8號5樓,食品添加物批發業
24972237,綠億餐飲開發有限公司,臺北市大安區仁愛路4段266巷8弄2號,食品添加物批發業
24972530,實品實業股份有限公司,臺北市萬華區康定路128號2樓,食品添加物批發業
24972882,帝達國際有限公司,臺北市松山區南京東路5段239號4樓之1,食品添加物批發業
24974679,耘耘有限公司,臺北市松山區民生東路4段55巷3弄14號,食品添加物批發業
24977818,御祿生技有限公司,臺北市文山區萬美街1段19巷2號2樓,食品添加物批發業
25109626,季新企業有限公司,臺北市士林區忠誠路1段83號3樓,食品添加物批發業
25130775,士駖國際股份有限公司,臺北市中正區新生南路1段6號3樓,食品添加物批發業
25133750,米洛克創意實業有限公司,臺北市內湖區行愛路77巷16號6樓,食品添加物批發業
27747136,全杏企業有限公司,臺北市中山區民生東路2段83號4樓之7,食品添加物批發業
27756319,美圓國際有限公司,臺北市文山區辛亥路5段11號5樓,食品添加物批發業
27802094,特品貿易有限公司,臺北市中山區建國北路3段129號3樓,食品添加物批發業
27953297,長陞實業有限公司,臺北市大安區延吉街162號2樓之2,食品添加物批發業
28002789,統合生活科技有限公司,臺北市中山區撫順街2號3樓之5,食品添加物批發業
28003345,四季柔國際企業有限公司,臺北市大安區復興南路1段219巷20號1樓,食品添加物批發業
28194668,文偉說有限公司,臺北市中正區金山北路1號8樓之2,食品添加物批發業
28207811,柏泓企業有限公司,臺北市大同區民權西路286號3樓,食品添加物批發業
28230101,國泰企業有限公司,臺北市松山區南京東路4段171號6樓之2,食品添加物批發業
24941925,人生百味有限公司,臺北市大同區承德路1段105號7樓之2,食品添加物批發業
24943894,禾合國際股份有限公司,臺北市信義區忠孝東路5段457號10樓之4,食品添加物批發業
24947097,天御一品國際企業有限公司,臺北市南港區三重路41巷33號11樓,食品添加物批發業
24948770,協益鼎事業有限公司,臺北市大安區忠孝東路4段221號10樓,食品添加物批發業
24953055,蕾可有限公司,臺北市中山區復興北路400號10樓之7,食品添加物批發業
24954110,達上上國際有限公司,臺北市松山區民生東路5段186號5樓,食品添加物批發業
24956264,太平洋環球貿易有限公司,臺北市南港區市民大道7段212號,食品添加物批發業
24957411,鴻健生技有限公司,臺北市大同區塔城街50巷11號3樓,食品添加物批發業
24958328,亞洲資源開發股份有限公司,臺北市中山區松江路50號8樓,食品添加物批發業
24958684,三零二股份有限公司,臺北市信義區基隆路1段400號9樓之3,食品添加物批發業
24962765,牛咖拿股份有限公司,臺北市松山區南京東路5段66巷12弄11號4樓,食品添加物批發業
24963595,金荷康有限公司,臺北市松山區南京東路4段171號12樓,食品添加物批發業
24967121,大丰生活科技有限公司,臺北市松山區南京東路4段130號2樓之1,食品添加物批發業
24969583,靖鈞實業有限公司,臺北市中山區林森北路259巷9號5樓之9,食品添加物批發業
24970961,保和麗壽生物科技有限公司,臺北市內湖區民權東路6段180巷6號8樓之1,食品添加物批發業
24973756,晨禧企業有限公司,臺北市大安區信義路4段265巷20弄3號,食品添加物批發業
24973974,綠博達有限公司,臺北市中山區中山北路3段27號6樓之1,食品添加物批發業
24974869,彩虹生技股份有限公司,臺北市信義區基隆路1段11巷10弄30號1樓,食品添加物批發業
25105163,台灣富信高登科技股份有限公司,臺北市大安區安和路1段37號2樓,食品添加物批發業
25127568,柏沅科技有限公司,臺北市信義區松德路65號11樓之2,食品添加物批發業
25147683,萬利隆有限公司,臺北市大安區和平東路2段339號11樓,食品添加物批發業
27313960,鼎琣陪迨膝q,臺北市中正區八德路1段5號2樓,食品添加物批發業
27320580,喜樂美健康事業有限公司,臺北市文山區興隆路2段130巷17號,食品添加物批發業
27321413,榮陽生醫科技股份有限公司,臺北市南港區南港路3段97號9樓,食品添加物批發業
27334228,睿德有限公司,臺北市北投區東華街1段58號1樓,食品添加物批發業
27346913,台通物流股份有限公司,臺北市萬華區昆明街222號10樓,食品添加物批發業
27351915,千泉有限公司,臺北市大安區信義路3段172號3樓之1,食品添加物批發業
27546102,榮揚科技股份有限公司,臺北市南港區南港路3段16巷7號,食品添加物批發業
27663092,宇誠國際貿易有限公司,臺北市信義區基隆路1段149號4樓之8,食品添加物批發業
24987772,喜來芝生技股份有限公司,臺北市內湖區新湖二路367號3樓,食品添加物批發業
25145828,艾柏得有限公司,臺北市信義區基隆路1段155號8樓之8,食品添加物批發業
27337766,誠品貿易有限公司,臺北市大同區民族西路243號1樓,食品添加物批發業
27340707,核心值有限公司,臺北市文山區羅斯福路6段2號2樓,食品添加物批發業
27529618,韋伯國際貿易有限公司,臺北市大安區和平東路1段6號3樓,食品添加物批發業
27543196,碩璞實業有限公司,臺北市中山區南京東路2段150號4樓,食品添加物批發業
27675463,京豔國際有限公司,臺北市中山區民生東路3段21號6樓之1,食品添加物批發業
27723303,<U+6630>富開發有限公司,臺北市中山區新生北路1段82號2樓,食品添加物批發業
27737685,德馨貿易有限公司,臺北市大安區樂業街41巷3號,食品添加物批發業
28009761,展拓創意有限公司,臺北市信義區基隆路2段167巷5之1號1樓,食品添加物批發業
28184979,光原資訊有限公司,臺北市內湖區瑞光路258巷2號5樓之3,食品添加物批發業
28199122,久久鑽國際有限公司,臺北市大安區忠孝東路4段221號12樓,食品添加物批發業
28219794,富士創國際有限公司,臺北市中山區錦州街25號5樓,食品添加物批發業
24966039,我在家設計科技股份有限公司,臺北市士林區中山北路6段172巷16弄2號4樓之6,食品添加物批發業
24967902,利恆國際有限公司,臺北市中山區民權東路1段55號7樓,食品添加物批發業
24971379,品沐咖啡有限公司,臺北市大安區仁愛路4段408巷13號,食品添加物批發業
24973186,酵果有限公司,臺北市中山區林森北路138巷18號,食品添加物批發業
24975950,品味創意行銷有限公司,臺北市士林區社子街4號1樓,食品添加物批發業
25071760,派樂活動行銷有限公司,臺北市大安區光復南路102號8樓,食品添加物批發業
25122607,中鴻貿易有限公司,臺北市大安區信義路4段296號12樓之3,食品添加物批發業
27314898,杜拜耳國際開發股份有限公司,臺北市北投區泉源路37之7號,食品添加物批發業
27352837,峰源裕行銷有限公司,臺北市大安區光復南路296號8樓之1,食品添加物批發業
27363314,綺麗健康生技股份有限公司,臺北市大安區忠孝東路4段49巷2號7樓,食品添加物批發業
27528815,怡昇科技有限公司,臺北市松山區南京東路5段212號7樓,食品添加物批發業
27538638,台灣丸善科技股份有限公司,臺北市中正區忠孝東路2段88號5樓,食品添加物批發業
27566325,力遠貿易股份有限公司,臺北市內湖區民權東路6段90巷31弄5號,食品添加物批發業
27711480,植享家股份有限公司,臺北市大安區忠孝東路3段249之1號8樓,食品添加物批發業
27749612,沛辰有限公司,臺北市松山區寶清街22號5樓,食品添加物批發業
27770261,西海生技股份有限公司,臺北市中山區民權東路2段46號10樓之2,食品添加物批發業
27997990,彩智國際事業股份有限公司,臺北市中正區忠孝西路1段50號21樓之26,食品添加物批發業
28185154,陞邦食品技術開發有限公司,臺北市信義區基隆路1段155號8樓之4,食品添加物批發業
28212737,愛科達國際開發股份有限公司,臺北市大安區仁愛路4段77號7樓,食品添加物批發業
28227393,福潤德有限公司,臺北市中山區長春路19號5樓,食品添加物批發業
28450081,晶鋼光電股份有限公司,臺北市北投區懷德街15號,食品添加物批發業
28462925,晨荷貿易有限公司,臺北市信義區忠孝東路5段1之1號3樓,食品添加物批發業
28475055,柏齡生技有限公司,臺北市大安區敦化南路2段46號3樓(D室),食品添加物批發業
28682287,台灣金鏟子國際事業有限公司,臺北市中山區建國北路2段147號9樓之3,食品添加物批發業
28821632,尚泰睿有限公司,臺北市中山區農安街210號7樓之1,食品添加物批發業
28827853,奇享國際生物科技有限公司,臺北市中正區青島東路5號4樓之3,食品添加物批發業
28831358,藝多廚食材股份有限公司,臺北市中山區南京東路2段88號18樓,食品添加物批發業
29041727,鴻琪國際有限公司,臺北市萬華區環河南路3段261號4樓,食品添加物批發業
29048171,杜拜德國際開發股份有限公司,臺北市北投區雙全街48巷7號1樓,食品添加物批發業
29070779,越山科技股份有限公司,臺北市中山區松江路146號3樓(D室),食品添加物批發業
29091248,髮絲康專業健髮有限公司,臺北市中山區復興北路62號8樓,食品添加物批發業
29141943,達裕貿易股份有限公司,臺北市中山區建國北路2段33號12樓,食品添加物批發業
29166351,東信國際有機股份有限公司,臺北市中山區松江路185號14樓之5,食品添加物批發業
29500460,欣慶有限公司,臺北市信義區信義路6段33巷5號4樓,食品添加物批發業
30011460,國偉貿易有限公司,臺北市中山區松江路293號3樓311室,食品添加物批發業
30934942,北斗音響股份有限公司,臺北市中山區復興北路166號11樓,食品添加物批發業
30968169,臺灣默化實業股份有限公司,臺北市信義區基隆路2段79巷1弄5號1樓,食品添加物批發業
34598392,二利國際事業有限公司,臺北市南港區忠孝東路6段456號3樓,食品添加物批發業
28005131,華麒國際開發有限公司,臺北市中山區建國北路2段226巷32號,食品添加物批發業
28466231,秉新藥業股份有限公司,臺北市信義區忠孝東路5段429號4樓,食品添加物批發業
28672859,旭騰國際企業有限公司,臺北市北投區公館路255巷40號(1樓),食品添加物批發業
28699127,鼎暉有限公司,臺北市中正區博愛路122號7樓之2,食品添加物批發業
28845796,皇騰國際開發股份有限公司,臺北市中正區晉江街116號,食品添加物批發業
28906202,台灣樂活尖端生技股份有限公司,臺北市內湖區新湖一路135號3樓,食品添加物批發業
29035295,鎧維貿易有限公司,臺北市內湖區內湖路1段360巷17號3樓,食品添加物批發業
29064349,東燦科技股份有限公司,臺北市松山區南京東路4段170號3樓之7,食品添加物批發業
29106832,凱文國際企業有限公司,臺北市松山區南京東路5段286巷7號,食品添加物批發業
31111500,名川企業有限公司,臺北市北投區北投路2段13號8樓,食品添加物批發業
31180409,玉霸企業有限公司,臺北市內湖區港墘路221巷41號6樓之2,食品添加物批發業
35426782,萬家香醬園股份有限公司,臺北市中山區德惠街9號5樓之6,食品添加物批發業
36501387,立全尚業有限公司,臺北市大安區富陽街123號,食品添加物批發業
28842496,大人物國際股份有限公司,臺北市中正區忠孝西路1段50號13樓之3,食品添加物批發業
29059747,展浪國際有限公司,臺北市松山區敦化南路1段100巷7弄5號1樓,食品添加物批發業
29069941,鴻創國際貿易有限公司,臺北市松山區東寧路13號1樓,食品添加物批發業
29141514,東方佳聯生物科技有限公司,臺北市大安區信義路4段263號9樓之5,食品添加物批發業
29153243,泓源國際股份有限公司,臺北市大安區忠孝東路4段148號5樓之9,食品添加物批發業
30860786,中國健菀股份有限公司,臺北市大安區信義路4段189號6樓之1,食品添加物批發業
30939307,蒲生實業有限公司,臺北市大安區瑞安街230號2樓,食品添加物批發業
31127221,信川貿易有限公司,臺北市北投區北投路2段13號8樓,食品添加物批發業
42610638,名瑿股份有限公司,臺北市中山區松江路276號7樓,食品添加物批發業
42612256,美力安國際有限公司,臺北市萬華區東園街68之7號,食品添加物批發業
42614682,蘋果欣業有限公司,臺北市士林區德行西路36號3樓之16,食品添加物批發業
42617837,伸展國際貿易有限公司,臺北市中正區羅斯福路1段24號11樓,食品添加物批發業
42618054,勇創企業有限公司,臺北市文山區景華街176巷2之1號3樓,食品添加物批發業
42610807,長輝生物科技股份有限公司,臺北市北投區西安街1段157號1樓,食品添加物批發業
42618809,立派食品企業股份有限公司,臺北市大同區南京西路22號12樓,食品添加物批發業
42622000,希地國際有限公司,臺北市信義區松德路10號7樓,食品添加物批發業
42623599,名嘉食品有限公司,臺北市大同區長安西路78巷3弄6之1號2樓,食品添加物批發業
42625647,意識國際有限公司,臺北市大安區羅斯福路3段269巷2之1號,食品添加物批發業
42627119,辣都有限公司,臺北市南港區舊莊街1段3巷28號,食品添加物批發業
42628829,達安國際生活有限公司,臺北市中山區長安東路2段99號4樓之1,食品添加物批發業
42631021,國泰產經開發股份有限公司,臺北市松山區八德路4段604號2樓之17,食品添加物批發業
42631367,德田農業生技股份有限公司,臺北市內湖區瑞湖街58號12樓,食品添加物批發業
42634104,星永貿易有限公司,臺北市中山區吉林路1號6樓,食品添加物批發業
42638713,碧美股份有限公司,臺北市中正區信義路2段23號3樓之9,食品添加物批發業
42642364,璞舍食品有限公司,臺北市大安區四維路66巷8號1樓,食品添加物批發業
42642414,吉翔國際生技股份有限公司,臺北市大安區忠孝東路4段87號9樓之12,食品添加物批發業
42642913,興春貿易有限公司,臺北市大同區南京西路163號2樓之54,食品添加物批發業
42646283,健康樂食有限公司,臺北市大安區仁愛路4段345巷4弄8號1樓,食品添加物批發業
42646798,福碩生物科技有限公司,臺北市中正區羅斯福路2段18號7樓,食品添加物批發業
42647163,冠岳科技有限公司,臺北市松山區南京東路4段171號11樓之3,食品添加物批發業
42647781,萬成企業有限公司,臺北市信義區光復南路495號,食品添加物批發業
43696296,南璋股份有限公司,臺北市松山區民生東路3段134號4樓,食品添加物批發業
53121833,賴學禮實業股份有限公司,臺北市中山區吉林路24號12樓之1,食品添加物批發業
53202574,瑞瑪國際行銷有限公司,臺北市北投區文化三路23號2樓,食品添加物批發業
42618940,橙達實業有限公司,臺北市大安區延吉街133號,食品添加物批發業
42619096,真活科技興業股份有限公司,臺北市大安區忠孝東路4段221號10樓,食品添加物批發業
42620571,香帥食品有限公司,臺北市中正區羅斯福路3段96號,食品添加物批發業
42621635,小林生活良品有限公司,臺北市信義區忠孝東路5段1之3號14樓,食品添加物批發業
42621945,特安捷國際貿易有限公司,臺北市信義區基隆路1段149號6樓,食品添加物批發業
42627482,糖話國際股份有限公司,臺北市中山區新生北路2段31之1號11樓之６,食品添加物批發業
42629186,灝瑋國際有限公司,臺北市文山區指南路2段33號1樓,食品添加物批發業
42631818,究式有限公司,臺北市松山區八德路4段465號7樓,食品添加物批發業
42633436,楠興興業有限公司,臺北市大安區復興南路2段35號12樓,食品添加物批發業
42635672,百仁堂生技有限公司,臺北市信義區忠孝東路5段459號4樓之3,食品添加物批發業
42638452,宇宙客有限公司,臺北市中山區民生東路2段126號3樓,食品添加物批發業
42640507,睿真科技股份有限公司,臺北市南港區興中路28巷28號19樓之1,食品添加物批發業
42641750,潤禾有限公司,臺北市松山區八德路4段149號,食品添加物批發業
42642174,來這點有限公司,臺北市中正區忠孝西路1段50號22樓之15,食品添加物批發業
42642322,水沃供應鏈科技股份有限公司,臺北市中山區長安東路2段169-6號7樓之3,食品添加物批發業
42646805,全球達人國際娛樂傳媒股份有限公司,臺北市信義區忠孝東路5段1之10號3樓,食品添加物批發業
42648326,傑爾森國際有限公司,臺北市信義區基隆路1段155號7樓,食品添加物批發業
42648780,馬可貝斯有限公司,臺北市中山區民生西路45巷11弄17之1號,食品添加物批發業
53116395,全海有限公司,臺北市中山區松江路289-408號,食品添加物批發業
53119647,誼豐國際有限公司,臺北市中正區羅斯福路2段150號10樓之3,食品添加物批發業
53119724,台灣昭光貿易股份有限公司,臺北市中山區松江路139號8樓之1,食品添加物批發業
53120969,勝立生技有限公司,臺北市大同區民權西路136號8樓之9,食品添加物批發業
53124901,炫煬國際行銷股份有限公司,臺北市中正區詔安街220巷5號,食品添加物批發業
53207640,興盛利股份有限公司,臺北市北投區中正街49巷20號12樓之2,食品添加物批發業
53216633,諾斯歐國際有限公司,臺北市文山區辛亥路5段53號1樓,食品添加物批發業
53226196,創益生技股份有限公司,臺北市南港區園區街3之1號3樓之1,食品添加物批發業
42610692,諾威生技有限公司,臺北市松山區八德路4段656號4樓,食品添加物批發業
42618300,海威信息國際有限公司,臺北市松山區南京東路5段343號5樓,食品添加物批發業
42621305,太元食品有限公司,臺北市中山區林森北路413號9樓之1,食品添加物批發業
42622254,宣美國際股份有限公司,臺北市內湖區新湖一路87號6樓,食品添加物批發業
42622281,智豪貿易有限公司,臺北市文山區木新路3段50巷10弄11號,食品添加物批發業
42623916,禾膳坊國際股份有限公司,臺北市內湖區文湖街2之1號3樓,食品添加物批發業
42625029,國誠生技有限公司,臺北市大安區敦化南路1段259號10樓,食品添加物批發業
42626998,寬泰食品有限公司,臺北市大安區和平東路3段308巷15弄31號3樓,食品添加物批發業
42628356,珼特國際股份有限公司,臺北市內湖區陽光街345巷3號,食品添加物批發業
42630682,台灣親親有限公司,臺北市中正區忠孝西路1段41號15樓之11,食品添加物批發業
42633371,捷易國際貿易有限公司,臺北市中山區長春路378號6樓,食品添加物批發業
42634651,洋恩貿易有限公司,臺北市北投區大業路280巷9弄13號,食品添加物批發業
42634884,佳嘉企業有限公司,臺北市松山區八德路3段164號3樓之7,食品添加物批發業
42636026,昴宿星星際有限公司,臺北市松山區南京東路5段40號4樓之13,食品添加物批發業
42636406,唐莊企業有限公司,臺北市中山區民權東路1段38巷14號1樓,食品添加物批發業
42636790,全家貿易有限公司,臺北市大安區大安路1段51巷33號,食品添加物批發業
42637587,沃岱構有限公司,臺北市萬華區西寧南路15號3樓,食品添加物批發業
42638740,玉喜古茶窖有限公司,臺北市大安區延吉街234號1樓,食品添加物批發業
42639494,麗安管理顧問股份有限公司,臺北市中正區重慶南路1段113號2樓,食品添加物批發業
42641273,禾佳禾國際股份有限公司,臺北市松山區復興北路181號2樓,食品添加物批發業
42641288,尤妮國際有限公司,臺北市大安區忠孝東路4段59號10樓之2,食品添加物批發業
42641436,棒棒生活有限公司,臺北市大安區信義路4段279號5樓之1,食品添加物批發業
42645046,健康卓越有限公司,臺北市信義區基隆路2段23號5樓之1,食品添加物批發業
42651898,尚品萊客有限公司,臺北市信義區忠孝東路5段1之6號10樓,食品添加物批發業
42652427,虎牌行銷有限公司,臺北市中正區和平西路2段92-1號3樓,食品添加物批發業
42652931,保力軒建設有限公司,臺北市內湖區瑞光路2號2樓之1,食品添加物批發業
51015548,嘉里大榮物流股份有限公司,臺北市中正區新生南路1段50號14樓,食品添加物批發業
53027751,香港商韓蔘皇有限公司,臺北市松山區南京東路5段239號9樓之3,食品添加物批發業
53028870,英屬維京群島商凱利華有限公司,臺北市信義區松仁路91號1樓,食品添加物批發業
53345382,澄顥科技有限公司,臺北市萬華區西藏路170號2樓,食品添加物批發業
53343321,八拾捌茶有限公司,臺北市中正區汀州路2段317號地下室,食品添加物批發業
53334759,玉固實業有限公司,臺北市萬華區長沙街2段99號9樓,食品添加物批發業
53346684,凡遠時尚股份有限公司,臺北市大安區忠孝東路4段221號12樓,食品添加物批發業
53347207,永豐盈國際有限公司,臺北市大同區重慶北路2段74號7樓,食品添加物批發業
53333392,品益實業有限公司,臺北市大安區復興南路1段368號13樓,食品添加物批發業
53323535,禾協生物科技股份有限公司,臺北市大安區仁愛路3段5巷14號,食品添加物批發業
53316226,滋吃斯飲食有限公司,臺北市大安區忠孝東路4段1號8樓,食品添加物批發業
53358219,青禾國際聯網股份有限公司,臺北市松山區民生東路4段133號4樓,食品添加物批發業
53326879,高香貿易有限公司,臺北市士林區福德路62巷22號,食品添加物批發業
53358935,全球首席股份有限公司,臺北市松山區光復南路13巷5號1樓,食品添加物批發業
53314108,晶昌股份有限公司,臺北市中山區民生東路2段38號,食品添加物批發業
53359097,台灣鐘化股份有限公司,臺北市中山區松江路318號5樓,食品添加物批發業
28463023,譽文武企業有限公司,臺北市北投區雙全街48巷3號(1樓),食品添加物批發業
28465079,海拓貿易有限公司,臺北市信義區松隆路282號,食品添加物批發業
28465578,聯灃書報社有限公司,臺北市大同區重慶北路1段83巷43號2樓,食品添加物批發業
28483787,神氣活現企業有限公司,臺北市松山區南京東路5段123巷6弄22號,食品添加物批發業
28689654,保亨科技股份有限公司,臺北市松山區復興南路1段1號7樓之5,食品添加物批發業
28696711,軍湛實業有限公司,臺北市文山區政大一街212號2樓,食品添加物批發業
28711918,啟元生技有限公司,臺北市內湖區內湖路2段319號3樓,食品添加物批發業
28887562,皇后之心股份有限公司,臺北市北投區中央北路4段18巷32號1樓,食品添加物批發業
29064853,花樣多元文化行銷有限公司,臺北市松山區南京東路4段56號9樓之1,食品添加物批發業
29068387,志勇無限創意有限公司,臺北市中山區德惠街154號3樓,食品添加物批發業
29078076,牛毛創意行銷有限公司,臺北市松山區八德路3段71巷13-1號4樓,食品添加物批發業
29080050,金色山谷有限公司,臺北市大安區新生南路3段2號5樓之1,食品添加物批發業
29121138,瑞鴻貿易有限公司,臺北市文山區興隆路3段221巷2弄19號1樓,食品添加物批發業
30939019,景安興業股份有限公司,臺北市大安區復興南路1段127號5樓,食品添加物批發業
30962073,增祥貿易股份有限公司,臺北市松山區民生東路4段54號8樓之4,食品添加物批發業
31307672,高仲企業有限公司,臺北市北投區致遠一路2段57巷7號1樓,食品添加物批發業
35960481,堉鑫國際商有限公司,臺北市中山區德惠街42號2樓,食品添加物批發業
36526541,源泰特產有限公司,臺北市中正區齊東街34號,食品添加物批發業
36550295,金統有限公司,臺北市松山區復興北路191號15樓之2之3,食品添加物批發業
36552836,毅欣有限公司,臺北市大安區復興南路1段204號6樓,食品添加物批發業
42613678,芓芯圓有限公司,臺北市信義區忠孝東路5段1之1號10樓,食品添加物批發業
42619027,禾隆實業有限公司,臺北市文山區興隆路2段21號,食品添加物批發業
42622135,安尼克貿易有限公司,臺北市信義區忠孝東路5段1之1號8樓,食品添加物批發業
42623818,萬利食品有限公司,臺北市信義區永吉路278巷37弄15號1樓,食品添加物批發業
42625604,禾裕烘焙國際有限公司,臺北市信義區永吉路187巷7號,食品添加物批發業
42626619,瑞特實業有限公司,臺北市中山區新生北路2段40號5樓之5,食品添加物批發業
42627413,綠恩東陽光生醫有限公司,臺北市萬華區西藏路250號5樓,食品添加物批發業
42627568,臺灣神農大地有限公司,臺北市士林區承德路4段287號5樓,食品添加物批發業
42628102,宇海國際股份有限公司,臺北市中正區羅斯福路1段94號12樓,食品添加物批發業
42629587,果倉股份有限公司,臺北市萬華區長沙街2段91號7樓之2,食品添加物批發業
42630212,口中好飲食有限公司,臺北市信義區文昌街316號3樓之3,食品添加物批發業
42630310,獅子貓創意行銷有限公司,臺北市大同區民生西路272號6樓,食品添加物批發業
42632675,奶與蜜食品有限公司,臺北市士林區重慶北路4段79號6樓之3,食品添加物批發業
42637051,正鴻農業有限公司,臺北市松山區三民路35巷1號11樓之3,食品添加物批發業
42637257,生紀有限公司,臺北市中正區杭州南路1段143巷1號3樓,食品添加物批發業
42638299,星永貿易有限公司,臺北市中山區吉林路1號6樓,食品添加物批發業
42639656,易必購股份有限公司,臺北市大安區信義路4段184號9樓,食品添加物批發業
42648022,兔兔日子股份有限公司,臺北市內湖區內湖路1段387巷3弄7號,食品添加物批發業
42648183,奎恩餐飲股份有限公司,臺北市大安區敦化南路1段187巷62號1樓,食品添加物批發業
42648705,杯杯好食餐飲有限公司,臺北市大安區復興南路1段293號3樓之1,食品添加物批發業
42649514,利滿國際有限公司,臺北市內湖區民權東路6段123巷16號8樓之1,食品添加物批發業
42652242,宜暉生物科技有限公司,臺北市大同區重慶北路3段254號4樓,食品添加物批發業
42652518,羅子妹客家食品有限公司,臺北市中山區民權東路3段166號3樓,食品添加物批發業
42652735,鉉榮國際有限公司,臺北市信義區信義路4段456號11樓,食品添加物批發業
53019339,香港商可口可樂有限公司,臺北市信義區松仁路89號13樓,食品添加物批發業
53020841,英屬維京群島商愛品馨股份有限公司,臺北市中山區建國北路二段147號12樓之3、之4,食品添加物批發業
53081240,美肌之誌國際有限公司,臺北市內湖區新湖一路97號4樓,食品添加物批發業
53085273,益莊鐘錶有限公司,臺北市文山區木柵路3段106號,食品添加物批發業
53103292,成浤有限公司,臺北市中正區臨沂街27巷4號2樓,食品添加物批發業
53105828,威錦股份有限公司,臺北市內湖區成功路4段324巷2弄10號3樓,食品添加物批發業
53116563,化羽柔生物科技股份有限公司,臺北市信義區忠孝東路5段236巷32號,食品添加物批發業
53117113,浩景資產管理顧問股份有限公司,臺北市松山區民權東路3段170號3樓之4,食品添加物批發業
53125227,九如聯合國際有限公司,臺北市中山區民生東路3段9巷11號,食品添加物批發業
53326688,湧明食品有限公司,臺北市信義區永吉路30巷101弄6號1樓,食品添加物批發業
53321001,田中秧農產有限公司,臺北市文山區木柵路3段85巷8弄19號1樓,食品添加物批發業
53315633,璞菩緣生技股份有限公司,臺北市大安區安和路1段55號3樓,食品添加物批發業
53342625,頂瑞生物科技有限公司,臺北市中正區衡陽路36號11樓之6,食品添加物批發業
53345593,伸泰國際開發有限公司,臺北市中山區建國北路2段33號5樓之2,食品添加物批發業
53309549,米琪琳達國際有限公司,臺北市文山區忠順街1段26巷1弄1號2樓,食品添加物批發業
53338431,好易及有限公司,臺北市士林區中山北路5段806號,食品添加物批發業
53321683,鼎真貿易有限公司,臺北市大同區重慶北路3段113巷19號3樓,食品添加物批發業
53523034,水滋源生物科技股份有限公司,臺北市萬華區萬大路414號1樓,食品添加物批發業
53462515,戀義國際股份有限公司,臺北市文山區辛亥路5段51號1樓,食品添加物批發業
53527658,興航興業有限公司,臺北市南港區中坡北路100號2樓,食品添加物批發業
53538732,金麒創意有限公司,臺北市中山區民生東路3段21號6樓,食品添加物批發業
53547486,以利奧林企業有限公司,臺北市內湖區民權東路6段123巷28號4樓之3,食品添加物批發業
53533878,源動力開發有限公司,臺北市內湖區成功路3段76巷50、52號,食品添加物批發業
53543622,進發餐飲設備有限公司,臺北市萬華區康定路24之2號,食品添加物批發業
53545163,來來餐飲有限公司,臺北市中山區民生東路2段86號,食品添加物批發業
53546000,華采國際股份有限公司,臺北市中山區松江路82號9樓,食品添加物批發業
53555062,糖話股份有限公司,臺北市中山區新生北路2段31之1號11樓之6,食品添加物批發業
53555324,樂力達有限公司,臺北市中山區中原街59號,食品添加物批發業
53558743,聚達竹業有限公司,臺北市文山區萬隆街19巷5號2樓,食品添加物批發業
53560179,柏齡生醫有限公司,臺北市大安區敦化南路2段46號4樓,食品添加物批發業
53560924,華暉興業有限公司,臺北市中山區中山北路1段72號7樓之7,食品添加物批發業
53566032,起司有限公司,臺北市大安區泰順街16巷20之8號,食品添加物批發業
53552403,川越<U+99C5>有限公司,臺北市中山區建國北路1段70號1樓,食品添加物批發業
53731271,集翔醫務管理顧問有限公司,臺北市中正區武昌街1段1之2號7樓,食品添加物批發業
53732784,台灣保肝靈貿易有限公司,臺北市大安區光復南路326號3樓,食品添加物批發業
53737964,翔鶴國際事業有限公司,臺北市中正區館前路34號11樓,食品添加物批發業
53738295,秀美利國際行銷有限公司,臺北市大安區復興南路1段127號12樓之1,食品添加物批發業
53739082,品帝股份有限公司,臺北市內湖區成功路3段174巷26弄7號1樓,食品添加物批發業
53740969,可可婦嬰生活館有限公司,臺北市南港區研究院路2段36號,食品添加物批發業
53741257,常源生技有限公司,臺北市士林區德行東路189號1樓,食品添加物批發業
53741361,名瑿時尚會館股份有限公司,臺北市中山區松江路276號3樓之1,食品添加物批發業
53749238,藍極國際有限公司,臺北市中山區民生東路3段21號12樓之1,食品添加物批發業
53751374,安新科技農業股份有限公司,臺北市內湖區堤頂大道2段285號10樓,食品添加物批發業
53754935,美而饌有限公司,臺北市文山區景福街29號2樓,食品添加物批發業
53755391,神達國際事業有限公司,臺北市中山區松江路283號3樓之2,食品添加物批發業
53756743,豐德食品有限公司,臺北市內湖區金湖路347巷116號2樓,食品添加物批發業
53758003,懋旭實業有限公司,臺北市中山區松江路148號5樓之3,食品添加物批發業
53760985,秉翔實業有限公司,臺北市松山區南京東路3段287號10樓,食品添加物批發業
53762359,鑫光企業有限公司,臺北市大安區信義路3段174號,食品添加物批發業
53763012,航海者貿易有限公司,臺北市大安區忠孝東路4段311號6樓之2,食品添加物批發業
53771505,圓滿食品有限公司,臺北市大安區和平東路3段212巷58號2樓,食品添加物批發業
53771630,麥石科技有限公司,臺北市松山區南京東路3段287號10樓,食品添加物批發業
53670247,日商掛川酵母股份有限公司,臺北市松山區民生東路3段156號11樓,食品添加物批發業
53096671,森宏生技股份有限公司,臺北市南港區忠孝東路5段815號6樓,食品添加物批發業
53114615,所羅門材料有限公司,臺北市北投區大度路3段301巷28弄50號,食品添加物批發業
53121307,磊柏國際有限公司,臺北市內湖區港墘路221巷41號7樓之4,食品添加物批發業
53127745,昇釉國際有限公司,臺北市松山區敦化北路222巷2號3樓,食品添加物批發業
53208633,福德藏生物科技有限公司,臺北市中正區羅斯福路2段56號10樓,食品添加物批發業
53214656,台灣阿義國際有限公司,臺北市南港區南港路3段50巷11號3樓,食品添加物批發業
53216459,瑋翰生物科技股份有限公司,臺北市大安區和平東路3段131號8樓,食品添加物批發業
53315599,養生主國際有限公司,臺北市中正區和平西路1段56號11樓,食品添加物批發業
53346832,俐麗安有限公司,臺北市松山區敦化北路4巷31-9號,食品添加物批發業
53352539,布丁娛樂王國事業有限公司,臺北市中山區龍江路342巷33號1樓,食品添加物批發業
53323161,廬醫山本草生技股份有限公司,臺北市中正區忠孝東路2段100號5樓、5樓之1,食品添加物批發業
53724314,白金生醫有限公司,臺北市內湖區民權東路6段180巷6號11樓之25,食品添加物批發業
53868347,麒寶生醫有限公司,臺北市信義區基隆路2段22號6樓之6,食品添加物批發業
53911013,甜箱子有限公司,臺北市信義區忠孝東路5段790巷52號1樓,食品添加物批發業
53912580,通昱投資開發有限公司,臺北市中山區松江路200號8樓之4,食品添加物批發業
53925213,賀立有限公司,臺北市信義區和平東路3段257號4樓,食品添加物批發業
53928416,閤家生活開發有限公司,臺北市大安區信義路2段130號1樓,食品添加物批發業
53931313,小禮物有限公司,臺北市大同區赤峰街44巷4號,食品添加物批發業
53933776,御寶生醫科技股份有限公司,臺北市南港區南港路3段97號9樓,食品添加物批發業
53935423,永鑫通路有限公司,臺北市中山區南京東路3段201號3樓,食品添加物批發業
53935465,歡喜創意有限公司,臺北市信義區松德路153號,食品添加物批發業
53938694,番紅花有限公司,臺北市文山區羅斯福路6段266號4樓,食品添加物批發業
53940262,福珊生物科技有限公司,臺北市萬華區昆明街46號5樓之4,食品添加物批發業
53940827,快易烘國際有限公司,臺北市北投區明德路5號2樓,食品添加物批發業
53943535,光泰企業有限公司,臺北市大安區樂業街155號4樓,食品添加物批發業
53950964,臺灣約書亞貿易有限公司,臺北市松山區南京東路3段303巷14弄2號,食品添加物批發業
53953619,貝美化工有限公司,臺北市內湖區南京東路6段461號9樓,食品添加物批發業
53955243,鼎超食品有限公司,臺北市萬華區長泰街139巷17號5樓,食品添加物批發業
53957262,基德食品有限公司,臺北市信義區基隆路1段155號12樓之6,食品添加物批發業
53958327,宜農興業股份有限公司,臺北市信義區松德路65號7樓之1,食品添加物批發業
54024248,山海珍有限公司,臺北市中正區汀洲路1段92巷5號,食品添加物批發業
54151882,芝恩精品有限公司,臺北市大安區復興南路1段321號4樓,食品添加物批發業
54153523,台灣森村股份有限公司,臺北市松山區敦化北路167號15樓之2,食品添加物批發業
54157437,億田全球系統有限公司,臺北市大同區長安西路106號10樓之2,食品添加物批發業
54161663,環球<U+6ED9>宇國際物流股份有限公司,臺北市大安區敦化南路2段5號11樓之1,食品添加物批發業
54163058,回春實業有限公司,臺北市信義區忠孝東路5段236巷3弄5號2樓,食品添加物批發業
54163310,第五大道國際貿易有限公司,臺北市大安區復興南路2段82號3樓,食品添加物批發業
54166772,祺盛企業有限公司,臺北市大安區忠孝東路4段169號11樓之1,食品添加物批發業
54170332,賦郁企業有限公司,臺北市中山區南京西路1之1號10樓,食品添加物批發業
54172520,阿瑪施生醫股份有限公司,臺北市松山區敦化北路170號14樓,食品添加物批發業
54174127,事事達國際聯合企業有限公司,臺北市中山區中原街143號7樓，但已命令解散,食品添加物批發業
54179853,嘉康生技有限公司,臺北市大安區忠孝東路4段176-1號2樓,食品添加物批發業
54181078,逢國食品股份有限公司,臺北市內湖區康寧路3段56巷1號10樓之3,食品添加物批發業
54182674,富美佳貿易股份有限公司,臺北市信義區基隆路2段22號6樓之7,食品添加物批發業
54183245,宜鋒貿易有限公司,臺北市信義區基隆路1段149號6樓,食品添加物批發業
54230768,寶芝林生機有限公司,臺北市內湖區基湖路35巷11號6樓,食品添加物批發業
54271937,美顏國際有限公司,臺北市大安區辛亥路2段121號1樓,食品添加物批發業
54297269,麗顏企業有限公司,臺北市大安區富陽街121號1樓,食品添加物批發業
54321269,席委亞國際貿易有限公司,臺北市大同區承德路1段68號4樓,食品添加物批發業
54321628,長柏企業有限公司,臺北市中山區建國北路2段151巷6-1號13樓,食品添加物批發業
54328755,友元國際醫材股份有限公司,臺北市中山區建國北路2段65號9樓,食品添加物批發業
54330653,盛宥國際有限公司,臺北市信義區基隆路1段155號7樓,食品添加物批發業
54331864,毓妍有限公司,臺北市士林區幸福街5巷32號2樓,食品添加物批發業
54333194,正勤生物科技有限公司,臺北市大同區迪化街2段267號,食品添加物批發業
54333292,台灣全美養生科技有限公司,臺北市內湖區內湖路1段47巷5號2樓,食品添加物批發業
54337348,安享信食品有限公司,臺北市大安區瑞安街244巷51號,食品添加物批發業
54342383,光亞健康事業股份有限公司,臺北市內湖區內湖路1段66號4樓(D戶),食品添加物批發業
54342567,星品牌國際有限公司,臺北市中山區南京東路2段76號4樓,食品添加物批發業
54343806,中馨食品股份有限公司,臺北市松山區八德路3段232號4樓之1,食品添加物批發業
54348598,艾薇絲食品股份有限公司,臺北市士林區士商路143號5樓,食品添加物批發業
54349365,綠泉生技股份有限公司,臺北市中山區民權西路20號10樓,食品添加物批發業
54352488,僖善國際行銷股份有限公司,臺北市大安區信義路4段6號13樓之10,食品添加物批發業
54353022,原醇生技股份有限公司,臺北市中正區新生南路1段6號3樓,食品添加物批發業
54354155,未思登國際有限公司,臺北市松山區南京東路5段343號5樓,食品添加物批發業
54355350,我們的家有限公司,臺北市大安區光復南路180巷13號1樓,食品添加物批發業
54355534,環扣還扣文創企業有限公司,臺北市文山區下崙路11巷31號地下之3,食品添加物批發業
54356581,樂艾生技股份有限公司,臺北市中山區復興北路342號3樓之1,食品添加物批發業
54358498,鈺星企業有限公司,臺北市中正區忠孝東路5段1之3號14樓,食品添加物批發業
54360261,文甜國際有限公司,臺北市士林區文林路587巷15弄2號1樓,食品添加物批發業
54366883,詠御國際股份有限公司,臺北市中山區明水路672巷25號7樓之2,食品添加物批發業
54368290,天地人文創有限公司,臺北市中正區齊東街74號1樓,食品添加物批發業
54368355,鑽鎰實業有限公司,臺北市中山區長春路112之1號1樓,食品添加物批發業
54504176,翔意國際有限公司,臺北市松山區民權東路3段104號3樓,食品添加物批發業
54643819,以利雅有限公司,臺北市內湖區民權東路6段123巷18號7樓之1,食品添加物批發業
54651922,田旺生物科技有限公司,臺北市內湖區康樂街136巷3弄20號,食品添加物批發業
54652942,秉易有限公司,臺北市信義區松隆路102號17樓之1,食品添加物批發業
54661652,富琳國際有限公司,臺北市內湖區民權東路6段123巷28號5樓之1,食品添加物批發業
54673030,超吉優餐飲股份有限公司,臺北市松山區南京東路5段250巷36弄31號1樓,食品添加物批發業
54677465,瑟盟飛企業有限公司,臺北市大安區信義路4段265巷20弄3號,食品添加物批發業
54680118,吉時良品國際有限公司,臺北市大安區忠孝東路4段285號5樓,食品添加物批發業
54683712,台灣阿水獅國際水產有限公司,臺北市松山區寧安街9巷6號,食品添加物批發業
54683918,馬貝自行車有限公司,臺北市信義區仁愛路4段520之3號1樓,食品添加物批發業
54688836,大和益豐企業有限公司,臺北市大同區平陽街26號2樓之2,食品添加物批發業
54705032,西絲朵拉國際股份有限公司,臺北市大安區復興南路2段144之3號,食品添加物批發業
54707051,萬磊實業有限公司,臺北市大安區忠孝東路4段206之1號4樓,食品添加物批發業
54850540,曼王有限公司,臺北市大安區忠孝東路4段166號10樓,食品添加物批發業
53313086,永湧實業有限公司,臺北市中正區延平南路70號4樓之4,食品添加物批發業
53315015,立興朝代有限公司,臺北市北投區中央北路1段12號及12號2樓,食品添加物批發業
53317463,宇利化學股份有限公司,臺北市大安區敦化南路1段187巷22號6樓,食品添加物批發業
53322310,帕諾斯有限公司,臺北市大安區永康街13巷5號1樓,食品添加物批發業
53345355,寬興科技股份有限公司,臺北市中正區臨沂街14巷6號1樓,食品添加物批發業
53385497,台灣康<U+533B>藥品生技股份有限公司,臺北市大安區忠孝東路4段285號5樓,食品添加物批發業
53355466,品愛興股份有限公司,臺北市北投區石牌路1段58巷23號3樓,食品添加物批發業
53350722,萬科實業有限公司,臺北市內湖區瑞湖街178巷21號5樓,食品添加物批發業
53350119,太鮮生技股份有限公司,臺北市大安區仁愛路4段151巷38號2樓,食品添加物批發業
53349628,何不國際有限公司,臺北市萬華區西寧南路72之1號,食品添加物批發業
53339591,心意珍饌食品有限公司,臺北市中山區民生東路2段147巷11弄2-1號,食品添加物批發業
53334266,八品有限公司,臺北市大安區羅斯福路2段79號10樓之1,食品添加物批發業
53332598,祥允貿易有限公司,臺北市松山區南京東路4段186號13樓之14,食品添加物批發業
53323660,瑞興華生物醫藥科技有限公司,臺北市萬華區康定路47號10樓之1,食品添加物批發業
53325230,照銘生物科技有限公司,臺北市士林區中山北路6段405巷20號4樓,食品添加物批發業
53328399,康怡樂國際企業有限公司,臺北市士林區社中街311號1樓,食品添加物批發業
53439022,超毅國際有限公司,臺北市中山區復興北路62號3樓之1,食品添加物批發業
53335976,榮春農業科技股份有限公司,臺北市大安區基隆路2段148號2樓,食品添加物批發業
53336193,益富通股份有限公司,臺北市內湖區堤頂大道2段497號8樓之6,食品添加物批發業
53528024,興航開發有限公司,臺北市南港區中坡北路108號,食品添加物批發業
53373020,綠農生物科技股份有限公司,臺北市大同區重慶北路3段295巷9號,食品添加物批發業
53421748,睿信國際貿易有限公司,臺北市中正區衡陽路10號12樓,食品添加物批發業
53421753,北晟生物科技有限公司,臺北市中正區仁愛路1段4號2樓,食品添加物批發業
53422697,興承國際事業有限公司,臺北市大安區信義路4段208號9樓,食品添加物批發業
53537305,和實生物科技股份有限公司,臺北市士林區承德路4段16號,食品添加物批發業
53541119,綺姬有限公司,臺北市中正區北平東路24號3樓,食品添加物批發業
53541130,勁鑫貿易股份有限公司,臺北市信義區基隆路1段432號9樓之4,食品添加物批發業
70363932,金東林貿易有限公司,臺北市大同區延平北路4段280號1樓,食品添加物批發業
70578286,唐誠生物科技有限公司,臺北市中山區龍江路12號1樓,食品添加物批發業
70654116,台灣荃新股份有限公司,臺北市中正區羅斯福路2段11號(3樓),食品添加物批發業
80167500,新福食品企業有限公司,臺北市文山區木柵路1段214號1樓,食品添加物批發業
80180406,興勤企業有限公司,臺北市松山區復興北路1號13樓之1,食品添加物批發業
80526317,福業貿易有限公司,臺北市大安區復興南路1段76號14樓之6,食品添加物批發業
80679869,誠善天下企業有限公司,臺北市大安區復興南路1段103號4樓之7,食品添加物批發業
80693172,升隆食品有限公司,臺北市信義區崇德街146巷4號1樓,食品添加物批發業
84109433,賣座實業有限公司,臺北市北投區雙全街48巷7號1樓,食品添加物批發業
53543101,百衛國際事業有限公司,臺北市士林區文林路740巷2號1樓,食品添加物批發業
53548730,坤泰國際有限公司,臺北市大安區和平東路1段171號5樓,食品添加物批發業
53563176,華譽加納整合行銷有限公司,臺北市大安區復興南路2段285號5樓,食品添加物批發業
53565012,安德富實業有限公司,臺北市信義區信義路5段5號,食品添加物批發業
53539090,珵桔思漢有限公司,臺北市大安區光復南路280巷50號1樓,食品添加物批發業
53568524,喬元國際股份有限公司,臺北市內湖區康寧路3段75巷175弄2之1號,食品添加物批發業
53564219,閒記有限公司,臺北市中正區寧波西街41號1樓,食品添加物批發業
53712231,潔而康生技股份有限公司,臺北市松山區民權東路3段142號12樓之4,食品添加物批發業
53745129,健<U+6E76>生物科技股份有限公司,臺北市中山區復興北路48號3樓,食品添加物批發業
53756434,松本富企業有限公司,臺北市內湖區陽光街321巷26號4樓之12，但已命令解散,食品添加物批發業
53454677,禾禾園國際貿易有限公司,臺北市大安區敦化南路1段205號13樓,食品添加物批發業
53419399,如月國際有限公司,臺北市中山區南京東路1段25號9樓,食品添加物批發業
53348917,儂好有限公司,臺北市中山區民生東路2段147巷11弄2之1號,食品添加物批發業
53339369,台客邦有限公司,臺北市大安區忠孝東路3段217巷2弄13-1號2樓,食品添加物批發業
53335722,如果生技股份有限公司,臺北市中正區懷寧街48號4樓,食品添加物批發業
53324078,輝耀國際行銷有限公司,臺北市大同區民樂街145號3樓,食品添加物批發業
53323937,無限創意科技工程有限公司,臺北市信義區松德路10號7樓,食品添加物批發業
53457338,津大及貿易有限公司,臺北市松山區市民大道5段63號,食品添加物批發業
53538917,辛芳食品有限公司,臺北市南港區富康街55之1號4樓,食品添加物批發業
53564246,宏璽國際股份有限公司,臺北市文山區福興路62號2樓之6,食品添加物批發業
53565879,台灣宇部股份有限公司,臺北市松山區敦化北路205號9樓,食品添加物批發業
53525758,俊崴科技有限公司,臺北市內湖區新湖二路168號3樓,食品添加物批發業
53526813,弘德揚有限公司,臺北市中山區龍江路45巷17號,食品添加物批發業
53566785,景賀國際有限公司,臺北市中正區武昌街1段1之2號9樓,食品添加物批發業
53427588,嘉信晶饌股份有限公司,臺北市松山區民生東路3段128號8樓之3,食品添加物批發業
53321516,精棧生活股份有限公司,臺北市中山區民權東路3段58號9樓之1,食品添加物批發業
53326081,聖麗寶國際有限公司,臺北市大安區信義路2段72號7樓之2,食品添加物批發業
53537115,聖堤亞有限公司,臺北市信義區忠孝東路5段1之3號10樓,食品添加物批發業
53519334,鼎盛餐飲管理顧問有限公司,臺北市文山區指南路2段145號1樓,食品添加物批發業
53521253,豪好生化科技有限公司,臺北市內湖區內湖路1段66號10樓,食品添加物批發業
53524300,旋轉木馬食品有限公司,臺北市中山區明水路672巷46號,食品添加物批發業
53542308,心邑國際有限公司,臺北市萬華區環河南路3段261號4樓,食品添加物批發業
53522133,鉅永勝有限公司,臺北市北投區大同街337-1號,食品添加物批發業
53522773,詠明國際開發有限公司,臺北市大安區忠孝東路3段303號5樓之2,食品添加物批發業
53534742,思馬樂國際股份有限公司,臺北市內湖區新明路460巷18弄19號,食品添加物批發業
53537852,百福保生開發有限公司,臺北市大同區民生西路98號4樓,食品添加物批發業
53556203,胡椒罐企業有限公司,臺北市大安區通化街139號1樓,食品添加物批發業
53563942,台肥生技股份有限公司,臺北市中山區南京東路2段88號10樓,食品添加物批發業
53681547,伊森特國際餐飲股份有限公司,臺北市大安區敦化南路1段219號地下2樓,食品添加物批發業
53569002,麥基國際股份有限公司,臺北市松山區復興北路179號9樓之12,食品添加物批發業
53730955,大和國際通產有限公司,臺北市大同區南京西路360之2號4樓之12,食品添加物批發業
53735121,福德健康股份有限公司,臺北市中正區公園路13號7樓,食品添加物批發業
53747055,申元有限公司,臺北市松山區八德路4段602號11樓之6,食品添加物批發業
53751114,雅晴餐飲事業股份有限公司,臺北市內湖區金莊路98號,食品添加物批發業
53757074,雅原國際有限公司,臺北市中山區南京西路1之1號6樓,食品添加物批發業
53758720,佳樂地國際有限公司,臺北市內湖區內湖路1段306號7樓之2,食品添加物批發業
53763322,利雅國際企業有限公司,臺北市大安區大安路1段52巷3號2樓,食品添加物批發業
53765721,良一生物科技有限公司,臺北市中山區吉林路325號1樓,食品添加物批發業
53778438,和寶健康有限公司,臺北市信義區基隆路1段155號5樓之7,食品添加物批發業
53783875,羿愷國際有限公司,臺北市士林區中山北路6段150之1號5樓,食品添加物批發業
53526383,花點芯國際行銷有限公司,臺北市中山區長安東路2段171號10樓之4,食品添加物批發業
53534264,名坊創意有限公司,臺北市萬華區開封街2段32號6樓,食品添加物批發業
53534692,上路心喜媒體科技有限公司,臺北市內湖區瑞光路513巷36號3樓,食品添加物批發業
53534736,宏果有限公司,臺北市中山區吉林路242號1、2樓,食品添加物批發業
53531175,榮茂香料有限公司,臺北市松山區民族東路709號,食品添加物批發業
53712393,立特節能環保科技股份有限公司,臺北市中山區民權東路2段148號3樓,食品添加物批發業
53732166,普成生物科技有限公司,臺北市北投區大興街9巷19號5樓,食品添加物批發業
53734360,一番海鮮有限公司,臺北市萬華區富民路145巷48號,食品添加物批發業
53736557,夏天大衛企業有限公司,臺北市松山區民生東路5段81號2樓,食品添加物批發業
53737021,祤豐興業有限公司,臺北市大安區復興南路1段243號6樓,食品添加物批發業
53737057,瑀通精密股份有限公司,臺北市士林區士東路266巷5弄19號地下室,食品添加物批發業
53739724,皓嘉國際藝能娛樂有限公司,臺北市中正區寧波西街97號6樓之1,食品添加物批發業
53752423,樂寶友善數位整合股份有限公司,臺北市中山區德惠街154號3樓,食品添加物批發業
53756119,通柏有限公司,臺北市文山區福興路78巷20弄26之7號5樓,食品添加物批發業
53759609,萊恩健陽行銷有限公司,臺北市萬華區西寧南路36號7樓之52，但已命令解散,食品添加物批發業
53762246,國瀚股份有限公司,臺北市中山區松江路520號6樓,食品添加物批發業
53766714,新基股份有限公司,臺北市信義區松德路65號9樓之2,食品添加物批發業
53768749,筌富國際有限公司,臺北市大同區長安西路82號8樓,食品添加物批發業
53770273,光漾生技股份有限公司,臺北市中正區館前路18號6樓,食品添加物批發業
53770999,實愛食品有限公司,臺北市大安區安和路1段29號13樓,食品添加物批發業
53772841,康吉股份有限公司,臺北市內湖區民權東路6段180巷6號5樓之1,食品添加物批發業
53775360,東秦科技有限公司,臺北市內湖區安泰街86巷4號5樓,食品添加物批發業
53775988,弼媞國際實業有限公司,臺北市中正區重慶南路1段63號8樓之10,食品添加物批發業
53778232,直林生物科技股份有限公司,臺北市大安區和平東路3段97號9樓,食品添加物批發業
53766550,麗友興業有限公司,臺北市文山區辛亥路7段55號,食品添加物批發業
53767592,富士站國際事業股份有限公司,臺北市信義區忠孝東路5段236巷3弄21號3樓,食品添加物批發業
53768190,騰富國際實業有限公司,臺北市士林區至善路2段172號12樓,食品添加物批發業
53771104,種子雲服務股份有限公司,臺北市松山區民權東路3段106巷21弄8號1樓,食品添加物批發業
53773412,站前有限公司,臺北市中正區公園路24號,食品添加物批發業
53777297,龍來餐飲有限公司,臺北市中山區民生東路2段147巷11弄2之1號,食品添加物批發業
53777450,宏發纖維實業有限公司,臺北市大同區西寧北路25號8樓,食品添加物批發業
53778991,洲全生活<U+8218>有限公司,臺北市中正區信義路2段169號(1-4樓),食品添加物批發業
53567362,杰品企業有限公司,臺北市大同區延平北路2段69號4樓之3,食品添加物批發業
53567460,光隱日常有限公司,臺北市信義區松信路213號,食品添加物批發業
53567481,大騰實業有限公司,臺北市信義區忠孝東路5段1-10號3樓,食品添加物批發業
53654773,英屬維京群島商創勢企管顧問有限公司,臺北市大安區仁愛路4段85號7樓,食品添加物批發業
53810612,金旺國際企業有限公司,臺北市北投區泉源路37之7號,食品添加物批發業
53909810,富喬機電工程有限公司,臺北市士林區劍潭路58號,食品添加物批發業
53913027,傑恩國際股份有限公司,臺北市南港區向陽路162巷109號2樓,食品添加物批發業
53916381,翰那有限公司,臺北市大安區延吉街160巷11號1樓,食品添加物批發業
53919063,虎將餐飲股份有限公司,臺北市大安區忠孝東路4段219號1樓,食品添加物批發業
53927280,早知道有限公司,臺北市萬華區環河南路2段124號4樓,食品添加物批發業
53942472,新原物創股份有限公司,臺北市中山區民權東路1段55號12樓,食品添加物批發業
54005609,東橋生物科技有限公司,臺北市中山區民生東路1段42號10樓之1,食品添加物批發業
54051510,奈美得科技股份有限公司,臺北市大安區安和路2段5號10樓之4,食品添加物批發業
54052519,晉昇聯合生技實業有限公司,臺北市松山區復興南路1段63號6樓,食品添加物批發業
54152524,創道有限公司,臺北市大安區新生南路1段103號9樓,食品添加物批發業
54157008,昌華興業有限公司,臺北市萬華區富民路155巷9號1樓,食品添加物批發業
54158219,台灣康樂達有限公司,臺北市內湖區內湖路1段47巷5號2樓,食品添加物批發業
54165611,宇方國際行銷股份有限公司,臺北市文山區興隆路2段154巷11號11樓,食品添加物批發業
54165703,台灣小川香料股份有限公司,臺北市中山區中山北路2段112號11樓之3,食品添加物批發業
54170086,啤瓦多創意行銷有限公司,臺北市中正區金門街24巷35號,食品添加物批發業
54172937,森寶國際生技有限公司,臺北市士林區延平北路6段368巷27號3樓,食品添加物批發業
54175511,麥德好實業有限公司,臺北市大安區敦化南路1段205號8樓之10,食品添加物批發業
54178138,達立餐飲有限公司,臺北市信義區東興路51號5樓,食品添加物批發業
54178159,欣達生技有限公司,臺北市松山區民生東路5段186號5樓,食品添加物批發業
54178833,斯恩凱撒天然食品有限公司,臺北市信義區基隆路2段79巷17弄12號,食品添加物批發業
54181984,富品集有限公司,臺北市中山區林森北路138巷38號1樓,食品添加物批發業
54184188,四季生物科技有限公司,臺北市文山區羅斯福路6段106號7樓,食品添加物批發業
54272035,老山房國際事業股份有限公司,臺北市松山區八德路4段773號,食品添加物批發業
54322268,帕琪拉雅國際行銷股份有限公司,臺北市中山區新生北路1段98號1樓,食品添加物批發業
54325413,安量國際企業有限公司,臺北市中山區民生東路3段36號8樓之4,食品添加物批發業
54326877,絕世好咖國際股份有限公司,臺北市松山區八德路3段210號11樓,食品添加物批發業
54327165,燕萃生技股份有限公司,臺北市大安區通化街123巷25號,食品添加物批發業
54328729,購健康有限公司,臺北市大安區忠孝東路3段233之1號,食品添加物批發業
54329001,尚禾生活科技股份有限公司,臺北市信義區松德路117號2樓,食品添加物批發業
54330957,綺顏國際有限公司,臺北市信義區基隆路1段176號13樓,食品添加物批發業
54331288,珍棧有限公司,臺北市中正區青島東路9號4樓之1,食品添加物批發業
54331338,玄星有限公司,臺北市大安區忠孝東路4段221號12樓,食品添加物批發業
54334378,群富實業有限公司,臺北市士林區華齡街18號1樓,食品添加物批發業
54336137,東益通有限公司,臺北市萬華區昆明街218號,食品添加物批發業
54336930,益知堂生醫有限公司,臺北市松山區八德路2段374號11樓,食品添加物批發業
54338796,史密斯國際餐飲有限公司,臺北市中山區復興北路70號（1樓）,食品添加物批發業
54343019,利大維生物科技有限公司,臺北市文山區羅斯福路6段2號2樓,食品添加物批發業
54354556,立達生物科技股份有限公司,臺北市大同區長安西路238號(3樓),食品添加物批發業
54355942,佑泰興業有限公司,臺北市內湖區新湖三路126號2樓,食品添加物批發業
54360380,見康有限公司,臺北市文山區木新路2段111巷6弄8號2樓,食品添加物批發業
54367790,新高物產有限公司,臺北市中山區新生北路2段31之1號5樓之3,食品添加物批發業
54376215,薩摩亞商億鼎國際商貿股份有限公司,臺北市士林區後港街116號4樓,食品添加物批發業
54396887,香港商才華貿易有限公司,臺北市大同區南京西路161號1樓,食品添加物批發業
54531700,上力有限公司,臺北市中山區農安街12號2樓,食品添加物批發業
54617609,僑旺貿易有限公司,臺北市內湖區洲子街181號3樓,食品添加物批發業
54639548,榮星有限公司,臺北市松山區南京東路4段164號12樓,食品添加物批發業
54640622,品蓁健康管理顧問興業有限公司,臺北市中山區長安東路1段30巷8弄7號10樓,食品添加物批發業
54641805,綠境有限公司,臺北市中山區民生西路45巷3弄23號1樓,食品添加物批發業
54645149,泓昌國際生物科技有限公司,臺北市士林區大南路387號2樓,食品添加物批發業
54647815,方群管理顧問有限公司,臺北市內湖區港墘路75號3樓,食品添加物批發業
54650000,博醫股份有限公司,臺北市信義區基隆路1段155號12樓之6,食品添加物批發業
54651346,美樂食餐飲股份有限公司,臺北市南港區三重路19-9號5樓,食品添加物批發業
54651612,微風和伊授桌餐飲管理顧問股份有限公司,臺北市松山區南京東路3段337號12樓1A室,食品添加物批發業
54651747,元盛財經有限公司,臺北市大安區復興南路1段126巷1號7樓之3,食品添加物批發業
54656200,意勝貿易有限公司,臺北市士林區士東路268號2樓,食品添加物批發業
54657539,創林科技有限公司,臺北市信義區信義路4段415號12樓,食品添加物批發業
54659537,沛朔股份有限公司,臺北市松山區復興北路313巷45號1樓,食品添加物批發業
54662759,新聚達有限公司,臺北市文山區萬隆街19巷5號2樓,食品添加物批發業
54664503,樂達鑫行銷有限公司,臺北市松山區南京東路5段71號3樓之2,食品添加物批發業
54671737,焦點藝術股份有限公司,臺北市大安區忠孝東路4段169號12樓之1,食品添加物批發業
54676276,歐馬克貿易有限公司,臺北市松山區南京東路5段250巷36弄31號1樓,食品添加物批發業
54677795,泉漾國際有限公司,臺北市大安區敦化南路1段362號4樓,食品添加物批發業
54678204,亨斯亞食品有限公司,臺北市文山區辛亥路6段100巷4號,食品添加物批發業
54678859,福驛食品有限公司,臺北市中山區伊通街8之1號1樓,食品添加物批發業
54688266,漾妍國際企業有限公司,臺北市士林區社中街220號5樓之2,食品添加物批發業
54731469,愛美客國際有限公司,臺北市信義區虎林街164巷32號4樓,食品添加物批發業
53723413,康諾健康科技有限公司,臺北市士林區文林路512之1號,食品添加物批發業
53723048,禪記食品股份有限公司,臺北市內湖區新明路138號2樓,食品添加物批發業
53912527,嬌典企業有限公司,臺北市中山區松江路32之1號7樓,食品添加物批發業
53913271,顯達奈米科技有限公司,臺北市信義區光復南路559號4樓,食品添加物批發業
53915685,阿正廚坊有限公司,臺北市大安區安和路2段20巷8號,食品添加物批發業
53922406,台灣世琱擐陪迨膝q,臺北市大安區忠孝東路4段169號11樓之1,食品添加物批發業
53929793,宜讚有限公司,臺北市中山區建國北路2段6巷5號,食品添加物批發業
53933403,玉鎱有限公司,臺北市大安區羅斯福路4段119巷58號,食品添加物批發業
53934000,大肥羊食品有限公司,臺北市中山區林森北路100號11樓之8,食品添加物批發業
53936112,英奇美有限公司,臺北市大同區市民大道1段211號13樓之13,食品添加物批發業
53942135,昌固生物科技股份有限公司,臺北市信義區光復南路555號5樓,食品添加物批發業
53942424,六福國際有限公司,臺北市文山區木新路3段50巷10弄11號,食品添加物批發業
53945549,捷堡國際有限公司,臺北市松山區敦化北路4巷60號,食品添加物批發業
53945941,飛斯尼克實業有限公司,臺北市信義區虎林街212巷31號1樓,食品添加物批發業
53946408,優活健康事業股份有限公司,臺北市文山區羅斯福路5段241之2號,食品添加物批發業
53946759,淨發機智有限公司,臺北市北投區裕民一路40巷29號5樓,食品添加物批發業
53948314,優豆咖啡有限公司,臺北市中正區南昌路2段4之5號,食品添加物批發業
53949101,集登生醫有限公司,臺北市中正區忠孝東路1段150號12樓之1,食品添加物批發業
53954075,佰崴國際有限公司,臺北市文山區羅斯福路6段273號(1樓),食品添加物批發業
53956030,豪霖貿易有限公司,臺北市中山區中山北路1段83巷5號5樓之4,食品添加物批發業
54052546,卓妍股份有限公司,臺北市中山區長安東路2段67號9樓之1,食品添加物批發業
54079257,天賜康生物科技有限公司,臺北市中正區中山北路1段2號11樓之11,食品添加物批發業
54104832,川詰有限公司,臺北市中山區長安東路2段181號4樓之1,食品添加物批發業
54108014,川碩實業有限公司,臺北市大安區復興南路1段200號12樓,食品添加物批發業
54139924,昕磐建材有限公司,臺北市中正區羅斯福路2段16號12樓,食品添加物批發業
54141111,友惠生物科技股份有限公司,臺北市信義區莊敬路219號2樓,食品添加物批發業
54165801,羿浤有限公司,臺北市中山區明水路606巷18號3樓,食品添加物批發業
54168413,品碩貿易股份有限公司,臺北市中山區合江街100巷19號(1樓),食品添加物批發業
54172556,歐利生技有限公司,臺北市大同區民族西路84號,食品添加物批發業
54181577,永寶國際股份有限公司,臺北市南港區南港路3段89號(1樓),食品添加物批發業
54183337,西海國際貿易股份有限公司,臺北市中山區民權東路2段46號10樓之2,食品添加物批發業
54186340,吉安多貿易有限公司,臺北市中山區松江路38巷16之2號1樓,食品添加物批發業
54186502,永大貿易股份有限公司,臺北市內湖區石潭路27號3樓之6,食品添加物批發業
54186926,新統領亞洲企業有限公司,臺北市南港區重陽路470號2樓之1,食品添加物批發業
54187896,新統領全球有限公司,臺北市南港區重陽路470號2樓之1,食品添加物批發業
54276813,瑞威動物科技股份有限公司,臺北市大同區重慶北路3段76號3樓之4,食品添加物批發業
54301094,朗傑創意開發有限公司,臺北市松山區民權東路3段106巷3弄34號1樓,食品添加物批發業
54313970,柏瑞應用材料有限公司,臺北市中山區民權東路3段35號11樓,食品添加物批發業
54322794,佳冠生物科技股份有限公司,臺北市松山區南京東路5段29之3號(3樓),食品添加物批發業
54325791,豐潤全球實業有限公司,臺北市松山區南京東路5段274號1樓,食品添加物批發業
54328158,涵富國際有限公司,臺北市松山區健康路176之1號3樓,食品添加物批發業
54328761,莉菲企業有限公司,臺北市內湖區民權東路6段64號2樓,食品添加物批發業
54329277,光兆國際有限公司,臺北市大安區敦化南路1段205號12樓之10,食品添加物批發業
54334320,瘋果子有限公司,臺北市大同區赤峰街49巷22號1樓,食品添加物批發業
54338803,錦澄國際有限公司,臺北市信義區基隆路1段155號5樓之7,食品添加物批發業
54351777,新菠特股份有限公司,臺北市中山區南京東路2段123號4樓,食品添加物批發業
54356301,供活股份有限公司,臺北市中山區錦州街154號,食品添加物批發業
54356674,亞進貿易有限公司,臺北市中正區忠孝西路1段66號28樓,食品添加物批發業
54356999,欣升企業股份有限公司,臺北市中山區南京東路3段70號4樓,食品添加物批發業
54361894,克麗娜國際行銷有限公司,臺北市大安區忠孝東路4段169號6樓之1,食品添加物批發業
54366477,華瑞貿易企業有限公司,臺北市松山區復興北路179號9樓之12,食品添加物批發業
54368566,惠良行有限公司,臺北市大同區迪化街1段205號1樓,食品添加物批發業
54368952,健泉生醫股份有限公司,臺北市內湖區瑞光路439號9樓,食品添加物批發業
54560009,龐得飲食股份有限公司,臺北市松山區延吉街46巷7號1樓,食品添加物批發業
54639511,寶訊生物科技股份有限公司,臺北市中正區重慶南路1段83號6樓,食品添加物批發業
54642017,億田國際顧問有限公司,臺北市大同區長安西路106號10樓之2,食品添加物批發業
54646506,瑜岳國際有限公司,臺北市大安區忠孝東路3段6之1號1樓,食品添加物批發業
54650819,黛田管理顧問有限公司,臺北市大同區民族西路31巷32號1樓,食品添加物批發業
54651113,秋實生鮮國際股份有限公司,臺北市大同區南京西路103號2樓之1,食品添加物批發業
54652345,台北得魚再生科技股份有限公司,臺北市中正區濟南路1段7巷1號2樓,食品添加物批發業
54656840,總舖師實業股份有限公司,臺北市內湖區民權東路6段11巷41號1樓,食品添加物批發業
54663687,高洪有限公司,臺北市萬華區萬大路493巷12弄9號,食品添加物批發業
54667255,豐匯貿易有限公司,臺北市萬華區萬大路322巷51號4樓,食品添加物批發業
54667298,愛必食股份有限公司,臺北市中山區松江路156之2號7樓,食品添加物批發業
54676590,騰友實業有限公司,臺北市內湖區民權東路6段109號5樓之4,食品添加物批發業
54685394,台灣線上聯合有限公司,臺北市萬華區水源路207-6號5樓,食品添加物批發業
54699427,展沛國際企業有限公司,臺北市大安區信義路2段72號地下,食品添加物批發業
54732333,京騰企業有限公司,臺北市大同區延平北路2段69號4樓之2,食品添加物批發業
70369767,鑫元國際有限公司,臺北市松山區南京東路3段258號3樓,食品添加物批發業
70383450,沂慶貿易股份有限公司,臺北市中山區南京東路3段101號8樓,食品添加物批發業
70473451,泰崴科技有限公司,臺北市大同區民族西路74號1樓,食品添加物批發業
70478982,創造力有限公司,臺北市文山區景中街30巷12號4樓之17,食品添加物批發業
70535251,鉅坤科技股份有限公司,臺北市大同區民族西路74號1樓,食品添加物批發業
70737411,汎球國際貿易有限公司,臺北市北投區自強街46巷1號3樓,食品添加物批發業
80190333,磐石資產管理股份有限公司,臺北市中正區信義路2段23號3樓之9,食品添加物批發業
80205146,翰諾士股份有限公司,臺北市中山區南京東路2段206號8樓之1,食品添加物批發業
80266537,龍城馨業有限公司,臺北市大安區羅斯福路3段171號9樓之1,食品添加物批發業
80528315,平芳企業有限公司,臺北市南港區南港路1段30巷30-3號,食品添加物批發業
80680508,宸品有限公司,臺北市南港區八德路4段778號4樓,食品添加物批發業
84111563,智邦知行國際股份有限公司,臺北市松山區南京東路5段163號7樓,食品添加物批發業
84143679,<U+5101>永科技股份有限公司,臺北市中山區民權東路2段26號4樓,食品添加物批發業
84260991,世雄一有限公司,臺北市大安區仁愛路4段27巷10號7樓,食品添加物批發業
84747018,親愛的海鮮宅配網有限公司,臺北市士林區重慶北路4段181號1樓,食品添加物批發業
59863903,廣華貿易有限公司,臺北市中山區吉林路218巷9號5樓,食品添加物批發業
70353940,立啟貿易股份有限公司,臺北市中山區中山北路2段52號5樓之1,食品添加物批發業
70361596,宇直泰貿易有限公司,臺北市中山區南京東路2段206號8樓,食品添加物批發業
70540830,東譽興業股份有限公司,臺北市中山區南京東路2段206號8樓,食品添加物批發業
70549500,耐德科技股份有限公司,臺北市中正區博愛路38號4樓,食品添加物批發業
70846121,實力貿易有限公司,臺北市中正區羅斯福路2段102號22樓,食品添加物批發業
79983384,安磊科技股份有限公司,臺北市信義區松山路132號4樓,食品添加物批發業
80048977,百達思實業有限公司,臺北市中正區和平西路1段170號2樓,食品添加物批發業
80241804,鐳瑪實業有限公司,臺北市松山區八德路4段245巷58號,食品添加物批發業
80281299,呈定企業有限公司,臺北市信義區基隆路1段155號8樓之4,食品添加物批發業
80287408,米山設計國際有限公司,臺北市松山區南京東路3段285號9樓,食品添加物批發業
80672198,沅芳生物科技股份有限公司,臺北市松山區復興北路57號7樓之2,食品添加物批發業
84275306,辰嘉錯化合物生醫材料有限公司,臺北市中山區新生北路3段80號1樓,食品添加物批發業
86961478,正悅實業有限公司,臺北市信義區吳興街85號,食品添加物批發業
86027892,全科科技股份有限公司,臺北市內湖區瑞光路360號9樓,食品添加物批發業
89477528,雙鶴生物科技股份有限公司,臺北市中山區南京東路3段68號14樓,食品添加物批發業
89953466,豐盈股份有限公司,臺北市中山區松江路127之1號7樓,食品添加物批發業
97477509,富裔實業股份有限公司,臺北市士林區中山北路5段453號1樓,食品添加物批發業
53666617,香港商健樂士有限公司,臺北市內湖區瑞光路258巷51號2樓,食品添加物批發業
53684663,美兆創藝開發有限公司,臺北市大安區信義路4段265巷10弄9號1樓,食品添加物批發業
53913188,瑞盛國際企業有限公司,臺北市中山區大直街110號1樓,食品添加物批發業
53913357,創甜股份有限公司,臺北市中山區新生北路3段61號4樓之1,食品添加物批發業
53915329,耀陽生物科技有限公司,臺北市中山區中山北路3段45號4樓之7,食品添加物批發業
53915572,如一股份有限公司,臺北市士林區中山北路6段90號2樓,食品添加物批發業
53915897,品糖室有限公司,臺北市大安區仁愛路4段408巷21號,食品添加物批發業
53917683,瑞皇生物科技國際股份有限公司,臺北市大安區光復南路102號8樓,食品添加物批發業
53922567,加福堂國際有限公司,臺北市大安區新生南路2段74號,食品添加物批發業
53924609,亞群食品有限公司,臺北市中山區合江街73巷31號,食品添加物批發業
53927009,天然新鮮乳品有限公司,臺北市松山區民族東路719號,食品添加物批發業
53936252,安盛生活股份有限公司,臺北市松山區八德路4段245巷32弄38號2樓,食品添加物批發業
53937127,台翔海洋生技有限公司,臺北市北投區光明路223號6樓之1,食品添加物批發業
53937689,范蔡香股份有限公司,臺北市大安區信義路4段307號,食品添加物批發業
53939027,艾捷生物科技有限公司,臺北市大安區敦化南路2段1號8樓,食品添加物批發業
53941115,饕王股份有限公司,臺北市大安區延吉街131巷2弄9之1號,食品添加物批發業
53941430,陸迦有限公司,臺北市信義區忠孝東路4段560號2樓之3,食品添加物批發業
53942894,爾莉安發展實業有限公司,臺北市中山區吉林路254號7樓,食品添加物批發業
53942965,宏謙國際有限公司,臺北市中山區復興北路48號3樓,食品添加物批發業
53948476,晴友國際有限公司,臺北市松山區延吉街9巷14弄4號3樓,食品添加物批發業
53950872,星髮股份有限公司,臺北市松山區民生東路5段186號5樓,食品添加物批發業
53951268,富御企業有限公司,臺北市中正區重慶南路1段121號8樓之24,食品添加物批發業
53951725,好寶明農業生技股份有限公司,臺北市信義區忠孝東路5段1之7號9樓,食品添加物批發業
53953548,小器生活創意股份有限公司,臺北市大同區鄭州路87號11樓之2,食品添加物批發業
53954103,信瑞生物科技股份有限公司,臺北市大安區忠孝東路3段96號10樓之1,食品添加物批發業
54019168,捷升光生物科技有限公司,臺北市士林區士東路266巷5弄24號2樓,食品添加物批發業
54050435,霏雨行銷有限公司,臺北市大同區華陰街91號5樓之5,食品添加物批發業
54076596,世康國際企業有限公司,臺北市信義區崇德街20號1樓,食品添加物批發業
54150883,智慧體股份有限公司,臺北市松山區南京東路5段16號11樓之4,食品添加物批發業
54152550,佳康健康生技醫藥股份有限公司,臺北市信義區松隆路102號16樓,食品添加物批發業
54154620,傑普有限公司,臺北市南港區研究院路2段12巷57弄21號2樓,食品添加物批發業
54162353,紅點手工鮮釀啤酒股份有限公司,臺北市大安區信義路4段233號4樓之1,食品添加物批發業
54163509,虹喬食品有限公司,臺北市內湖區康樂街136巷18弄48號5樓,食品添加物批發業
54163629,太平洋鮮活股份有限公司,臺北市大安區忠孝東路4段285號8樓,食品添加物批發業
54168011,源堡國際企業有限公司,臺北市大同區環河北路1段339號1樓,食品添加物批發業
54170255,愛新鮮食材股份有限公司,臺北市萬華區環河南路3段27號1樓,食品添加物批發業
54170847,熱點數位科技有限公司,臺北市大安區忠孝東路4段142號8樓之10,食品添加物批發業
54175300,台灣金博智科技股份有限公司,臺北市中正區北平西路6號6樓之5,食品添加物批發業
54181197,恆利有限公司,臺北市松山區八德路4段604之22號,食品添加物批發業
54181794,古得愛迪爾國際有限公司,臺北市南港區忠孝東路6段415號,食品添加物批發業
54188038,派恩菲生技國際股份有限公司,臺北市松山區民生東路3段134號4樓,食品添加物批發業
54188993,湧泉實業有限公司,臺北市中山區民生東路1段70巷11號7樓,食品添加物批發業
54290250,三兄弟國際股份有限公司,臺北市松山區敦化南路1段1號3樓,食品添加物批發業
54321660,妍碩國際股份有限公司,臺北市松山區南京東路4段130號10樓,食品添加物批發業
54322653,台灣安思有限公司,臺北市大安區敦化南路2段207號16樓,食品添加物批發業
54324940,淇妃有限公司,臺北市信義區忠孝東路5段435-1號,食品添加物批發業
54331560,多姿彩有限公司,臺北市士林區忠誠路2段42號,食品添加物批發業
54333862,秝葳國際有限公司,臺北市中山區松江路283號5樓之1,食品添加物批發業
54335073,御福堂生物科技有限公司,臺北市萬華區廣州街32號9樓,食品添加物批發業
54337369,鴻銳國際體育設備有限公司,臺北市內湖區民權東路6段90巷5弄6號1樓,食品添加物批發業
54342840,青春密碼國際學苑股份有限公司,臺北市松山區敦化北路102號7樓,食品添加物批發業
54345017,譽藝國際有限公司,臺北市信義區基隆路1段97號4樓之2,食品添加物批發業
54348957,大久生物科技股份有限公司,臺北市松山區寶清街89巷31號,食品添加物批發業
54349463,盛邦開發投資股份有限公司,臺北市大安區忠孝東路4段107號12樓,食品添加物批發業
54357012,欣新網股份有限公司,臺北市中山區南京東路3段70號4樓,食品添加物批發業
54364837,旺飛國際有限公司,臺北市中山區中山北路2段39巷6號3樓之1,食品添加物批發業
54365717,跳舞辣嬌有限公司,臺北市中山區長安東路2段110號3之1樓,食品添加物批發業
54368073,優蛋食品生技有限公司,臺北市文山區辛亥路5段86號2樓,食品添加物批發業
54391594,香港商松樸健康諮詢顧問有限公司,臺北市松山區敦化北路207號11樓,食品添加物批發業
54392030,香港商雅納國際股份有限公司,臺北市大安區信義路2段118號11樓之2,食品添加物批發業
54639940,建京興業有限公司,臺北市萬華區西藏路270號2樓,食品添加物批發業
54642375,群夏有限公司,臺北市萬華區大理街144號1樓,食品添加物批發業
54646490,台灣豐穗酒業有限公司,臺北市中山區長春路172號8樓之8,食品添加物批發業
54648743,森活健康事業股份有限公司,臺北市大安區復興南路1段368號8樓,食品添加物批發業
54648878,進鑫食品有限公司,臺北市文山區興隆路3段185巷15弄8號(1樓),食品添加物批發業
54649139,聯昇貿易有限公司,臺北市大同區迪化街1段64號2樓,食品添加物批發業
54655011,台灣歌行燈股份有限公司,臺北市大安區忠孝東路4段162號5樓之5,食品添加物批發業
54656927,悅洋生技食品有限公司,臺北市信義區永吉路278巷37弄27號,食品添加物批發業
54657756,兆廚餐飲開發股份有限公司,臺北市大安區忠孝東路3段217巷5弄22號1樓,食品添加物批發業
54660372,元臻生技有限公司,臺北市松山區南京東路4段17號8樓之5,食品添加物批發業
54665741,<U+53CC>誠貿易股份有限公司,臺北市松山區長春路442號7樓之3,食品添加物批發業
54672779,馥鵬實業有限公司,臺北市松山區八德路4段616號7樓,食品添加物批發業
54679891,豐康國際興業有限公司,臺北市中山區南京東路3段201號3樓,食品添加物批發業
54682946,玉熙有限公司,臺北市大安區安和路2段122號,食品添加物批發業
54684677,匯亞通商企業有限公司,臺北市內湖區安泰街12號,食品添加物批發業
54684867,台灣璞氏健康發展有限公司,臺北市大安區忠孝東路4段162號10樓之2,食品添加物批發業
54719612,義皇寶生物科技有限公司,臺北市信義區松平路80號5樓,食品添加物批發業
54723242,先進綠色生物科技股份有限公司,臺北市內湖區民權東路6段47巷10弄12號2樓,食品添加物批發業
54727731,柏和國際企業有限公司,臺北市中山區南京東路2段66號9樓之1,食品添加物批發業
70373896,同友實業有限公司,臺北市中山區林森北路590之31號,食品添加物批發業
70388645,蝴蝶效應有限公司,臺北市中山區基湖路151巷21號5樓之5,食品添加物批發業
80170651,三福化工股份有限公司,臺北市中山區中山北路2段21號5樓,食品添加物批發業
80287168,煜豐興業有限公司,臺北市大同區太原路133巷33號1樓,食品添加物批發業
80527913,台灣科萊恩化學股份有限公司,臺北市中山區建國北路1段96號5樓,食品添加物批發業
80667913,科斯美莎生醫國際股份有限公司,臺北市信義區永吉路168號3樓,食品添加物批發業
84117285,真理國際有限公司,臺北市松山區復興北路333號2樓之2,食品添加物批發業
84288554,必群股份有限公司,臺北市松山區南京東路5段202號13樓之1,食品添加物批發業
70358494,豪客國際股份有限公司,臺北市北投區立德路120巷18號3樓,食品添加物批發業
86857806,笛恩數位有限公司,臺北市中正區汀州路3段46號1樓,食品添加物批發業
86130827,升源食品有限公司,臺北市信義區崇德街146巷4號1樓,食品添加物批發業
89477034,亞旺實業有限公司,臺北市松山區南京東路5段163號7樓,食品添加物批發業
86010837,竹門國際有限公司,臺北市士林區天母西路12號2樓之2,食品添加物批發業
89946058,康堤股份有限公司,臺北市松山區復興北路191號9樓之3,食品添加物批發業
97442636,盛莊企業有限公司,臺北市大同區西寧北路81號2樓之3,食品添加物批發業
89628244,景和香料有限公司,臺北市中山區長春路6號3樓,食品添加物批發業
86474006,誠芳股份有限公司,臺北市中正區新生南路1段116號7樓,食品添加物批發業
84643105,偉翔生技開發股份有限公司,臺北市南港區園區街3號11樓之5,食品添加物批發業
86882559,國台股份有限公司,臺北市大安區四維路44巷14號1樓,食品添加物批發業
86888358,榮德有限公司,臺北市文山區忠順街1段26巷1弄1號2樓,食品添加物批發業
97109195,艾博大企業股份有限公司,臺北市松山區民族東路709號1樓,食品添加物批發業
89457728,媽媽家食品企業有限公司,臺北市大同區迪化街1段180號1樓,食品添加物批發業
97287986,蜜世界食品股份有限公司,臺北市士林區葫蘆街100號4樓,食品添加物批發業
97320227,微塵本草生命科技有限公司,臺北市南港區忠孝東路6段456號3樓,食品添加物批發業
86021068,連豐香料企業有限公司,臺北市內湖區洲子街52號5樓,食品添加物批發業
84803502,佳佳科技事業有限公司,臺北市中山區松江路2號3樓之3,食品添加物批發業
84116309,益芳股份有限公司,臺北市中正區新生南路1段116號6樓,食品添加物批發業
89629911,育盟股份有限公司,臺北市中正區新生南路1段116號5樓,食品添加物批發業
89638025,金福田才華農糧興業股份有限公司,臺北市大同區南京西路163號2樓之31,食品添加物批發業
89967052,媚登峰健康事業股份有限公司,臺北市大安區安和路1段29號11、12樓,食品添加物批發業
86479558,永謚企業有限公司,臺北市中山區吉林路218巷9號5樓,食品添加物批發業
84916631,泰齡貿易有限公司,臺北市大同區民族西路243號1樓,食品添加物批發業
89600745,洋森生物科技有限公司,臺北市南港區興中路12巷15號3樓,食品添加物批發業
86513578,城乙化工原料有限公司,臺北市大同區天水路39號1樓,食品添加物批發業
84287035,翔和藥業有限公司,臺北市中山區中山北路3段49號4樓,食品添加物批發業
97326876,鎮遠實業有限公司,臺北市中山區明水路672巷38號2樓,食品添加物批發業
