01177510,明騰工業股份有限公司,臺北市大安區忠孝東路4段233號11樓之7,烘焙炊蒸食品製造業
04417508,冠軍股份有限公司,臺北市中山區中山北路2段79號7樓,烘焙炊蒸食品製造業
04461573,協民隆有限公司,臺北市大安區復興南路2段381號12樓之2,烘焙炊蒸食品製造業
04850123,中祥食品工業股份有限公司,臺北市文山區木新路2段275號1樓,烘焙炊蒸食品製造業
05007903,金車股份有限公司,臺北市中正區羅斯福路3段230號,烘焙炊蒸食品製造業
09499839,歐立食品股份有限公司,臺北市萬華區桂林路26號8樓之2,烘焙炊蒸食品製造業
11347802,味全食品工業股份有限公司,臺北市中山區松江路125號,烘焙炊蒸食品製造業
12139612,潤泰創新國際股份有限公司,臺北市中山區八德路2段308號11樓之1,烘焙炊蒸食品製造業
12343635,超德有限公司,臺北市大安區復興南路2段381號12樓之2,烘焙炊蒸食品製造業
12360599,中國青年商店股份有限公司,臺北市中山區松江路127號9樓,烘焙炊蒸食品製造業
12396724,禾榮產業股份有限公司,臺北市中山區南京東路2段206號7樓,烘焙炊蒸食品製造業
12689670,多提亞食品有限公司,臺北市中山區中山北路3段23之5號4樓,烘焙炊蒸食品製造業
12941055,四野風和有限公司,臺北市內湖區文湖街45號3樓,烘焙炊蒸食品製造業
12958581,紅蔘食品有限公司,臺北市松山區八德路4段686號12樓之2,烘焙炊蒸食品製造業
12979278,美食多實業股份有限公司,臺北市中山區林森北路575號7樓之12,烘焙炊蒸食品製造業
12981393,笠豐食品有限公司,臺北市大安區復興南路1段243號6樓,烘焙炊蒸食品製造業
03186424,至大食品股份有限公司,臺北市中正區武昌街1段16巷9號1樓,烘焙炊蒸食品製造業
03543210,台榮產業股份有限公司,臺北市中山區南京東路2段206號6樓,烘焙炊蒸食品製造業
03601013,聯夏企業股份有限公司,臺北市中正區仁愛路1段22號5樓,烘焙炊蒸食品製造業
04351626,光泉食品股份有限公司,臺北市內湖區瑞光路502號4樓,烘焙炊蒸食品製造業
04798534,諾昌實業有限公司,臺北市南港區研究院路2段54巷20號1樓,烘焙炊蒸食品製造業
05072544,聯企食品股份有限公司,臺北市中正區仁愛路1段22號5樓,烘焙炊蒸食品製造業
11653034,甲天下股份有限公司,臺北市大同區西寧北路62號8樓之11,烘焙炊蒸食品製造業
12469155,巨莊貿易股份有限公司,臺北市萬華區峨眉街129-1號2樓,烘焙炊蒸食品製造業
12509662,信意企業股份有限公司,臺北市松山區復興北路57號7樓之2,烘焙炊蒸食品製造業
12689263,拿堤有限公司,臺北市中正區懷寧街12號1、2、3樓,烘焙炊蒸食品製造業
12860216,邱比特文創事業有限公司,臺北市大安區信義路2段72號地下,烘焙炊蒸食品製造業
12879593,雅妮絲比股份有限公司,臺北市信義區松仁路36號9樓,烘焙炊蒸食品製造業
12915654,丘彼特麵包有限公司,臺北市松山區八德路4段788號,烘焙炊蒸食品製造業
12941914,弼聖科技股份有限公司,臺北市南港區重陽路198號3樓,烘焙炊蒸食品製造業
12970213,早川生產革新有限公司,臺北市北投區自強街164號,烘焙炊蒸食品製造業
12976286,盈華國際有限公司,臺北市南港區興華路30巷26號4樓,烘焙炊蒸食品製造業
01180260,巨煥興業股份有限公司,臺北市中山區南京東路2段125號8樓之1,烘焙炊蒸食品製造業
03341208,振芳股份有限公司,臺北市中正區新生南路1段116號3樓,烘焙炊蒸食品製造業
04359802,海霸王餐廳股份有限公司,臺北市大同區西寧北路62號2至7樓,烘焙炊蒸食品製造業
04605797,得記食品有限公司,臺北市中正區羅斯福路4段26號1樓,烘焙炊蒸食品製造業
04827003,乾恩工廠有限公司,臺北市南港區南港路1段4之2號,烘焙炊蒸食品製造業
05013258,金格食品股份有限公司,臺北市中正區中華路2段41號1樓,烘焙炊蒸食品製造業
07569627,聯華食品工業股份有限公司,臺北市大同區迪化街1段148號,烘焙炊蒸食品製造業
07708830,花仙子企業股份有限公司,臺北市大同區承德路3段230號13樓,烘焙炊蒸食品製造業
11768704,義美食品股份有限公司,臺北市大同區延平北路2段31號1樓,烘焙炊蒸食品製造業
12160255,新竹化工實業股份有限公司,臺北市中山區松江路82號3樓,烘焙炊蒸食品製造業
12294037,伍將企業有限公司,臺北市內湖區瑞光路76巷49號,烘焙炊蒸食品製造業
12353675,禾鑽興企業有限公司,臺北市大同區迪化街2段149巷6號2樓,烘焙炊蒸食品製造業
12485205,臺北坤生貿易有限公司,臺北市萬華區西昌街89號,烘焙炊蒸食品製造業
12640446,金灃食品有限公司,臺北市中正區和平西路1段57-2號,烘焙炊蒸食品製造業
12861854,上閤屋餐廳股份有限公司,臺北市大安區大安路1段176巷1號,烘焙炊蒸食品製造業
12945910,可美食品股份有限公司,臺北市大同區保安街5號,烘焙炊蒸食品製造業
13096696,寶旺有限公司,臺北市萬華區桂林路143號2樓,烘焙炊蒸食品製造業
15242651,保佰齡企業有限公司,臺北市信義區仁愛路4段502號1樓,烘焙炊蒸食品製造業
16098275,三澧企業股份有限公司,臺北市中山區復興北路286、288號1樓,烘焙炊蒸食品製造業
16308758,福口股份有限公司,臺北市中山區龍江路55巷16號,烘焙炊蒸食品製造業
16590734,泰臣有限公司,臺北市中山區南京東路2段101號地下,烘焙炊蒸食品製造業
16611858,亞積生物科技股份有限公司,臺北市信義區和平東路3段325號8樓,烘焙炊蒸食品製造業
16623658,老舍茶館股份有限公司,臺北市松山區光復北路11巷67號1樓,烘焙炊蒸食品製造業
01515462,寬友股份有限公司,臺北市內湖區陽光街345巷16號2樓,烘焙炊蒸食品製造業
03538906,臺隆工業股份有限公司,臺北市中山區松江路261號12樓,烘焙炊蒸食品製造業
04313172,光泉牧場股份有限公司,臺北市內湖區瑞光路502號4樓,烘焙炊蒸食品製造業
05135956,邱氏鼎食品企業股份有限公司,臺北市中正區博愛路99號1、2樓,烘焙炊蒸食品製造業
07067309,味王股份有限公司,臺北市中山區聚盛里中山北路2段79號5樓,烘焙炊蒸食品製造業
07305506,南僑化學工業股份有限公司,臺北市大同區延平北路4段100號,烘焙炊蒸食品製造業
09477650,勇信貿易股份有限公司,臺北市大安區忠孝東路3段227之3號2樓,烘焙炊蒸食品製造業
12133650,台灣美強股份有限公司,臺北市中山區南京東路2段66號4樓,烘焙炊蒸食品製造業
12264131,毅太企業股份有限公司,臺北市中山區建國北路2段147號6樓,烘焙炊蒸食品製造業
12370668,綠湖股份有限公司,臺北市內湖區民善街83、85、87、89號7樓,烘焙炊蒸食品製造業
12616889,大地休閒產業開發股份有限公司,臺北市松山區南京東路4段1號9樓,烘焙炊蒸食品製造業
12653053,睿聯生醫有限公司,臺北市內湖區港墘路187號9樓,烘焙炊蒸食品製造業
12660483,真好家食品股份有限公司,臺北市大安區復興南路2段355號2樓,烘焙炊蒸食品製造業
12769857,人道素菜餐廳有限公司,臺北市松山區八德路4段245巷56弄23號,烘焙炊蒸食品製造業
12895828,上品王食品股份有限公司,臺北市大安區復興南路1段206號10樓,烘焙炊蒸食品製造業
12947059,御仕食品有限公司,臺北市松山區八德路2段414號1樓,烘焙炊蒸食品製造業
13091448,滴夏有機事業有限公司,臺北市士林區華榮街1號1樓,烘焙炊蒸食品製造業
13093620,傑生烘焙工作坊有限公司,臺北市大安區復興南路2段379號,烘焙炊蒸食品製造業
13099407,顧得服務股份有限公司,臺北市中正區重慶南路1段75號4樓,烘焙炊蒸食品製造業
13104540,全球綠色食品股份有限公司,臺北市大安區敦化南路2段97號17樓,烘焙炊蒸食品製造業
13132428,金豐生物科技股份有限公司,臺北市中山區林森北路479號6樓之5,烘焙炊蒸食品製造業
16097043,源方股份有限公司,臺北市士林區中山北路6段766號1樓,烘焙炊蒸食品製造業
16160164,昌佑國際開發有限公司,臺北市松山區南京東路5段59巷30弄2號,烘焙炊蒸食品製造業
16327951,加大能健康有限公司,臺北市中山區敬業一路128巷39號1樓,烘焙炊蒸食品製造業
16770757,松哲有限公司,臺北市大同區南京西路316號2樓,烘焙炊蒸食品製造業
16783795,佳美樂實業有限公司,臺北市中山區吉林路218巷10號1樓,烘焙炊蒸食品製造業
13105230,中華天禾實業股份有限公司,臺北市中山區長春路172號8樓之8,烘焙炊蒸食品製造業
13140807,卓邁創意整合行銷有限公司,臺北市文山區忠順街2段92號,烘焙炊蒸食品製造業
14004175,一之鄉股份有限公司,臺北市北投區北投路1段7號,烘焙炊蒸食品製造業
16098958,樂到家國際娛樂股份有限公司,臺北市大同區鄭州路139號7樓,烘焙炊蒸食品製造業
16139402,源裕豐有限公司,臺北市中山區伊通街28號,烘焙炊蒸食品製造業
16317996,良鋒生物科技有限公司,臺北市內湖區潭美街636號3樓,烘焙炊蒸食品製造業
16446577,台灣麥肯食品股份有限公司,臺北市內湖區洲子街183號3樓,烘焙炊蒸食品製造業
16791438,寶之川股份有限公司,臺北市中正區寧波西街237號1樓,烘焙炊蒸食品製造業
16796172,岩島成股份有限公司,臺北市大安區忠孝東路4段312號8樓之3,烘焙炊蒸食品製造業
16799240,京兆尹有限公司,臺北市大安區四維路18號1樓,烘焙炊蒸食品製造業
16841401,佳乳食品股份有限公司,臺北市大安區仁愛路3段136號5樓,烘焙炊蒸食品製造業
16858964,呂水雪花齋食品有限公司,臺北市松山區南京東路4段166號1樓,烘焙炊蒸食品製造業
20651901,黑松股份有限公司,臺北市大安區信義路4段296號3樓,烘焙炊蒸食品製造業
20854461,九博企業股份有限公司,臺北市南港區三重路19之3號9樓之3,烘焙炊蒸食品製造業
21207724,台灣立時清股份有限公司,臺北市士林區忠誠路1段37號6樓,烘焙炊蒸食品製造業
22625444,精華企業管理顧問有限公司,臺北市大安區忠孝東路3段100號11樓,烘焙炊蒸食品製造業
22751743,一之軒食品有限公司,臺北市大安區師大路53號1樓,烘焙炊蒸食品製造業
22853565,來來超商股份有限公司,臺北市信義區松德路131號地下1樓,烘焙炊蒸食品製造業
22880747,今新有限公司,臺北市中山區民生東路2段124號1樓,烘焙炊蒸食品製造業
23225889,詩特莉食品股份有限公司,臺北市信義區忠孝東路5段552號3樓,烘焙炊蒸食品製造業
23309120,今榮食品有限公司,臺北市文山區久康街90號2樓,烘焙炊蒸食品製造業
23320125,鼓達股份有限公司,臺北市文山區景興路42巷4弄10號,烘焙炊蒸食品製造業
23514115,宏來興企業股份有限公司,臺北市中正區汀州路1段78號2樓,烘焙炊蒸食品製造業
23788698,陸耀貿易有限公司,臺北市中山區明水路397巷19弄22號(1樓),烘焙炊蒸食品製造業
23901951,久彰實業有限公司,臺北市中正區忠孝東路1段176號7樓之2,烘焙炊蒸食品製造業
23928781,台灣崇廣股份有限公司,臺北市信義區光復南路495號9樓之5,烘焙炊蒸食品製造業
13043158,丸洪國際有限公司,臺北市北投區大業路637號,烘焙炊蒸食品製造業
13081259,明家科技產業股份有限公司,臺北市大安區信義路4段250之1號,烘焙炊蒸食品製造業
13081429,松禾興業有限公司,臺北市內湖區港墘路183號10樓,烘焙炊蒸食品製造業
13086141,政彥實業股份有限公司,臺北市士林區中山北路7段223號5樓,烘焙炊蒸食品製造業
13091691,吉鮮農業科技股份有限公司,臺北市信義區光復南路475號5樓之1,烘焙炊蒸食品製造業
13109952,佳德糕餅有限公司,臺北市松山區南京東路5段88號,烘焙炊蒸食品製造業
14053007,潤泰全球股份有限公司,臺北市中山區八德路2段308號13樓之1,烘焙炊蒸食品製造業
15319335,新東陽股份有限公司,臺北市大安區忠孝東路4段289號8樓,烘焙炊蒸食品製造業
16180372,留乃堂食品有限公司,臺北市中山區民生西路21號,烘焙炊蒸食品製造業
16602990,阿默企業有限公司,臺北市萬華區艋舺大道184號1樓,烘焙炊蒸食品製造業
16614449,煜橋有限公司,臺北市中正區懷寧街64號7樓,烘焙炊蒸食品製造業
20765290,溢霖貿易股份有限公司,臺北市內湖區行忠路48號2樓,烘焙炊蒸食品製造業
22165244,永詮食品股份有限公司,臺北市信義區基隆路1段186號6樓之6,烘焙炊蒸食品製造業
22662550,家福股份有限公司,臺北市南港區南港路2段20巷5號地下1樓,烘焙炊蒸食品製造業
23073454,君達育樂事業股份有限公司,臺北市松山區南京東路3段259號12樓,烘焙炊蒸食品製造業
23221455,唯陽股份有限公司,臺北市信義區基隆路1段186號6樓之7,烘焙炊蒸食品製造業
23285582,萊爾富國際股份有限公司,臺北市內湖區西湖里瑞光路502號3樓,烘焙炊蒸食品製造業
23420757,潤力有限公司,臺北市南港區重陽路522號1樓,烘焙炊蒸食品製造業
23436081,丹楓國際企業股份有限公司,臺北市中正區八德路1段23號4樓,烘焙炊蒸食品製造業
23622992,九浩企業股份有限公司,臺北市南港區三重路19之3號9樓之3,烘焙炊蒸食品製造業
24302624,牧東光電股份有限公司,臺北市大安區敦化南路2段76號24樓,烘焙炊蒸食品製造業
24325540,趴趴走食品廠有限公司,臺北市內湖區安康路32巷24弄7號,烘焙炊蒸食品製造業
20862602,頂騵實業有限公司,臺北市南港區忠孝東路6段183號2樓,烘焙炊蒸食品製造業
20934887,力象股份有限公司,臺北市南港區三重路19之3號9樓之3,烘焙炊蒸食品製造業
22152825,元立國際貿易有限公司,臺北市內湖區南京東路6段346號3樓之1,烘焙炊蒸食品製造業
22179649,盛記食品廠有限公司,臺北市文山區辛亥路6段13號,烘焙炊蒸食品製造業
22351303,鈺統食品股份有限公司,臺北市中山區龍江路328巷6號4樓,烘焙炊蒸食品製造業
22650610,掬菁行銷股份有限公司,臺北市中正區衡陽路10號8樓,烘焙炊蒸食品製造業
22749178,誌滿興業有限公司,臺北市大安區和平東路2段53巷2號3樓,烘焙炊蒸食品製造業
22932914,東凌股份有限公司,臺北市南港區南港路3段50巷1號2樓,烘焙炊蒸食品製造業
23060232,台灣善美的股份有限公司,臺北市中山區敬業四路33號8樓,烘焙炊蒸食品製造業
23060248,全家便利商店股份有限公司,臺北市中山區中山北路2段61號7樓,烘焙炊蒸食品製造業
23133158,海蓮產業股份有限公司,臺北市中山區中山北路2段112號14樓之5,烘焙炊蒸食品製造業
23166782,高寧國際股份有限公司,臺北市大安區敦化南路2段76號14樓之1,烘焙炊蒸食品製造業
23430777,天奕國際有限公司,臺北市中正區濟南路2段31之37號10樓,烘焙炊蒸食品製造業
23723252,洋基食品有限公司,臺北市松山區富錦街488號1樓,烘焙炊蒸食品製造業
23750519,道昇國際股份有限公司,臺北市文山區羅斯福路6段142巷82號1樓,烘焙炊蒸食品製造業
23752869,豐瀚實業股份有限公司,臺北市內湖區瑞光路258巷2號8樓,烘焙炊蒸食品製造業
24330874,利口樂通路有限公司,臺北市北投區大業路490號1樓,烘焙炊蒸食品製造業
24334626,達特數位行銷有限公司,臺北市大同區重慶北路1段83巷26號1樓,烘焙炊蒸食品製造業
24336602,鑫湛國際管理顧問股份有限公司,臺北市中正區忠孝東路2段35號,烘焙炊蒸食品製造業
24343131,雲境健康股份有限公司,臺北市大安區復興南路2段237號6樓之8,烘焙炊蒸食品製造業
24347116,源桂貿易有限公司,臺北市士林區承德路4段290號11樓,烘焙炊蒸食品製造業
24347214,皇家食品有限公司,臺北市內湖區行愛路77巷16號,烘焙炊蒸食品製造業
24442619,法雅食品有限公司,臺北市中山區復興北路48號3樓,烘焙炊蒸食品製造業
24453328,艾爸爸食品有限公司,臺北市內湖區內湖路2段73號1樓,烘焙炊蒸食品製造業
24455254,鼓前堂企業有限公司,臺北市中山區長安東路1段44-1號,烘焙炊蒸食品製造業
24458061,朋廚有限公司,臺北市南港區忠孝東路6段85號2樓,烘焙炊蒸食品製造業
24460756,美勛貿易有限公司,臺北市中山區民權東路2段156號6樓,烘焙炊蒸食品製造業
24467723,福伸堂洋行有限公司,臺北市大同區民生西路362巷18號,烘焙炊蒸食品製造業
24474745,幼兒寶貝有限公司,臺北市松山區南京東路4段197號12樓,烘焙炊蒸食品製造業
24488311,高進餐飲有限公司,臺北市士林區福德路12至14號,烘焙炊蒸食品製造業
24491266,精彩饗宴股份有限公司,臺北市中山區民權東路3段4號18樓,烘焙炊蒸食品製造業
24498253,花旗蛋糕有限公司,臺北市大安區新生南路3段6之1號,烘焙炊蒸食品製造業
24535145,笠山有限公司,臺北市北投區大度路3段270巷71號1、2樓,烘焙炊蒸食品製造業
24537621,奧立滋烘焙有限公司,臺北市內湖區民權東路6段185之3號,烘焙炊蒸食品製造業
24538776,微風事業股份有限公司,臺北市大安區忠孝東路4段219號（1樓）,烘焙炊蒸食品製造業
24540695,亞太先進管理顧問有限公司,臺北市信義區光復南路495號8樓之2,烘焙炊蒸食品製造業
24545137,巴克斯美食股份有限公司,臺北市大安區新生南路3段11之1號4樓,烘焙炊蒸食品製造業
24546380,康禾食品有限公司,臺北市北投區石牌路1段39巷120弄3之1號,烘焙炊蒸食品製造業
24552349,鮮合豐國際實業有限公司,臺北市大安區復興南路2段13號,烘焙炊蒸食品製造業
24554711,長青穀典有限公司,臺北市士林區劍潭路16號9樓之1,烘焙炊蒸食品製造業
24554775,清山餐飲有限公司,臺北市松山區敦化北路244巷51號,烘焙炊蒸食品製造業
24557549,方禾國際貿易有限公司,臺北市松山區南京東路5段106號7樓,烘焙炊蒸食品製造業
24558982,力榮產業股份有限公司,臺北市中山區新生北路2段31之1號9樓之7,烘焙炊蒸食品製造業
24560684,千合趣生活創意有限公司,臺北市萬華區昆明街301號1樓,烘焙炊蒸食品製造業
24560967,吉優馬有限公司,臺北市內湖區環山路2段67號4樓,烘焙炊蒸食品製造業
24562698,達永餐飲事業有限公司,臺北市內湖區民權東路6段109號3樓之2,烘焙炊蒸食品製造業
24568285,松強食品有限公司,臺北市中山區松江路2號11樓,烘焙炊蒸食品製造業
24576139,卡吉特有限公司,臺北市中山區南京東路2段140號6樓,烘焙炊蒸食品製造業
24576308,<U+548F>達能源科技股份有限公司,臺北市信義區福德街300巷36之1號,烘焙炊蒸食品製造業
23994515,義美生機股份有限公司,臺北市大安區信義路2段88號11樓,烘焙炊蒸食品製造業
24309936,微風梅森凱瑟有限公司,臺北市松山區復興南路1段39號2樓之1,烘焙炊蒸食品製造業
24312756,田揚企業有限公司,臺北市中正區開封街1段78巷8號4樓,烘焙炊蒸食品製造業
24328434,自由花園有限公司,臺北市中正區仁愛路2段71號12樓之5,烘焙炊蒸食品製造業
24329412,柯老二糕餅有限公司,臺北市南港區向陽路162巷21號,烘焙炊蒸食品製造業
24357296,明洧股份有限公司,臺北市大安區光復南路630號4樓,烘焙炊蒸食品製造業
24413001,探索綜合國際開發股份有限公司,臺北市中山區林森北路487號地下、1樓、2樓,烘焙炊蒸食品製造業
24441007,大閤屋開發股份有限公司,臺北市中山區民權東路3段4號18樓,烘焙炊蒸食品製造業
24457393,植樹果沐有限公司,臺北市南港區南港路3段106巷4弄7號4樓,烘焙炊蒸食品製造業
24460860,尚美網路科技股份有限公司,臺北市大安區信義路2段88號8樓,烘焙炊蒸食品製造業
24470403,鬍子麥胖股份有限公司,臺北市南港區玉成街66之26號1樓,烘焙炊蒸食品製造業
24476785,名賀國際股份有限公司,臺北市大安區安和路1段90巷1號,烘焙炊蒸食品製造業
24479919,產流通股份有限公司,臺北市信義區忠孝東路5段510號23樓之3,烘焙炊蒸食品製造業
24490626,波澍特有限公司,臺北市士林區文林路168號,烘焙炊蒸食品製造業
24492217,專福興業股份有限公司,臺北市內湖區內湖路1段123號3樓,烘焙炊蒸食品製造業
24498731,益美生物科技股份有限公司,臺北市大安區信義路2段88號10樓,烘焙炊蒸食品製造業
24535308,寀興實業股份有限公司,臺北市內湖區基湖路1之2號1樓,烘焙炊蒸食品製造業
24535898,東方街角餐飲顧問有限公司,臺北市大安區樂業街43號,烘焙炊蒸食品製造業
24536019,輕田有限公司,臺北市大安區青田街13號1樓,烘焙炊蒸食品製造業
24536762,新同樂有限公司,臺北市中山區建國北路2段3巷15號7樓之3,烘焙炊蒸食品製造業
24541505,平安農食永續生活共學社會企業有限公司,臺北市內湖區內湖路1段323巷18弄1號2樓,烘焙炊蒸食品製造業
24548818,立得烘焙坊有限公司,臺北市大安區延吉街112號1樓,烘焙炊蒸食品製造業
16759084,福客食品有限公司,臺北市內湖區新明路116號4樓,烘焙炊蒸食品製造業
16761791,宏觀食品股份有限公司,臺北市內湖區民善街89號6樓,烘焙炊蒸食品製造業
16769479,大悅國際股份有限公司,臺北市中山區復興北路66號4樓,烘焙炊蒸食品製造業
16863663,璇寰國際有限公司,臺北市信義區信義路5段150巷2號15樓之3,烘焙炊蒸食品製造業
22102473,佳格食品股份有限公司,臺北市大安區仁愛路3段136號5樓,烘焙炊蒸食品製造業
22157928,吉伯貿易股份有限公司,臺北市中山區松江路301號9樓之1,烘焙炊蒸食品製造業
22265497,皇家可口股份有限公司,臺北市中正區懷寧街64號7樓,烘焙炊蒸食品製造業
22368753,頂呱呱國際股份有限公司,臺北市大安區仁愛路4段337號15樓,烘焙炊蒸食品製造業
22522307,台灣山崎股份有限公司,臺北市中山區松江路148號5樓之1,烘焙炊蒸食品製造業
23115546,蔡合旺事業股份有限公司,臺北市大同區西寧北路72號4樓,烘焙炊蒸食品製造業
23309178,家城股份有限公司,臺北市松山區八德路4段760號10樓之3,烘焙炊蒸食品製造業
23357733,吸引力綜合百貨股份有限公司,臺北市信義區松仁路89號5樓,烘焙炊蒸食品製造業
23448805,天廚國際股份有限公司,臺北市中正區衡陽路10號10樓,烘焙炊蒸食品製造業
23525767,富利食品股份有限公司,臺北市中正區濟南路2段39號6樓,烘焙炊蒸食品製造業
23910059,右峻企業有限公司,臺北市北投區立德路120巷19號1樓,烘焙炊蒸食品製造業
23998337,甘露食品工業股份有限公司,臺北市內湖區成功路4段166號13樓之1,烘焙炊蒸食品製造業
24288587,裕豐餐飲有限公司,臺北市中山區南京西路1之1號7樓,烘焙炊蒸食品製造業
24314240,蕾盈實業股份有限公司,臺北市中山區松江路318號13樓,烘焙炊蒸食品製造業
24332612,富賽特生技有限公司,臺北市北投區立德路121巷14號,烘焙炊蒸食品製造業
24346828,星際聯合傳媒事業有限公司,臺北市中正區忠孝西路1段66號28樓,烘焙炊蒸食品製造業
24451692,世慶食品有限公司,臺北市內湖區安康路172號,烘焙炊蒸食品製造業
24459907,國賓經典食品股份有限公司,臺北市中山區中山北路2段65巷9號2樓,烘焙炊蒸食品製造業
24473350,仕琦有限公司,臺北市中正區濟南路2段62巷15號2樓,烘焙炊蒸食品製造業
24478427,法蘭司烘焙有限公司,臺北市中山區建國北路2段151巷28號,烘焙炊蒸食品製造業
24481990,兆富電子有限公司,臺北市信義區信義路4段415號12樓,烘焙炊蒸食品製造業
24485546,恆大生技食品有限公司,臺北市中山區新生北路1段108-3號3樓之3,烘焙炊蒸食品製造業
24493433,梁鑫國際行銷顧問股份有限公司,臺北市大安區復興南路2段148號3樓之1,烘焙炊蒸食品製造業
24498774,蜜國際有限公司,臺北市內湖區東湖路113巷95弄172號1樓,烘焙炊蒸食品製造業
24697582,品安暢流行銷國際股份有限公司,臺北市中山區一江街45號2樓,烘焙炊蒸食品製造業
24701538,徐氏法式烘培食品股份有限公司,臺北市中正區汀州路3段169號1樓,烘焙炊蒸食品製造業
24741399,一道氏家族有限公司,臺北市大安區敦化南路1段187巷70號1樓,烘焙炊蒸食品製造業
24748610,伊莎廚房有限公司,臺北市南港區三重路19之3號9樓之3,烘焙炊蒸食品製造業
24755273,台灣海外天有限公司,臺北市內湖區東湖路43巷29號,烘焙炊蒸食品製造業
24755317,米包有限公司,臺北市松山區南京東路5段194號,烘焙炊蒸食品製造業
24757390,嘉味餐飲有限公司,臺北市內湖區民權東路6段288號1樓,烘焙炊蒸食品製造業
24764076,土生土長企業有限公司,臺北市松山區八德路4段17巷7號,烘焙炊蒸食品製造業
24765645,天地行興業有限公司,臺北市大安區忠孝東路4段169號12樓之1,烘焙炊蒸食品製造業
24766855,台灣創新美食股份有限公司,臺北市大安區忠孝東路3段305號6樓之1,烘焙炊蒸食品製造業
24774335,二度蛋糕有限公司,臺北市南港區忠孝東路7段568號,烘焙炊蒸食品製造業
24779275,愛迪兒創意產品有限公司,臺北市大安區信義路4段279號6樓之1,烘焙炊蒸食品製造業
24781477,富喜健股份有限公司,臺北市松山區敦化南路1段100巷7弄49號1樓,烘焙炊蒸食品製造業
24781574,牛乃滑翔機有限公司,臺北市松山區民權東路3段160巷19弄36號,烘焙炊蒸食品製造業
24781737,墣禹科技有限公司,臺北市南港區舊莊街1段3巷30號2樓之5,烘焙炊蒸食品製造業
24782378,高沺有限公司,臺北市中山區南京東路3段189號8樓,烘焙炊蒸食品製造業
24785494,功德林上海素食有限公司,臺北市南港區忠孝東路6段370巷5號1樓,烘焙炊蒸食品製造業
24785797,第一社會企業股份有限公司,臺北市信義區信義路5段150巷342弄17之5號,烘焙炊蒸食品製造業
24786439,品初有限公司,臺北市中正區忠孝西路1段66號28樓,烘焙炊蒸食品製造業
24928556,迎兆企業有限公司,臺北市中正區汀州路1段140巷39號,烘焙炊蒸食品製造業
24930357,加賀水生技有限公司,臺北市松山區寶清街34號1樓,烘焙炊蒸食品製造業
24930770,六谷丸食品有限公司,臺北市中正區漢口街1段104號,烘焙炊蒸食品製造業
24932209,古香餐飲股份有限公司,臺北市中山區撫順街10號,烘焙炊蒸食品製造業
24934924,尚好佳國際餐飲事業有限公司,臺北市大安區忠孝東路4段181巷40弄2號,烘焙炊蒸食品製造業
24937984,大鵰餐廳股份有限公司,臺北市大安區延吉街160巷3號,烘焙炊蒸食品製造業
24943711,亞燈洲有限公司,臺北市中山區新生北路2段31之1號5樓之3,烘焙炊蒸食品製造業
24948309,安善設計有限公司,臺北市大安區忠孝東路4段59號10樓之2,烘焙炊蒸食品製造業
24948743,悅如有限公司,臺北市松山區南京東路4段133巷7弄22號1樓,烘焙炊蒸食品製造業
24950206,活力興業有限公司,臺北市中正區重慶南路1段43號3樓之1,烘焙炊蒸食品製造業
24952020,光沐有限公司,臺北市北投區明德路335巷1號,烘焙炊蒸食品製造業
24957720,樸禮有限公司,臺北市北投區富貴一路5巷7號,烘焙炊蒸食品製造業
24958707,珍仙有限公司,臺北市松山區民權東路3段130號1樓,烘焙炊蒸食品製造業
24962630,琴情咖啡烘焙有限公司,臺北市大安區四維路208巷3-1號1樓,烘焙炊蒸食品製造業
24962929,采創國際有限公司,臺北市松山區南京東路4段51之2號7樓,烘焙炊蒸食品製造業
24519308,汎恩股份有限公司,臺北市大安區羅斯福路2段93號18樓,烘焙炊蒸食品製造業
24535031,嘉穗創意食品股份有限公司,臺北市內湖區成功路3段146號,烘焙炊蒸食品製造業
24538017,嚴選餐飲股份有限公司,臺北市大同區承德路1段16號,烘焙炊蒸食品製造業
24541322,瞞著爹股份有限公司,臺北市松山區八德路2段366巷38號,烘焙炊蒸食品製造業
24542032,信豐農業技術股份有限公司,臺北市大安區敦化南路2段216號6樓,烘焙炊蒸食品製造業
24545283,金凱食品有限公司,臺北市信義區吳興街85號,烘焙炊蒸食品製造業
24547114,龍潭食品股份有限公司,臺北市內湖區基湖路35巷16號8樓之4,烘焙炊蒸食品製造業
24550567,齊來美地生物科技股份有限公司,臺北市松山區南京東路5段225號6樓,烘焙炊蒸食品製造業
24555818,米亞甜點股份有限公司,臺北市大同區南京西路64巷26-1號,烘焙炊蒸食品製造業
24556020,荷意志有限公司,臺北市大同區迪化街2段191巷15號4樓,烘焙炊蒸食品製造業
24562677,世野食業股份有限公司,臺北市大同區迪化街1段197號,烘焙炊蒸食品製造業
24565891,台灣優質農業科技發展股份有限公司,臺北市大安區光復南路102號13樓,烘焙炊蒸食品製造業
24568089,新揚發企業有限公司,臺北市中正區金華街43巷23號1樓,烘焙炊蒸食品製造業
24569502,佳寶國際企業有限公司,臺北市內湖區舊宗路2段181巷2之1號3樓,烘焙炊蒸食品製造業
24571140,<U+5586><U+5586>餐飲股份有限公司,臺北市內湖區堤頂大道1段331號6樓,烘焙炊蒸食品製造業
24573724,金芋食品有限公司,臺北市信義區中坡南路16號2樓,烘焙炊蒸食品製造業
24577398,珍泉食品有限公司,臺北市中山區南京東路3段189號4樓,烘焙炊蒸食品製造業
24309865,業昌工程有限公司,臺北市中正區金華街43巷23號,烘焙炊蒸食品製造業
24318294,沂鈺國際有限公司,臺北市大安區信義路4段6號6樓,烘焙炊蒸食品製造業
24322797,易德食食品有限公司,臺北市大安區辛亥路1段44及46號1樓,烘焙炊蒸食品製造業
24338783,沙必捷有限公司,臺北市中正區愛國西路9號5樓之12,烘焙炊蒸食品製造業
24338931,李方酒店管理顧問股份有限公司,臺北市大同區南京西路316號2樓,烘焙炊蒸食品製造業
24341963,和果有限公司,臺北市中山區北安路595巷20弄8號,烘焙炊蒸食品製造業
24386320,垂坤食品有限公司,臺北市松山區南京東路4段164號11樓之3,烘焙炊蒸食品製造業
24460469,景翔食研有限公司,臺北市中山區中原街95號1樓,烘焙炊蒸食品製造業
24462635,樂寅食品有限公司,臺北市大安區和平東路3段236號1樓,烘焙炊蒸食品製造業
24463402,亞仁萌股份有限公司,臺北市信義區忠孝東路5段510號23樓之2,烘焙炊蒸食品製造業
24471563,康朵國際實業有限公司,臺北市信義區信義路4段415號10樓之5,烘焙炊蒸食品製造業
24488213,米林香有限公司,臺北市中正區延平南路216巷8號,烘焙炊蒸食品製造業
24497233,傑法國際有限公司,臺北市士林區天母西路44號5樓,烘焙炊蒸食品製造業
24535118,量智國際科技有限公司,臺北市大安區光復南路578號12樓之1,烘焙炊蒸食品製造業
24536101,有沒有餐飲企業有限公司,臺北市士林區中正路249之1號2樓,烘焙炊蒸食品製造業
24539873,森騰實業有限公司,臺北市萬華區成都路76巷5號,烘焙炊蒸食品製造業
24545853,紫筠軒企業有限公司,臺北市士林區中正路229號,烘焙炊蒸食品製造業
24546924,禾均有限公司,臺北市信義區虎林街232巷16號3樓,烘焙炊蒸食品製造業
24548774,眾來國際股份有限公司,臺北市大安區文昌街205號1樓,烘焙炊蒸食品製造業
24554509,野行文化股份有限公司,臺北市大同區迪化街1段197號,烘焙炊蒸食品製造業
24555232,和鉅國際股份有限公司,臺北市中山區松江路261號7樓,烘焙炊蒸食品製造業
24564437,高美國際有限公司,臺北市內湖區瑞光路221號5樓,烘焙炊蒸食品製造業
24566940,凱鑽國際有限公司,臺北市信義區崇德街124號,烘焙炊蒸食品製造業
24567413,雅翰有限公司,臺北市中山區南京東路2段21巷26號1樓,烘焙炊蒸食品製造業
24567693,勝捷餐飲股份有限公司,臺北市中山區南京東路2段96號7樓,烘焙炊蒸食品製造業
24571155,純焠餐飲股份有限公司,臺北市內湖區堤頂大道1段331號6樓,烘焙炊蒸食品製造業
24575032,潤初實業有限公司,臺北市松山區民生東路4段55巷32號,烘焙炊蒸食品製造業
24966066,詠晟有限公司,臺北市南港區昆陽街13號,烘焙炊蒸食品製造業
24966919,海味鮮水產有限公司,臺北市信義區吳興街118巷26弄12號,烘焙炊蒸食品製造業
24967939,御成國際餐飲開發有限公司,臺北市松山區南京東路4段197號9樓之1,烘焙炊蒸食品製造業
24974501,心衣有限公司,臺北市大同區承德路1段77巷15號1樓,烘焙炊蒸食品製造業
24974571,綠拇指股份有限公司,臺北市信義區松德路12號9樓,烘焙炊蒸食品製造業
24976590,喜美實業有限公司,臺北市內湖區南京東路6段268號,烘焙炊蒸食品製造業
25110665,吉麥爾有限公司,臺北市士林區天母北路97號,烘焙炊蒸食品製造業
25130199,善小貝生活設計事業有限公司,臺北市大安區仁愛路4段122巷61號3樓之2,烘焙炊蒸食品製造業
25132008,聚生生技有限公司,臺北市大同區南京西路274號,烘焙炊蒸食品製造業
25144172,泰鄉食品廠有限公司,臺北市內湖區港華街85巷12號,烘焙炊蒸食品製造業
25144882,星奕企業有限公司,臺北市南港區重陽路263巷3號2樓,烘焙炊蒸食品製造業
25146988,鼎<U+9427>企業有限公司,臺北市大安區仁愛路4段4號3樓,烘焙炊蒸食品製造業
24747485,天地欣實業有限公司,臺北市萬華區西園路2段96巷36號2樓,烘焙炊蒸食品製造業
24748055,芝琳食品實業有限公司,臺北市大同區承德路2段55號6樓,烘焙炊蒸食品製造業
24748999,和洋堂餐飲企業有限公司,臺北市中山區中山北路2段168號,烘焙炊蒸食品製造業
24752613,晨椿企業股份有限公司,臺北市大安區復興南路1段107巷11號,烘焙炊蒸食品製造業
24754422,宜大立餐飲事業有限公司,臺北市松山區慶城街16巷16號1樓,烘焙炊蒸食品製造業
24760178,主婦外燴有限公司,臺北市松山區寶清街38號1樓,烘焙炊蒸食品製造業
24763652,唐妮烘焙食品有限公司,臺北市大安區敦化南路1段295巷26號,烘焙炊蒸食品製造業
24764081,春品道企業股份有限公司,臺北市信義區松高路9號27樓,烘焙炊蒸食品製造業
24767263,貳捌香辣有限公司,臺北市中正區許昌街42之1號10樓,烘焙炊蒸食品製造業
24771132,司渤股份有限公司,臺北市中山區松江路3號3樓之5,烘焙炊蒸食品製造業
24772575,大地天然生物科技股份有限公司,臺北市文山區三福街77號1樓,烘焙炊蒸食品製造業
24775019,好口味食品有限公司,臺北市信義區松山路140之1號1樓,烘焙炊蒸食品製造業
24775849,觀漢數位行銷有限公司,臺北市北投區尊賢街257號3樓,烘焙炊蒸食品製造業
24777591,耕萬畬有限公司,臺北市大安區仁愛路4段112巷3弄10號1樓,烘焙炊蒸食品製造業
24778873,樂優坊有限公司,臺北市內湖區成功路5段460號11樓,烘焙炊蒸食品製造業
24779084,習作有限公司,臺北市中山區復興南路1段36號2樓,烘焙炊蒸食品製造業
24781455,紅麻糬廚房有限公司,臺北市文山區萬隆街45之10號1樓,烘焙炊蒸食品製造業
24796990,日商北方達人股份有限公司,臺北市中山區南京東路1段86號5樓,烘焙炊蒸食品製造業
24552235,誠洋國際股份有限公司,臺北市信義區信義路4段415號13樓之5,烘焙炊蒸食品製造業
24552278,祥越餐飲股份有限公司,臺北市內湖區堤頂大道2段483號2樓,烘焙炊蒸食品製造業
24554304,銀葡萄股份有限公司,臺北市松山區民生東路3段156號14樓,烘焙炊蒸食品製造業
24555296,辰宏事業有限公司,臺北市萬華區桂林路242巷81號,烘焙炊蒸食品製造業
24561157,竹宣國際有限公司,臺北市中山區松江路132巷17之3號4樓,烘焙炊蒸食品製造業
24561369,天草斑鳩菊生技股份有限公司,臺北市萬華區開封街2段32號2樓之3,烘焙炊蒸食品製造業
24564204,姬雅拉國際企業有限公司,臺北市內湖區內湖路1段252號12樓,烘焙炊蒸食品製造業
24571134,樂義餐飲股份有限公司,臺北市內湖區堤頂大道1段331號6樓,烘焙炊蒸食品製造業
24575618,志江貿易有限公司,臺北市中山區南京西路1之1號7樓,烘焙炊蒸食品製造業
24630268,順易昌食品有限公司,臺北市中正區中山北路1段2號4樓之2,烘焙炊蒸食品製造業
24726685,廣連食品企業有限公司,臺北市中山區遼寧街138巷26號1樓,烘焙炊蒸食品製造業
24740271,鑫鼎國際股份有限公司,臺北市信義區莊敬路391巷16弄3號4樓,烘焙炊蒸食品製造業
24740589,陳杉號實業股份有限公司,臺北市內湖區內湖路1段285巷63弄9號3樓,烘焙炊蒸食品製造業
24745851,台灣暖簾會有限公司,臺北市中山區長春路40號7樓之4,烘焙炊蒸食品製造業
24746042,帝王雞食品有限公司,臺北市中正區牯嶺街61之5號,烘焙炊蒸食品製造業
24747909,哈囉有限公司,臺北市信義區松隆路35號,烘焙炊蒸食品製造業
24748061,甜豐食品有限公司,臺北市大同區承德路1段105號7樓之2,烘焙炊蒸食品製造業
24748359,美泰企業有限公司,臺北市內湖區成功路4段70號7樓之1,烘焙炊蒸食品製造業
24748920,果霸實業有限公司,臺北市大安區大安路1段240號2樓,烘焙炊蒸食品製造業
24753492,愛食客股份有限公司,臺北市信義區光復南路457之3號,烘焙炊蒸食品製造業
24755013,托卡列餐飲事業股份有限公司,臺北市中山區松江路235巷9號,烘焙炊蒸食品製造業
24755034,倆馬事餐飲股份有限公司,臺北市松山區光復北路7號1樓,烘焙炊蒸食品製造業
24755647,台灣鼓月股份有限公司,臺北市中山區松江路185號6樓之3,烘焙炊蒸食品製造業
24760613,和禾設計有限公司,臺北市士林區承德路4段188號1樓,烘焙炊蒸食品製造業
24760796,普萊森餐飲顧問有限公司,臺北市松山區民生東路4段97巷1弄2號,烘焙炊蒸食品製造業
24763631,創意全球娛樂股份有限公司,臺北市中山區林森北路413號9樓之23,烘焙炊蒸食品製造業
24764287,三分甜食品股份有限公司,臺北市中山區南京東路2段206號4樓之1,烘焙炊蒸食品製造業
24765531,帕諾斯國際食品有限公司,臺北市大安區杭州南路2段7之1號1樓,烘焙炊蒸食品製造業
24768191,兩岸合作發展有限公司,臺北市大安區嘉興街399號,烘焙炊蒸食品製造業
24768919,台灣卡啡陪你企業股份有限公司,臺北市大安區忠孝東路4段230號7樓,烘焙炊蒸食品製造業
24769277,巧蹦食品有限公司,臺北市大安區信義路4段279號8樓,烘焙炊蒸食品製造業
24772619,全立嘉有限公司,臺北市大安區永康街12巷8號1樓,烘焙炊蒸食品製造業
24773194,老爺家餐飲有限公司,臺北市信義區和平東路3段215號1樓,烘焙炊蒸食品製造業
24774709,立和國際良品有限公司,臺北市萬華區和平西路3段30巷58號,烘焙炊蒸食品製造業
24775616,獅子甜點有限公司,臺北市中山區中山北路2段115巷3弄23號1樓,烘焙炊蒸食品製造業
24780081,碩立開發股份有限公司,臺北市萬華區桂林路26號8樓之2,烘焙炊蒸食品製造業
24780907,台灣綠蜂膠生技有限公司,臺北市北投區石牌路1段166巷90號,烘焙炊蒸食品製造業
24784381,品洋有限公司,臺北市中山區復興北路430巷24號,烘焙炊蒸食品製造業
27325895,可興食品有限公司,臺北市中山區龍江路366號1樓,烘焙炊蒸食品製造業
27359304,統一多拿滋股份有限公司,臺北市松山區東興路8號8樓,烘焙炊蒸食品製造業
27360843,一如社亞細亞股份有限公司,臺北市中山區樂群三路310號,烘焙炊蒸食品製造業
27363243,晶智有限公司,臺北市大安區敦化南路1段233巷20號,烘焙炊蒸食品製造業
27528701,聖嘉興企業股份有限公司,臺北市中山區南京東路1段27號1、2、3、4樓,烘焙炊蒸食品製造業
27533578,夢工廠創意股份有限公司,臺北市內湖區文湖街21巷112弄8號6樓,烘焙炊蒸食品製造業
27743271,原元軒企業有限公司,臺北市中山區龍江路342巷21號1樓,烘焙炊蒸食品製造業
27745735,叮咚企業股份有限公司,臺北市松山區塔悠路235號1樓,烘焙炊蒸食品製造業
27766105,雲雀國際股份有限公司,臺北市南港區松河街410號4樓,烘焙炊蒸食品製造業
24929154,夏娜有限公司,臺北市松山區復興北路57號14樓之3,烘焙炊蒸食品製造業
24930820,恩華企業有限公司,臺北市大安區敦化南路2段81巷65弄11號,烘焙炊蒸食品製造業
24932257,常祥國際有限公司,臺北市內湖區金湖路334號,烘焙炊蒸食品製造業
24932756,樂沛思國際有限公司,臺北市松山區復興南路1段1號4樓,烘焙炊蒸食品製造業
24933495,台華杰希國際貿易股份有限公司,臺北市中山區中山北路2段79號3樓,烘焙炊蒸食品製造業
24937817,台灣盛世茅台酒業有限公司,臺北市信義區莊敬路391巷2弄16號,烘焙炊蒸食品製造業
24938415,喬麗克弗爾股份有限公司,臺北市士林區士東路262號1樓,烘焙炊蒸食品製造業
24943352,莓好小市集有限公司,臺北市中正區中華路2段41號,烘焙炊蒸食品製造業
24943374,老祖宗有限公司,臺北市內湖區瑞光路258巷2號10樓之4,烘焙炊蒸食品製造業
24943894,禾合國際股份有限公司,臺北市信義區忠孝東路5段457號10樓之4,烘焙炊蒸食品製造業
24947097,天御一品國際企業有限公司,臺北市南港區三重路41巷33號11樓,烘焙炊蒸食品製造業
24950775,大力顧問有限公司,臺北市松山區塔悠路303號,烘焙炊蒸食品製造業
24952008,湘田烘焙有限公司,臺北市中山區錦州街404號,烘焙炊蒸食品製造業
24952561,名倫有限公司,臺北市大安區復興南路1段107巷5弄19號,烘焙炊蒸食品製造業
24953301,享食創作顧問有限公司,臺北市中正區中華路2段75巷3號1樓,烘焙炊蒸食品製造業
24953858,歐岩有限公司,臺北市內湖區星雲街138巷1弄3號4樓,烘焙炊蒸食品製造業
24955217,睿茂生活有限公司,臺北市松山區南京東路3段262號1樓,烘焙炊蒸食品製造業
24958143,明德國際企業股份有限公司,臺北市中山區中山北路1段71號,烘焙炊蒸食品製造業
24962998,奧托股份有限公司,臺北市中山區遼寧街199巷7號,烘焙炊蒸食品製造業
24965587,歐好甜有限公司,臺北市信義區基隆路1段155號12樓之8,烘焙炊蒸食品製造業
24968064,狐狸先生法式甜點有限公司,臺北市大同區長安西路138巷3弄18號1樓,烘焙炊蒸食品製造業
24968640,享樂烘焙有限公司,臺北市大同區南京西路163號2樓之74,烘焙炊蒸食品製造業
24968938,妙心國際股份有限公司,臺北市大安區安和路2段63號6樓之1,烘焙炊蒸食品製造業
24971498,糖芯健康管理顧問有限公司,臺北市信義區信義路4段460號18樓,烘焙炊蒸食品製造業
24972742,鎕大師餐飲有限公司,臺北市中山區新生北路3段82巷30號6樓,烘焙炊蒸食品製造業
24972763,法式國際有限公司,臺北市中山區中山北路2段79號3樓,烘焙炊蒸食品製造業
24974869,彩虹生技股份有限公司,臺北市信義區基隆路1段11巷10弄30號1樓,烘焙炊蒸食品製造業
24976487,南院旅墅股份有限公司,臺北市大安區和平東路2段357巷9號2樓之1,烘焙炊蒸食品製造業
24977752,芙達法利納有限公司,臺北市士林區中山北路7段114巷36弄14號3樓,烘焙炊蒸食品製造業
24709840,肯納社會企業股份有限公司,臺北市中正區忠孝東路1段76號7樓之2,烘焙炊蒸食品製造業
24728261,龍記烘焙食品股份有限公司,臺北市大同區民權西路245巷4號1樓,烘焙炊蒸食品製造業
24740146,鬧烘烘國際有限公司,臺北市士林區天玉街38巷20號,烘焙炊蒸食品製造業
24741671,老家烘焙有限公司,臺北市信義區吳興街49號,烘焙炊蒸食品製造業
24743925,大師實業有限公司,臺北市士林區美德街32號2樓,烘焙炊蒸食品製造業
24744614,飛龍食品科技有限公司,臺北市信義區林口街66巷2號1樓,烘焙炊蒸食品製造業
24747274,肯努森咖啡有限公司,臺北市中正區銅山街1號1樓,烘焙炊蒸食品製造業
24749131,樂活天然良品股份有限公司,臺北市內湖區南京東路6段461號7樓之5,烘焙炊蒸食品製造業
24752037,五月有限公司,臺北市大安區和平東路3段75號,烘焙炊蒸食品製造業
24756815,樂灣國際食品股份有限公司,臺北市信義區莊敬路289巷19號4樓,烘焙炊蒸食品製造業
24770915,映歲企業有限公司,臺北市信義區忠孝東路5段1-1號7樓,烘焙炊蒸食品製造業
24779330,匯亨國際餐飲事業有限公司,臺北市內湖區康寧路1段273號,烘焙炊蒸食品製造業
24780771,富均國際有限公司,臺北市中山區民權東路3段75巷2弄2號1樓,烘焙炊蒸食品製造業
24781531,樂靚有限公司,臺北市大安區信義路2段72號地下,烘焙炊蒸食品製造業
24787633,樂曼第國際有限公司,臺北市松山區南京東路5段106號2樓,烘焙炊蒸食品製造業
24930321,承宣投資有限公司,臺北市中山區建國北路1段142號,烘焙炊蒸食品製造業
24931031,包好吃股份有限公司,臺北市內湖區堤頂大道1段9號,烘焙炊蒸食品製造業
24932051,閤耘管理顧問有限公司,臺北市大同區重慶北路1段26巷66號,烘焙炊蒸食品製造業
24933158,禾餘麥酒有限公司,臺北市松山區民生東路5段153號4樓之14,烘焙炊蒸食品製造業
24934760,龍點科技股份有限公司,臺北市北投區光明路240之14號2樓,烘焙炊蒸食品製造業
24929653,豐盛號炭烤土司有限公司,臺北市士林區中正路223巷4號1樓,烘焙炊蒸食品製造業
24932828,源益豐股份有限公司,臺北市萬華區中華路1段76巷23號,烘焙炊蒸食品製造業
24937648,兆軒飲食有限公司,臺北市中正區羅斯福路4段128號1樓,烘焙炊蒸食品製造業
24937703,尚燡有限公司,臺北市士林區德行西路82號,烘焙炊蒸食品製造業
24946007,一口鐘情餐飲有限公司,臺北市大安區延吉街131巷1弄34號,烘焙炊蒸食品製造業
24955390,運添國際有限公司,臺北市中正區羅斯福路2段68號9樓,烘焙炊蒸食品製造業
24956855,福圓多企業有限公司,臺北市信義區光復南路547號3樓之4,烘焙炊蒸食品製造業
24957518,天源通股份有限公司,臺北市中山區南京東路3段189號10樓,烘焙炊蒸食品製造業
24959277,鐵邦國際事業股份有限公司,臺北市大同區重慶北路2段73巷18號1樓,烘焙炊蒸食品製造業
24963069,鴻生興業有限公司,臺北市內湖區港墘路127巷3號,烘焙炊蒸食品製造業
24966039,我在家設計科技股份有限公司,臺北市士林區中山北路6段172巷16弄2號4樓之6,烘焙炊蒸食品製造業
24977839,採茗有限公司,臺北市中正區忠孝西路1段41號8樓之5,烘焙炊蒸食品製造業
24977937,淇御有限公司,臺北市內湖區新湖二路367號3樓,烘焙炊蒸食品製造業
27844025,百瑞新生物科技股份有限公司,臺北市松山區八德路2段348號2樓之11,烘焙炊蒸食品製造業
28001867,晶鑽奈米科技股份有限公司,臺北市大安區忠孝東路4段333號3樓之1,烘焙炊蒸食品製造業
28175297,活力生化科技有限公司,臺北市文山區木柵路4段147號,烘焙炊蒸食品製造業
28180094,幸味村有限公司,臺北市內湖區民權東路6段160號5樓,烘焙炊蒸食品製造業
28201984,泰辰餐飲事業有限公司,臺北市大安區敦化南路1段236巷29號1樓,烘焙炊蒸食品製造業
28210689,香味股份有限公司,臺北市中山區長安東路2段230號7樓之1,烘焙炊蒸食品製造業
28222313,和進草本生機股份有限公司,臺北市中山區長安東路2段169之8號1樓,烘焙炊蒸食品製造業
28228983,十五區有限公司,臺北市松山區民生東路3段113巷6弄11號,烘焙炊蒸食品製造業
28332016,永興開發貿易有限公司,臺北市大同區承德路3段165之1號8樓之2,烘焙炊蒸食品製造業
28333660,阿部食品有限公司,臺北市中山區吉林路231號,烘焙炊蒸食品製造業
25116252,米塔食品有限公司,臺北市中山區大直街62巷2號,烘焙炊蒸食品製造業
25129405,尚品香食品企業有限公司,臺北市大同區酒泉街106號1樓,烘焙炊蒸食品製造業
25131710,無我企業有限公司,臺北市中山區建國北路1段58號4樓之2,烘焙炊蒸食品製造業
27313568,夏洛蒂有限公司,臺北市萬華區內江街86號,烘焙炊蒸食品製造業
27331432,佶鎬食品有限公司,臺北市松山區民族東路709號1樓,烘焙炊蒸食品製造業
27332426,大地盈國際有限公司,臺北市信義區光復南路495號,烘焙炊蒸食品製造業
27337702,柏萊特一店有限公司,臺北市大安區通化街10號1樓,烘焙炊蒸食品製造業
27537687,福爾摩沙咖啡事業股份有限公司,臺北市士林區永平街65號1樓,烘焙炊蒸食品製造業
27560912,薇格實業股份有限公司,臺北市中山區民生東路3段27號8樓,烘焙炊蒸食品製造業
24937345,杰德食品有限公司,臺北市中山區錦州街46號12樓之3,烘焙炊蒸食品製造業
24939364,亞太開發實業有限公司,臺北市內湖區洲子街183號2樓,烘焙炊蒸食品製造業
24939499,康鮮國際股份有限公司,臺北市南港區市民大道7段61號,烘焙炊蒸食品製造業
24944606,雲饗股份有限公司,臺北市松山區南京東路5段164號12樓,烘焙炊蒸食品製造業
24945083,雄升餐飲有限公司,臺北市北投區大興街9巷7號5樓,烘焙炊蒸食品製造業
24948814,塔奇極品咖啡有限公司,臺北市萬華區雙園街132號1樓,烘焙炊蒸食品製造業
24950374,克弗爾實業有限公司,臺北市北投區中央南路2段36號1樓,烘焙炊蒸食品製造業
24952859,御樂食品企業有限公司,臺北市松山區民生東路5段36巷8弄15號1樓,烘焙炊蒸食品製造業
24953843,亞諾烘焙有限公司,臺北市中正區惠安街5號4樓之2,烘焙炊蒸食品製造業
24954076,金樽商業股份有限公司,臺北市松山區敦化北路222巷6號1樓,烘焙炊蒸食品製造業
24959430,康青龍餐飲有限公司,臺北市大安區麗水街16號1樓,烘焙炊蒸食品製造業
24961800,老富昌餐飲有限公司,臺北市大安區安和路1段49巷3號,烘焙炊蒸食品製造業
24962857,涼翊國際有限公司,臺北市大安區安和路2段7號1樓,烘焙炊蒸食品製造業
24965968,合洋開發實業有限公司,臺北市中正區重慶南路1段49號9樓,烘焙炊蒸食品製造業
24969275,羅浮宮股份有限公司,臺北市中山區南京東路2段206號3樓,烘焙炊蒸食品製造業
24971053,冠福生技股份有限公司,臺北市大同區華亭街8號1樓,烘焙炊蒸食品製造業
24974609,廣鼎開發有限公司,臺北市大同區長安西路205號2樓之13,烘焙炊蒸食品製造業
25101363,弘達流通股份有限公司,臺北市中山區敬業四路33號8樓,烘焙炊蒸食品製造業
25104333,果子創新國際股份有限公司,臺北市松山區民生東路3段140巷11號1樓,烘焙炊蒸食品製造業
25107654,糖果屋食品有限公司,臺北市大同區重慶北路3段243巷21號1樓,烘焙炊蒸食品製造業
25109724,橘平實業股份有限公司,臺北市內湖區內湖路1段396號3樓,烘焙炊蒸食品製造業
25116416,仲業股份有限公司,臺北市中山區錦州街46號9樓之7,烘焙炊蒸食品製造業
25116534,天郁實業有限公司,臺北市萬華區康定路46巷8號,烘焙炊蒸食品製造業
25116817,傳騰國際有限公司,臺北市信義區忠孝東路5段790巷24弄8號1樓,烘焙炊蒸食品製造業
25121086,誠心烘焙有限公司,臺北市內湖區瑞光路188巷58號,烘焙炊蒸食品製造業
25122228,福農健康實業股份有限公司,臺北市南港區市民大道8段369號2樓之1,烘焙炊蒸食品製造業
25137860,樂芙尼企業有限公司,臺北市中山區長春路130之8號1樓,烘焙炊蒸食品製造業
25138777,長角文化創意有限公司,臺北市北投區珠海路18號2樓,烘焙炊蒸食品製造業
25140540,鑫盛發國際有限公司,臺北市信義區基隆路1段176號13樓,烘焙炊蒸食品製造業
25146312,宏澤國際有限公司,臺北市大同區長安西路106號7樓之1,烘焙炊蒸食品製造業
25103117,高平摩志股份有限公司,臺北市信義區基隆路1段155號12樓之6,烘焙炊蒸食品製造業
25106677,潤鑫投資理財顧問股份有限公司,臺北市士林區德行西路36號3樓之13,烘焙炊蒸食品製造業
25107330,康怡國際有限公司,臺北市中正區重慶南路1段57號6樓之8,烘焙炊蒸食品製造業
25118168,光芒曜越實業有限公司,臺北市文山區木新路3段339巷10號,烘焙炊蒸食品製造業
25125415,惠茂食品有限公司,臺北市南港區南港路3段149巷49弄16號,烘焙炊蒸食品製造業
25140696,禾雙有限公司,臺北市大安區金山南路2段18號5樓,烘焙炊蒸食品製造業
25143526,歐昕有限公司,臺北市信義區光復南路495號,烘焙炊蒸食品製造業
25144124,十方廣食品有限公司,臺北市松山區南京東路4段171號6樓,烘焙炊蒸食品製造業
25144665,世霖國際實業股份有限公司,臺北市中正區羅斯福路2段126號2樓之1,烘焙炊蒸食品製造業
25183505,生機健康國際有限公司,臺北市內湖區瑞光路583巷32號,烘焙炊蒸食品製造業
27368296,翡泰國際藝術中心股份有限公司,臺北市信義區永吉路73號1樓,烘焙炊蒸食品製造業
27530684,寶川企業有限公司,臺北市中正區寧波西街237號1樓,烘焙炊蒸食品製造業
27358184,沃金有限公司,臺北市大安區仁愛路4段125號9樓,烘焙炊蒸食品製造業
27509269,當代食品有限公司,臺北市大安區復興南路2段148巷43號,烘焙炊蒸食品製造業
27527294,伊士多有限公司,臺北市松山區三民路91號,烘焙炊蒸食品製造業
27578477,台灣威凌克股份有限公司,臺北市中正區羅斯福路2段116號3樓之1,烘焙炊蒸食品製造業
27596931,佳新食品有限公司,臺北市內湖區陽光街92巷7弄2號,烘焙炊蒸食品製造業
27634148,美廉股份有限公司,臺北市松山區南京東路5段106號9樓,烘焙炊蒸食品製造業
27723303,<U+6630>富開發有限公司,臺北市中山區新生北路1段82號2樓,烘焙炊蒸食品製造業
27754277,賀米爾食品有限公司,臺北市北投區立農街1段261號1樓,烘焙炊蒸食品製造業
27717772,大志明曲有限公司,臺北市中正區八德路3段74巷6號1樓,烘焙炊蒸食品製造業
27740149,溱鑽企業股份有限公司,臺北市士林區福國路1號4樓,烘焙炊蒸食品製造業
27758647,齊豐科技股份有限公司,臺北市大安區羅斯福路4段119巷34號5樓,烘焙炊蒸食品製造業
28110909,商能國際有限公司,臺北市大安區龍泉街93巷27號1樓,烘焙炊蒸食品製造業
27730888,韓一軒有限公司,臺北市中正區丹陽街37號1樓,烘焙炊蒸食品製造業
27771698,兆<U+5CEF>群有限公司,臺北市中正區忠孝東路1段45號5樓之3,烘焙炊蒸食品製造業
27956956,耶米諾有限公司,臺北市大安區仁愛路4段300巷24號1樓,烘焙炊蒸食品製造業
27982429,德意志烘焙股份有限公司,臺北市中正區羅斯福路4段162號11樓之2,烘焙炊蒸食品製造業
27986207,聚象國際有限公司,臺北市大安區安和路2段21號11樓,烘焙炊蒸食品製造業
27998225,百富國際股份有限公司,臺北市大安區信義路2段186號2樓,烘焙炊蒸食品製造業
28000635,提拉米蘇精緻蛋糕有限公司,臺北市大同區承德路1段53號1樓及55號1樓,烘焙炊蒸食品製造業
28003035,台灣大戶屋股份有限公司,臺北市中山區中山北路2段61號3樓,烘焙炊蒸食品製造業
28146012,浩記烘焙有限公司,臺北市士林區天母東路91巷2號1樓,烘焙炊蒸食品製造業
28194689,長鮮企業有限公司,臺北市萬華區永福街75巷8號3樓,烘焙炊蒸食品製造業
28008427,品勝股份有限公司,臺北市大安區復興南路2段84號10樓之1,烘焙炊蒸食品製造業
28023406,璞石室內裝修設計有限公司,臺北市文山區景華街52巷7號,烘焙炊蒸食品製造業
28053858,永和國際開發股份有限公司,臺北市內湖區康寧路3段165巷14弄11號,烘焙炊蒸食品製造業
28089700,禾田四季傳媒股份有限公司,臺北市松山區基隆路1段10號16樓之1,烘焙炊蒸食品製造業
28177387,容仲食品有限公司,臺北市中山區民生西路54號11樓,烘焙炊蒸食品製造業
28200887,順成食品實業有限公司,臺北市中山區松江路276號1樓,烘焙炊蒸食品製造業
28207951,青山林國際股份有限公司,臺北市中山區民權東路3段60巷7號,烘焙炊蒸食品製造業
28225536,奇異島股份有限公司,臺北市信義區忠孝東路5段510號13樓之1,烘焙炊蒸食品製造業
28413517,日商好侍食品股份有限公司,臺北市中山區中山北路2段114號9樓,烘焙炊蒸食品製造業
28448641,千山竹木生物科技股份有限公司,臺北市士林區芝玉路1段197巷4號2樓,烘焙炊蒸食品製造業
28457612,鑫元鑫股份有限公司,臺北市大安區忠孝東路4段222號2樓,烘焙炊蒸食品製造業
28459597,酷聖石冰淇淋股份有限公司,臺北市松山區東興路8號8樓,烘焙炊蒸食品製造業
28463831,頌讚有限公司,臺北市松山區復興北路15號13樓之1,烘焙炊蒸食品製造業
28467111,全泓國際企業有限公司,臺北市士林區社中街286號4樓,烘焙炊蒸食品製造業
28173805,皇家遠東傢俱有限公司,臺北市中正區中華路1段59號4樓,烘焙炊蒸食品製造業
28198664,億兆京國際股份有限公司,臺北市萬華區萬大路423巷42號,烘焙炊蒸食品製造業
28208895,法蘭司蛋糕有限公司,臺北市中山區伊通街32號1樓,烘焙炊蒸食品製造業
28215122,薇格國際食品股份有限公司,臺北市中山區民生東路3段27號8樓,烘焙炊蒸食品製造業
28215798,台灣參太股份有限公司,臺北市南港區南港路3段130巷3弄6號1樓,烘焙炊蒸食品製造業
28451602,利翊食品國際有限公司,臺北市信義區虎林街242巷5號,烘焙炊蒸食品製造業
28473113,達步國際有限公司,臺北市士林區中正路212巷2弄2號3樓,烘焙炊蒸食品製造業
28675954,淳優實業有限公司,臺北市大同區重慶北路3段293之4號,烘焙炊蒸食品製造業
28707294,經心有限公司,臺北市信義區光復南路495號6樓之1,烘焙炊蒸食品製造業
28220862,馥琳國際有限公司,臺北市南港區福德街421號6樓,烘焙炊蒸食品製造業
28228127,木村屋食品股份有限公司,臺北市士林區文林路513號1樓,烘焙炊蒸食品製造業
28378808,大漢草本生物科技股份有限公司,臺北市南港區成福路65之2號5樓,烘焙炊蒸食品製造業
28454657,三商烘焙食品股份有限公司,臺北市中山區建國北路2段145號11樓,烘焙炊蒸食品製造業
28459956,啡嚐好茶有限公司,臺北市文山區興隆路1段171號,烘焙炊蒸食品製造業
28678256,泰晶采食品股份有限公司,臺北市內湖區新湖一路133號4樓,烘焙炊蒸食品製造業
28687142,禾百利生物科技股份有限公司,臺北市松山區北寧路32巷6號,烘焙炊蒸食品製造業
28692692,馬辣國際餐飲有限公司,臺北市萬華區西寧南路62號2樓,烘焙炊蒸食品製造業
28705654,聯馥食品股份有限公司,臺北市北投區中央北路4段515巷28號3樓,烘焙炊蒸食品製造業
28713922,人道馬德里烘焙有限公司,臺北市松山區南京東路3段303巷14弄11號2樓,烘焙炊蒸食品製造業
28714823,金寶石有限公司,臺北市松山區八德路3段8巷37號1樓,烘焙炊蒸食品製造業
28481090,福冠團膳有限公司,臺北市內湖區內湖路1段91巷18號1、2、3樓及200號1、2、3、4樓,烘焙炊蒸食品製造業
28489375,紅櫻花食品股份有限公司,臺北市大安區忠孝東路4段293號8樓,烘焙炊蒸食品製造業
28581041,天蔥國際股份有限公司,臺北市內湖區港墘路221巷35號4樓、4樓之1,烘焙炊蒸食品製造業
28690110,五行烘培有限公司,臺北市松山區新東街20巷36號4樓,烘焙炊蒸食品製造業
28705486,白伊惡魔有限公司,臺北市中山區復興南路1段50號,烘焙炊蒸食品製造業
28824005,采采食茶文化國際股份有限公司,臺北市大安區復興南路1段219巷23號1樓,烘焙炊蒸食品製造業
28842496,大人物國際股份有限公司,臺北市中正區忠孝西路1段50號13樓之3,烘焙炊蒸食品製造業
28852515,天和鮮物股份有限公司,臺北市信義區忠孝東路5段689號8樓,烘焙炊蒸食品製造業
28903520,台灣農企開發股份有限公司,臺北市大同區天水路40號8樓,烘焙炊蒸食品製造業
28427006,薩摩亞商客來喜餐飲股份有限公司,臺北市內湖區民善街85號6樓,烘焙炊蒸食品製造業
28455712,得成老家有限公司,臺北市南港區重陽路235巷12號,烘焙炊蒸食品製造業
28673554,博新教育有限公司,臺北市內湖區內湖路1段120巷13號1樓,烘焙炊蒸食品製造業
28696753,威琪生技有限公司,臺北市中山區林森北路263號8樓之18,烘焙炊蒸食品製造業
28714128,喜冠實業有限公司,臺北市南港區重陽路235巷12號1樓,烘焙炊蒸食品製造業
28856625,羽恩有限公司,臺北市中正區寧波東街11之3號,烘焙炊蒸食品製造業
28912485,惟朵食品有限公司,臺北市內湖區東湖路7巷15號2樓,烘焙炊蒸食品製造業
29039068,艾瑞格有限公司,臺北市大安區忠孝東路4段295號3樓,烘焙炊蒸食品製造業
29044436,立方國際股份有限公司,臺北市大同區市民大道1段209號11樓,烘焙炊蒸食品製造業
29062497,台灣瑪蜜黛有限公司,臺北市信義區基隆路1段155號12樓之6,烘焙炊蒸食品製造業
29079167,博揚國際開發有限公司,臺北市大同區民生西路122號2樓,烘焙炊蒸食品製造業
29103027,長漢貿易有限公司,臺北市萬華區萬大路160號3樓,烘焙炊蒸食品製造業
29178125,閤家管理顧問有限公司,臺北市大安區金華街251之2號、251之3號,烘焙炊蒸食品製造業
31347626,定記商行股份有限公司,臺北市士林區文林路513號1樓,烘焙炊蒸食品製造業
34598392,二利國際事業有限公司,臺北市南港區忠孝東路6段456號3樓,烘焙炊蒸食品製造業
28708250,晨暉生物科技股份有限公司,臺北市內湖區行愛路139號1樓至6樓,烘焙炊蒸食品製造業
28834931,萬通全球股份有限公司,臺北市南港區永吉路561號2樓,烘焙炊蒸食品製造業
28845851,統一午茶風光股份有限公司,臺北市松山區東興路8號8樓,烘焙炊蒸食品製造業
28847669,天地匯國際企業有限公司,臺北市信義區莊敬路289巷3弄37號,烘焙炊蒸食品製造業
28854099,長崎本舖食品股份有限公司,臺北市中正區中華路2段41號1樓,烘焙炊蒸食品製造業
28865693,環球可頌企業有限公司,臺北市文山區下崙路11巷31號地下之3,烘焙炊蒸食品製造業
28913528,果什有限公司,臺北市松山區富錦街354號1樓,烘焙炊蒸食品製造業
28929492,棉花田生機園地股份有限公司,臺北市松山區敦化南路1段3號11樓,烘焙炊蒸食品製造業
29006735,頤綸企業有限公司,臺北市松山區南京東路3段335巷21之7號1樓,烘焙炊蒸食品製造業
29035400,老協珍股份有限公司,臺北市大同區民生西路373、375號,烘焙炊蒸食品製造業
29040494,廣湛有限公司,臺北市內湖區南京東路6段298號1樓,烘焙炊蒸食品製造業
29064349,東燦科技股份有限公司,臺北市松山區南京東路4段170號3樓之7,烘焙炊蒸食品製造業
31307223,晟豊工業有限公司,臺北市士林區延平北路9段155號1樓,烘焙炊蒸食品製造業
29065305,全養知國際有限公司,臺北市信義區信義路5段150巷2號15樓之3,烘焙炊蒸食品製造業
29067394,得利坊有限公司,臺北市內湖區民權東路6段262號6樓,烘焙炊蒸食品製造業
29077371,采芹國際有限公司,臺北市中山區中山北路2段36巷11號1樓,烘焙炊蒸食品製造業
30856066,發億實業股份有限公司,臺北市大安區信義路4段263號14樓,烘焙炊蒸食品製造業
31304605,錫安實業有限公司,臺北市北投區東華街1段360號5樓,烘焙炊蒸食品製造業
34321086,生康實業有限公司,臺北市松山區八德路3段162號1樓,烘焙炊蒸食品製造業
36232150,鍇盟有限公司,臺北市大同區延平北路3段113巷22號1樓,烘焙炊蒸食品製造業
42612538,開元食品工業股份有限公司,臺北市內湖區民善街83號7樓,烘焙炊蒸食品製造業
42614682,蘋果欣業有限公司,臺北市士林區德行西路36號3樓之16,烘焙炊蒸食品製造業
42615325,蘋果一點零有限公司,臺北市士林區德行西路36號3樓之13,烘焙炊蒸食品製造業
42618152,日清食品有限公司,臺北市中山區錦州街46號12樓之3,烘焙炊蒸食品製造業
42618940,橙達實業有限公司,臺北市大安區延吉街133號,烘焙炊蒸食品製造業
42619504,葉梁記國際企業有限公司,臺北市信義區忠孝東路5段1之7號7樓,烘焙炊蒸食品製造業
42619820,花花姐姐餐飲管理顧問有限公司,臺北市文山區羅斯福路6段88號6樓,烘焙炊蒸食品製造業
42620571,香帥食品有限公司,臺北市中正區羅斯福路3段96號,烘焙炊蒸食品製造業
42622959,聯合眾利股份有限公司,臺北市信義區忠孝東路5段1之8號5樓,烘焙炊蒸食品製造業
42626907,紅帽囍餅國際有限公司,臺北市大同區重慶北路3段88號11樓之1,烘焙炊蒸食品製造業
42627482,糖話國際股份有限公司,臺北市中山區新生北路2段31之1號11樓之６,烘焙炊蒸食品製造業
42629165,<U+6D5C>小屋水產股份有限公司,臺北市信義區基隆路1段333號12樓,烘焙炊蒸食品製造業
42630634,黃金咖啡國際有限公司,臺北市大同區華陰街61號,烘焙炊蒸食品製造業
42633055,田由曲有限公司,臺北市中正區和平西路1段100號2樓之3,烘焙炊蒸食品製造業
42634625,鴻大營利事業股份有限公司,臺北市松山區南京東路5段251巷32弄9號2樓,烘焙炊蒸食品製造業
42636031,盛聚有限公司,臺北市大安區安和路2段35巷16號6樓之1,烘焙炊蒸食品製造業
28887562,皇后之心股份有限公司,臺北市北投區中央北路4段18巷32號1樓,烘焙炊蒸食品製造業
29051301,萬囍股份有限公司,臺北市北投區中央北路4段515巷22號3樓,烘焙炊蒸食品製造業
29055263,新松國際股份有限公司,臺北市士林區承德路4段152號2樓,烘焙炊蒸食品製造業
29066661,蜜膳屋股份有限公司,臺北市內湖區內湖路1段66號7樓,烘焙炊蒸食品製造業
29079217,鼎鴻國際食品有限公司,臺北市大安區復興南路2段237號13樓,烘焙炊蒸食品製造業
31106387,正逢食品有限公司,臺北市士林區承德路4段152號2樓,烘焙炊蒸食品製造業
34732519,正雄實業有限公司,臺北市大同區赤峰街49巷16號2樓,烘焙炊蒸食品製造業
36526541,源泰特產有限公司,臺北市中正區齊東街34號,烘焙炊蒸食品製造業
38018607,正大尼龍工業股份有限公司,臺北市中山區南京東路1段21號,烘焙炊蒸食品製造業
42613044,瑞斯國際管理顧問有限公司,臺北市內湖區民權東路6段467號6樓之3,烘焙炊蒸食品製造業
42614992,大雅國際實業股份有限公司,臺北市文山區三福街77號1樓,烘焙炊蒸食品製造業
42615107,蘋果十點零有限公司,臺北市士林區德行西路36號3樓之16,烘焙炊蒸食品製造業
42615205,蘋果五點零有限公司,臺北市士林區德行西路36號3樓之14,烘焙炊蒸食品製造業
42618809,立派食品企業股份有限公司,臺北市大同區南京西路22號12樓,烘焙炊蒸食品製造業
42620869,思品有限公司,臺北市大安區復興南路1段380號12樓之1,烘焙炊蒸食品製造業
42624350,港式滋味有限公司,臺北市中山區中山北路2段79號3樓,烘焙炊蒸食品製造業
42625885,貫中開發有限公司,臺北市北投區大業路540號8樓,烘焙炊蒸食品製造業
42630114,大麥餐飲管理顧問有限公司,臺北市中山區松江路273號1樓,烘焙炊蒸食品製造業
42630281,大囍餐飲有限公司,臺北市大安區光復南路72巷7弄17號及17號地下層,烘焙炊蒸食品製造業
42631367,德田農業生技股份有限公司,臺北市內湖區瑞湖街58號12樓,烘焙炊蒸食品製造業
42634300,珍妮費爾有限公司,臺北市大同區南京西路163號2樓之31,烘焙炊蒸食品製造業
42634955,美樂迪雅食品有限公司,臺北市內湖區文湖街2之1號4樓,烘焙炊蒸食品製造業
42635194,台灣階梯營養食品有限公司,臺北市大安區信義路4段6號6樓,烘焙炊蒸食品製造業
42640680,艾塔森有限公司,臺北市中山區龍江路76巷33號,烘焙炊蒸食品製造業
42641858,淘哇哇有限公司,臺北市松山區復興北路179號5樓,烘焙炊蒸食品製造業
42646523,繽紛奶油加派有限公司,臺北市中山區建國北路3段113巷7弄1號,烘焙炊蒸食品製造業
42647023,明都餐飲興業有限公司,臺北市松山區八德路2段366巷23號1樓,烘焙炊蒸食品製造業
42651308,金八式股份有限公司,臺北市士林區天母東路50巷29號,烘焙炊蒸食品製造業
43696296,南璋股份有限公司,臺北市松山區民生東路3段134號4樓,烘焙炊蒸食品製造業
42611284,錢龍國際貿易有限公司,臺北市松山區南京東路5段45號,烘焙炊蒸食品製造業
42614228,可鼻阿爸的寶寶副食品有限公司,臺北市中山區民權東路2段92巷7弄20號1樓,烘焙炊蒸食品製造業
42622254,宣美國際股份有限公司,臺北市內湖區新湖一路87號6樓,烘焙炊蒸食品製造業
42623916,禾膳坊國際股份有限公司,臺北市內湖區文湖街2之1號3樓,烘焙炊蒸食品製造業
42629171,台灣廣伸國際有限公司,臺北市信義區光復南路495號,烘焙炊蒸食品製造業
42630374,吉友餐飲事業有限公司,臺北市中山區民權東路1段7巷18號,烘焙炊蒸食品製造業
42630698,天然飲食品有限公司,臺北市中正區銅山街1號1樓,烘焙炊蒸食品製造業
42631394,岩倉國際有限公司,臺北市萬華區武昌街2段132號6樓之2,烘焙炊蒸食品製造業
42636124,康詩國際有限公司,臺北市中山區南京東路1段16號7樓之1,烘焙炊蒸食品製造業
42636433,安普蕾修股份有限公司,臺北市中山區南京東路2段96號7樓,烘焙炊蒸食品製造業
42637989,台灣伊藤久右衛門有限公司,臺北市大安區忠孝東路3段303號3樓之2,烘焙炊蒸食品製造業
42638333,馬爾席灣生態農業股份有限公司,臺北市內湖區堤頂大道2段477號2樓,烘焙炊蒸食品製造業
42643096,久鼎食品有限公司,臺北市松山區八德路4段495號,烘焙炊蒸食品製造業
42646093,新鮮煮義股份有限公司,臺北市內湖區瑞光路168號2樓之1,烘焙炊蒸食品製造業
42651433,愛亞希有限公司,臺北市士林區德行東路190巷30弄7號4樓,烘焙炊蒸食品製造業
53010689,香港商永樂美有限公司,臺北市大同區南京西路41號10樓之6、10樓之7,烘焙炊蒸食品製造業
53085652,統一上都股份有限公司,臺北市松山區東興路8號8樓,烘焙炊蒸食品製造業
42637101,可可休閒開發有限公司,臺北市大安區羅斯福路3段269巷2之1號,烘焙炊蒸食品製造業
42638039,蘭力實業有限公司,臺北市信義區基隆路2段15號5樓,烘焙炊蒸食品製造業
42642174,來這點有限公司,臺北市中正區忠孝西路1段50號22樓之15,烘焙炊蒸食品製造業
42650906,梵納立國際食品有限公司,臺北市大安區光復南路346巷24號6樓,烘焙炊蒸食品製造業
42651193,阿里巴巴乳品有限公司,臺北市松山區民權東路3段102號8樓,烘焙炊蒸食品製造業
43137322,佳蘭食品企業股份有限公司,臺北市內湖區新湖一路36巷36號3樓,烘焙炊蒸食品製造業
53006475,英屬維京群島商敦宜股份有限公司,臺北市大安區光復南路632號5樓,烘焙炊蒸食品製造業
53086890,台灣<U+5869>酥雞股份有限公司,臺北市中山區北安路530號,烘焙炊蒸食品製造業
53087455,美日食品有限公司,臺北市南港區興華路114巷1弄2號1樓,烘焙炊蒸食品製造業
53088139,東區粉圓有限公司,臺北市大安區忠孝東路4段216巷38號,烘焙炊蒸食品製造業
53089307,環宇開發生技食品有限公司,臺北市中山區南京東路2段125號12樓之2,烘焙炊蒸食品製造業
53096124,黑不拉搭有限公司,臺北市中山區復興南路1段50號1樓,烘焙炊蒸食品製造業
53097186,聯邦億達有限公司,臺北市中山區長安東路2段81號12樓,烘焙炊蒸食品製造業
53098116,佳宣食品企業有限公司,臺北市信義區忠孝東路4段553巷18號1樓及地下室,烘焙炊蒸食品製造業
53104291,普世創意有限公司,臺北市中山區新生北路2段31之1號5樓之3,烘焙炊蒸食品製造業
53107071,米榭爾食品有限公司,臺北市信義區松仁路260號1樓,烘焙炊蒸食品製造業
53107797,青草地食品有限公司,臺北市中正區羅斯福路1段22號之1,烘焙炊蒸食品製造業
53115184,黑寶堅尼有限公司,臺北市中山區復興南路1段50號1樓,烘焙炊蒸食品製造業
53126295,力蓉生技股份有限公司,臺北市中山區遼寧街21號,烘焙炊蒸食品製造業
53129005,綠葉坊有限公司,臺北市松山區敦化北路207號9樓之3,烘焙炊蒸食品製造業
42610519,樂食樂餐飲有限公司,臺北市信義區中坡南路34號,烘焙炊蒸食品製造業
42612517,好酵莊有限公司,臺北市北投區泉源路12號9樓之5,烘焙炊蒸食品製造業
42612734,優雅食股份有限公司,臺北市大安區忠孝東路3段96號8樓之2,烘焙炊蒸食品製造業
42613781,醫創股份有限公司,臺北市北投區立功街100號3樓之2,烘焙炊蒸食品製造業
42614450,誼河傳播有限公司,臺北市士林區中正路707巷9之1號五樓,烘焙炊蒸食品製造業
42616767,儷庭莊園有限公司,臺北市中山區長春路78號8樓之5,烘焙炊蒸食品製造業
42618028,薇拉食品有限公司,臺北市中山區明水路397巷7弄17號,烘焙炊蒸食品製造業
42619027,禾隆實業有限公司,臺北市文山區興隆路2段21號,烘焙炊蒸食品製造業
42619954,思品有限公司,臺北市大安區復興南路1段380號12樓之1,烘焙炊蒸食品製造業
42621261,松鷺股份有限公司,臺北市內湖區內湖路1段737巷104號,烘焙炊蒸食品製造業
42622493,澄萃茶藝股份有限公司,臺北市中正區開封街1段48號11樓之1,烘焙炊蒸食品製造業
42623768,台北一國王烘焙有限公司,臺北市松山區八德路3段12巷51弄27號1樓,烘焙炊蒸食品製造業
42624611,福星國際餐飲有限公司,臺北市內湖區瑞光路603號1樓,烘焙炊蒸食品製造業
42625415,亞美國際淨水科技股份有限公司,臺北市松山區松河街180之1號5樓,烘焙炊蒸食品製造業
42625604,禾裕烘焙國際有限公司,臺北市信義區永吉路187巷7號,烘焙炊蒸食品製造業
42628715,亮媽生活創意有限公司,臺北市中山區遼寧街45巷11號3樓,烘焙炊蒸食品製造業
42629019,欣田國際有限公司,臺北市中山區復興北路342號10樓之1,烘焙炊蒸食品製造業
42629735,多禾企業有限公司,臺北市中山區松江路204巷2號5樓,烘焙炊蒸食品製造業
42630873,誼豐股份有限公司,臺北市信義區基隆路2段51號4樓之9,烘焙炊蒸食品製造業
42631704,濟南鮮股份有限公司,臺北市大安區濟南路3段20號,烘焙炊蒸食品製造業
42632062,華霆餐飲股份有限公司,臺北市中山區中山北路1段53巷8號,烘焙炊蒸食品製造業
42633689,品意餐飲管理顧問有限公司,臺北市士林區天母東路50巷22之9號,烘焙炊蒸食品製造業
42636692,預見文創國際股份有限公司,臺北市萬華區漢中街207號1樓~5樓,烘焙炊蒸食品製造業
42636861,仁品創新有限公司,臺北市中正區中山北路1段2號4樓之3,烘焙炊蒸食品製造業
42637593,品坊股份有限公司,臺北市信義區基隆路1段155號5樓之8,烘焙炊蒸食品製造業
42639038,圖斯邁企業有限公司,臺北市中山區中原街22號7樓之10,烘焙炊蒸食品製造業
42639467,弘平商社股份有限公司,臺北市士林區天母東路50巷29號,烘焙炊蒸食品製造業
42647662,艾莫芽學苑股份有限公司,臺北市士林區士東路220號1樓,烘焙炊蒸食品製造業
42648022,兔兔日子股份有限公司,臺北市內湖區內湖路1段387巷3弄7號,烘焙炊蒸食品製造業
42648183,奎恩餐飲股份有限公司,臺北市大安區敦化南路1段187巷62號1樓,烘焙炊蒸食品製造業
42648584,鳳凰城堡文化股份有限公司,臺北市大安區敦化南路2段97號16樓,烘焙炊蒸食品製造業
42651834,海陸通企業有限公司,臺北市萬華區環河南路2段237號,烘焙炊蒸食品製造業
53089762,全家國際餐飲股份有限公司,臺北市中山區中山北路2段61號3樓,烘焙炊蒸食品製造業
53079498,沙巴巴健康烘焙有限公司,臺北市大安區和平東路2段118巷54弄8號,烘焙炊蒸食品製造業
53085415,浮世樂股份有限公司,臺北市內湖區新湖一路153號6樓,烘焙炊蒸食品製造業
53095716,漢記股份有限公司,臺北市大安區信義路4段273號12樓,烘焙炊蒸食品製造業
53116629,嵐山咖啡有限公司,臺北市中山區南京東路3段109巷9號1樓,烘焙炊蒸食品製造業
53120139,上姿彩舍有限公司,臺北市南港區忠孝東路7段568號(1樓),烘焙炊蒸食品製造業
53216578,台灣大食代餐飲有限公司,臺北市中山區樂群三路218號,烘焙炊蒸食品製造業
53310932,國姓爺食品有限公司,臺北市內湖區成功路4段341號2樓,烘焙炊蒸食品製造業
53323486,合一食品股份有限公司,臺北市中山區市民大道3段209號5樓,烘焙炊蒸食品製造業
53328150,亞耘有限公司,臺北市中山區吉林路351號1樓,烘焙炊蒸食品製造業
53337539,雪斯麥國際食品有限公司,臺北市大安區延吉街137巷6-1號1樓,烘焙炊蒸食品製造業
53095526,攪味國際有限公司,臺北市大安區辛亥路2段171巷6弄8號1樓,烘焙炊蒸食品製造業
53107972,天<U+6ED9>國際實業有限公司,臺北市松山區敦化北路207號9樓之3,烘焙炊蒸食品製造業
53118041,台灣富驛酒店股份有限公司,臺北市中山區南京東路3段131號1樓、地下1樓、10、11、12、13樓,烘焙炊蒸食品製造業
53118437,禮輝食品股份有限公司,臺北市內湖區新湖三路237號(1樓),烘焙炊蒸食品製造業
53118957,崇儉實業有限公司,臺北市中山區安東街16巷13弄6號3樓,烘焙炊蒸食品製造業
53163426,克朗奇股份有限公司,臺北市大安區浦城街26巷4之2號4樓,烘焙炊蒸食品製造業
53195659,靚水堂生物科技股份有限公司,臺北市中山區敬業一路128巷18號,烘焙炊蒸食品製造業
53205208,示申資訊有限公司,臺北市松山區南京東路5段145之1號5樓,烘焙炊蒸食品製造業
53312994,富達欣業股份有限公司,臺北市中正區青島東路5號6樓,烘焙炊蒸食品製造業
53313754,艾米塔食品有限公司,臺北市中山區南京東路1段24號1樓,烘焙炊蒸食品製造業
53331958,夢工房股份有限公司,臺北市中山區南京東路1段92號4樓,烘焙炊蒸食品製造業
53335976,榮春農業科技股份有限公司,臺北市大安區基隆路2段148號2樓,烘焙炊蒸食品製造業
53336834,世康食品有限公司,臺北市南港區忠孝東路7段575號,烘焙炊蒸食品製造業
53354918,無限大國際行銷有限公司,臺北市內湖區康寧路1段269號6樓,烘焙炊蒸食品製造業
53355590,愛的禮物有限公司,臺北市文山區萬美街2段83號,烘焙炊蒸食品製造業
53201815,惠森國際有限公司,臺北市中正區中華路1段59號7樓,烘焙炊蒸食品製造業
53202048,蜜鄉有限公司,臺北市中山區中山北路1段130號,烘焙炊蒸食品製造業
53312116,米機國際有限公司,臺北市中正區信義路2段91號11樓之4,烘焙炊蒸食品製造業
53330901,富士印低碳股份有限公司,臺北市內湖區堤頂大道1段331號5樓,烘焙炊蒸食品製造業
53354810,秒鮮旺有限公司,臺北市松山區復興北路361巷6號,烘焙炊蒸食品製造業
53355521,博雯興業有限公司,臺北市萬華區忠孝西路2段16巷7號,烘焙炊蒸食品製造業
53096068,亞米哥食品有限公司,臺北市北投區稻香路131之1號1樓,烘焙炊蒸食品製造業
53102717,富豐餐飲股份有限公司,臺北市中山區德惠街9號1樓,烘焙炊蒸食品製造業
53111005,王記府城肉粽有限公司,臺北市松山區八德路2段374號1樓,烘焙炊蒸食品製造業
53111413,培恩有限公司,臺北市大安區安和路2段181巷9號,烘焙炊蒸食品製造業
53115473,耀鈞實業股份有限公司,臺北市中山區建國北路2段86號6樓,烘焙炊蒸食品製造業
53123092,大地烘焙有限公司,臺北市大安區仁愛路4段112巷23號,烘焙炊蒸食品製造業
53127858,宏璞餐飲股份有限公司,臺北市信義區忠孝東路4段563號17樓,烘焙炊蒸食品製造業
53189805,台穀有限公司,臺北市中山區吉林路218巷14號1樓,烘焙炊蒸食品製造業
53299319,采棠肴鮮餅鋪有限公司,臺北市大同區哈密街111號1樓,烘焙炊蒸食品製造業
53315887,典興興業有限公司,臺北市中山區松江路259巷1號1、2樓,烘焙炊蒸食品製造業
53320024,御品國際實業有限公司,臺北市北投區懷德街84巷3號1樓,烘焙炊蒸食品製造業
53323036,欣欣團膳食品有限公司,臺北市南港區南港路3段80巷32號2樓、地下,烘焙炊蒸食品製造業
53323937,無限創意科技工程有限公司,臺北市信義區松德路10號7樓,烘焙炊蒸食品製造業
53337587,艾塔食品有限公司,臺北市中山區長安東路2段81號1樓,烘焙炊蒸食品製造業
53338853,得利通有限公司,臺北市信義區忠孝東路5段372巷27弄77之1號1樓,烘焙炊蒸食品製造業
53349063,亞太國際綠色產業開發股份有限公司,臺北市大安區忠孝東路4段216巷33弄4號1樓,烘焙炊蒸食品製造業
53349417,向唐食品有限公司,臺北市中正區羅斯福路1段22號4樓,烘焙炊蒸食品製造業
53352539,布丁娛樂王國事業有限公司,臺北市中山區龍江路342巷33號1樓,烘焙炊蒸食品製造業
53358323,杏子餐飲股份有限公司,臺北市中山區南京東路2段96號7樓,烘焙炊蒸食品製造業
53340302,李方企業股份有限公司,臺北市大同區南京西路316號3樓,烘焙炊蒸食品製造業
53340921,鄰鄉良食股份有限公司,臺北市大安區泰順街38巷30號,烘焙炊蒸食品製造業
53351378,優之良品食品有限公司,臺北市文山區福興路19號3樓,烘焙炊蒸食品製造業
53351784,桂吉有限公司,臺北市中正區和平西路2段58-1號5樓,烘焙炊蒸食品製造業
53358415,和饌有限公司,臺北市大安區金華街221號1樓,烘焙炊蒸食品製造業
53469051,康鼎國際餐飲有限公司,臺北市大安區敦化南路2段81巷61號,烘焙炊蒸食品製造業
53523317,果緣有限公司,臺北市大安區延吉街62巷1號1樓,烘焙炊蒸食品製造業
53523978,典十國際有限公司,臺北市松山區南京東路4段168號170號,烘焙炊蒸食品製造業
53531225,凰鶯越南餐館有限公司,臺北市南港區新民街76號1樓,烘焙炊蒸食品製造業
53539280,創意同仁開發股份有限公司,臺北市大安區忠孝東路3段217巷4弄4號,烘焙炊蒸食品製造業
53543329,班庫利食品有限公司,臺北市松山區八德路4段277號,烘焙炊蒸食品製造業
53553058,唐緹股份有限公司,臺北市信義區虎林街121巷2號1樓,烘焙炊蒸食品製造業
53555767,衛鮮食品股份有限公司,臺北市內湖區民善街128號地下2層,烘焙炊蒸食品製造業
53355923,源裕豐國際股份有限公司,臺北市中山區伊通街28號2樓,烘焙炊蒸食品製造業
53382169,宜大科技股份有限公司,臺北市大安區敦化南路1段233巷37號3樓,烘焙炊蒸食品製造業
53402833,瑪西索食品股份有限公司,臺北市中正區忠孝西路1段41號9樓之3,烘焙炊蒸食品製造業
53430465,鑫富餐飲有限公司,臺北市中山區通北街132巷3號,烘焙炊蒸食品製造業
53436989,潮咖啡股份有限公司,臺北市大安區復興南路1段132號2樓,烘焙炊蒸食品製造業
53532266,愛典心企業有限公司,臺北市中正區信義路2段161巷2弄1號4樓之1,烘焙炊蒸食品製造業
53537023,咩斯特數位整合有限公司,臺北市大安區新生南路1段165巷18號1樓,烘焙炊蒸食品製造業
53538114,懿德有限公司,臺北市中正區林森北路5巷12號5樓,烘焙炊蒸食品製造業
53545537,得曦有限公司,臺北市大安區信義路4段199巷16號1樓,烘焙炊蒸食品製造業
53548247,億豐富國際有限公司,臺北市大安區忠孝東路4段146巷1號2樓,烘焙炊蒸食品製造業
53552396,貝克街有限公司,臺北市內湖區文德路22巷27弄14號4樓,烘焙炊蒸食品製造業
53555823,麵包生活有限公司,臺北市文山區興隆路4段165巷21號,烘焙炊蒸食品製造業
53559052,劼尼克國際資訊股份有限公司,臺北市內湖區新湖一路36巷36號3樓,烘焙炊蒸食品製造業
53559834,自圓其說國際有限公司,臺北市大安區安和路1段49巷13-1號,烘焙炊蒸食品製造業
53465034,安帆達有限公司,臺北市大同區重慶北路2段71之1號,烘焙炊蒸食品製造業
53524300,旋轉木馬食品有限公司,臺北市中山區明水路672巷46號,烘焙炊蒸食品製造業
53530345,不二股份有限公司,臺北市內湖區港墘路200號7樓之2,烘焙炊蒸食品製造業
53539373,艾莉塔食品有限公司,臺北市信義區中坡北路29號1樓,烘焙炊蒸食品製造業
53543398,訊息傳導生命科技有限公司,臺北市南港區忠孝東路6段456號3樓,烘焙炊蒸食品製造業
53546178,清禾餐飲實業有限公司,臺北市大安區敦化南路1段233巷11號1樓,烘焙炊蒸食品製造業
53547373,清越有限公司,臺北市信義區和平東路3段391巷54號1樓,烘焙炊蒸食品製造業
53554520,泰豐米有限公司,臺北市中山區中山北路2段79號3樓,烘焙炊蒸食品製造業
53419399,如月國際有限公司,臺北市中山區南京東路1段25號9樓,烘焙炊蒸食品製造業
53531175,榮茂香料有限公司,臺北市松山區民族東路709號,烘焙炊蒸食品製造業
53534692,上路心喜媒體科技有限公司,臺北市內湖區瑞光路513巷36號3樓,烘焙炊蒸食品製造業
53546901,鼎廚食品開發股份有限公司,臺北市松山區光復北路89號4樓,烘焙炊蒸食品製造業
53547726,台灣國際餐飲股份有限公司,臺北市中山區建國北路2段33號12樓,烘焙炊蒸食品製造業
53553326,糕豐匯食品股份有限公司,臺北市內湖區新湖二路211號,烘焙炊蒸食品製造業
53558883,欣欣西點麵包有限公司,臺北市中山區中山北路2段84巷6號1樓,烘焙炊蒸食品製造業
53561917,餘香有限公司,臺北市大安區敦化南路2段81巷45弄12號,烘焙炊蒸食品製造業
53556745,金洋國際開發有限公司,臺北市大安區信義路4段187號7樓,烘焙炊蒸食品製造業
53563133,科藝食品有限公司,臺北市中正區南昌路2段103號5樓之1,烘焙炊蒸食品製造業
53674308,香港商楓品商行有限公司,臺北市信義區忠孝東路5段410之5號,烘焙炊蒸食品製造業
53674530,香港商大利紅有限公司,臺北市中正區重慶南路1段10號5樓,烘焙炊蒸食品製造業
53691849,聯全食品有限公司,臺北市松山區南京東路5段188號3樓之6,烘焙炊蒸食品製造業
53738204,多美食股份有限公司,臺北市大安區仁愛路4段339號15樓,烘焙炊蒸食品製造業
53739082,品帝股份有限公司,臺北市內湖區成功路3段174巷26弄7號1樓,烘焙炊蒸食品製造業
53750706,愛蜜莉亞有限公司,臺北市中正區杭州南路1段115號8樓之4,烘焙炊蒸食品製造業
53755884,利爾達科技有限公司,臺北市大安區忠孝東路4段57之4號,烘焙炊蒸食品製造業
53763012,航海者貿易有限公司,臺北市大安區忠孝東路4段311號6樓之2,烘焙炊蒸食品製造業
53763717,銀色種子有限公司,臺北市中正區重慶南路1段57號12樓之18,烘焙炊蒸食品製造業
53766735,大三元實業有限公司,臺北市中山區長安東路1段15號2樓,烘焙炊蒸食品製造業
53771462,安吉明有限公司,臺北市內湖區民權東路6段266號10樓,烘焙炊蒸食品製造業
53772096,台灣樂菲股份有限公司,臺北市大安區仁愛路4段418號,烘焙炊蒸食品製造業
53777923,巷貓國際餐飲文化股份有限公司,臺北市中山區建國北路1段148號3樓,烘焙炊蒸食品製造業
53567362,杰品企業有限公司,臺北市大同區延平北路2段69號4樓之3,烘焙炊蒸食品製造業
53686022,鴻翔發食品有限公司,臺北市大安區師大路80巷2號,烘焙炊蒸食品製造業
53695036,泓晟國際股份有限公司,臺北市中山區南京東路2段137號14樓,烘焙炊蒸食品製造業
53729198,郭師傅食品企業有限公司,臺北市大同區重慶北路3段76號1樓,烘焙炊蒸食品製造業
53734707,貝貝西點國際有限公司,臺北市大安區八德路2段174巷9之3號及9之4號,烘焙炊蒸食品製造業
53735348,威禾食品有限公司,臺北市文山區光輝路15號3樓,烘焙炊蒸食品製造業
53741025,樂莎蕾烘焙股份有限公司,臺北市士林區後港街116之118號3樓,烘焙炊蒸食品製造業
53741828,巧思數位行銷股份有限公司,臺北市大安區忠孝東路4段333號11樓之2,烘焙炊蒸食品製造業
53749547,敏斯特國際有限公司,臺北市士林區中山北路7段14巷6之2號1樓,烘焙炊蒸食品製造業
53755792,松旺事業有限公司,臺北市大同區民權西路279號3樓,烘焙炊蒸食品製造業
53756531,丰安有限公司,臺北市文山區羅斯福路5段211巷18號4樓,烘焙炊蒸食品製造業
53761014,源宜豐股份有限公司,臺北市萬華區中華路1段76巷23號,烘焙炊蒸食品製造業
53775143,貫盛國際有限公司,臺北市大安區四維路170巷2號,烘焙炊蒸食品製造業
53776327,新光綠<U+5B9D>股份有限公司,臺北市大安區光復南路458號14樓之1,烘焙炊蒸食品製造業
53690757,樂饕食品有限公司,臺北市士林區忠誠路2段154巷3號1樓,烘焙炊蒸食品製造業
53697837,茶中文化股份有限公司,臺北市萬華區莒光路328號3樓,烘焙炊蒸食品製造業
53714266,<U+6F79>淵富股份有限公司,臺北市大安區信義路3段7號2樓之1,烘焙炊蒸食品製造業
53723048,禪記食品股份有限公司,臺北市內湖區新明路138號2樓,烘焙炊蒸食品製造業
53730414,歐奇餐飲股份有限公司,臺北市大同區承德路1段44號6樓,烘焙炊蒸食品製造業
53741398,豐泰物業管理顧問有限公司,臺北市中山區中山北路2段26巷5號1樓,烘焙炊蒸食品製造業
53743332,黛比澍有限公司,臺北市中正區仁愛路2段108號1樓,烘焙炊蒸食品製造業
53746979,健德有限公司,臺北市萬華區大理街132之1號,烘焙炊蒸食品製造業
53747750,台灣麵博士企業有限公司,臺北市大安區和平東路1段74巷2之2號1樓,烘焙炊蒸食品製造業
53749976,台灣丸京製<U+83D3>股份有限公司,臺北市中正區仁愛路1段20號6樓,烘焙炊蒸食品製造業
53751986,聯華全球企劃行銷顧問股份有限公司,臺北市中正區漢口街1段110號5樓之7,烘焙炊蒸食品製造業
53752731,淳翊餐飲股份有限公司,臺北市大安區仁愛路4段300巷26弄19號,烘焙炊蒸食品製造業
53752824,半閑居實業有限公司,臺北市北投區實踐街85-1號5樓,烘焙炊蒸食品製造業
53756552,櫻花樹甜點有限公司,臺北市大安區和平東路2段96巷8之2號,烘焙炊蒸食品製造業
53757567,基塔有限公司,臺北市文山區萬壽路2號,烘焙炊蒸食品製造業
53760633,亞盧流行時尚有限公司,臺北市中正區三元街198號1樓,烘焙炊蒸食品製造業
53763809,康食國際有限公司,臺北市大安區安和路2段169號1樓,烘焙炊蒸食品製造業
53770724,思慕昔餐飲有限公司,臺北市大安區永康街15號、15號之1,烘焙炊蒸食品製造業
53773308,孔子饅頭有限公司,臺北市松山區民生東路5段137巷4弄18號,烘焙炊蒸食品製造業
53658736,香港商亞妮斯比股份有限公司,臺北市信義區松仁路36號9樓,烘焙炊蒸食品製造業
53663153,英屬維京群島商賓蘭股份有限公司,臺北市中山區南京東路3段201號3樓,烘焙炊蒸食品製造業
53704892,啟妍有限公司,臺北市中山區松江路182號11樓之1,烘焙炊蒸食品製造業
53731286,公主珠寶企業有限公司,臺北市中山區南京東路3段118號2樓,烘焙炊蒸食品製造業
53732139,夢甜屋股份有限公司,臺北市松山區民生東路3段156號14樓,烘焙炊蒸食品製造業
53734360,一番海鮮有限公司,臺北市萬華區富民路145巷48號,烘焙炊蒸食品製造業
53739127,逸尚國際股份有限公司,臺北市大同區太原路152巷15號,烘焙炊蒸食品製造業
53741123,萬味國際股份有限公司,臺北市大安區敦化南路1段188號7樓,烘焙炊蒸食品製造業
53749814,吉力亞股份有限公司,臺北市中正區忠孝東路2段112號,烘焙炊蒸食品製造業
53751000,糖朝餐飲股份有限公司,臺北市大安區忠孝東路4段201號2樓,烘焙炊蒸食品製造業
53751395,金玉滿堂珠寶有限公司,臺北市中山區復興北路502號5樓,烘焙炊蒸食品製造業
53759170,文笛興業有限公司,臺北市中山區大直街94巷1弄14號,烘焙炊蒸食品製造業
53759559,蜂華企業有限公司,臺北市萬華區成都路42號,烘焙炊蒸食品製造業
53759684,宇泰睿國際企業有限公司,臺北市信義區信義路5段7號43樓之1,烘焙炊蒸食品製造業
53760009,生技達人股份有限公司,臺北市大安區忠孝東路4段235號10樓,烘焙炊蒸食品製造業
53761513,食在舒活股份有限公司,臺北市中山區德惠街19號2樓,烘焙炊蒸食品製造業
53766290,膳安國際股份有限公司,臺北市南港區重陽路522號,烘焙炊蒸食品製造業
53770999,實愛食品有限公司,臺北市大安區安和路1段29號13樓,烘焙炊蒸食品製造業
53773932,玉香齋素食有限公司,臺北市松山區南京東路4段75巷14弄17號1樓,烘焙炊蒸食品製造業
53774833,義麵坊股份有限公司,臺北市大安區敦化南路1段233巷23號2樓,烘焙炊蒸食品製造業
53777043,上和麵包有限公司,臺北市士林區福國路7號1樓,烘焙炊蒸食品製造業
53915616,大吉利烘焙有限公司,臺北市松山區八德路4段315號1樓,烘焙炊蒸食品製造業
53920596,鈺聲行銷有限公司,臺北市松山區復興北路369號4樓,烘焙炊蒸食品製造業
53926682,宴海國際有限公司,臺北市內湖區江南街73號,烘焙炊蒸食品製造業
53929392,鄰家香國際有限公司,臺北市內湖區江南街73號,烘焙炊蒸食品製造業
53930243,市集馬戲團有限公司,臺北市內湖區瑞光路584號,烘焙炊蒸食品製造業
53936133,君赫文化國際事業有限公司,臺北市大安區忠孝東路4段107號12樓,烘焙炊蒸食品製造業
53943388,我們家餐飲事業有限公司,臺北市內湖區康寧路3段219巷12號1樓,烘焙炊蒸食品製造業
53948975,貞德咖啡國際股份有限公司,臺北市信義區莊敬路180號,烘焙炊蒸食品製造業
53950232,果樂股份有限公司,臺北市內湖區南京東路6段350號7樓之3,烘焙炊蒸食品製造業
53955095,偉岫國際開發有限公司,臺北市大安區瑞安街45號,烘焙炊蒸食品製造業
53955243,鼎超食品有限公司,臺北市萬華區長泰街139巷17號5樓,烘焙炊蒸食品製造業
53957262,基德食品有限公司,臺北市信義區基隆路1段155號12樓之6,烘焙炊蒸食品製造業
53779056,綺美食品股份有限公司,臺北市北投區清江路209號4樓,烘焙炊蒸食品製造業
53919063,虎將餐飲股份有限公司,臺北市大安區忠孝東路4段219號1樓,烘焙炊蒸食品製造業
53921309,台北花園開發股份有限公司,臺北市大同區太原路57號,烘焙炊蒸食品製造業
53924869,台北卡樂比食品股份有限公司,臺北市中山區松江路125號10樓,烘焙炊蒸食品製造業
53925430,新松事業股份有限公司,臺北市士林區承德路4段152號2樓,烘焙炊蒸食品製造業
53926228,福久米糧實業股份有限公司,臺北市南港區重陽路196號,烘焙炊蒸食品製造業
53937013,江雁塘餐飲有限公司,臺北市中山區新生北路3段7號,烘焙炊蒸食品製造業
53942233,皇饌食品股份有限公司,臺北市信義區松隆路102號17樓之1,烘焙炊蒸食品製造業
53946012,原味湯廚有限公司,臺北市大同區南京西路25巷48號,烘焙炊蒸食品製造業
53947357,茶望國際股份有限公司,臺北市南港區園區街3號15樓,烘焙炊蒸食品製造業
53958369,麗優國際股份有限公司,臺北市大安區忠孝東路4段197號10樓之6,烘焙炊蒸食品製造業
53912435,冠良真菌生技有限公司,臺北市文山區木柵路2段124號(1樓),烘焙炊蒸食品製造業
53920651,納百福國際有限公司,臺北市萬華區和平西路3段109巷11號3樓,烘焙炊蒸食品製造業
53921238,活力京都有限公司,臺北市信義區基隆路2段51號14樓,烘焙炊蒸食品製造業
53925451,金魚八事業有限公司,臺北市中山區民權東路3段60巷7號,烘焙炊蒸食品製造業
53925868,日光大道股份有限公司,臺北市南港區八德路4段768巷1弄18號4樓之1,烘焙炊蒸食品製造業
53927177,美寶家有限公司,臺北市萬華區昆明街46號8樓之37,烘焙炊蒸食品製造業
53938771,好客餐飲有限公司,臺北市松山區南京東路4段1號9樓,烘焙炊蒸食品製造業
53941537,品鮮璞食股份有限公司,臺北市中山區南京東路2段88號18樓,烘焙炊蒸食品製造業
53943492,世界蛋塔食品股份有限公司,臺北市信義區信義路5段7號32樓之1,烘焙炊蒸食品製造業
53943845,匯恩有限公司,臺北市中山區復興北路2號7樓之5,烘焙炊蒸食品製造業
53952153,甜藝有限公司,臺北市信義區忠孝東路5段175號2樓,烘焙炊蒸食品製造業
53953081,台灣北壽心股份有限公司,臺北市信義區忠孝東路4段553巷30號2樓,烘焙炊蒸食品製造業
53973256,阿旺獅食品廠股份有限公司,臺北市北投區中央南路2段16號,烘焙炊蒸食品製造業
53911175,好工作社會企業股份有限公司,臺北市大安區建國南路1段336號2樓,烘焙炊蒸食品製造業
53911338,台灣波特行銷有限公司,臺北市萬華區成都路108號3樓之1,烘焙炊蒸食品製造業
53912857,好日子股份有限公司,臺北市士林區雨聲街61之1號,烘焙炊蒸食品製造業
53913758,卓飴有限公司,臺北市中山區北安路621巷37號(1樓),烘焙炊蒸食品製造業
53915221,旺來春秋生技食品股份有限公司,臺北市信義區松德路259號,烘焙炊蒸食品製造業
53917683,瑞皇生物科技國際股份有限公司,臺北市大安區光復南路102號8樓,烘焙炊蒸食品製造業
53926183,有哆創意蔬食洋食<U+8218>有限公司,臺北市松山區南京東路5段33號,烘焙炊蒸食品製造業
53927009,天然新鮮乳品有限公司,臺北市松山區民族東路719號,烘焙炊蒸食品製造業
53929978,合心坊珍味有限公司,臺北市內湖區安康路228巷21弄38號3樓,烘焙炊蒸食品製造業
53930285,法朋有限公司,臺北市大安區仁愛路4段300巷20弄11號1樓,烘焙炊蒸食品製造業
53930481,懷舊便當國際事業有限公司,臺北市內湖區文德路141號1樓,烘焙炊蒸食品製造業
53937689,范蔡香股份有限公司,臺北市大安區信義路4段307號,烘焙炊蒸食品製造業
53941804,好康國際股份有限公司,臺北市中正區青島東路3之3號5樓,烘焙炊蒸食品製造業
53949524,安永生活事業股份有限公司,臺北市內湖區堤頂大道2段483號2樓,烘焙炊蒸食品製造業
53953548,小器生活創意股份有限公司,臺北市大同區鄭州路87號11樓之2,烘焙炊蒸食品製造業
53956502,班聚利有限公司,臺北市中正區漢口街1段8號,烘焙炊蒸食品製造業
53959120,心心甜心屋股份有限公司,臺北市松山區南京東路4段52巷8之1號,烘焙炊蒸食品製造業
54007108,群政股份有限公司,臺北市內湖區安康路93巷4弄5號2樓,烘焙炊蒸食品製造業
54140008,巧克摩莎有限公司,臺北市信義區光復南路421號5樓,烘焙炊蒸食品製造業
54154558,紀堯姆手作料理有限公司,臺北市信義區基隆路2段22號6樓之6,烘焙炊蒸食品製造業
54159569,好朋友食品有限公司,臺北市南港區南港路1段265號,烘焙炊蒸食品製造業
54169911,一禮餐飲股份有限公司,臺北市中山區南京東路3段133號地下1樓,烘焙炊蒸食品製造業
54171466,粵香園開發企業有限公司,臺北市內湖區堤頂大道2段285之1號2樓,烘焙炊蒸食品製造業
54171655,聯泉食品股份有限公司,臺北市內湖區瑞光路502號4樓,烘焙炊蒸食品製造業
54172079,養樂食品股份有限公司,臺北市中山區松江路261號3樓,烘焙炊蒸食品製造業
54177975,怡捷國際物流股份有限公司,臺北市松山區復興北路179號12樓之5,烘焙炊蒸食品製造業
54178812,美津食品有限公司,臺北市南港區興華路114巷1弄1號1樓,烘焙炊蒸食品製造業
54180887,宸嘉國際有限公司,臺北市松山區八德路4段227號2樓,烘焙炊蒸食品製造業
54182647,勝政餐飲股份有限公司,臺北市中山區南京東路2段96號7樓,烘焙炊蒸食品製造業
54182674,富美佳貿易股份有限公司,臺北市信義區基隆路2段22號6樓之7,烘焙炊蒸食品製造業
54184130,聖淳食品有限公司,臺北市士林區忠誠路2段178巷15號,烘焙炊蒸食品製造業
54185258,張記洋行有限公司,臺北市中山區復興北路486號2樓之5,烘焙炊蒸食品製造業
54185779,喜田屋有限公司,臺北市大同區重慶北路3段88號11樓之1,烘焙炊蒸食品製造業
54188950,品天食品事業有限公司,臺北市文山區辛亥路5段77之1號地下,烘焙炊蒸食品製造業
54271937,美顏國際有限公司,臺北市大安區辛亥路2段121號1樓,烘焙炊蒸食品製造業
54296310,艾阿姨食品有限公司,臺北市內湖區安泰街125巷6號5樓之1,烘焙炊蒸食品製造業
54124838,統禾實業有限公司,臺北市信義區和平東路3段406巷3號1樓,烘焙炊蒸食品製造業
54157513,木合金設計有限公司,臺北市北投區大度路3段296巷33弄7號1樓,烘焙炊蒸食品製造業
54157648,谷威有限公司,臺北市中山區南京東路3段89巷3弄3號1樓,烘焙炊蒸食品製造業
54161925,莎妃亞國際有限公司,臺北市中山區民族東路410巷23弄11號1樓,烘焙炊蒸食品製造業
54162425,滿堂有限公司,臺北市士林區德行東路17號1樓,烘焙炊蒸食品製造業
54167322,茂吉咖啡有限公司,臺北市中山區龍江路2之7號,烘焙炊蒸食品製造業
54168119,艾莉塔重慶食品有限公司,臺北市中正區重慶南路1段75號1樓,烘焙炊蒸食品製造業
54168455,嘉力達有限公司,臺北市中山區松江路220號9樓之4,烘焙炊蒸食品製造業
54174702,諸富家具股份有限公司,臺北市大安區安東街44號1樓,烘焙炊蒸食品製造業
54174772,嘉鑫食品有限公司,臺北市松山區八德路3段122號,烘焙炊蒸食品製造業
54178600,蕃老爹有限公司,臺北市中山區建國北路2段86號9樓,烘焙炊蒸食品製造業
54180253,蘭姆樂有限公司,臺北市大安區復興南路1段126巷1號2樓之10,烘焙炊蒸食品製造業
54182689,杏桃餐飲股份有限公司,臺北市大安區忠孝東路4段216巷19弄16號,烘焙炊蒸食品製造業
54183884,東木食業有限公司,臺北市大安區通化街143巷1號1樓,烘焙炊蒸食品製造業
54184650,祐霖綜合國際有限公司,臺北市中正區開封街1段105號6樓之4,烘焙炊蒸食品製造業
54017680,合樂食品有限公司,臺北市中山區中山北路2段77之1號1樓,烘焙炊蒸食品製造業
54054903,將帥國際股份有限公司,臺北市內湖區基湖路10巷48號1樓,烘焙炊蒸食品製造業
54155584,歡迎光臨股份有限公司,臺北市萬華區中華路1段76巷23號,烘焙炊蒸食品製造業
54159174,喬馨有限公司,臺北市中山區吉林路174巷1之1號1樓,烘焙炊蒸食品製造業
54164937,三商立泰股份有限公司,臺北市中山區建國北路2段145號11樓,烘焙炊蒸食品製造業
54168552,仁美愛天空股份有限公司,臺北市信義區基隆路1段333號12樓(1205室),烘焙炊蒸食品製造業
54141219,時常生活有限公司,臺北市大安區金山南路2段159巷10號3樓,烘焙炊蒸食品製造業
54153707,廣澤食品企業有限公司,臺北市士林區福華路10號,烘焙炊蒸食品製造業
54159414,圓方實業有限公司,臺北市文山區景興路153巷14弄13號3樓,烘焙炊蒸食品製造業
54160215,日青亞交流點有限公司,臺北市大安區忠孝東路4段223巷75號,烘焙炊蒸食品製造業
54163509,虹喬食品有限公司,臺北市內湖區康樂街136巷18弄48號5樓,烘焙炊蒸食品製造業
54166689,凱茂國際實業有限公司,臺北市信義區信義路4段415號10樓之5,烘焙炊蒸食品製造業
54169503,廣昇股份有限公司,臺北市信義區松山路331號3樓,烘焙炊蒸食品製造業
54172731,翼智國際股份有限公司,臺北市內湖區成功路2段312巷43號,烘焙炊蒸食品製造業
54178405,尚味興業有限公司,臺北市內湖區內湖路1段737巷39號3樓,烘焙炊蒸食品製造業
54180417,四喜堂創意有限公司,臺北市大同區太原路152巷15號,烘焙炊蒸食品製造業
54181197,恆利有限公司,臺北市松山區八德路4段604之22號,烘焙炊蒸食品製造業
54187137,亞洲單一有限公司,臺北市信義區光復南路495號7樓之3,烘焙炊蒸食品製造業
54188234,萌碩企業經營顧問有限公司,臺北市內湖區內湖路1段120巷18號1樓,烘焙炊蒸食品製造業
54221254,寶瓶生活股份有限公司,臺北市大同區寧夏路155號2樓,烘焙炊蒸食品製造業
54326503,豐義興業有限公司,臺北市士林區忠義路93號,烘焙炊蒸食品製造業
54328214,恆永企業有限公司,臺北市中正區青島西路11號5樓之3,烘焙炊蒸食品製造業
54328777,酒留米有限公司,臺北市中山區中山北路1段56巷2號1樓,烘焙炊蒸食品製造業
54332478,本家股份有限公司,臺北市松山區南京東路5段82號,烘焙炊蒸食品製造業
54332842,飛士蘭美食事業有限公司,臺北市內湖區舊宗路2段121巷9號,烘焙炊蒸食品製造業
54333841,旺德福國際貿易有限公司,臺北市南港區八德路4段768巷1弄16號,烘焙炊蒸食品製造業
54334525,阿米果有限公司,臺北市萬華區萬大路277巷14弄16號9樓,烘焙炊蒸食品製造業
54337348,安享信食品有限公司,臺北市大安區瑞安街244巷51號,烘焙炊蒸食品製造業
54343600,原風禮坊有限公司,臺北市萬華區環河南路2段102號2樓1號舖位,烘焙炊蒸食品製造業
54348226,洛斯可餐飲股份有限公司,臺北市內湖區民善街85號,烘焙炊蒸食品製造業
54349153,潤餘實業有限公司,臺北市松山區光復北路165巷15號,烘焙炊蒸食品製造業
54358498,鈺星企業有限公司,臺北市中正區忠孝東路5段1之3號14樓,烘焙炊蒸食品製造業
54363197,統達有限公司,臺北市中山區大直街33巷3號1樓,烘焙炊蒸食品製造業
54368290,天地人文創有限公司,臺北市中正區齊東街74號1樓,烘焙炊蒸食品製造業
54368355,鑽鎰實業有限公司,臺北市中山區長春路112之1號1樓,烘焙炊蒸食品製造業
54371149,日商麥之穗股份有限公司,臺北市松山區復興北路369號4樓,烘焙炊蒸食品製造業
54275589,宸宇國際企業有限公司,臺北市松山區健康路226之1號1樓,烘焙炊蒸食品製造業
54321084,京王品餐飲股份有限公司,臺北市松山區復興北路473號1樓,烘焙炊蒸食品製造業
54326124,豐富餐飲股份有限公司,臺北市松山區敦化南路1段2號5樓,烘焙炊蒸食品製造業
54328875,雅客有限公司,臺北市松山區新中街8巷14號,烘焙炊蒸食品製造業
54330611,星創三佳股份有限公司,臺北市中正區重慶南路1段109號4樓、109之1號4樓,烘焙炊蒸食品製造業
54330767,米塔世貿有限公司,臺北市信義區基隆路2段16號,烘焙炊蒸食品製造業
54336191,綠豐鮮食品有限公司,臺北市內湖區民權東路6段90巷5弄6號2樓,烘焙炊蒸食品製造業
54338590,禾豐鑫股份有限公司,臺北市中山區敬業三路11號,烘焙炊蒸食品製造業
54340218,恩荃有限公司,臺北市萬華區峨眉街123之3號,烘焙炊蒸食品製造業
54342089,番長國際食品股份有限公司,臺北市中山區長春路328號10樓之2,烘焙炊蒸食品製造業
54343340,台灣福亭國際有限公司,臺北市松山區復興南路1段1號10樓之1,烘焙炊蒸食品製造業
54345240,萊樂活健康廚坊股份有限公司,臺北市松山區敦化北路207號9樓之1,烘焙炊蒸食品製造業
54350003,真食補生技有限公司,臺北市大安區辛亥路1段93號,烘焙炊蒸食品製造業
54355611,台灣藍帶國際股份有限公司,臺北市信義區基隆路1段200號4樓,烘焙炊蒸食品製造業
54355632,天鼎股份有限公司,臺北市中山區建國北路2段33號12樓,烘焙炊蒸食品製造業
54356301,供活股份有限公司,臺北市中山區錦州街154號,烘焙炊蒸食品製造業
54356626,樂樂齋股份有限公司,臺北市南港區興南街60巷3號,烘焙炊蒸食品製造業
54357765,旭峰烘焙食品有限公司,臺北市中山區錦州街313號1樓,烘焙炊蒸食品製造業
54358933,東方美餐飲股份有限公司,臺北市大安區信義路4段6號6樓(之1),烘焙炊蒸食品製造業
54359665,台灣燕之家國際有限公司,臺北市中山區新生北路2段15巷1之6號,烘焙炊蒸食品製造業
54359882,珍苑食品股份有限公司,臺北市士林區倫等街51號,烘焙炊蒸食品製造業
54364365,茶家十職有限公司,臺北市士林區中正路187巷50號,烘焙炊蒸食品製造業
54366650,做作派有限公司,臺北市大安區敦化南路2段55巷12號4樓,烘焙炊蒸食品製造業
54393875,新加坡商萊札譜股份有限公司,臺北市大同區華陰街79號10樓之1,烘焙炊蒸食品製造業
54169068,三心行有限公司,臺北市松山區敦化北路165巷20號1樓,烘焙炊蒸食品製造業
54170086,啤瓦多創意行銷有限公司,臺北市中正區金門街24巷35號,烘焙炊蒸食品製造業
54172211,日法坊股份有限公司,臺北市內湖區堤頂大道1段331號6樓,烘焙炊蒸食品製造業
54172330,布列德麵包股份有限公司,臺北市中山區松江路125號6樓,烘焙炊蒸食品製造業
54178003,佳味餐飲有限公司,臺北市士林區中正路120-2號，120-3號(1樓),烘焙炊蒸食品製造業
54271459,饗法企業有限公司,臺北市大安區延吉街164號1樓,烘焙炊蒸食品製造業
54272507,洛可馬國際有限公司,臺北市士林區重慶北路4段248號2樓,烘焙炊蒸食品製造業
54308245,獵果舖股份有限公司,臺北市大安區新生南路3段96之3號1樓,烘焙炊蒸食品製造業
54320260,偶爾吃素餐飲有限公司,臺北市松山區民生東路3段113巷7弄8號(1樓),烘焙炊蒸食品製造業
54325716,利迪萊恩有限公司,臺北市信義區松德路171號13樓之2,烘焙炊蒸食品製造業
54290250,三兄弟國際股份有限公司,臺北市松山區敦化南路1段1號3樓,烘焙炊蒸食品製造業
54323301,台灣歐薩克斯有限公司,臺北市中山區南京東路2段101號10樓,烘焙炊蒸食品製造業
54324337,東京餐廳工坊有限公司,臺北市中山區南京東路1段31巷6號、6號地下,烘焙炊蒸食品製造業
54324863,讚岐烏龍麵有限公司,臺北市大安區忠孝東路3段251巷7弄15號1樓,烘焙炊蒸食品製造業
54330128,姑姑手作有限公司,臺北市士林區中山北路6段236巷1弄12號2樓,烘焙炊蒸食品製造業
54331858,艾歐西咖啡烘焙科技有限公司,臺北市大安區瑞安街142巷5號7樓,烘焙炊蒸食品製造業
54336755,三姿行股份有限公司,臺北市中正區中華路1段85巷8號(2樓),烘焙炊蒸食品製造業
54345017,譽藝國際有限公司,臺北市信義區基隆路1段97號4樓之2,烘焙炊蒸食品製造業
54350518,杰果國際有限公司,臺北市南港區忠孝東路6段269巷1弄9號4樓,烘焙炊蒸食品製造業
54354280,艾兒長榮有限公司,臺北市中正區開封街1段2號12樓,烘焙炊蒸食品製造業
54355915,古吉食尚有限公司,臺北市中正區辛亥路1段1號1樓,烘焙炊蒸食品製造業
54357110,富本國際有限公司,臺北市大安區復興南路1段313巷10之1號1樓,烘焙炊蒸食品製造業
54357630,我思有限公司,臺北市中正區八德路1段5-2號,烘焙炊蒸食品製造業
54359335,十五點股份有限公司,臺北市士林區福德路57巷25弄3號,烘焙炊蒸食品製造業
54363730,富隆實業有限公司,臺北市大安區和平東路2段96巷51號1樓,烘焙炊蒸食品製造業
54368377,永曦企業有限公司,臺北市大安區光復南路612號4樓之1,烘焙炊蒸食品製造業
54369066,六張<U+7282>饅頭有限公司,臺北市信義區嘉興街283號,烘焙炊蒸食品製造業
54395867,薩摩亞商富甲一方餐飲管理顧問有限公司,臺北市松山區復興北路69號,烘焙炊蒸食品製造業
54639786,亮點人才顧問有限公司,臺北市士林區德行西路36號3樓之12,烘焙炊蒸食品製造業
54640088,原潭有限公司,臺北市中山區樂群二路178號1樓,烘焙炊蒸食品製造業
54646132,錡躍國際有限公司,臺北市大同區重慶北路3段139號7樓,烘焙炊蒸食品製造業
54646175,英驊有限公司,臺北市大安區溫州街51號1樓,烘焙炊蒸食品製造業
54646230,世界夢公園企業股份有限公司,臺北市北投區中央南路2段31號3樓,烘焙炊蒸食品製造業
54657215,祥御國際有限公司,臺北市萬華區昆明街279號,烘焙炊蒸食品製造業
54662097,碩之品國際顧問實業有限公司,臺北市中山區雙城街19巷8號5樓之2,烘焙炊蒸食品製造業
54663477,盛崴國際有限公司,臺北市大同區長安西路106號7樓之1,烘焙炊蒸食品製造業
54665952,潤來實業有限公司,臺北市松山區光復北路165巷15號1樓,烘焙炊蒸食品製造業
54666973,田薯黍實業有限公司,臺北市士林區大南路428巷17號1樓,烘焙炊蒸食品製造業
54669628,亞瑞斯有限公司,臺北市大安區信義路4段149之1號(1樓),烘焙炊蒸食品製造業
54669937,宇宙人股份有限公司,臺北市萬華區昆明街130號,烘焙炊蒸食品製造業
54669970,豐裕食品有限公司,臺北市大安區基隆路2段164號14樓,烘焙炊蒸食品製造業
54673518,先豐整合行銷顧問有限公司,臺北市中山區南京東路3段189號4樓,烘焙炊蒸食品製造業
54678422,安和咖啡有限公司,臺北市大安區安和路1段20號,烘焙炊蒸食品製造業
54680222,茲膳有限公司,臺北市大同區迪化街1段265號2樓,烘焙炊蒸食品製造業
54681003,暖暖企業有限公司,臺北市中山區長安東路2段81號12樓之2,烘焙炊蒸食品製造業
54687225,禾信威股份有限公司,臺北市中山區民權東路2段26號11樓之3,烘焙炊蒸食品製造業
54688651,優維碧企業有限公司,臺北市大安區仁愛路4段396之1號14樓,烘焙炊蒸食品製造業
54701177,昱泉有限公司,臺北市大同區延平北路3段156號1樓,烘焙炊蒸食品製造業
54705032,西絲朵拉國際股份有限公司,臺北市大安區復興南路2段144之3號,烘焙炊蒸食品製造業
54714145,創威餐飲股份有限公司,臺北市大安區光復南路696號,烘焙炊蒸食品製造業
54645470,夏威夷食品有限公司,臺北市文山區興隆路2段62號,烘焙炊蒸食品製造業
54645491,羅傑咖啡國際有限公司,臺北市信義區松德路171號3樓之6,烘焙炊蒸食品製造業
54646549,昱臻有限公司,臺北市松山區南京東路5段59巷28弄3號1樓,烘焙炊蒸食品製造業
54651697,誠盟股份有限公司,臺北市松山區復興北路57號3樓之1,烘焙炊蒸食品製造業
54653702,昌裕餐飲股份有限公司,臺北市文山區景文街155號,烘焙炊蒸食品製造業
54656840,總舖師實業股份有限公司,臺北市內湖區民權東路6段11巷41號1樓,烘焙炊蒸食品製造業
54660289,亞商卓盛華閣股份有限公司,臺北市信義區忠孝東路5段31巷18弄3號,烘焙炊蒸食品製造業
54663981,世家名<U+70B9>坊有限公司,臺北市中山區民權東路2段15號1樓,烘焙炊蒸食品製造業
54675889,安博寰宇有限公司,臺北市南港區南港路3段130巷3弄3號2樓,烘焙炊蒸食品製造業
54677508,鵬博有限公司,臺北市大安區復興南路1段103號7樓之10,烘焙炊蒸食品製造業
54678773,瑞旭國際實業有限公司,臺北市士林區中山北路6段427巷6弄3號3樓,烘焙炊蒸食品製造業
54678963,金爵國際股份有限公司,臺北市大安區信義路4段136號5樓,烘焙炊蒸食品製造業
54681897,<U+7B17><U+7B17>大廚有限公司,臺北市松山區復興北路57號14樓之3,烘焙炊蒸食品製造業
54687421,美石精品餐飲有限公司,臺北市信義區基隆路1段155號13樓之5,烘焙炊蒸食品製造業
54736035,旗山龍鳳食品股份有限公司,臺北市松山區八德路4段111號7樓,烘焙炊蒸食品製造業
70354342,<U+6E29>德德式烘焙餐館股份有限公司,臺北市士林區德行西路5號,烘焙炊蒸食品製造業
70438027,優墾整合行銷有限公司,臺北市大安區忠孝東路3段136號10樓之3,烘焙炊蒸食品製造業
54328559,皇帝大餐飲股份有限公司,臺北市大同區延平北路1段51號8樓,烘焙炊蒸食品製造業
54332028,明星西點食品有限公司,臺北市中正區武昌街1段5號及7號,烘焙炊蒸食品製造業
54347789,麗傑電子有限公司,臺北市信義區松隆路215巷1號2樓,烘焙炊蒸食品製造業
54354818,漢潮食品有限公司,臺北市大安區師大路39巷20號1樓,烘焙炊蒸食品製造業
54373929,塞席爾商凱施有限公司,臺北市中山區德惠街42號,烘焙炊蒸食品製造業
54376215,薩摩亞商億鼎國際商貿股份有限公司,臺北市士林區後港街116號4樓,烘焙炊蒸食品製造業
54386375,英屬維京群島商東岩股份有限公司,臺北市南港區南港路3段50巷1號2樓,烘焙炊蒸食品製造業
54391187,薩摩亞商貝雅國際股份有限公司,臺北市中山區民生東路2段151號6樓,烘焙炊蒸食品製造業
54397181,三商行股份有限公司,臺北市中山區建國北路2段145號地下1樓及1~18樓,烘焙炊蒸食品製造業
54635769,優必貝思特有限公司,臺北市北投區中央北路4段18巷37弄2號1樓,烘焙炊蒸食品製造業
54645725,成霖興業有限公司,臺北市大安區信義路2段120號、122號,烘焙炊蒸食品製造業
54645892,天心鳳凰企業股份有限公司,臺北市中正區南海路116號,烘焙炊蒸食品製造業
54646597,麥嵐綺國際有限公司,臺北市士林區福國路5號1樓,烘焙炊蒸食品製造業
54648878,進鑫食品有限公司,臺北市文山區興隆路3段185巷15弄8號(1樓),烘焙炊蒸食品製造業
54652561,萬翔食品有限公司,臺北市松山區南京東路5段123巷3號,烘焙炊蒸食品製造業
54663151,橙果文創有限公司,臺北市中山區安東街19-2號,烘焙炊蒸食品製造業
54663595,三商夢甜屋股份有限公司,臺北市中山區建國北路2段145號10樓,烘焙炊蒸食品製造業
54665833,食佳安股份有限公司,臺北市大同區南京西路163號2樓之51,烘焙炊蒸食品製造業
54666381,尚圓食品有限公司,臺北市信義區莊敬路212號1樓,烘焙炊蒸食品製造業
54668135,探索國際開發股份有限公司,臺北市中山區南京東路3段91號8樓,烘焙炊蒸食品製造業
54670293,鼎尚餐飲有限公司,臺北市中山區松江路273號1樓,烘焙炊蒸食品製造業
54670569,好米亞國際餐飲有限公司,臺北市大安區敦化南路1段270巷6號(1樓),烘焙炊蒸食品製造業
54836766,雲崧國際投資股份有限公司,臺北市內湖區文德路210巷30弄6號2樓之7,烘焙炊蒸食品製造業
70453357,榮彬食品有限公司,臺北市士林區福港街110巷1弄2之1號,烘焙炊蒸食品製造業
70457277,旭圃股份有限公司,臺北市中山區南京東路2段98號9樓之3,烘焙炊蒸食品製造業
70467275,台灣元禧食品有限公司,臺北市內湖區南京東路6段348號9樓之1,烘焙炊蒸食品製造業
70471881,寒舍餐旅管理顧問股份有限公司,臺北市中正區忠孝東路1段12號,烘焙炊蒸食品製造業
70547123,捷正公寓大廈管理維護股份有限公司,臺北市南港區三重路66號4樓,烘焙炊蒸食品製造業
70830280,果豐食品股份有限公司,臺北市中山區南京東路3段21號5樓,烘焙炊蒸食品製造業
74284375,廷復開發股份有限公司,臺北市信義區松山路130號10樓之2,烘焙炊蒸食品製造業
80176542,新默企業有限公司,臺北市大安區復興南路1段140號1樓,烘焙炊蒸食品製造業
80177916,華晟開發股份有限公司,臺北市信義區忠孝東路5段510號23樓之3,烘焙炊蒸食品製造業
80185107,傑克豌豆數位科技股份有限公司,臺北市松山區八德路4段604號之10、1樓,烘焙炊蒸食品製造業
54639630,果匠正庵有限公司,臺北市中正區臨沂街54-1號1樓,烘焙炊蒸食品製造業
54647625,堂乃福餅工房有限公司,臺北市大同區寧夏路155號2樓,烘焙炊蒸食品製造業
54648379,嚮味有限公司,臺北市中山區南京東路3段189號8樓,烘焙炊蒸食品製造業
54651612,微風和伊授桌餐飲管理顧問股份有限公司,臺北市松山區南京東路3段337號12樓1A室,烘焙炊蒸食品製造業
54653581,芙甜娜有限公司,臺北市中山區民權東路3段45號1樓,烘焙炊蒸食品製造業
54655384,哈肯舖伊通股份有限公司,臺北市中山區伊通街50號(1樓),烘焙炊蒸食品製造業
54655390,口福金屋町股份有限公司,臺北市大安區仁愛路4段125號9樓,烘焙炊蒸食品製造業
54658360,吾糖派食品股份有限公司,臺北市大安區忠孝東路4段216巷33弄10號1樓,烘焙炊蒸食品製造業
54659537,沛朔股份有限公司,臺北市松山區復興北路313巷45號1樓,烘焙炊蒸食品製造業
54662940,八八八洋行股份有限公司,臺北市大安區忠孝東路4段170巷5弄22號,烘焙炊蒸食品製造業
54673685,圓荷有限公司,臺北市中正區南昌路2段188號、188-1號,烘焙炊蒸食品製造業
54675537,露特西亞麵包有限公司,臺北市士林區中山北路6段466號,烘焙炊蒸食品製造業
54675543,露特西亞咖啡有限公司,臺北市士林區中山北路6段444號,烘焙炊蒸食品製造業
54678859,福驛食品有限公司,臺北市中山區伊通街8之1號1樓,烘焙炊蒸食品製造業
54679668,微笑皇后股份有限公司,臺北市內湖區瑞光路26巷36弄2之1號2樓,烘焙炊蒸食品製造業
54679702,勝吉餐飲股份有限公司,臺北市中山區南京東路2段96號7樓,烘焙炊蒸食品製造業
54686106,罡德精密科技有限公司,臺北市南港區研究院路2段34巷14號1樓,烘焙炊蒸食品製造業
54706692,肯納健康管理顧問股份有限公司,臺北市中山區松江路99號4樓,烘焙炊蒸食品製造業
54673664,五食五心股份有限公司,臺北市內湖區堤頂大道1段331號6樓,烘焙炊蒸食品製造業
54674024,法樂有限公司,臺北市大安區仁愛路4段122巷24號1樓,烘焙炊蒸食品製造業
54677325,牙行有限公司,臺北市松山區南京東路5段291巷5弄1號1樓,烘焙炊蒸食品製造業
54677417,慶德商事有限公司,臺北市中山區新生北路2段31之1號5樓之3,烘焙炊蒸食品製造業
54677612,元品軒有限公司,臺北市松山區民權東路3段103巷5弄47號7樓,烘焙炊蒸食品製造業
54678680,游睦國際有限公司,臺北市信義區基隆路1段155號7樓,烘焙炊蒸食品製造業
54681046,旺和食品有限公司,臺北市文山區木柵路3段48巷1弄8號3樓,烘焙炊蒸食品製造業
54723242,先進綠色生物科技股份有限公司,臺北市內湖區民權東路6段47巷10弄12號2樓,烘焙炊蒸食品製造業
70467227,愛新覺羅企業有限公司,臺北市大安區四維路18號1樓,烘焙炊蒸食品製造業
70473451,泰崴科技有限公司,臺北市大同區民族西路74號1樓,烘焙炊蒸食品製造業
70535251,鉅坤科技股份有限公司,臺北市大同區民族西路74號1樓,烘焙炊蒸食品製造業
70537477,多柏思食品股份有限公司,臺北市萬華區成都路73號1樓,烘焙炊蒸食品製造業
70555349,中天生物科技股份有限公司,臺北市南港區三重里園區街3號14樓之1,烘焙炊蒸食品製造業
70576098,極地光科技股份有限公司,臺北市內湖區民權東路6段296巷28之2號1樓,烘焙炊蒸食品製造業
70847472,意核數位創意有限公司,臺北市中山區民生東路3段5號4樓,烘焙炊蒸食品製造業
80151134,東聯數位科技股份有限公司,臺北市文山區景華街77號1樓,烘焙炊蒸食品製造業
80171808,京兆尹國際股份有限公司,臺北市大安區四維路18號1樓,烘焙炊蒸食品製造業
80518098,啟程實業有限公司,臺北市內湖區瑞光路258巷50號7樓,烘焙炊蒸食品製造業
80674273,楓之采有限公司,臺北市內湖區金湖路384號1樓,烘焙炊蒸食品製造業
81074157,海霸王股份有限公司,臺北市大同區西寧北路62號8樓之6,烘焙炊蒸食品製造業
84270999,波綺有限公司,臺北市大安區仁愛路3段90至92號,烘焙炊蒸食品製造業
84499586,義美聯合電子商務股份有限公司,臺北市大安區信義路2段88號8樓,烘焙炊蒸食品製造業
84770679,四方屋有限公司,臺北市大安區和平東路1段87之1號,烘焙炊蒸食品製造業
84779974,浩田國際有限公司,臺北市士林區雨農路15號1樓,烘焙炊蒸食品製造業
84929657,山鉅國際有限公司,臺北市中山區錦州街48號8樓之5,烘焙炊蒸食品製造業
54851098,寶圓國際股份有限公司,臺北市內湖區文德路210巷30弄6號2樓之7,烘焙炊蒸食品製造業
70362618,風月堂實業有限公司,臺北市中正區廣州街10之7號1樓,烘焙炊蒸食品製造業
70379499,善美國際股份有限公司,臺北市松山區復興北路57號7樓之1,烘焙炊蒸食品製造業
70384248,台灣家樂福股份有限公司,臺北市中山區樂群三路218號4樓之1,烘焙炊蒸食品製造業
70391352,子村股份有限公司,臺北市北投區磺港路8號9樓,烘焙炊蒸食品製造業
70449523,日福食品有限公司,臺北市中山區復興北路402巷24號7樓,烘焙炊蒸食品製造業
80285345,台灣苗農乳品發展股份有限公司,臺北市大安區敦化南路2段97號16樓,烘焙炊蒸食品製造業
80289102,弘潤發企業有限公司,臺北市內湖區東湖路113巷95弄65號2樓,烘焙炊蒸食品製造業
80292991,薇思克股份有限公司,臺北市松山區復興北路57號7樓之1,烘焙炊蒸食品製造業
80296130,有機緣地國際企業有限公司,臺北市內湖區內湖路1段719號1樓,烘焙炊蒸食品製造業
80504171,棠富桂糕餅有限公司,臺北市內湖區內湖路2段488號1樓,烘焙炊蒸食品製造業
80511383,貫達國際有限公司,臺北市大安區敦化南路1段270巷29號,烘焙炊蒸食品製造業
80569173,正慧食品工業股份有限公司,臺北市中山區明水路445號,烘焙炊蒸食品製造業
80618239,亞尼克<U+83D3>子工房股份有限公司,臺北市內湖區瑞湖街178巷15號5樓,烘焙炊蒸食品製造業
80641766,世紀明光有限公司,臺北市北投區吉利街259巷52號1樓,烘焙炊蒸食品製造業
80665062,姿然國際貿易股份有限公司,臺北市大同區南京西路61號6樓之1,烘焙炊蒸食品製造業
80677588,聯夏食品工業股份有限公司,臺北市中正區仁愛路1段22號6樓,烘焙炊蒸食品製造業
70354429,自由太陽堂食品有限公司,臺北市大安區忠孝東路3段216巷2號,烘焙炊蒸食品製造業
70368541,台灣當肯食品有限公司,臺北市中正區詔安街248號,烘焙炊蒸食品製造業
70442161,亞緻餐飲股份有限公司,臺北市中山區新生北路3段3巷56號2樓,烘焙炊蒸食品製造業
70464734,矽塔商務股份有限公司,臺北市內湖區內湖路1段360巷6、8、10號8樓及10號8樓之1,烘焙炊蒸食品製造業
70467916,展圓國際股份有限公司,臺北市大安區敦化南路1段188號7樓,烘焙炊蒸食品製造業
70537589,禾圓食品有限公司,臺北市松山區寶清街89巷1號,烘焙炊蒸食品製造業
86163925,泳亮股份有限公司,臺北市南港區成功路1段62號,烘焙炊蒸食品製造業
86488493,全統西點麵包有限公司,臺北市士林區天母東路36之4號1樓,烘焙炊蒸食品製造業
86511662,合身國際有限公司,臺北市中山區中山北路1段126巷12之1號,烘焙炊蒸食品製造業
86513325,美福食品股份有限公司,臺北市松山區民生東路4段97巷2弄18號1樓,烘焙炊蒸食品製造業
86721111,君城食品有限公司,臺北市士林區延平北路5段261號1樓,烘焙炊蒸食品製造業
89953466,豐盈股份有限公司,臺北市中山區松江路127之1號7樓,烘焙炊蒸食品製造業
97128340,紐澳良股份有限公司,臺北市中山區長安東路2段169之15號12樓之1,烘焙炊蒸食品製造業
97286375,宇億國際有限公司,臺北市信義區永吉路30巷157弄11號,烘焙炊蒸食品製造業
70659007,圓山牧場有限公司,臺北市大安區和平東路3段228巷41號7樓,烘焙炊蒸食品製造業
70790935,統一聖娜多堡股份有限公司,臺北市松山區東興路8號12樓,烘焙炊蒸食品製造業
70846121,實力貿易有限公司,臺北市中正區羅斯福路2段102號22樓,烘焙炊蒸食品製造業
70846430,近藤食品股份有限公司,臺北市松山區八德路4段143號,烘焙炊蒸食品製造業
76329150,蓮香齋國際股份有限公司,臺北市松山區南京東路5段188號地下1樓,烘焙炊蒸食品製造業
79964252,豐駿餐飲服務有限公司,臺北市萬華區洛陽街9之29號,烘焙炊蒸食品製造業
80048977,百達思實業有限公司,臺北市中正區和平西路1段170號2樓,烘焙炊蒸食品製造業
80162420,楊氏科技股份有限公司,臺北市大安區敦化南路2段76號2樓之1,烘焙炊蒸食品製造業
80164193,金禾通股份有限公司,臺北市中山區建國北路1段90號9樓,烘焙炊蒸食品製造業
80184352,米瑞可國際有限公司,臺北市中正區中華路1段59號4樓,烘焙炊蒸食品製造業
80196884,華光家園事業有限公司,臺北市大同區長安西路88號8樓及8樓之1,烘焙炊蒸食品製造業
80241804,鐳瑪實業有限公司,臺北市松山區八德路4段245巷58號,烘焙炊蒸食品製造業
84492129,駿伸企業有限公司,臺北市內湖區成功路4段68號7樓,烘焙炊蒸食品製造業
84768619,大祿興業有限公司,臺北市中山區長安東路2段246號8樓之9,烘焙炊蒸食品製造業
86002864,維京實業股份有限公司,臺北市中山區建國北路1段90號9樓,烘焙炊蒸食品製造業
86125275,鼎泰豐小吃店股份有限公司,臺北市大安區信義路2段192號2-4樓、194號1-4樓,烘焙炊蒸食品製造業
86170714,榮冠食品工廠股份有限公司,臺北市南港區忠孝東路6段225巷2弄6號1樓,烘焙炊蒸食品製造業
86285568,元泰食品機械有限公司,臺北市內湖區新湖三路128號2樓,烘焙炊蒸食品製造業
86384960,台灣通用磨坊股份有限公司,臺北市信義區忠孝東路4段550號7樓,烘焙炊蒸食品製造業
86478827,聖捷甫實業有限公司,臺北市北投區光明路178號1樓,烘焙炊蒸食品製造業
89443555,鎮海海事工程有限公司,臺北市中正區忠孝西路1段41號14樓之12,烘焙炊蒸食品製造業
89590578,特圓有限公司,臺北市士林區承德路4段150號9樓,烘焙炊蒸食品製造業
89951761,仁和齋有限公司,臺北市中山區樂群三路218號4樓,烘焙炊蒸食品製造業
90460840,台灣農畜產工業股份有限公司,臺北市大安區敦化南路2段71號4樓,烘焙炊蒸食品製造業
97124506,泰華化工有限公司,臺北市內湖區瑞光路258巷2號8樓,烘焙炊蒸食品製造業
80006667,永宣有限公司,臺北市中山區龍江路370巷24號1樓,烘焙炊蒸食品製造業
80135830,雀實食品股份有限公司,臺北市信義區基隆路2段189號5樓之6,烘焙炊蒸食品製造業
80167311,點子整合行銷有限公司,臺北市信義區松仁路228巷7弄18號1樓,烘焙炊蒸食品製造業
80168058,寶豐生物科技股份有限公司,臺北市大安區仁愛路4段408巷25號1樓,烘焙炊蒸食品製造業
80275212,唐苑食品有限公司,臺北市大同區延平北路2段132號2樓,烘焙炊蒸食品製造業
80434443,綠吉健康股份有限公司,臺北市南港區八德路4段768巷5號4樓之1,烘焙炊蒸食品製造業
97165560,大潤發流通事業股份有限公司,臺北市中山區八德路2段306號地下2樓,烘焙炊蒸食品製造業
97288916,宗霆股份有限公司,臺北市內湖區堤頂大道1段327號6樓,烘焙炊蒸食品製造業
97290286,崇神開發實業股份有限公司,臺北市中山區民生東路3段51號16樓,烘焙炊蒸食品製造業
97441094,千禧玉光實業有限公司,臺北市內湖區內湖路1段285巷31號,烘焙炊蒸食品製造業
80519250,升瑞食品有限公司,臺北市松山區光復北路156號,烘焙炊蒸食品製造業
80568836,詮達股份有限公司,臺北市大安區仁愛路4段99號3樓,烘焙炊蒸食品製造業
80668434,好事達康生物科技有限公司,臺北市內湖區成功路5段460號15樓,烘焙炊蒸食品製造業
80672198,沅芳生物科技股份有限公司,臺北市松山區復興北路57號7樓之2,烘焙炊蒸食品製造業
80694067,凱特凌食品有限公司,臺北市松山區八德路4段123號2樓之4,烘焙炊蒸食品製造業
80747971,喜來客股份有限公司,臺北市信義區松山路449號1樓,烘焙炊蒸食品製造業
84116096,萬通食品廠股份有限公司,臺北市信義區福德街68號1樓,烘焙炊蒸食品製造業
84296750,通順國際股份有限公司,臺北市南港區成功路1段32號5樓,烘焙炊蒸食品製造業
84464622,恆勝有限公司,臺北市信義區福德街137巷16弄3號2樓,烘焙炊蒸食品製造業
84643105,偉翔生技開發股份有限公司,臺北市南港區園區街3號11樓之5,烘焙炊蒸食品製造業
86385187,達美樂披薩股份有限公司,臺北市中山區中山北路2段45巷21號3樓,烘焙炊蒸食品製造業
86423942,萬家福股份有限公司,臺北市內湖區內湖路1段392號12樓,烘焙炊蒸食品製造業
86722771,世林有限公司,臺北市文山區和興路44巷14弄2之1號3樓,烘焙炊蒸食品製造業
80490319,維格餅家股份有限公司,臺北市大同區承德路3段27號,烘焙炊蒸食品製造業
80508850,味思特有限公司,臺北市大安區樂利路11巷15號,烘焙炊蒸食品製造業
80519435,樂利股份有限公司,臺北市南港區三重路19之8號1樓,烘焙炊蒸食品製造業
80542745,桂冠園食品有限公司,臺北市內湖區瑞湖街178巷23號1樓,烘焙炊蒸食品製造業
80609267,安妮<U+83D3>子工房股份有限公司,臺北市內湖區瑞湖街178巷15號1樓,烘焙炊蒸食品製造業
80626224,威神科技有限公司,臺北市文山區景文街1號13樓之2,烘焙炊蒸食品製造業
80655260,廣安階股份有限公司,臺北市中山區中山北路2段59巷21號10樓之10,烘焙炊蒸食品製造業
80687615,福氣食品有限公司,臺北市內湖區文湖街60巷32號,烘焙炊蒸食品製造業
80694545,洋果子工坊有限公司,臺北市松山區敦化北路155巷5號,烘焙炊蒸食品製造業
80697711,銓唯食品有限公司,臺北市萬華區和平西路3段30巷58號,烘焙炊蒸食品製造業
84122822,美力斯西餅麵包有限公司,臺北市大安區忠孝東路4段216巷14號1樓,烘焙炊蒸食品製造業
84133927,義式企業有限公司,臺北市內湖區堤頂大道2段475號,烘焙炊蒸食品製造業
84146768,三恩國際股份有限公司,臺北市大安區敦化南路1段205號12樓之4,烘焙炊蒸食品製造業
84285579,良友國際食品股份有限公司,臺北市內湖區行忠路48號2樓,烘焙炊蒸食品製造業
84743884,達客實業有限公司,臺北市內湖區瑞光路76巷22號3樓,烘焙炊蒸食品製造業
84761377,泓富創意股份有限公司,臺北市內湖區行善路25巷1弄10號3樓,烘焙炊蒸食品製造業
84762283,蒂欣有限公司,臺北市大同區承德路3段244號12樓,烘焙炊蒸食品製造業
86853153,龐德國際開發有限公司,臺北市北投區光明街200號8樓,烘焙炊蒸食品製造業
86882559,國台股份有限公司,臺北市大安區四維路44巷14號1樓,烘焙炊蒸食品製造業
89400818,昇琠鱆悒鬫陪迨膝q,臺北市中山區江寧里民權東路3段60巷1號,烘焙炊蒸食品製造業
89618739,新銳房屋仲介有限公司,臺北市中山區長安東路2段81號12樓,烘焙炊蒸食品製造業
89835308,得滿企業有限公司,臺北市松山區南京東路4段164號6樓之4,烘焙炊蒸食品製造業
97086643,康倫國際股份有限公司,臺北市中山區長春路258巷6號4樓之8,烘焙炊蒸食品製造業
97109195,艾博大企業股份有限公司,臺北市松山區民族東路709號1樓,烘焙炊蒸食品製造業
97320227,微塵本草生命科技有限公司,臺北市南港區忠孝東路6段456號3樓,烘焙炊蒸食品製造業
97433067,台灣西雅圖極品咖啡股份有限公司,臺北市中正區羅斯福路2段12號3樓,烘焙炊蒸食品製造業
97455293,聖比德蛋糕有限公司,臺北市中山區農安街194號,烘焙炊蒸食品製造業
97465692,南極食品股份有限公司,臺北市大安區信義路2段88號6樓之1,烘焙炊蒸食品製造業
86382800,亞洲商務管理股份有限公司,臺北市信義區光復南路495號7樓之3,烘焙炊蒸食品製造業
86384238,台灣產經股份有限公司,臺北市信義區忠孝東路5段510號23樓之3,烘焙炊蒸食品製造業
86480210,高記食品有限公司,臺北市大安區永康街5號1樓,烘焙炊蒸食品製造業
86501518,元榮貿易股份有限公司,臺北市士林區文林路546號4樓,烘焙炊蒸食品製造業
89590970,太子油飯股份有限公司,臺北市大同區保安街5號,烘焙炊蒸食品製造業
97161500,怡和餐飲股份有限公司,臺北市中正區幸市里濟南路2段39號6樓,烘焙炊蒸食品製造業
