04252013,立滋實業股份有限公司,臺北市中正區北平東路20號3樓,寵物食品及其用品零售業
04264685,富富企業股份有限公司,臺北市中山區民生東路1段42號5樓之1,寵物食品及其用品零售業
04732512,杰祥企業有限公司,臺北市松山區八德路3段12巷5弄17號5樓,寵物食品及其用品零售業
04897154,易新儀器有限公司,臺北市中正區羅斯福路3段240巷7弄4之1號1樓,寵物食品及其用品零售業
05086625,丹青企業有限公司,臺北市中山區中山北路3段53之6號4樓,寵物食品及其用品零售業
05134324,弘雅圖書股份有限公司,臺北市松山區復興北路386號地下1樓、地上1、2、3、4樓,寵物食品及其用品零售業
05144152,金金國際事業有限公司,臺北市萬華區洛陽街9號9樓,寵物食品及其用品零售業
05406486,美而快實業股份有限公司,臺北市南港區南港路3段47巷8號1樓,寵物食品及其用品零售業
09492879,秀原企業有限公司,臺北市內湖區內湖路2段311號11樓之1,寵物食品及其用品零售業
11833655,台灣明尼蘇達礦業製造股份有限公司,臺北市大安區敦化南路2段95號6樓至11樓及15樓至16樓,寵物食品及其用品零售業
12130990,慧寶實業有限公司,臺北市中正區中華路1段77號11樓之2,寵物食品及其用品零售業
12489201,風雷益系統科技有限公司,臺北市中山區中山北路2段27巷3之3號3樓,寵物食品及其用品零售業
12665656,柏里尼國際股份有限公司,臺北市松山區南京東路5段356號7樓,寵物食品及其用品零售業
12674851,派對貿易有限公司,臺北市士林區中山北路5段529號1樓,寵物食品及其用品零售業
12704996,嘉邦石材企業有限公司,臺北市萬華區西園路2段261巷34弄23號,寵物食品及其用品零售業
12859225,文盈藥品有限公司,臺北市文山區興隆路2段220巷53弄25號5樓,寵物食品及其用品零售業
12946410,明宸企業有限公司,臺北市士林區文林路68號1樓,寵物食品及其用品零售業
12949134,藍色拿鐵國際有限公司,臺北市士林區小西街28號3樓之3,寵物食品及其用品零售業
13127059,大吉匯貿易股份有限公司,臺北市中山區敬業四路33號13樓,寵物食品及其用品零售業
14080855,億成有限公司,臺北市中山區松江路42號12樓之5,寵物食品及其用品零售業
15869611,八德行企業股份有限公司,臺北市大同區長安西路70號2樓,寵物食品及其用品零售業
16144968,弼富郁國際有限公司,臺北市大安區大安路1段31巷28號1樓,寵物食品及其用品零售業
16281174,銘望實業有限公司,臺北市松山區南京東路4段11號4樓,寵物食品及其用品零售業
16323723,嘉慶豐企業有限公司,臺北市大安區忠孝東路4段248巷29號10樓之1,寵物食品及其用品零售業
01809229,建麗實業股份有限公司,臺北市北投區承德路7段302號4樓,寵物食品及其用品零售業
01983423,北誠實業股份有限公司,臺北市大同區重慶北路3段199號7樓,寵物食品及其用品零售業
04408775,武昌貿易有限公司,臺北市中山區南京西路13號8樓,寵物食品及其用品零售業
11383200,忠信實業股份有限公司,臺北市內湖區民權東路6段272號10樓,寵物食品及其用品零售業
12342777,懿鑫實業有限公司,臺北市中山區八德路2段267巷9弄4號,寵物食品及其用品零售業
12525712,群群實業股份有限公司,臺北市中山區民生東路3段94號2樓,寵物食品及其用品零售業
12552055,豐盈美術印刷有限公司,臺北市中山區民權東路2段135巷29弄4號1樓,寵物食品及其用品零售業
12666830,益瑞國際有限公司,臺北市大安區忠孝東路4段320號5樓,寵物食品及其用品零售業
12679032,瑪丁實業有限公司,臺北市北投區裕民六路114巷25之1號1樓,寵物食品及其用品零售業
12680122,邦代股份有限公司,臺北市大安區忠孝東路4段222號4樓之5,寵物食品及其用品零售業
12873113,賽特資訊服務股份有限公司,臺北市大安區敦化南路2段105號12樓,寵物食品及其用品零售業
12874106,墨色國際股份有限公司,臺北市內湖區瑞光路300號4樓,寵物食品及其用品零售業
12931726,全民生物科技股份有限公司,臺北市大同區民生西路249號,寵物食品及其用品零售業
12962522,雅歌丹生化科技股份有限公司,臺北市內湖區行愛路169號4樓,寵物食品及其用品零售業
12963851,亞洲芙綠樂國際股份有限公司,臺北市信義區基隆路2段51號14樓,寵物食品及其用品零售業
12966392,利兆得有限公司,臺北市文山區景文街42號4樓,寵物食品及其用品零售業
12973041,泰豪國際股份有限公司,臺北市大安區忠孝東路4段320號5樓,寵物食品及其用品零售業
13064765,豐資生活館有限公司,臺北市大同區寧夏路11號1樓,寵物食品及其用品零售業
13082095,巧比事業股份有限公司,臺北市中山區松江路67號9樓之1,寵物食品及其用品零售業
13110748,自然世家身心健康教育股份有限公司,臺北市大同區承德路3段58號7樓之1,寵物食品及其用品零售業
13114152,克麗比努爾傢飾有限公司,臺北市大安區大安路1段169巷8號,寵物食品及其用品零售業
13138915,國際影視有限公司,臺北市中山區中山北路2段129號12樓之2,寵物食品及其用品零售業
15409440,新雄企業有限公司,臺北市中山區松江路70巷3之1號1樓,寵物食品及其用品零售業
04279300,三鼎貿易有限公司,臺北市士林區天母北路87巷1號1樓,寵物食品及其用品零售業
04367916,有怡企業有限公司,臺北市內湖區內湖路1段91巷62號1樓,寵物食品及其用品零售業
04597950,大恩國際貿易有限公司,臺北市中正區臨沂街26號1樓,寵物食品及其用品零售業
04644145,貿鴻企業股份有限公司,臺北市文山區興隆路2段220巷53弄26號3樓,寵物食品及其用品零售業
05184787,金石堂圖書股份有限公司,臺北市中正區汀州路3段184號1樓之11，12，13，14，15，16，17，18，及192號地下室,寵物食品及其用品零售業
07219903,東盈農牧股份有限公司,臺北市中山區松江路283號6樓之2,寵物食品及其用品零售業
12674640,千億國際開發有限公司,臺北市大同區重慶北路3段223巷1弄18號1樓,寵物食品及其用品零售業
12943265,頤和文化事業有限公司,臺北市大安區溫州街48巷5號,寵物食品及其用品零售業
12948944,電週文化事業股份有限公司,臺北市大安區敦化南路2段105號12樓,寵物食品及其用品零售業
12969573,宙斯行銷有限公司,臺北市中正區中華路2段75巷1弄33號,寵物食品及其用品零售業
12973437,大亮國際有限公司,臺北市大安區復興南路2段125巷22號1樓,寵物食品及其用品零售業
13089344,台灣維克法蘭斯股份有限公司,臺北市內湖區基湖路35巷13號8樓,寵物食品及其用品零售業
13092404,零壹國際事業有限公司,臺北市信義區基隆路2段77號5樓之5,寵物食品及其用品零售業
13097180,朝輝國際股份有限公司,臺北市內湖區潭美街587號2樓,寵物食品及其用品零售業
13104062,崴仕登股份有限公司,臺北市大安區仁愛路4段99號4樓,寵物食品及其用品零售業
13116742,皇冠寵物食品有限公司,臺北市士林區天母北路87巷1號1樓,寵物食品及其用品零售業
13120540,廣合國際行銷股份有限公司,臺北市大同區蘭州街6巷2號9樓,寵物食品及其用品零售業
13141566,山海經整合行銷有限公司,臺北市松山區八德路3段212號4樓,寵物食品及其用品零售業
16154917,小耳朵國際開發有限公司,臺北市大安區信義路4段199巷12號1樓,寵物食品及其用品零售業
03079803,台灣龍燈股份有限公司,臺北市大同區承德路2段81號3樓,寵物食品及其用品零售業
04447720,晉大電氣五金有限公司,臺北市大同區天水路28號1樓,寵物食品及其用品零售業
04742997,寶齡富錦生技股份有限公司,臺北市南港區園區街3號16樓,寵物食品及其用品零售業
07228810,東盈實業股份有限公司,臺北市內湖區洲子街73號6樓之1,寵物食品及其用品零售業
12106345,雍立貿易股份有限公司,臺北市松山區南京東路5段16號7樓,寵物食品及其用品零售業
12121768,麗嬰國際股份有限公司,臺北市內湖區南京東路6段346號5樓,寵物食品及其用品零售業
12197725,三多士股份有限公司,臺北市大安區四維路208巷3之1號1樓,寵物食品及其用品零售業
12340412,嘉愛貿易有限公司,臺北市南港區經貿二路235巷27號14樓,寵物食品及其用品零售業
12361817,增明有限公司,臺北市中山區長安東路1段13號5樓,寵物食品及其用品零售業
12403534,康和資訊系統股份有限公司,臺北市內湖區瑞光路318號5樓,寵物食品及其用品零售業
12422075,永芝國際貿易有限公司,臺北市大安區基隆路2段110號8樓,寵物食品及其用品零售業
12435753,擁潔股份有限公司,臺北市萬華區西園路2段157號9樓,寵物食品及其用品零售業
12481828,一芙季典巴黎發展股份有限公司,臺北市內湖區洲子街75號11、12樓,寵物食品及其用品零售業
12565143,欣九國際有限公司,臺北市中山區長安東路2段50號5樓之5,寵物食品及其用品零售業
12672615,惟筑聯合行銷有限公司,臺北市內湖區內湖路3段115巷4弄2號1樓,寵物食品及其用品零售業
12797615,禾米國際股份有限公司,臺北市信義區光復南路473巷11弄40號4樓之3,寵物食品及其用品零售業
12851954,致德國際股份有限公司,臺北市大安區信義路3段178號5樓,寵物食品及其用品零售業
12866302,德逸有機生活館股份有限公司,臺北市萬華區西園路2段157號9樓,寵物食品及其用品零售業
12931373,望圖文化事業有限公司,臺北市文山區興隆路2段203巷24號,寵物食品及其用品零售業
12965366,日日好實業有限公司,臺北市士林區社子街5號,寵物食品及其用品零售業
12974745,芬達整合行銷股份有限公司,臺北市松山區八德路3段232號6樓,寵物食品及其用品零售業
13081737,博英國際股份有限公司,臺北市大安區復興南路1段321號5樓之1,寵物食品及其用品零售業
13082519,冠品華通國際股份有限公司,臺北市大安區敦化南路1段344號5樓之4,寵物食品及其用品零售業
13101852,上銀全通電訊股份有限公司,臺北市中山區南京東路1段46號4樓,寵物食品及其用品零售業
13115130,堂朝數位科技有限公司,臺北市信義區基隆路1段143號7樓之6,寵物食品及其用品零售業
15820195,祥瑜實業有限公司,臺北市萬華區長沙街2段180號1樓,寵物食品及其用品零售業
16614905,聯邦網通科技股份有限公司,臺北市松山區民生東路3段109號10樓,寵物食品及其用品零售業
16796285,帆偲有限公司,臺北市松山區民權東路3段106巷3弄28號1樓,寵物食品及其用品零售業
16923439,雅慶實業有限公司,臺北市中山區南京西路5之1號9樓之3,寵物食品及其用品零售業
16952898,橄欖樹多媒體有限公司,臺北市中山區民生東路3段11號2樓,寵物食品及其用品零售業
22005471,璽騰企業有限公司,臺北市中山區長安東路2段181號3樓之2,寵物食品及其用品零售業
22853565,來來超商股份有限公司,臺北市信義區松德路131號地下1樓,寵物食品及其用品零售業
22969480,世貿行有限公司,臺北市信義區信義路5段5號3樓(C之26室),寵物食品及其用品零售業
23048998,寬能企業有限公司,臺北市北投區承德路7段352號6樓,寵物食品及其用品零售業
23447756,台興企管顧問有限公司,臺北市中正區忠孝東路1段152號10樓之6,寵物食品及其用品零售業
23629073,威祺國際有限公司,臺北市內湖區瑞光路2號4樓之2,寵物食品及其用品零售業
23746564,健聖興業有限公司,臺北市北投區自強街31巷59號4樓,寵物食品及其用品零售業
23767309,<U+714A>麗企業有限公司,臺北市大安區臥龍街195巷4號1樓,寵物食品及其用品零售業
23894754,沅豐企業有限公司,臺北市信義區松山路543號3樓,寵物食品及其用品零售業
15900084,佳祥印刷有限公司,臺北市萬華區雙園街152巷6號1樓,寵物食品及其用品零售業
15900367,嘉林圖書事業有限公司,臺北市萬華區西園路2段155號11樓,寵物食品及其用品零售業
16325969,亞仕商國際股份有限公司,臺北市中山區松江路87號10樓之2,寵物食品及其用品零售業
16586886,泉康有限公司,臺北市大安區忠孝東路4段220號3樓,寵物食品及其用品零售業
16590431,麥可貿易有限公司,臺北市文山區溪洲街69號,寵物食品及其用品零售業
22001398,台灣英文新聞股份有限公司,臺北市大安區信義路2段88號8樓,寵物食品及其用品零售業
22193500,旭宣系統科技股份有限公司,臺北市南港區園區街3之2號6樓之3,寵物食品及其用品零售業
22820018,立益育樂股份有限公司,臺北市大同區西寧北路70號8樓,寵物食品及其用品零售業
22898991,紳堡企業股份有限公司,臺北市內湖區行忠路27號5樓,寵物食品及其用品零售業
23059925,鴻盈國際有限公司,臺北市大安區復興南路2段86號13樓之2,寵物食品及其用品零售業
23309851,興亮有限公司,臺北市大同區長安西路214號,寵物食品及其用品零售業
23529784,捷盟行銷股份有限公司,臺北市信義區忠孝東路4段560號7樓,寵物食品及其用品零售業
23532768,豐洋興業股份有限公司,臺北市大安區忠孝東路4段285號13樓,寵物食品及其用品零售業
23989007,愛必加有限公司,臺北市大安區敦化南路2段128號7樓之1,寵物食品及其用品零售業
16296628,競合國際行銷股份有限公司,臺北市松山區復興北路369號4樓,寵物食品及其用品零售業
16316928,盛高貿易有限公司,臺北市大安區敦化南路2段57號9樓之3,寵物食品及其用品零售業
16361773,鈺揚國際實業有限公司,臺北市信義區永吉路288號2樓之7,寵物食品及其用品零售業
16606102,網路家庭國際資訊股份有限公司,臺北市大安區敦化南路2段105號12樓,寵物食品及其用品零售業
16762855,往來國際事業有限公司,臺北市中正區延平南路70號2樓之1,寵物食品及其用品零售業
20683002,台灣雀巢股份有限公司,臺北市內湖區瑞光路399號8樓及8樓之1,寵物食品及其用品零售業
20990135,上鈺科技股份有限公司,臺北市松山區南京東路5段356號7樓,寵物食品及其用品零售業
22079450,米奇百貨有限公司,臺北市大同區重慶北路1段26巷9弄26號,寵物食品及其用品零售業
22153325,陽光有限公司,臺北市萬華區西園路2段372巷3弄38號1樓,寵物食品及其用品零售業
22180462,林電國際股份有限公司,臺北市北投區知行路316巷72號1樓,寵物食品及其用品零售業
22318255,松青商業股份有限公司,臺北市內湖區民權東路6段296巷20號,寵物食品及其用品零售業
22327037,永豐餘消費品實業股份有限公司,臺北市中正區重慶南路2段51號16樓,寵物食品及其用品零售業
22421820,勤翔國際股份有限公司,臺北市信義區信義路4段415號7樓之1,寵物食品及其用品零售業
22615142,海朝貿易有限公司,臺北市萬華區興義街57號1樓,寵物食品及其用品零售業
22615895,九世久企業有限公司,臺北市松山區敦化北路309號3樓之3,寵物食品及其用品零售業
22744785,維庶實業有限公司,臺北市信義區基隆路1段432號13樓之8,寵物食品及其用品零售業
23060232,台灣善美的股份有限公司,臺北市中山區敬業四路33號8樓,寵物食品及其用品零售業
23316591,高宇興業有限公司,臺北市文山區忠順街2段90巷28號地下1樓,寵物食品及其用品零售業
23630584,元鼎資訊股份有限公司,臺北市大安區信義路4段400巷6弄4號1樓,寵物食品及其用品零售業
23760474,台灣金屬礦業股份有限公司,臺北市大安區敦化南路2段40號9樓之1,寵物食品及其用品零售業
23764274,糧億企業有限公司,臺北市士林區後港街118號4樓,寵物食品及其用品零售業
24211075,玩股網有限公司,臺北市信義區基隆路1段163號7樓之3,寵物食品及其用品零售業
16177159,快克利有限公司,臺北市中山區民生西路16號9樓之3,寵物食品及其用品零售業
16178328,邦全企業有限公司,臺北市士林區通河西街2段140號1樓,寵物食品及其用品零售業
16736983,摩司科技股份有限公司,臺北市北投區吉利街233號1樓,寵物食品及其用品零售業
16740494,全聯實業股份有限公司,臺北市中山區敬業四路33號8樓,寵物食品及其用品零售業
16788840,永全國際實業有限公司,臺北市中山區松江路380號1樓,寵物食品及其用品零售業
18791960,建盈股份有限公司,臺北市大安區信義路4段307號12樓,寵物食品及其用品零售業
22181531,三豪有限公司,臺北市信義區忠孝東路4段553巷22弄37號1樓,寵物食品及其用品零售業
22662550,家福股份有限公司,臺北市南港區南港路2段20巷5號地下1樓,寵物食品及其用品零售業
22718148,龍猛國際股份有限公司,臺北市中山區民權東路2段9號8樓之3,寵物食品及其用品零售業
22745335,艾美特有限公司,臺北市信義區忠孝東路4段565號6樓,寵物食品及其用品零售業
22755804,三怡水族寵物用品有限公司,臺北市中山區建國北路3段54號1樓,寵物食品及其用品零售業
23045057,奇唯科技股份有限公司,臺北市中山區民生東路2段149號8樓,寵物食品及其用品零售業
23285582,萊爾富國際股份有限公司,臺北市內湖區西湖里瑞光路502號3樓,寵物食品及其用品零售業
23325439,明朝國際製作有限公司,臺北市文山區萬寧街223號1樓,寵物食品及其用品零售業
23589945,佳榕企業有限公司,臺北市中正區臨沂街57巷28號1樓,寵物食品及其用品零售業
23625631,遠東生物科技股份有限公司,臺北市南港區園區街3號13樓,寵物食品及其用品零售業
23908390,佳峟國際股份有限公司,臺北市中山區建國北路2段129號3樓,寵物食品及其用品零售業
24310286,芮荷國際有限公司,臺北市松山區南京東路5段33號3樓之3,寵物食品及其用品零售業
24323971,凡德國際有限公司,臺北市中山區龍江路377巷6號1樓,寵物食品及其用品零售業
24303784,智匯有限公司,臺北市松山區民生東路5段198號5樓之10,寵物食品及其用品零售業
24305278,九鼎國際事業有限公司,臺北市信義區松德路65號11樓之2,寵物食品及其用品零售業
24306396,匚昱國際開發有限公司,臺北市信義區光復南路505號10樓之5,寵物食品及其用品零售業
24320897,家園聯購股份有限公司,臺北市大安區羅斯福路3段325號3樓,寵物食品及其用品零售業
24336997,仁合興業有限公司,臺北市大安區忠孝東路3段170號8樓,寵物食品及其用品零售業
24338046,亞哲國際開發股份有限公司,臺北市中山區南京東路2段132號12樓,寵物食品及其用品零售業
24339919,好侶股份有限公司,臺北市中山區松江路87號17樓,寵物食品及其用品零售業
24344292,青秀川有限公司,臺北市大同區民生西路323號5樓之2,寵物食品及其用品零售業
24348425,荷邁國際有限公司,臺北市松山區敦化南路1段57號7樓之6,寵物食品及其用品零售業
24461848,喜禾國際行銷股份有限公司,臺北市士林區環河北路3段125號,寵物食品及其用品零售業
24465725,傑飛創意生活有限公司,臺北市大安區復興南路1段237號3樓之1,寵物食品及其用品零售業
24466251,亞太股份有限公司,臺北市中山區樂群二路95號5樓之2,寵物食品及其用品零售業
24469378,觀露國際有限公司,臺北市中山區長春路6號5樓之2,寵物食品及其用品零售業
24480198,紐扣創意設計有限公司,臺北市中山區八德路2段137巷2號,寵物食品及其用品零售業
24483723,晶<U+783C>有限公司,臺北市信義區信義路4段413號11樓,寵物食品及其用品零售業
24495360,菠蘿米國際有限公司,臺北市大安區忠孝東路4段216巷8弄18號,寵物食品及其用品零售業
24531529,婕尼思股份有限公司,臺北市大同區延平北路2段278號5樓,寵物食品及其用品零售業
24535588,王百發國際有限公司,臺北市中山區民權東路2段146號3樓,寵物食品及其用品零售業
24537811,維世喜生技國際股份有限公司,臺北市南港區興中路28巷28號19樓之1,寵物食品及其用品零售業
24541701,藝時尚有限公司,臺北市大安區仁愛路4段137號6樓之1,寵物食品及其用品零售業
24541842,力利有限公司,臺北市中山區民族東路410巷23弄2號2樓,寵物食品及其用品零售業
24553157,德力思生技股份有限公司,臺北市大安區雲和街7號,寵物食品及其用品零售業
24554043,達特沈國際有限公司,臺北市大安區敦化南路1段376號4樓之3,寵物食品及其用品零售業
24554846,網盟國際股份有限公司,臺北市松山區南京東路4段197號8樓之2,寵物食品及其用品零售業
24560312,轉角國際有限公司,臺北市大安區安和路2段217巷12號(1樓),寵物食品及其用品零售業
24257114,瑞麟國際實業有限公司,臺北市文山區景福街133巷38號,寵物食品及其用品零售業
24296799,三通物流有限公司,臺北市松山區八德路4段699號11樓之1,寵物食品及其用品零售業
24301842,承漾有限公司,臺北市內湖區金龍路137號,寵物食品及其用品零售業
24302716,培特堡設計有限公司,臺北市大同區承德路3段305號2樓,寵物食品及其用品零售業
24306179,吉田國際股份有限公司,臺北市大安區敦化南路1段236巷11號,寵物食品及其用品零售業
24306945,盒子外數位文化有限公司,臺北市大同區天水路41號,寵物食品及其用品零售業
24308134,佳力德實業有限公司,臺北市大安區信義路4段341號6樓之2,寵物食品及其用品零售業
24312427,陽立科技有限公司,臺北市松山區八德路4段123號2樓之1,寵物食品及其用品零售業
24314157,錦鶴國際股份有限公司,臺北市北投區溫泉路73巷13號7樓,寵物食品及其用品零售業
24315938,誠采股份有限公司,臺北市松山區八德路3段230號8樓,寵物食品及其用品零售業
24315971,贈物網共享平台有限公司,臺北市南港區重陽路125巷16號2樓之1,寵物食品及其用品零售業
24320025,台商資源國際有限公司,臺北市中山區松江路17號6樓,寵物食品及其用品零售業
24320432,津川實業股份有限公司,臺北市大安區信義路4段1之87號,寵物食品及其用品零售業
24321381,鉅鑫金屬股份有限公司,臺北市中山區中山北路3段30號4樓之3,寵物食品及其用品零售業
24333210,光晴科技有限公司,臺北市松山區八德路3段12巷53弄34號1樓,寵物食品及其用品零售業
24342935,愛狗園有限公司,臺北市大安區基隆路2段124號,寵物食品及其用品零售業
24347875,依奇國際有限公司,臺北市信義區松山路130號6樓之1,寵物食品及其用品零售業
24348261,皇家貝爾教育顧問有限公司,臺北市信義區忠孝東路4段560號10樓之2,寵物食品及其用品零售業
24357198,欣豐國際有限公司,臺北市中山區建國北路3段22巷19號,寵物食品及其用品零售業
24441941,愛酷行銷有限公司,臺北市大同區南京西路278號3樓,寵物食品及其用品零售業
24450954,巴夫國際有限公司,臺北市中山區民權東路1段76號10樓,寵物食品及其用品零售業
24464556,遠雄聯合網路服務股份有限公司,臺北市信義區松高路1號24樓之1,寵物食品及其用品零售業
24306142,橘攝婚紗有限公司,臺北市松山區八德路4段618號2樓,寵物食品及其用品零售業
24306240,一二三生活科技股份有限公司,臺北市內湖區瑞光路399號2樓之1,寵物食品及其用品零售業
24311715,愛物園股份有限公司,臺北市中山區<U+5FB3>惠街8號4樓之7,寵物食品及其用品零售業
24312566,飛帆有限公司,臺北市松山區民權東路5段52號1樓,寵物食品及其用品零售業
24316628,金吉家實業股份有限公司,臺北市大安區忠孝東路4段221號10樓,寵物食品及其用品零售業
24330570,捷亞企業有限公司,臺北市信義區松德路12號9樓,寵物食品及其用品零售業
24332628,齊力整合行銷有限公司,臺北市松山區南京東路5段16號12樓,寵物食品及其用品零售業
24335907,祩蝚鴔猼悒鬫陪迨膝q,臺北市大安區仁愛路4段101號4樓之2,寵物食品及其用品零售業
24344151,琪麗股份有限公司,臺北市中山區明水路575號,寵物食品及其用品零售業
24344568,雅頡美有限公司,臺北市士林區承德路4段9巷30號2樓,寵物食品及其用品零售業
24359479,聯華娛樂飛線傳播事業股份有限公司,臺北市內湖區瑞光路513巷36號3樓,寵物食品及其用品零售業
24366979,城堯有限公司,臺北市中山區吉林路22巷6之1號1樓,寵物食品及其用品零售業
24375132,育丞國際有限公司,臺北市士林區劍潭路55巷8號,寵物食品及其用品零售業
24450069,貓達有限公司,臺北市大安區信義路4段60之1號3樓,寵物食品及其用品零售業
24451320,靡璐企業有限公司,臺北市松山區敦化北路120巷7弄7號1樓,寵物食品及其用品零售業
24452545,綠友國際實業有限公司,臺北市大安區敦化南路1段261號地下1樓,寵物食品及其用品零售業
24459168,康泉國際實業有限公司,臺北市松山區南京東路4段164號7樓之7,寵物食品及其用品零售業
24465372,宏闊國際有限公司,臺北市中山區長安東路2段129巷8號2樓,寵物食品及其用品零售業
24466626,崇顥有限公司,臺北市大安區敦化南路2段180號8樓之1,寵物食品及其用品零售業
24468997,千奇股份有限公司,臺北市大安區忠孝東路4段312號8樓之1,寵物食品及其用品零售業
24327879,三易管理顧問有限公司,臺北市中山區南京東路3段189號3樓之1,寵物食品及其用品零售業
24329623,翡翠森林股份有限公司,臺北市內湖區民權東路6段180巷6號10樓之23,寵物食品及其用品零售業
24334914,福熊有限公司,臺北市大安區復興南路1段382號1樓,寵物食品及其用品零售業
24335792,同發水族器材有限公司,臺北市信義區松山路333號1樓,寵物食品及其用品零售業
24343667,木馬創意有限公司,臺北市大安區新生南路1段161巷3之1號2樓,寵物食品及其用品零售業
24344624,翎格室內裝修設計工程有限公司,臺北市大安區忠孝東路3段251巷11弄1號1樓,寵物食品及其用品零售業
24344841,植本家企業有限公司,臺北市松山區光復北路11巷46號3樓,寵物食品及其用品零售業
24345829,禾玖實業股份有限公司,臺北市萬華區興寧街66巷22弄22號1樓,寵物食品及其用品零售業
24453853,寵物派對國際有限公司,臺北市中山區渭水路24號2樓,寵物食品及其用品零售業
24460329,昇創國際有限公司,臺北市內湖區江南街112巷3號3樓,寵物食品及其用品零售業
24460756,美勛貿易有限公司,臺北市中山區民權東路2段156號6樓,寵物食品及其用品零售業
24476286,森森百貨股份有限公司,臺北市大安區復興南路1段368號8樓,寵物食品及其用品零售業
24484413,華清國際有限公司,臺北市信義區松德路25巷52號2樓之1,寵物食品及其用品零售業
24486025,寬祐實業有限公司,臺北市大同區承德路2段215號7樓之2,寵物食品及其用品零售業
24489472,寵式料理股份有限公司,臺北市大同區民權西路108號2樓,寵物食品及其用品零售業
24493118,耘成科技有限公司,臺北市中山區松江路283號5樓之1,寵物食品及其用品零售業
24534531,奕立生活科技有限公司,臺北市南港區忠孝東路6段467號2樓,寵物食品及其用品零售業
24535551,灣區散步股份有限公司,臺北市大安區新生南路3段2號10樓,寵物食品及其用品零售業
24549350,瑞門國際企業有限公司,臺北市信義區富陽街34-1號1樓,寵物食品及其用品零售業
24549886,祐美有限公司,臺北市中山區松江路43號9樓,寵物食品及其用品零售業
24549984,維肯生活設計開發有限公司,臺北市內湖區陽光街161巷20號5樓,寵物食品及其用品零售業
24551685,元貞貿易有限公司,臺北市大安區信義路4段137號4樓之1,寵物食品及其用品零售業
24553987,喬鼎文化創意有限公司,臺北市松山區敦化北路222巷6號7樓,寵物食品及其用品零售業
24555084,塔普羅國際有限公司,臺北市北投區裕民一路30號8樓,寵物食品及其用品零售業
24562310,元向有限公司,臺北市中正區林森北路9巷5號5樓,寵物食品及其用品零售業
24563556,蘇<U+68C3>亞<U+6736>股份有限公司,臺北市內湖區金豐街66號8樓,寵物食品及其用品零售業
24563958,文泫生活館有限公司,臺北市萬華區康定路338號1樓,寵物食品及其用品零售業
24562888,鑫海國際行銷有限公司,臺北市松山區八德路4段616號7樓,寵物食品及其用品零售業
24567498,美特氏有限公司,臺北市信義區莊敬路289巷3弄37號,寵物食品及其用品零售業
24569138,達優石有限公司,臺北市士林區大南路411號,寵物食品及其用品零售業
24573007,圓圈圈文創美學股份有限公司,臺北市信義區基隆路1段155號13樓之5,寵物食品及其用品零售業
24574688,瘋得雄有限公司,臺北市士林區小北街1號1樓,寵物食品及其用品零售業
24577539,狗窩好日子有限公司,臺北市松山區民生東路5段175之5號1樓,寵物食品及其用品零售業
24578039,廣裕豐有限公司,臺北市大安區信義路2段72號地下,寵物食品及其用品零售業
24721751,台灣新蛋網股份有限公司,臺北市松山區民生東路3段133號14樓,寵物食品及其用品零售業
24477068,女帝娛樂製作有限公司,臺北市中正區金山南路1段67巷10號,寵物食品及其用品零售業
24479875,安翌全球電子商務股份有限公司,臺北市松山區南京東路3段287號5樓,寵物食品及其用品零售業
24481942,居琦室內裝修設計有限公司,臺北市士林區中正路365巷23號1樓,寵物食品及其用品零售業
24484321,財興國際有限公司,臺北市大同區南京西路18巷28弄1號3樓,寵物食品及其用品零售業
24493314,菲特科技股份有限公司,臺北市信義區信義路5段7號27樓之1,寵物食品及其用品零售業
24494947,泰吉藝術科技有限公司,臺北市士林區和豐街35號1樓,寵物食品及其用品零售業
24498140,童悅有限公司,臺北市大安區忠孝東路4段299號6樓,寵物食品及其用品零售業
24534687,<U+7468>鑫有限公司,臺北市大安區仁愛路4段29之2號7樓,寵物食品及其用品零售業
24542841,益尚國際企業有限公司,臺北市信義區基隆路1段163號9樓之2、之3,寵物食品及其用品零售業
24543362,浤全貿易有限公司,臺北市松山區光復北路60巷30號,寵物食品及其用品零售業
24550200,特翊科技有限公司,臺北市北投區中央南路1段180號3樓,寵物食品及其用品零售業
24550525,愛爾寵物用品有限公司,臺北市大同區哈密街45巷1弄19號,寵物食品及其用品零售業
24553488,明縈國際有限公司,臺北市萬華區漢中街127號8樓,寵物食品及其用品零售業
24563330,沅大國際有限公司,臺北市士林區劍潭路55巷8號,寵物食品及其用品零售業
24564210,豐彩生物科技股份有限公司,臺北市松山區南京東路5段34號12樓,寵物食品及其用品零售業
24564984,福爾摩沙設計有限公司,臺北市大同區南京西路346號7樓之1,寵物食品及其用品零售業
24566580,凱賀國際有限公司,臺北市中山區民權東路2段152巷5弄3號,寵物食品及其用品零售業
24567048,高端國際有限公司,臺北市士林區基河路238號2樓之2,寵物食品及其用品零售業
24568089,新揚發企業有限公司,臺北市中正區金華街43巷23號1樓,寵物食品及其用品零售業
24570395,宇旺生活科技有限公司,臺北市中正區衡陽路10號12樓,寵物食品及其用品零售業
24575595,三奇國際企業有限公司,臺北市北投區裕民六路114巷25之1號,寵物食品及其用品零售業
24476188,普睿達實業有限公司,臺北市信義區基隆路1段159號6樓,寵物食品及其用品零售業
24482169,橘攝國際婚紗攝影有限公司,臺北市松山區八德路4段618號1樓,寵物食品及其用品零售業
24484758,喜愛屋股份有限公司,臺北市南港區八德路4段768巷7號地下樓,寵物食品及其用品零售業
24487544,任意門貿易有限公司,臺北市萬華區艋舺大道422號,寵物食品及其用品零售業
24488635,派特芙德有限公司,臺北市中正區博愛路25號7樓之11,寵物食品及其用品零售業
24490409,信得樂國際有限公司,臺北市信義區忠孝東路5段508號11樓,寵物食品及其用品零售業
24495050,愛酷科技有限公司,臺北市大同區南京西路278號3樓,寵物食品及其用品零售業
24495663,海納國際企業有限公司,臺北市信義區忠孝東路5段412號12樓之5,寵物食品及其用品零售業
24536313,隨時購物有限公司,臺北市信義區松德路171號3樓,寵物食品及其用品零售業
24545328,薇瑞國際企業有限公司,臺北市南港區重陽路470號2樓之1,寵物食品及其用品零售業
24548459,群購資訊股份有限公司,臺北市信義區松信路119號6樓之1,寵物食品及其用品零售業
24548710,拇山有限公司,臺北市中山區北安路608巷4弄1號,寵物食品及其用品零售業
24551117,俊詠科技股份有限公司,臺北市松山區復興北路1號13樓之1,寵物食品及其用品零售業
24552066,駿馬國際電子商務有限公司,臺北市信義區光復南路495號,寵物食品及其用品零售業
24553403,晨杏生醫有限公司,臺北市內湖區康寧路3段75巷222號,寵物食品及其用品零售業
24554070,崴富國際有限公司,臺北市北投區行義路138號,寵物食品及其用品零售業
24555155,詠立文創娛樂有限公司,臺北市大安區仁愛路4段85號3樓,寵物食品及其用品零售業
24555296,辰宏事業有限公司,臺北市萬華區桂林路242巷81號,寵物食品及其用品零售業
24555845,友觀網路股份有限公司,臺北市大安區信義路4段306號3樓之1,寵物食品及其用品零售業
24556366,青聿頁地中海餐飲股份有限公司,臺北市中山區長安東路1段30巷6號(1樓),寵物食品及其用品零售業
24564204,姬雅拉國際企業有限公司,臺北市內湖區內湖路1段252號12樓,寵物食品及其用品零售業
24569073,之光社會企業有限公司,臺北市大安區基隆路2段136號6樓之2,寵物食品及其用品零售業
24574097,展羨有限公司,臺北市松山區南京東路5段250巷9之5號1樓,寵物食品及其用品零售業
24575618,志江貿易有限公司,臺北市中山區南京西路1之1號7樓,寵物食品及其用品零售業
24567552,安可盛設計有限公司,臺北市中正區博愛路25號2樓之5,寵物食品及其用品零售業
24570016,浤紳國際事業有限公司,臺北市大安區光復南路446號7樓,寵物食品及其用品零售業
24572035,大佳貿易有限公司,臺北市內湖區新湖一路149號4樓,寵物食品及其用品零售業
24573230,翡悅國際創意行銷有限公司,臺北市北投區行義路128號5樓,寵物食品及其用品零售業
24578087,波阿斯實業有限公司,臺北市士林區磺溪街47巷12號1樓,寵物食品及其用品零售業
24578122,挺挺網絡社會企業有限公司,臺北市大安區和平東路2段95之1號,寵物食品及其用品零售業
24738795,川鉅有限公司,臺北市大安區信義路2段130之1號9樓,寵物食品及其用品零售業
24738824,傳宇數位媒體有限公司,臺北市南港區忠孝東路6段278巷22弄6號1樓,寵物食品及其用品零售業
24740271,鑫鼎國際股份有限公司,臺北市信義區莊敬路391巷16弄3號4樓,寵物食品及其用品零售業
24741052,泡泡魚全球配得股份有限公司,臺北市信義區忠孝東路5段1之8號12樓,寵物食品及其用品零售業
24743827,獅瓦有限公司,臺北市大同區甘谷街26號5樓,寵物食品及其用品零售業
24744918,可倫國際股份有限公司,臺北市信義區信義路4段456號16樓之1,寵物食品及其用品零售業
24746388,抬彎人企業有限公司,臺北市松山區復興北路181號2樓之3,寵物食品及其用品零售業
24750501,僖樂實業有限公司,臺北市信義區光復南路417巷157號,寵物食品及其用品零售業
24750848,佳欣健康股份有限公司,臺北市萬華區成都路110號10樓之2,寵物食品及其用品零售業
24754555,俊佑國際有限公司,臺北市信義區松德路12號9樓,寵物食品及其用品零售業
24757053,生榮行貿易有限公司,臺北市松山區敦化北路244巷31號2樓,寵物食品及其用品零售業
24758898,悠悅生技股份有限公司,臺北市大安區信義路4段113號2樓,寵物食品及其用品零售業
24770197,華倚產業有限公司,臺北市松山區民權東路3段106巷1號3樓之1,寵物食品及其用品零售業
24772076,特德寶有限公司,臺北市大安區大安路1段116巷5號4樓,寵物食品及其用品零售業
24772081,雲天使科技有限公司,臺北市大安區忠孝東路4段206之1號4樓,寵物食品及其用品零售業
24773639,亞洲第一投資有限公司,臺北市大安區敦化南路1段337號4樓,寵物食品及其用品零售業
24775263,阿旺獅餐飲有限公司,臺北市北投區東華街1段400巷11號1樓,寵物食品及其用品零售業
24777564,東亟有限公司,臺北市大安區忠孝東路4段206之1號4樓,寵物食品及其用品零售業
24782911,鑫宗富企業股份有限公司,臺北市松山區南京東路4段11號4樓,寵物食品及其用品零售業
24800235,香港商亞洲粒粒冰淇淋有限公司,臺北市中正區林森南路120號,寵物食品及其用品零售業
24804719,英屬維京群島商韓台批發有限公司,臺北市內湖區瑞光路548巷41弄1號及基湖路35巷20號、22號,寵物食品及其用品零售業
24928269,秋吉顧問有限公司,臺北市松山區八德路4段214之1號,寵物食品及其用品零售業
24929318,明瑭國際有限公司,臺北市中山區合江街188巷5號7樓,寵物食品及其用品零售業
24743468,乘方設計有限公司,臺北市北投區溫泉路65巷10號2樓之2,寵物食品及其用品零售業
24747485,天地欣實業有限公司,臺北市萬華區西園路2段96巷36號2樓,寵物食品及其用品零售業
24751332,排汗王有限公司,臺北市內湖區行善路60號1樓,寵物食品及其用品零售業
24756625,媞拉工房有限公司,臺北市萬華區艋舺大道76號3樓,寵物食品及其用品零售業
24774671,文采生活館有限公司,臺北市內湖區民權東路6段262、264、266、268、270、272、274號1樓,寵物食品及其用品零售業
24778873,樂優坊有限公司,臺北市內湖區成功路5段460號11樓,寵物食品及其用品零售業
24782026,啟東有限公司,臺北市大安區大安路1段16巷8號2樓,寵物食品及其用品零售業
24792376,日商松風齒科材料股份有限公司,臺北市中正區重慶南路1段57號11樓之1,寵物食品及其用品零售業
24796990,日商北方達人股份有限公司,臺北市中山區南京東路1段86號5樓,寵物食品及其用品零售業
24805457,英屬維京群島商華爾雲動管理顧問有限公司,臺北市南港區忠孝東路6段21號12樓之5,寵物食品及其用品零售業
24743354,一起散步去東京有限公司,臺北市中正區寧波西街31號2樓之1,寵物食品及其用品零售業
24743930,寵居家庭有限公司,臺北市信義區林口街80巷89號4樓,寵物食品及其用品零售業
24745466,雙齊貿易有限公司,臺北市中山區敬業一路139號3樓之8,寵物食品及其用品零售業
24749667,創旭貿易有限公司,臺北市南港區南港路3段16巷9號2樓之1,寵物食品及其用品零售業
24750039,永豐商店股份有限公司,臺北市中正區重慶南路2段51號16樓,寵物食品及其用品零售業
24750592,天熙國際行銷有限公司,臺北市中山區松江路283號5樓之1,寵物食品及其用品零售業
24752281,耆康實業有限公司,臺北市內湖區大湖山莊街237號4樓,寵物食品及其用品零售業
24758877,聯聚投資股份有限公司,臺北市大同區鄭州路87號9樓,寵物食品及其用品零售業
24759165,今綻有限公司,臺北市士林區承德路4段10巷29號,寵物食品及其用品零售業
24759897,宸誌行銷有限公司,臺北市松山區基隆路1段8號6樓,寵物食品及其用品零售業
24760162,雋晅有限公司,臺北市大安區新生南路3段76巷5號,寵物食品及其用品零售業
24761444,貓僕舍精緻貓旅館有限公司,臺北市大同區重慶北路3段73號1樓,寵物食品及其用品零售業
24762041,寶鈺開發有限公司,臺北市中山區新生北路2段33巷9號1樓,寵物食品及其用品零售業
24764940,達克寵物有限公司,臺北市士林區大南路325號9樓之12,寵物食品及其用品零售業
24765125,爾莎創意有限公司,臺北市中山區明水路606巷18號3樓,寵物食品及其用品零售業
24766314,威能國際股份有限公司,臺北市大安區仁愛路4段376號5樓,寵物食品及其用品零售業
24767094,樂達生技有限公司,臺北市內湖區星雲街16巷63號3樓,寵物食品及其用品零售業
24769353,鑫金股份有限公司,臺北市信義區菸廠路88號6樓,寵物食品及其用品零售業
24769972,翔竤國際有限公司,臺北市北投區知行路34巷4號,寵物食品及其用品零售業
24783685,進益國際有限公司,臺北市中山區民權東路2段148號3樓,寵物食品及其用品零售業
24783947,君懋生物科技有限公司,臺北市中山區雙城街3巷2號10樓之9,寵物食品及其用品零售業
24784262,誠仁國際有限公司,臺北市松山區三民路74巷5號7樓之1,寵物食品及其用品零售業
24784713,于寶有限公司,臺北市中山區南京東路2段137號14樓,寵物食品及其用品零售業
24786655,黑鼻子寵物服務有限公司,臺北市內湖區內湖路2段263巷9弄5號、7號,寵物食品及其用品零售業
24798250,英商弗凱爾國際有限公司,臺北市松山區南京東路5段405號7樓之4,寵物食品及其用品零售業
24700974,樂樂購國際股份有限公司,臺北市南港區忠孝東路6段467號2樓,寵物食品及其用品零售業
24740547,凱雷銧國際有限公司,臺北市大安區忠孝東路4段218之7號2樓,寵物食品及其用品零售業
24741216,嘉蒂保有限公司,臺北市松山區延吉街29號,寵物食品及其用品零售業
24743164,精忠整合行銷股份有限公司,臺北市信義區松山路138號2樓,寵物食品及其用品零售業
24746795,早安森活有限公司,臺北市中山區敬業三路162巷31號10樓,寵物食品及其用品零售業
24749815,宭新企業有限公司,臺北市中正區水源路125號3樓,寵物食品及其用品零售業
24750024,鴻宇電子商務股份有限公司,臺北市南港區三重路19之3號3樓,寵物食品及其用品零售業
24751852,強壯有限公司,臺北市大同區民生西路288號7樓,寵物食品及其用品零售業
24752183,玖瓏數位科技股份有限公司,臺北市信義區忠孝東路5段476號8樓,寵物食品及其用品零售業
24758139,禾亞開發有限公司,臺北市信義區嘉興街315號1樓,寵物食品及其用品零售業
24759236,庫贔創意行銷股份有限公司,臺北市松山區復興北路1號16樓之3,寵物食品及其用品零售業
24761866,金盾亞太科技有限公司,臺北市信義區松隆路125號8樓之13,寵物食品及其用品零售業
24763317,尼克豆豆有限公司,臺北市大安區復興南路1段287號8樓,寵物食品及其用品零售業
24768235,蒂凡可國際有限公司,臺北市士林區小西街28號3樓之3,寵物食品及其用品零售業
24770577,克里市集有限公司,臺北市南港區南港路3段16巷7號4樓之1,寵物食品及其用品零售業
24770844,羅米兔原創有限公司,臺北市中正區金華街43巷23號1樓,寵物食品及其用品零售業
24773286,古得佛依特實業有限公司,臺北市中正區羅斯福路3段286巷4弄4號1樓,寵物食品及其用品零售業
24775030,匠藝整合行銷有限公司,臺北市中正區南昌路1段126巷4號1樓,寵物食品及其用品零售業
24779710,朋承國際有限公司,臺北市松山區民權東路3段160巷19弄32號,寵物食品及其用品零售業
24783664,慧能整合行銷顧問有限公司,臺北市士林區大南路419號8樓,寵物食品及其用品零售業
24929963,摩利橡樹有限公司,臺北市松山區長春路442號7樓之3,寵物食品及其用品零售業
24930434,謝謝有你有限公司,臺北市內湖區民權東路6段185號,寵物食品及其用品零售業
24935509,愛瘋修實業有限公司,臺北市內湖區民權東路6段312號2樓,寵物食品及其用品零售業
24940101,萬里熊高國際有限公司,臺北市南港區東明街22號,寵物食品及其用品零售業
24940123,酵心生機科技有限公司,臺北市信義區莊敬路325巷60號3樓,寵物食品及其用品零售業
24943542,四季全球貿易股份有限公司,臺北市中山區中山北路2段65巷6號2樓,寵物食品及其用品零售業
24943579,遠建國際貿易股份有限公司,臺北市中山區中山北路2段65巷6號1樓,寵物食品及其用品零售業
24944710,顧昌實業有限公司,臺北市大安區忠孝東路4段112號5樓之6,寵物食品及其用品零售業
24947364,艾妮亞國際有限公司,臺北市中山區民權東路2段146號3樓,寵物食品及其用品零售業
24948949,豪斯寵物服務有限公司,臺北市中山區明水路692號,寵物食品及其用品零售業
24949200,台灣歐必斯股份有限公司,臺北市內湖區內湖路1段91巷17號10樓,寵物食品及其用品零售業
24949341,丰耀國際有限公司,臺北市松山區南京東路5段63號2樓之3,寵物食品及其用品零售業
24952801,盈動科技股份有限公司,臺北市大同區承德路3段136號4樓,寵物食品及其用品零售業
24952823,天悅電商有限公司,臺北市大安區忠孝東路4段162號5樓之5,寵物食品及其用品零售業
24958755,元誠有限公司,臺北市大安區忠孝東路4段169號11樓之1,寵物食品及其用品零售業
24960957,瑞博國際整合行銷有限公司,臺北市中正區漢口街1段80巷4弄12號,寵物食品及其用品零售業
24964237,婕葳國際有限公司,臺北市大安區忠孝東路4段221號10樓,寵物食品及其用品零售業
24968536,宏大生活用品有限公司,臺北市中山區明水路650號5樓之1,寵物食品及其用品零售業
24968732,佰摩科技事業股份有限公司,臺北市松山區南京東路4段11號4樓,寵物食品及其用品零售業
24974925,傑一國際有限公司,臺北市中正區林森南路59之3號4樓,寵物食品及其用品零售業
24975136,鼎美大成有限公司,臺北市松山區南京東路4段171號12樓之1,寵物食品及其用品零售業
25101011,富士亞哲多媒體股份有限公司,臺北市中山區南京東路2段132號12樓,寵物食品及其用品零售業
25104072,金霸王國際開發有限公司,臺北市萬華區西園路2段121號1樓,寵物食品及其用品零售業
25105109,宥瑜股份有限公司,臺北市中正區開封街1段11號3樓,寵物食品及其用品零售業
25107232,豪琦琦有限公司,臺北市大安區敦化南路1段225號7樓之1,寵物食品及其用品零售業
24933381,高鐙壹有限公司,臺北市內湖區洲子街183號2樓,寵物食品及其用品零售業
24936970,愛飛翔數位生活股份有限公司,臺北市信義區東興路63號2樓,寵物食品及其用品零售業
24940307,台灣奧姆有限公司,臺北市文山區羅斯福路5段227號,寵物食品及其用品零售業
24941116,立鴻數位有限公司,臺北市士林區大南路303號2樓,寵物食品及其用品零售業
24942831,國鑫事業股份有限公司,臺北市中山區民權東路3段4號8樓,寵物食品及其用品零售業
24943846,佳斯昂有限公司,臺北市大安區復興南路1段89號4樓,寵物食品及其用品零售業
24944649,恆隆昌國際有限公司,臺北市中山區中山北路3段34號5樓,寵物食品及其用品零售業
24950108,金泵有限公司,臺北市大安區復興南路1段253巷24號1樓,寵物食品及其用品零售業
24950769,夢想寵物有限公司,臺北市大安區忠孝東路4段223巷22號,寵物食品及其用品零售業
24950938,朋生國際有限公司,臺北市中正區博愛路25號7樓之13,寵物食品及其用品零售業
24954955,中酵華香生機農業股份有限公司,臺北市信義區莊敬路325巷60號3樓,寵物食品及其用品零售業
24959298,媽媽樂生活用品有限公司,臺北市松山區民族東路689號,寵物食品及其用品零售業
24959662,思高本事有限公司,臺北市松山區復興北路367號8樓,寵物食品及其用品零售業
24960149,黑鬼創意行銷股份有限公司,臺北市大安區忠孝東路4段293號6樓之2,寵物食品及其用品零售業
24961739,沛諾有限公司,臺北市大安區敦化南路2段63巷56號5樓,寵物食品及其用品零售業
24963595,金荷康有限公司,臺北市松山區南京東路4段171號12樓,寵物食品及其用品零售業
24965263,蔻奈兒國際有限公司,臺北市大同區西寧北路37號3樓,寵物食品及其用品零售業
24969021,可宸國際有限公司,臺北市信義區 基隆路2段12號,寵物食品及其用品零售業
24969090,誠正精品文具有限公司,臺北市內湖區內湖路1段591巷10弄8號,寵物食品及其用品零售業
24974164,小島國際有限公司,臺北市松山區南京東路5段291巷47弄50號4樓,寵物食品及其用品零售業
25101407,米翎企業股份有限公司,臺北市松山區南京東路4段130號10樓,寵物食品及其用品零售業
25103144,自然生活精品有限公司,臺北市士林區磺溪街47巷10號5樓,寵物食品及其用品零售業
24932600,拍付國際資訊股份有限公司,臺北市大安區敦化南路2段105號12樓,寵物食品及其用品零售業
24933452,寬達立國際有限公司,臺北市大同區民生西路300號8樓,寵物食品及其用品零售業
24934092,婕星流行事業有限公司,臺北市大安區信義路4段98號5樓之2,寵物食品及其用品零售業
24934213,橘子網路行銷有限公司,臺北市中山區南京東路3段201號3樓,寵物食品及其用品零售業
24940263,展晟生醫有限公司,臺北市中正區濟南路2段31之23號,寵物食品及其用品零售業
24941397,新磊精密有限公司,臺北市士林區承德路4段360號1樓,寵物食品及其用品零售業
24942234,慕渴股份有限公司,臺北市內湖區內湖路2段311號11樓之1,寵物食品及其用品零售業
24943607,可達士有限公司,臺北市內湖區洲子街183號2樓,寵物食品及其用品零售業
24946999,湛藍企業有限公司,臺北市萬華區萬大路424巷20號4樓,寵物食品及其用品零售業
24948292,連喜股份有限公司,臺北市內湖區潭美街587號,寵物食品及其用品零售業
24952422,皕膜j瑀有限公司,臺北市大安區新生南路3段2號10樓,寵物食品及其用品零售業
24953702,優必原力有限公司,臺北市大安區安和路1段112巷12號,寵物食品及其用品零售業
24956216,樽前舞有限公司,臺北市中山區中原街13號1樓,寵物食品及其用品零售業
24959038,聯合夥伴有限公司,臺北市大安區通化街17之2號,寵物食品及其用品零售業
24959895,光合整體行銷股份有限公司,臺北市中正區中山北路1段2號4樓之2,寵物食品及其用品零售業
24961013,女孩們的衣櫃有限公司,臺北市中山區民權東路2段146號3樓,寵物食品及其用品零售業
24961652,寰宇生活科技有限公司,臺北市信義區永吉路120巷49號3樓,寵物食品及其用品零售業
24964969,寵聚股份有限公司,臺北市松山區八德路4段678號12樓,寵物食品及其用品零售業
24965123,華傲國際貿易有限公司,臺北市中正區漢口街1段85號7樓之4,寵物食品及其用品零售業
24967467,文心日日有限公司,臺北市中正區中山北路1段2號11樓之11,寵物食品及其用品零售業
24970977,選稻寶實業有限公司,臺北市松山區復興北路499巷2弄1號1樓,寵物食品及其用品零售業
24972530,實品實業股份有限公司,臺北市萬華區康定路128號2樓,寵物食品及其用品零售業
24973664,馥閣設計整合有限公司,臺北市大安區信義路4段279號8樓,寵物食品及其用品零售業
24973691,聯上天新媒體股份有限公司,臺北市內湖區瑞光路513巷36號3樓,寵物食品及其用品零售業
24974571,綠拇指股份有限公司,臺北市信義區松德路12號9樓,寵物食品及其用品零售業
24977916,哈咭國際有限公司,臺北市信義區松德路10號7樓,寵物食品及其用品零售業
24783812,愛樂飛休閒科技有限公司,臺北市大安區仁愛路4段68號11樓之7,寵物食品及其用品零售業
24785868,拍貼生活股份有限公司,臺北市內湖區內湖路2段353號5樓之1,寵物食品及其用品零售業
24789484,日商可白股份有限公司,臺北市中正區衡陽路51號12樓,寵物食品及其用品零售業
24820400,康程生技有限公司,臺北市士林區忠誠路1段100巷15弄15號1樓,寵物食品及其用品零售業
24930960,杏眾生物科技股份有限公司,臺北市松山區民生東路3段107巷6號3樓,寵物食品及其用品零售業
24938506,禮錸實業有限公司,臺北市中山區民生東路3段36號5樓之7,寵物食品及其用品零售業
24939343,莫忘初衷國際股份有限公司,臺北市大安區濟南路3段5巷5號1樓,寵物食品及其用品零售業
24940600,赫斯康生技有限公司,臺北市中山區南京東路3段201號3樓,寵物食品及其用品零售業
24941930,宸翰有限公司,臺北市信義區基隆路2段22號6樓之6,寵物食品及其用品零售業
24942924,日冠國際貿易有限公司,臺北市中正區忠孝西路1段33號7樓,寵物食品及其用品零售業
24947266,丞妍有限公司,臺北市內湖區南京東路6段461號5樓之5,寵物食品及其用品零售業
25122395,晴澤股份有限公司,臺北市大同區南京西路41號6樓之5,寵物食品及其用品零售業
25131681,創越生技有限公司,臺北市信義區忠孝東路5段236巷28號2樓,寵物食品及其用品零售業
25132909,商店街市集國際資訊股份有限公司,臺北市大安區敦化南路2段105號14樓,寵物食品及其用品零售業
25137117,遊戲刺客有限公司,臺北市中山區新生北路2段29之1號地下,寵物食品及其用品零售業
25141344,台灣三花精品股份有限公司,臺北市大安區大安路1段14號1樓,寵物食品及其用品零售業
25144074,正金麒有限公司,臺北市松山區基隆路1段8號11樓之1,寵物食品及其用品零售業
27317092,英利奎國際有限公司,臺北市內湖區瑞光路578號2樓,寵物食品及其用品零售業
27329479,福爾摩沙國際貿易有限公司,臺北市大同區民生西路249號,寵物食品及其用品零售業
27332848,倍爾福有限公司,臺北市中正區南陽街3號5樓之4,寵物食品及其用品零售業
27335211,優健有限公司,臺北市大安區信義路3段126號4樓,寵物食品及其用品零售業
27336794,東帆有限公司,臺北市松山區民權東路5段28號1樓,寵物食品及其用品零售業
27339906,肯愛國際股份有限公司,臺北市大安區大安路1段117號1樓,寵物食品及其用品零售業
27344577,吉瑞祥實業有限公司,臺北市大同區南京西路192號1樓,寵物食品及其用品零售業
27356192,鴻棋科技資訊有限公司,臺北市中山區中山北路2段115巷43號3樓之3,寵物食品及其用品零售業
27363383,豐奕達實業有限公司,臺北市南港區福德街339巷7弄2號2樓,寵物食品及其用品零售業
25103257,安能捷有限公司,臺北市中山區德惠街191號6樓,寵物食品及其用品零售業
25106108,音和有限公司,臺北市萬華區國興路1巷7號9樓之2,寵物食品及其用品零售業
25107021,蒂達貿易有限公司,臺北市中山區民權東路3段75巷2弄12號1樓,寵物食品及其用品零售業
25126054,尼比寵物有限公司,臺北市松山區敦化北路222巷26號,寵物食品及其用品零售業
25126272,豐禾海創意事業有限公司,臺北市大同區塔城街37號9樓,寵物食品及其用品零售業
25137382,聯誠國際行銷有限公司,臺北市中山區長安西路19巷2弄17之2號2樓,寵物食品及其用品零售業
25137432,睿纖國際有限公司,臺北市中山區南京西路1-1號10樓,寵物食品及其用品零售業
25145812,陸台通股份有限公司,臺北市大安區仁愛路4段85號7樓,寵物食品及其用品零售業
25146559,橙谷生態設計有限公司,臺北市中正區汀洲路1段306巷7號4樓,寵物食品及其用品零售業
27315616,中晉策略管理顧問股份有限公司,臺北市中山區新生北路2段31之1號12樓,寵物食品及其用品零售業
27320580,喜樂美健康事業有限公司,臺北市文山區興隆路2段130巷17號,寵物食品及其用品零售業
27321413,榮陽生醫科技股份有限公司,臺北市南港區南港路3段97號9樓,寵物食品及其用品零售業
27326851,普思網路股份有限公司,臺北市大安區復興南路2段290號11樓,寵物食品及其用品零售業
27362223,欣傳媒股份有限公司,臺北市內湖區石潭路151號3樓,寵物食品及其用品零售業
27541649,達易國際事業有限公司,臺北市中山區林森北路409號6樓之13,寵物食品及其用品零售業
27542529,亞設有限公司,臺北市大同區承德路3段304號2樓,寵物食品及其用品零售業
27548116,美麗寵物股份有限公司,臺北市士林區忠誠路2段70巷3號1樓,寵物食品及其用品零售業
27554496,宇麥國際有限公司,臺北市松山區民權東路3段142號7樓之7,寵物食品及其用品零售業
27573542,瑋宸整合行銷有限公司,臺北市士林區福港街238號1樓,寵物食品及其用品零售業
27574009,創意田股份有限公司,臺北市信義區忠孝東路5段269號4樓,寵物食品及其用品零售業
27577287,喜樂安興業有限公司,臺北市中山區林森北路145巷32號1樓,寵物食品及其用品零售業
27715514,全國萊富寵物事業股份有限公司,臺北市中山區民權東路2段69號6樓,寵物食品及其用品零售業
27717055,易橙國際行銷有限公司,臺北市中正區新生南路1段56巷10號,寵物食品及其用品零售業
27724801,三角創意溝通有限公司,臺北市松山區光復北路8號8樓,寵物食品及其用品零售業
27729616,代昀陞業有限公司,臺北市中山區復興北路420號7樓,寵物食品及其用品零售業
27742272,博物園國際股份有限公司,臺北市大安區忠孝東路4段169號12樓之1,寵物食品及其用品零售業
27758323,紅威媒體行銷股份有限公司,臺北市信義區信義路5段150巷229號1樓,寵物食品及其用品零售業
27763867,印康科技有限公司,臺北市中山區中山北路3段27號7樓之10,寵物食品及其用品零售業
27769927,加沛實業有限公司,臺北市中山區林森北路85巷39號2樓之12,寵物食品及其用品零售業
25082106,寶芝林國際生物科技有限公司,臺北市文山區興隆路3段221巷8弄16號3樓,寵物食品及其用品零售業
25106971,總晟有限公司,臺北市北投區自強街126號,寵物食品及其用品零售業
25114727,杰文有限公司,臺北市松山區南京東路3段287號11樓,寵物食品及其用品零售業
25117273,五熊國際事業有限公司,臺北市信義區富陽街21巷1之1號2樓,寵物食品及其用品零售業
25119602,可立聖有限公司,臺北市大安區敦化南路2段8號1樓,寵物食品及其用品零售業
25135960,優構印刷設計有限公司,臺北市萬華區西寧南路11號10樓之2,寵物食品及其用品零售業
25141837,好寵企業有限公司,臺北市大安區忠孝東路4段181巷35弄5號,寵物食品及其用品零售業
25149731,珍愛設計股份有限公司,臺北市文山區羅斯福路5段125號4樓,寵物食品及其用品零售業
27332018,翰成數位科技有限公司,臺北市內湖區堤頂大道2段281號,寵物食品及其用品零售業
27335681,豐鉅興實業股份有限公司,臺北市中山區長安東路2段228號,寵物食品及其用品零售業
27336014,愛沛思股份有限公司,臺北市大安區文昌街89號,寵物食品及其用品零售業
27343943,音樂童年文教事業股份有限公司,臺北市大安區忠孝東路4段162號8樓,寵物食品及其用品零售業
27353569,力璟科技有限公司,臺北市大安區忠孝東路3段86號10樓,寵物食品及其用品零售業
24948455,華顯有限公司,臺北市中山區復興北路432號4樓之2,寵物食品及其用品零售業
24949145,誠宣貿易有限公司,臺北市松山區南京東路3段248號11樓之2,寵物食品及其用品零售業
24949291,蒙群科技股份有限公司,臺北市內湖區洲子街181號3樓,寵物食品及其用品零售業
24950141,恆富商務中心股份有限公司,臺北市大安區復興南路1段200號12樓,寵物食品及其用品零售業
24956594,虎斑股份有限公司,臺北市中正區延平南路61號9樓之10,寵物食品及其用品零售業
24958376,創其國際有限公司,臺北市中山區南京東路1段34號7樓,寵物食品及其用品零售業
24958777,福皓整合科技有限公司,臺北市大安區忠孝東路4段218-6號10樓,寵物食品及其用品零售業
24960083,睿東企業股份有限公司,臺北市大安區忠孝東路4段221號10樓,寵物食品及其用品零售業
24960730,康平有限公司,臺北市大安區文昌街89號,寵物食品及其用品零售業
24962202,一直玩有限公司,臺北市北投區榮華三路24巷1弄13號2樓,寵物食品及其用品零售業
24962414,令可顧問有限公司,臺北市大安區忠孝東路3段136號9樓之5,寵物食品及其用品零售業
24965762,棒點有限公司,臺北市信義區忠孝東路5段510號15樓,寵物食品及其用品零售業
24968450,華威國際行銷有限公司,臺北市內湖區東湖路113巷86號5樓之3,寵物食品及其用品零售業
24970499,玖伍貳柒股份有限公司,臺北市中山區復興北路60號3樓,寵物食品及其用品零售業
24971791,奕麗貿易有限公司,臺北市大安區復興南路2段151巷25號3樓,寵物食品及其用品零售業
24971933,宇碩展業有限公司,臺北市萬華區莒光路233號1樓,寵物食品及其用品零售業
24972525,諾華生技股份有限公司,臺北市中山區南京東路3段70號4樓,寵物食品及其用品零售業
24973313,<U+7934>展生醫有限公司,臺北市大同區歸綏街209號2樓,寵物食品及其用品零售業
24973593,翔翊寵物股份有限公司,臺北市松山區健康路260號1樓,寵物食品及其用品零售業
24975380,茂發木業股份有限公司,臺北市松山區八德路2段385號1樓,寵物食品及其用品零售業
24976162,小雅企業有限公司,臺北市大安區建國南路2段11巷1號,寵物食品及其用品零售業
25101363,弘達流通股份有限公司,臺北市中山區敬業四路33號8樓,寵物食品及其用品零售業
25103475,普若行銷有限公司,臺北市松山區南京東路5段123巷4弄21號,寵物食品及其用品零售業
25113179,安家國際人力資源有限公司,臺北市中山區松江路54號4樓之4,寵物食品及其用品零售業
25113902,一路發網路科技有限公司,臺北市中山區南京西路1-1號10樓,寵物食品及其用品零售業
25113939,億志科技有限公司,臺北市南港區南港路3段52號7樓,寵物食品及其用品零售業
25116817,傳騰國際有限公司,臺北市信義區忠孝東路5段790巷24弄8號1樓,寵物食品及其用品零售業
25118245,健筌國際有限公司,臺北市大安區仁愛路4段345巷5弄15號4樓,寵物食品及其用品零售業
25122162,每均國際貿易有限公司,臺北市中山區林森北路575號6樓之2,寵物食品及其用品零售業
25123508,耀發藝術文創股份有限公司,臺北市萬華區西藏路125巷11號7樓之2,寵物食品及其用品零售業
25125077,一葉葉設計有限公司,臺北市中正區羅斯福路3段128巷7號4樓,寵物食品及其用品零售業
25128237,慧輿科技股份有限公司,臺北市中山區松江路206號3樓之4,寵物食品及其用品零售業
25128573,允聖科技有限公司,臺北市大安區忠孝東路4段146巷3號7樓,寵物食品及其用品零售業
27532070,貓玩藝有限公司,臺北市大同區天水路41號(4樓),寵物食品及其用品零售業
27553200,品居國際有限公司,臺北市士林區忠義街71巷13弄2號2樓,寵物食品及其用品零售業
27554778,聯合百貨有限公司,臺北市大同區延平北路2段240號1樓,寵物食品及其用品零售業
27565374,蔚思品牌管理有限公司,臺北市中山區民權東路1段45號2樓之1,寵物食品及其用品零售業
27717674,華琳行銷股份有限公司,臺北市松山區光復北路82號3樓,寵物食品及其用品零售業
27765106,台灣百麗康美股份有限公司,臺北市信義區文昌街316號5樓,寵物食品及其用品零售業
27968881,盈寶寵物健康企業有限公司,臺北市信義區虎林街222巷39號,寵物食品及其用品零售業
27969657,群燁國際有限公司,臺北市松山區復興北路35號8樓之1,寵物食品及其用品零售業
27973765,毛領袖有限公司,臺北市松山區南京東路5段8號6樓,寵物食品及其用品零售業
27974390,匚鑫國際開發有限公司,臺北市松山區復興北路181號14樓之1,寵物食品及其用品零售業
27987753,怡服國際企業股份有限公司,臺北市大安區信義路3段150之1號2樓之1,寵物食品及其用品零售業
27997990,彩智國際事業股份有限公司,臺北市中正區忠孝西路1段50號21樓之26,寵物食品及其用品零售業
28161462,順禾有限公司,臺北市大安區泰順街50巷9號1樓,寵物食品及其用品零售業
28194689,長鮮企業有限公司,臺北市萬華區永福街75巷8號3樓,寵物食品及其用品零售業
28210169,誠世企業有限公司,臺北市北投區實踐街78號5樓,寵物食品及其用品零售業
28220069,汎德精品股份有限公司,臺北市中山區樂群二路95號5樓之2,寵物食品及其用品零售業
28230123,瑞成生化科技國際有限公司,臺北市萬華區艋舺大道198號1樓,寵物食品及其用品零售業
27423690,茂騰水族股份有限公司,臺北市信義區吳興街600巷108號2樓,寵物食品及其用品零售業
27465184,聯漢數位有限公司,臺北市萬華區中華路1段68號3樓,寵物食品及其用品零售業
27490542,品匠企業有限公司,臺北市中山區松江路363號3樓,寵物食品及其用品零售業
27505995,聖豪資訊有限公司,臺北市士林區德行東路284巷22號,寵物食品及其用品零售業
27524254,禾場國際有限公司,臺北市大安區忠孝東路4段191號10樓之1,寵物食品及其用品零售業
27535983,樂購國際開發有限公司,臺北市大安區延吉街135-2號2樓,寵物食品及其用品零售業
27551049,富集始大國際有限公司,臺北市松山區南京東路4段170號2樓之2,寵物食品及其用品零售業
27556136,新鵬貿易有限公司,臺北市中山區復興北路38號7樓之6,寵物食品及其用品零售業
27564810,攜帶有限公司,臺北市文山區興隆路4段72號2樓之7,寵物食品及其用品零售業
27570849,主日國際有限公司,臺北市內湖區康樂街136巷3弄2號4樓,寵物食品及其用品零售業
27575892,吉德寵物展業有限公司,臺北市大安區仁愛路3段24巷5之2號1樓,寵物食品及其用品零售業
27620806,捷優科技有限公司,臺北市大同區承德路1段82號1樓,寵物食品及其用品零售業
27721305,元利寵物有限公司,臺北市士林區美德街95號2樓,寵物食品及其用品零售業
27723177,云晟企管顧問股份有限公司,臺北市大安區和平東路2段181號2樓,寵物食品及其用品零售業
27730655,讀力創意有限公司,臺北市信義區基隆路1段159號6樓之1,寵物食品及其用品零售業
27757268,品臻國際行銷有限公司,臺北市士林區基河路238之1號,寵物食品及其用品零售業
27808724,台灣富而康有限公司,臺北市中正區金山北路1號7樓之3,寵物食品及其用品零售業
25128709,皇冠國際企業有限公司,臺北市士林區天母北路87巷1號1樓,寵物食品及其用品零售業
25133843,鴻基生醫科技有限公司,臺北市南港區三重路19之11號3樓,寵物食品及其用品零售業
25136187,紅品國際股份有限公司,臺北市松山區八德路3段230號8樓,寵物食品及其用品零售業
25138777,長角文化創意有限公司,臺北市北投區珠海路18號2樓,寵物食品及其用品零售業
25139570,健康家有限公司,臺北市文山區興隆路2段133號,寵物食品及其用品零售業
25145833,悅爾喜國際企業有限公司,臺北市內湖區民權東路6段90巷25弄53號1樓,寵物食品及其用品零售業
25149660,澄澔有限公司,臺北市松山區塔悠路235號1樓,寵物食品及其用品零售業
27340930,派斯威特國際有限公司,臺北市萬華區漢口街2段90巷8弄11號1樓,寵物食品及其用品零售業
27349714,京潤實業股份有限公司,臺北市信義區松德路161號10樓,寵物食品及其用品零售業
27361104,安和國際股份有限公司,臺北市中山區長安東路2段189號10樓之8,寵物食品及其用品零售業
27364600,展研國際有限公司,臺北市大安區建國南路1段152號3樓,寵物食品及其用品零售業
27961304,嗨日網國際行銷有限公司,臺北市信義區信義路5段5號,寵物食品及其用品零售業
27964359,亞廣股份有限公司,臺北市信義區基隆路1段432號5樓之7,寵物食品及其用品零售業
27969185,巴斯特寵物有限公司,臺北市內湖區民權東路6段180巷50號1樓,寵物食品及其用品零售業
27970042,黃金巴頓寵支貿易有限公司,臺北市松山區光復北路60巷30號1樓,寵物食品及其用品零售業
27976398,宜佳國際有限公司,臺北市大安區新生南路1段93號5樓之1,寵物食品及其用品零售業
27978831,新印科技股份有限公司,臺北市大安區忠孝東路3段100號8樓,寵物食品及其用品零售業
27995445,豐田生技資訊股份有限公司,臺北市萬華區長沙街2段111-1號2樓,寵物食品及其用品零售業
27999081,大物國際股份有限公司,臺北市松山區南京東路4段152號4樓,寵物食品及其用品零售業
28011957,優像數位媒體科技股份有限公司,臺北市中山區民生東路2段149號3樓,寵物食品及其用品零售業
28177936,大寶廣博生技有限公司,臺北市信義區吳興街284巷22弄126號,寵物食品及其用品零售業
28180453,宗仕國際股份有限公司,臺北市大安區和平東路3段308巷15弄41號1樓,寵物食品及其用品零售業
28183825,台創企業股份有限公司,臺北市士林區重慶北路4段220巷21弄32號1樓,寵物食品及其用品零售業
28185598,甜園企業有限公司,臺北市文山區木柵路2段113號,寵物食品及其用品零售業
28441443,台甄寵物事業有限公司,臺北市大安區仁愛路3段143巷19號1樓,寵物食品及其用品零售業
28463537,禾馨健康事業有限公司,臺北市信義區松隆路102號8樓之1,寵物食品及其用品零售業
28470853,延展創意有限公司,臺北市大安區信義路4段98號8樓,寵物食品及其用品零售業
28482252,悠盛有限公司,臺北市中正區羅斯福路2段132號4樓,寵物食品及其用品零售業
27928903,日商創意洋子股份有限公司,臺北市中山區松江路185號7樓之5,寵物食品及其用品零售業
27971422,開店網通有限公司,臺北市中山區復興北路290號6樓之2,寵物食品及其用品零售業
27976496,華楠實業有限公司,臺北市南港區興華路114巷24號1樓,寵物食品及其用品零售業
27992828,素食星球科技股份有限公司,臺北市文山區羅斯福路5段158號2樓,寵物食品及其用品零售業
27997176,行星國際股份有限公司,臺北市中正區青島東路5號4樓之4,寵物食品及其用品零售業
27998858,七<U+6199>有限公司,臺北市中山區建國北路2段147號4樓之1,寵物食品及其用品零售業
28003345,四季柔國際企業有限公司,臺北市大安區復興南路1段219巷20號1樓,寵物食品及其用品零售業
28005462,天駒有限公司,臺北市內湖區內湖路1段405之1號1樓,寵物食品及其用品零售業
28006547,中印國際企業有限公司,臺北市信義區松德路65號11樓之1,寵物食品及其用品零售業
28176839,玫瑰花蕾有限公司,臺北市松山區民生東路4段110號2樓,寵物食品及其用品零售業
28178702,君霖管理顧問股份有限公司,臺北市大安區和平東路2段107巷6弄4號,寵物食品及其用品零售業
28179245,希爾設計有限公司,臺北市文山區萬利街9號1樓,寵物食品及其用品零售業
28181235,太鑫企業有限公司,臺北市中山區中山北路3段30號4樓之3,寵物食品及其用品零售業
27520356,比內克思創新產品開發有限公司,臺北市大安區和平東路2段40號6樓,寵物食品及其用品零售業
27540698,誠旺生物科技股份有限公司,臺北市松山區南京東路3段259號11樓,寵物食品及其用品零售業
27543055,明宸國際股份有限公司,臺北市內湖區瑞光路583巷21號6樓之2,寵物食品及其用品零售業
27552188,達軒國際有限公司,臺北市北投區自強街91號3樓,寵物食品及其用品零售業
27552390,信禓有限公司,臺北市松山區光復南路13巷27號2樓,寵物食品及其用品零售業
27570382,順麒國際有限公司,臺北市大安區東豐街66號6樓,寵物食品及其用品零售業
27577977,研達國際股份有限公司,臺北市中正區忠孝東路2段130號5樓之4,寵物食品及其用品零售業
27666318,實現水族有限公司,臺北市信義區莊敬路289巷3號1樓,寵物食品及其用品零售業
27741301,首特企業有限公司,臺北市中山區南京東路2段95號11樓,寵物食品及其用品零售業
27751102,飛比樂有限公司,臺北市大安區金華街162之3號1樓,寵物食品及其用品零售業
27753122,米澤股份有限公司,臺北市士林區文林路488號2樓,寵物食品及其用品零售業
27793222,遠鼎興業有限公司,臺北市中山區民族東路2號7樓,寵物食品及其用品零售業
27922513,英屬維京群島商康廷寶有限公司,臺北市大安區忠孝東路4段87號13樓,寵物食品及其用品零售業
28204722,金震宇股份有限公司,臺北市松山區復興北路1號12樓之4,寵物食品及其用品零售業
28206242,三加一能量科技股份有限公司,臺北市中山區吉林路150號2樓之6,寵物食品及其用品零售業
28212498,布奇亞設計有限公司,臺北市大同區重慶北路2段32號1樓,寵物食品及其用品零售業
28221736,愛普<U+5008>顧問股份有限公司,臺北市大安區忠孝東路3段96號9樓(之2),寵物食品及其用品零售業
28418323,英屬蓋曼群島商愛卡拉全球在線有限公司,臺北市大安區敦化南路2段105號26樓,寵物食品及其用品零售業
28452996,力平國際股份有限公司,臺北市內湖區環山路2段133號3樓,寵物食品及其用品零售業
28461778,菘珊企業股份有限公司,臺北市松山區寶清街17號7樓之1,寵物食品及其用品零售業
28468717,智丸企業有限公司,臺北市大安區仁愛路4段266巷19弄1號6樓,寵物食品及其用品零售業
28486378,甜心寵物舖有限公司,臺北市南港區研究院路1段77號1樓,寵物食品及其用品零售業
28489023,迅聯網國際股份有限公司,臺北市信義區信義路5段7號27樓,寵物食品及其用品零售業
28672669,汯璟國際企業有限公司,臺北市中山區民權東路3段35號11樓,寵物食品及其用品零售業
28676433,世代文化創業有限公司,臺北市大同區迪化街1段167號,寵物食品及其用品零售業
28677974,好力客創意有限公司,臺北市士林區劍潭路39號1樓,寵物食品及其用品零售業
28679712,伊喬有限公司,臺北市大安區杭州南路2段25巷17號,寵物食品及其用品零售業
28692692,馬辣國際餐飲有限公司,臺北市萬華區西寧南路62號2樓,寵物食品及其用品零售業
28697710,生利實業有限公司,臺北市信義區信義路5段5號5樓,寵物食品及其用品零售業
28708553,靚格國際有限公司,臺北市松山區南京東路5段118號6樓之2,寵物食品及其用品零售業
28711115,優意科技有限公司,臺北市士林區華齡街192號,寵物食品及其用品零售業
28711419,異客股份有限公司,臺北市松山區敦化北路205號14樓,寵物食品及其用品零售業
28713417,科捷多媒體有限公司,臺北市大安區敦化南路1段376號8樓之3,寵物食品及其用品零售業
28716408,巴布亞股份有限公司,臺北市文山區景興路195號3樓之3,寵物食品及其用品零售業
28823337,燕福生技有限公司,臺北市大安區羅斯福路3段283巷14弄14-3號,寵物食品及其用品零售業
28845655,多法家居有限公司,臺北市信義區仁愛路4段520-2號,寵物食品及其用品零售業
28847627,搜比股份有限公司,臺北市北投區知行路316巷10號,寵物食品及其用品零售業
28869115,概念樹事業有限公司,臺北市中山區北安路630巷2號,寵物食品及其用品零售業
28869500,奭表達有限公司,臺北市北投區西安街1段153號1樓,寵物食品及其用品零售業
28941334,定澄國際有限公司,臺北市松山區南京東路5段59巷27弄8號2樓,寵物食品及其用品零售業
29039068,艾瑞格有限公司,臺北市大安區忠孝東路4段295號3樓,寵物食品及其用品零售業
29059916,三榮事業有限公司,臺北市中山區農安街271巷5號3樓之1,寵物食品及其用品零售業
29074655,大英國際實業有限公司,臺北市北投區東華街1段22巷4弄9號2樓,寵物食品及其用品零售業
29075704,本農國際有限公司,臺北市大安區信義路4段265巷28之1號1樓,寵物食品及其用品零售業
28214735,光懋國際實業有限公司,臺北市內湖區內湖路3段292號,寵物食品及其用品零售業
28220883,平方寵物有限公司,臺北市大安區信義路4段378巷7號,寵物食品及其用品零售業
28454474,績英國際股份有限公司,臺北市松山區民生東路5段153號6樓之5,寵物食品及其用品零售業
28458491,哇寶國際資訊股份有限公司,臺北市信義區基隆路1段141號7樓之5,寵物食品及其用品零售業
28458751,八九行銷有限公司,臺北市松山區南京東路4段143號9樓,寵物食品及其用品零售業
28465079,海拓貿易有限公司,臺北市信義區松隆路282號,寵物食品及其用品零售業
28480064,創威數位科技有限公司,臺北市大同區蘭州街12號1樓,寵物食品及其用品零售業
28515887,中天健康事業股份有限公司,臺北市松山區敦化南路1段3號3樓,寵物食品及其用品零售業
28538994,悠<U+83D3>子有限公司,臺北市大同區民生西路291號,寵物食品及其用品零售業
28671774,嫈嫈企業有限公司,臺北市大同區迪化街1段72巷7號,寵物食品及其用品零售業
28680632,麥波特國際貿易有限公司,臺北市大安區新生南路3段54巷2號2樓之1,寵物食品及其用品零售業
28681246,貝爾妮妮卜奕有限公司,臺北市大安區忠孝東路4段1號10樓,寵物食品及其用品零售業
28683878,神鼎興業有限公司,臺北市大安區忠孝東路4段295號3樓,寵物食品及其用品零售業
27959378,晴弘有限公司,臺北市文山區忠順街2段85巷17號5樓,寵物食品及其用品零售業
27966856,一擎實業有限公司,臺北市內湖區內湖路1段360巷6號8樓,寵物食品及其用品零售業
27994038,達爾文國際行銷有限公司,臺北市文山區羅斯福路6段298號3樓,寵物食品及其用品零售業
27994419,拓宇興業股份有限公司,臺北市內湖區瑞光路66巷25號1樓,寵物食品及其用品零售業
28009761,展拓創意有限公司,臺北市信義區基隆路2段167巷5之1號1樓,寵物食品及其用品零售業
28175183,塘采企業有限公司,臺北市大安區瑞安街135巷18之1號5樓,寵物食品及其用品零售業
28185458,鈞達國際有限公司,臺北市信義區忠孝東路5段1之1號10樓,寵物食品及其用品零售業
28188363,高登壹有限公司,臺北市信義區信義路5段5號,寵物食品及其用品零售業
28202512,銓諾國際有限公司,臺北市中山區民權西路35號12樓,寵物食品及其用品零售業
28208972,巧康婦嬰生活藥妝有限公司,臺北市文山區木新路3段262號,寵物食品及其用品零售業
28216369,京泰國際有限公司,臺北市松山區敦化南路1段100巷7弄5號1樓,寵物食品及其用品零售業
28218113,大衛營領袖訓練營有限公司,臺北市士林區天玉街38巷11之3號1樓及地下室,寵物食品及其用品零售業
28219443,德揚國際貿易有限公司,臺北市信義區忠孝東路5段492巷7號,寵物食品及其用品零售業
28219669,沅慶企業有限公司,臺北市萬華區昆明街280號5樓,寵物食品及其用品零售業
28222566,禾揚科技有限公司,臺北市文山區興隆路1段119號,寵物食品及其用品零售業
28224311,大城淨水有限公司,臺北市中山區松江路3號10樓,寵物食品及其用品零售業
28225732,四隻腳有限公司,臺北市中山區復興北路270號1樓,寵物食品及其用品零售業
28675700,寵物主義有限公司,臺北市信義區基隆路2段48號4樓之1,寵物食品及其用品零售業
28694615,冰河森林數位科技股份有限公司,臺北市信義區基隆路2段77號8樓之3,寵物食品及其用品零售業
28709027,磐偉國際股份有限公司,臺北市中山區松江路152號13樓,寵物食品及其用品零售業
28713991,壹農企業有限公司,臺北市士林區社子街33號1樓,寵物食品及其用品零售業
28828419,中央策略顧問有限公司,臺北市中正區開封街1段20－3號3樓,寵物食品及其用品零售業
28835283,尚維德企業有限公司,臺北市大安區復興南路1段50號12樓,寵物食品及其用品零售業
28840434,富邦行銷管理顧問有限公司,臺北市大安區忠孝東路4段311號5樓之3,寵物食品及其用品零售業
28842806,合坊有限公司,臺北市萬華區漢中街133號7樓之1,寵物食品及其用品零售業
28857568,皓商有限公司,臺北市中山區復興北路48號3樓,寵物食品及其用品零售業
28863718,非<U+9244>原創股份有限公司,臺北市內湖區安康路154號,寵物食品及其用品零售業
28868045,幸志國際有限公司,臺北市中正區重慶南路1段57號6樓之15,寵物食品及其用品零售業
29038498,貝崎股份有限公司,臺北市大安區忠孝東路4段166號10樓,寵物食品及其用品零售業
29039291,金英科技有限公司,臺北市內湖區新湖二路228號4樓,寵物食品及其用品零售業
29050485,吉村康有限公司,臺北市大安區羅斯福路3段335號9樓之2,寵物食品及其用品零售業
29079960,舒閔企業有限公司,臺北市大安區敦化南路2段104號7樓,寵物食品及其用品零售業
29090183,綠美達業有限公司,臺北市中山區新生北路3段84巷11號,寵物食品及其用品零售業
29091248,髮絲康專業健髮有限公司,臺北市中山區復興北路62號8樓,寵物食品及其用品零售業
29146715,鑫泰工程有限公司,臺北市北投區大度路怡和巷3弄34號,寵物食品及其用品零售業
30936879,亨地實業股份有限公司,臺北市大安區安和路2段65號11樓,寵物食品及其用品零售業
42613190,貓奶奶有限公司,臺北市萬華區環河南路2段92號、94號,寵物食品及其用品零售業
42616318,沛恩資訊股份有限公司,臺北市中山區民權西路79號2樓之3,寵物食品及其用品零售業
42617941,三也工程股份有限公司,臺北市中山區建國北路3段175號3樓,寵物食品及其用品零售業
42618435,汪喵星球有限公司,臺北市內湖區新明路328號5樓,寵物食品及其用品零售業
42623535,寵愛有家股份有限公司,臺北市大安區光復南路412號7樓之2,寵物食品及其用品零售業
42626174,欣鎮科技有限公司,臺北市信義區松德路10號7樓,寵物食品及其用品零售業
42627764,國躍整合行銷有限公司,臺北市信義區松仁路253巷9弄2號,寵物食品及其用品零售業
42629138,廣欣事業有限公司,臺北市大安區和平東路3段63號8樓,寵物食品及其用品零售業
42629411,十羽國際企業有限公司,臺北市信義區基隆路1段141號5樓之2,寵物食品及其用品零售業
42632339,海彥科技有限公司,臺北市中正區南昌路1段145號6樓,寵物食品及其用品零售業
42634218,中信全球國際物流股份有限公司,臺北市松山區南京東路3段259號11樓,寵物食品及其用品零售業
42636074,賽爾比國際時尚有限公司,臺北市萬華區中華路1段162之2號,寵物食品及其用品零售業
42636551,科蓉國際有限公司,臺北市士林區劍潭路73號6樓之1,寵物食品及其用品零售業
42640942,蜜拉媞有限公司,臺北市大同區承德路2段40號9樓,寵物食品及其用品零售業
42641421,泰豐全球股份有限公司,臺北市信義區東興路55號7樓,寵物食品及其用品零售業
42642131,永岳紙業有限公司,臺北市士林區延平北路5段257巷37號1樓,寵物食品及其用品零售業
42642625,成鴻國際管理顧問有限公司,臺北市中山區吉林路369號2樓之22,寵物食品及其用品零售業
42647163,冠岳科技有限公司,臺北市松山區南京東路4段171號11樓之3,寵物食品及其用品零售業
42648655,盛貿興業有限公司,臺北市中山區中山北路1段83巷5號8樓之6,寵物食品及其用品零售業
42652496,童夢園股份有限公司,臺北市大安區仁愛路3段94號3樓,寵物食品及其用品零售業
28697486,得如豐實業有限公司,臺北市信義區吳興街284巷22弄28號1樓,寵物食品及其用品零售業
28701030,我們好好股份有限公司,臺北市松山區新中街50號,寵物食品及其用品零售業
28705303,摩希網訊行銷股份有限公司,臺北市信義區信義路5段5號,寵物食品及其用品零售業
28711918,啟元生技有限公司,臺北市內湖區內湖路2段319號3樓,寵物食品及其用品零售業
28755458,照生企業股份有限公司,臺北市文山區羅斯福路5段39號,寵物食品及其用品零售業
28806962,喜閱藝術有限公司,臺北市信義區基隆路1段149號5樓之1,寵物食品及其用品零售業
28831483,訊揚行動科技股份有限公司,臺北市信義區松德路159號14樓,寵物食品及其用品零售業
28847324,捷達國際實業有限公司,臺北市內湖區康寧路3段16巷47號,寵物食品及其用品零售業
28853991,羿菁海洋生物有限公司,臺北市松山區民權東路5段28號1樓,寵物食品及其用品零售業
28864060,廣宇國際股份有限公司,臺北市大安區敦化南路2段267號13樓之5,寵物食品及其用品零售業
28869092,日辛國際企業有限公司,臺北市內湖區石潭路27號8樓之3,寵物食品及其用品零售業
28887562,皇后之心股份有限公司,臺北市北投區中央北路4段18巷32號1樓,寵物食品及其用品零售業
28939457,美淂行銷顧問有限公司,臺北市松山區南京東路5段239號6樓之20,寵物食品及其用品零售業
29035767,宇峻國際有限公司,臺北市中山區農安街109號,寵物食品及其用品零售業
29051533,特別行銷股份有限公司,臺北市信義區信義路4段415號13樓,寵物食品及其用品零售業
29055593,樺冠寵物美容精品有限公司,臺北市信義區松德路289號,寵物食品及其用品零售業
29070659,大金百貨通路有限公司,臺北市中山區錦州街417號5樓,寵物食品及其用品零售業
29074304,莎特有限公司,臺北市南港區忠孝東路6段468號1樓,寵物食品及其用品零售業
29074894,亞霖國際有限公司,臺北市松山區八德路3段12巷20弄9號1樓,寵物食品及其用品零售業
29080170,互動派有限公司,臺北市信義區忠孝東路4段559巷1號5樓,寵物食品及其用品零售業
28345125,吉品養生股份有限公司,臺北市大安區文昌街106號1樓,寵物食品及其用品零售業
28394390,晶曜實業有限公司,臺北市萬華區西園路1段41之2號,寵物食品及其用品零售業
28445721,荷泰光電有限公司,臺北市中山區南京東路3段189號8樓,寵物食品及其用品零售業
28452047,樂利數位科技股份有限公司,臺北市內湖區瑞光路258巷35號9樓,寵物食品及其用品零售業
28462869,花仙子生技股份有限公司,臺北市大同區承德路3段230號13樓,寵物食品及其用品零售業
28465015,廣合開發有限公司,臺北市內湖區安美街123號5樓,寵物食品及其用品零售業
28475029,謙喜股份有限公司,臺北市中山區新生北路2段15巷1-6號,寵物食品及其用品零售業
28510068,諾門創藝數位股份有限公司,臺北市信義區忠孝東路5段508號5樓之2,寵物食品及其用品零售業
28574920,亞堤士實業有限公司,臺北市北投區立農街1段279巷4弄2號2樓,寵物食品及其用品零售業
28677685,裕寶國際股份有限公司,臺北市信義區虎林街222巷39號,寵物食品及其用品零售業
28682300,長長來有限公司,臺北市萬華區廣州街78號,寵物食品及其用品零售業
28713599,明樓室內裝修設計有限公司,臺北市信義區松信路216號,寵物食品及其用品零售業
28715359,博科永業有限公司,臺北市士林區環河北路3段103號1樓,寵物食品及其用品零售業
29052786,風尚數位科技股份有限公司,臺北市大安區光復南路102號3樓,寵物食品及其用品零售業
29076464,彩虹橋有限公司,臺北市中山區建國北路3段96號3樓,寵物食品及其用品零售業
29087722,向米實業有限公司,臺北市內湖區東湖路43巷27號11樓,寵物食品及其用品零售業
29120763,財富方舟股份有限公司,臺北市松山區敦化北路303號12樓之1,寵物食品及其用品零售業
29163811,永騰國際貿易有限公司,臺北市萬華區長沙街2段91號2樓之6,寵物食品及其用品零售業
42611284,錢龍國際貿易有限公司,臺北市松山區南京東路5段45號,寵物食品及其用品零售業
42614228,可鼻阿爸的寶寶副食品有限公司,臺北市中山區民權東路2段92巷7弄20號1樓,寵物食品及其用品零售業
42614466,倍樂康國際有限公司,臺北市文山區忠順街2段14號1樓,寵物食品及其用品零售業
42618300,百年信息國際有限公司,臺北市松山區南京東路5段343號5樓,寵物食品及其用品零售業
42623198,億凡寵物國際有限公司,臺北市大同區重慶北路3段137巷14號,寵物食品及其用品零售業
42624295,大器創意有限公司,臺北市北投區尊賢街249巷23號2樓,寵物食品及其用品零售業
42624302,樂維活國際行銷有限公司,臺北市大安區忠孝東路4段221號10樓,寵物食品及其用品零售業
42625317,魅客國際行銷股份有限公司,臺北市大安區忠孝東路3段98號4樓,寵物食品及其用品零售業
42625359,優喜數位科技有限公司,臺北市大同區伊寧街46之1號,寵物食品及其用品零售業
42626300,永曨實業有限公司,臺北市士林區承德路4段179巷7號8樓之2,寵物食品及其用品零售業
42627027,樂品行銷有限公司,臺北市大安區四維路76巷19號1樓,寵物食品及其用品零售業
42629876,智盛生物科技有限公司,臺北市士林區承德路4段360號,寵物食品及其用品零售業
42634239,傑眾生技股份有限公司,臺北市信義區忠孝東路5段508號2樓之5,寵物食品及其用品零售業
42634272,利盈數位科技股份有限公司,臺北市大同區南京西路163號2樓之52,寵物食品及其用品零售業
42635504,沐澧國際企業有限公司,臺北市信義區忠孝東路5段508號2樓之1,寵物食品及其用品零售業
42636193,轉個彎整合行銷有限公司,臺北市萬華區萬大路277巷48號9樓之3,寵物食品及其用品零售業
42640062,東鉞國際股份有限公司,臺北市大安區忠孝東路4段162號4樓之4,寵物食品及其用品零售業
42643167,好時光寵物有限公司,臺北市內湖區民權東路6段170號,寵物食品及其用品零售業
42645812,洛可可有限公司,臺北市南港區東新街170巷41號3樓,寵物食品及其用品零售業
42652664,尚龍貿易有限公司,臺北市大安區光復南路412號7樓之2,寵物食品及其用品零售業
42653404,樹星應用科技有限公司,臺北市大安區忠孝東路4段148號9樓之1,寵物食品及其用品零售業
42653657,喜瑞國際有限公司,臺北市中山區復興南路1段20-1號2樓,寵物食品及其用品零售業
42653777,紅天國際商業有限公司,臺北市信義區基隆路1段400號9樓之3,寵物食品及其用品零售業
42655698,飛鳥文化事業有限公司,臺北市大安區杭州南路2段107號7樓,寵物食品及其用品零售業
42657632,愛老皮有限公司,臺北市士林區文林路699號2樓,寵物食品及其用品零售業
42658082,掌門仁有限公司,臺北市大安區忠孝東路4段270號7樓之1,寵物食品及其用品零售業
42822788,詩沛軒國際行銷股份有限公司,臺北市中山區民生東路1段58號8樓之3,寵物食品及其用品零售業
42824272,聖羅氏國際有限公司,臺北市中山區大直街119號2樓,寵物食品及其用品零售業
42831935,原純科技有限公司,臺北市萬華區大理街170巷54號,寵物食品及其用品零售業
42831941,卻斯特國際貿易有限公司,臺北市中山區民權東路2段148號3樓,寵物食品及其用品零售業
42836452,大秋實業有限公司,臺北市中山區天津街50號4樓,寵物食品及其用品零售業
42836777,韓台美妝批發有限公司,臺北市內湖區瑞光路548巷41弄1號,寵物食品及其用品零售業
42839107,高愛有限公司,臺北市信義區忠孝東路4段553巷16弄9號,寵物食品及其用品零售業
42841125,沛森綠美景有限公司,臺北市中山區建國北路3段75巷1號3樓,寵物食品及其用品零售業
42842026,欣展國際行銷股份有限公司,臺北市松山區八德路4段465號7樓,寵物食品及其用品零售業
42849415,尚雲生技有限公司,臺北市大同區承德路3段229號3樓之2,寵物食品及其用品零售業
42850067,富苑國際有限公司,臺北市信義區松隆路102號17樓,寵物食品及其用品零售業
29117182,波吉有限公司,臺北市中山區南京東路2段101號11樓,寵物食品及其用品零售業
29120932,鎧瑞科技股份有限公司,臺北市萬華區艋舺大道120巷38弄41號,寵物食品及其用品零售業
42610932,徐仁珍貿易有限公司,臺北市大同區歸綏街97巷8號,寵物食品及其用品零售業
42612208,阿比比有限公司,臺北市大同區長安西路202號,寵物食品及其用品零售業
42613889,廟算行銷股份有限公司,臺北市松山區敦化北路145巷9號2樓,寵物食品及其用品零售業
42614450,誼河傳播有限公司,臺北市士林區中正路707巷9之1號五樓,寵物食品及其用品零售業
42617196,泰迪寶貝有限公司,臺北市中山區樂群二路293號,寵物食品及其用品零售業
42619856,飛買家股份有限公司,臺北市中正區衡陽路51號2樓之1,寵物食品及其用品零售業
42620283,飛勢科技國際行銷股份有限公司,臺北市松山區八德路4段656號4樓,寵物食品及其用品零售業
42620559,禾御有限公司,臺北市內湖區東湖路113巷95弄77號3樓,寵物食品及其用品零售業
42620755,立明環球有限公司,臺北市內湖區康寧路3段99巷39弄31號5樓,寵物食品及其用品零售業
42621972,偷偷企業有限公司,臺北市大安區光復南路290巷1號5樓之1,寵物食品及其用品零售業
42622472,生活好了有限公司,臺北市信義區嘉興街175巷2弄2號,寵物食品及其用品零售業
42624957,良森國際股份有限公司,臺北市大安區信義路4段281號11樓,寵物食品及其用品零售業
42628383,頑皮狗狗好寵物用品有限公司,臺北市文山區福興路102-2號2樓,寵物食品及其用品零售業
42631514,天空商城有限公司,臺北市松山區八德路4段699號11樓之1,寵物食品及其用品零售業
42631991,頌易禾多元行銷有限公司,臺北市中正區寧波西街78號2樓之1,寵物食品及其用品零售業
42632942,買花樣有限公司,臺北市中山區南京東路2段76號4樓,寵物食品及其用品零售業
42637257,生紀有限公司,臺北市中正區杭州南路1段143巷1號3樓,寵物食品及其用品零售業
42638376,仁山企業有限公司,臺北市中山區復興北路156號2樓,寵物食品及其用品零售業
28809779,竑侑國際貿易有限公司,臺北市中正區和平西路1段126號2樓之1,寵物食品及其用品零售業
28831006,懷遠有限公司,臺北市中山區龍江路21巷1號1樓,寵物食品及其用品零售業
28832188,奇思科技整合行銷有限公司,臺北市大安區仁愛路3段143巷21號5樓之1,寵物食品及其用品零售業
28842101,豪傑興業有限公司,臺北市大安區敦化南路1段289號2樓,寵物食品及其用品零售業
28844831,予朵有限公司,臺北市信義區基隆路1段155號13樓之5,寵物食品及其用品零售業
28934312,蕾莎產業有限公司,臺北市內湖區瑞光路122巷71弄2號,寵物食品及其用品零售業
29035725,遠通科技顧問股份有限公司,臺北市松山區復興北路167號12樓之2,寵物食品及其用品零售業
29042438,大盒創意整合有限公司,臺北市中山區中山北路2段112號4樓之3,寵物食品及其用品零售業
29055209,台崴科技有限公司,臺北市信義區基隆路2段77號4樓之3,寵物食品及其用品零售業
29064241,康悅國際有限公司,臺北市中正區重慶南路1段121號5樓之12,寵物食品及其用品零售業
29066846,夢公園有限公司,臺北市松山區八德路4段626號地下室,寵物食品及其用品零售業
29069941,鴻創國際貿易有限公司,臺北市松山區東寧路13號1樓,寵物食品及其用品零售業
42651898,尚品萊客有限公司,臺北市信義區忠孝東路5段1之6號10樓,寵物食品及其用品零售業
42655418,欣耀國際股份有限公司,臺北市中山區南京東路3段70號4樓,寵物食品及其用品零售業
42656084,鈞濠豐國際貿易有限公司,臺北市信義區永吉路201號地下一層,寵物食品及其用品零售業
42657008,晟盟國際有限公司,臺北市大安區忠孝東路4段221號10樓,寵物食品及其用品零售業
42657767,百宜特有限公司,臺北市士林區後港街129號,寵物食品及其用品零售業
42658604,八達網股份有限公司,臺北市松山區民生東路5段186號5樓,寵物食品及其用品零售業
42822794,樂海開發股份有限公司,臺北市中正區重慶南路1段47號,寵物食品及其用品零售業
42825342,痦授蛈陪迨膝q,臺北市萬華區長沙街2段11號5樓之17,寵物食品及其用品零售業
42826829,八爪研創國際有限公司,臺北市士林區文林路575號3樓,寵物食品及其用品零售業
42828586,伍酉唐生機有限公司,臺北市大安區通化街188號8樓,寵物食品及其用品零售業
42833363,迪捷有限公司,臺北市信義區吳興街350巷28號2樓,寵物食品及其用品零售業
42834026,麥德倫國際有限公司,臺北市大安區忠孝東路4段320號2樓,寵物食品及其用品零售業
42834671,維爾康天然小舖有限公司,臺北市文山區木新路2段79巷6弄20號4樓,寵物食品及其用品零售業
42835003,新業群策商務有限公司,臺北市中正區忠孝西路1段50號22樓之15,寵物食品及其用品零售業
42835860,昂樂寵物精品有限公司,臺北市中山區長安東路1段55之2號3樓,寵物食品及其用品零售業
42836002,一頁數位有限公司,臺北市內湖區康樂街227號,寵物食品及其用品零售業
42841357,旺寶興業股份有限公司,臺北市中山區中山北路2段62巷32號1樓,寵物食品及其用品零售業
42848611,正全國際有限公司,臺北市中山區民生東路2段30號,寵物食品及其用品零售業
42848767,屹閎有限公司,臺北市士林區承德路4段190號,寵物食品及其用品零售業
42849490,繪想設計有限公司,臺北市中山區民權東路2段92巷1弄10號1樓,寵物食品及其用品零售業
53006355,貝里斯商知路國際全方位顧問有限公司,臺北市大安區仁愛路4段145號6樓,寵物食品及其用品零售業
53022088,日商大和房屋工業股份有限公司,臺北市中正區忠孝西路1段6號9樓,寵物食品及其用品零售業
53079602,大口心一創意有限公司,臺北市信義區忠孝東路5段1之1號10樓,寵物食品及其用品零售業
53079899,甜膠囊實業有限公司,臺北市松山區南京東路5段286巷1號1樓,寵物食品及其用品零售業
53082965,風采水族有限公司,臺北市士林區中山北路6段732號1樓,寵物食品及其用品零售業
53083704,英富達有限公司,臺北市中山區復興北路66號12樓之3,寵物食品及其用品零售業
53084751,楠島貿易有限公司,臺北市大同區保安街1之12號2樓之12,寵物食品及其用品零售業
53095342,野浩室有限公司,臺北市中山區民族東路2號2樓,寵物食品及其用品零售業
53101885,君驫國際有限公司,臺北市內湖區堤頂大道2段497號9樓之7,寵物食品及其用品零售業
53107537,晟盟科技股份有限公司,臺北市中山區南京東路2段28號2樓,寵物食品及其用品零售業
53119554,戴樂哈斯有限公司,臺北市內湖區洲子街112號,寵物食品及其用品零售業
53123332,彥翔科技有限公司,臺北市北投區中央南路2段28號,寵物食品及其用品零售業
53127132,邦銘國際有限公司,臺北市中正區忠孝東路2段116號3樓,寵物食品及其用品零售業
53127338,全球優勢行動國際有限公司,臺北市中山區松江路185號14樓之6,寵物食品及其用品零售業
53153187,博懋國際有限公司,臺北市中正區臨沂街57巷28號1樓,寵物食品及其用品零售業
53156781,奇基長新股份有限公司,臺北市大安區敦化南路1段205號7樓之5,寵物食品及其用品零售業
53157326,寵樂保健康管理顧問股份有限公司,臺北市大安區羅斯福路3段237號2樓之1,寵物食品及其用品零售業
42639656,易必購股份有限公司,臺北市大安區信義路4段184號9樓,寵物食品及其用品零售業
42641246,杜鵑貓股份有限公司,臺北市中山區北安路458巷41弄52號,寵物食品及其用品零售業
42643722,<U+6E76>聖有限公司,臺北市北投區中和街272號,寵物食品及其用品零售業
42645088,樸石設計有限公司,臺北市信義區信義路6段33巷5號2樓之3,寵物食品及其用品零售業
42645735,達比阿拉伯商貿有限公司,臺北市士林區中山北路7段114巷41弄19號6樓之4,寵物食品及其用品零售業
42646143,好運到國際行銷有限公司,臺北市大安區敦化南路2段180號8樓,寵物食品及其用品零售業
42647662,艾莫芽學苑股份有限公司,臺北市士林區士東路220號1樓,寵物食品及其用品零售業
42648022,兔兔日子股份有限公司,臺北市內湖區內湖路1段387巷3弄7號,寵物食品及其用品零售業
42651969,甜蜜自造有限公司,臺北市中正區汀州路2段201巷7號1樓,寵物食品及其用品零售業
42654277,酷史達克股份有限公司,臺北市大安區敦化南路1段205號7樓之5,寵物食品及其用品零售業
42654945,似我有限公司,臺北市大安區忠孝東路4段270號17樓,寵物食品及其用品零售業
42657464,小確幸國際有限公司,臺北市信義區忠孝東路5段1之1號8樓,寵物食品及其用品零售業
42657725,奕齊國際有限公司,臺北市士林區小西街1之12號,寵物食品及其用品零售業
42658301,米之樂股份有限公司,臺北市內湖區安泰街125巷6號8樓之1,寵物食品及其用品零售業
42659815,堉閎生技有限公司,臺北市中山區南京東路3段189號4樓,寵物食品及其用品零售業
42825785,妃斐行銷有限公司,臺北市大同區承德路1段83號3樓之3,寵物食品及其用品零售業
42828538,薌禾有限公司,臺北市大安區忠孝東路4段221號10樓,寵物食品及其用品零售業
42830400,京亮有限公司,臺北市信義區忠孝東路5段1之1號13樓,寵物食品及其用品零售業
42831029,好魅力市集股份有限公司,臺北市中山區中山北路2段42巷4號1樓,寵物食品及其用品零售業
42831392,翰霈實業有限公司,臺北市文山區興隆路3段207巷5弄8號2樓,寵物食品及其用品零售業
29071242,南兜創意有限公司,臺北市文山區溪口街85巷10弄7號2樓,寵物食品及其用品零售業
29071974,祐強醫療儀器有限公司,臺北市內湖區東湖路160巷10弄28號,寵物食品及其用品零售業
29073712,植樹創意有限公司,臺北市中山區民權東路1段70巷6號4樓,寵物食品及其用品零售業
29075107,富景國際開發有限公司,臺北市中山區民權東路3段75巷2弄10號1樓,寵物食品及其用品零售業
29075649,馥萌國際有限公司,臺北市大同區迪化街1段32巷22號,寵物食品及其用品零售業
29078478,九世國際有限公司,臺北市大同區歸綏街209號10樓,寵物食品及其用品零售業
29175210,寶島發電子商務有限公司,臺北市萬華區成都路67號4樓,寵物食品及其用品零售業
42611334,心文國際有限公司,臺北市大同區南京西路398號1樓,寵物食品及其用品零售業
42612256,美力安國際有限公司,臺北市萬華區東園街68之7號,寵物食品及其用品零售業
42615227,普林特有限公司,臺北市松山區八德路4段245巷32弄34號1樓,寵物食品及其用品零售業
42617127,日盛儀器有限公司,臺北市大安區忠孝東路3段305號6樓之1,寵物食品及其用品零售業
42617371,嵐灣國際貿易有限公司,臺北市大安區復興南路1段243號6樓,寵物食品及其用品零售業
53085127,耀發生物科技有限公司,臺北市萬華區西藏路125巷11號7樓之2,寵物食品及其用品零售業
53087379,松益網路事業有限公司,臺北市大同區寧夏路155號7樓,寵物食品及其用品零售業
53090000,魔法媽媽有限公司,臺北市萬華區中華路2段336號5樓之34,寵物食品及其用品零售業
53090260,雙連數位科技有限公司,臺北市大同區涼州街36號1樓,寵物食品及其用品零售業
53095080,悍馬製鞋工業有限公司,臺北市中正區中華路1段77號11樓之2,寵物食品及其用品零售業
53096481,綠映企業有限公司,臺北市信義區市民大道6段238號1樓,寵物食品及其用品零售業
53096671,森宏生技股份有限公司,臺北市南港區忠孝東路5段815號6樓,寵物食品及其用品零售業
53098559,碧薾暄生物科技股份有限公司,臺北市大安區安和路2段70號9樓之2,寵物食品及其用品零售業
53099537,富森昇生活國際有限公司,臺北市士林區劍潭路55巷20號,寵物食品及其用品零售業
53106072,網通益購科技有限公司,臺北市大安區復興南路2段329號4樓之1,寵物食品及其用品零售業
53107733,珊瑚海貿易有限公司,臺北市松山區民權東路5段76號,寵物食品及其用品零售業
53109985,鉅益國際有限公司,臺北市大同區民族西路226號,寵物食品及其用品零售業
53110152,黃金約櫃行銷有限公司,臺北市大安區和平東路3段20號8樓,寵物食品及其用品零售業
53118372,大方娛樂整合行銷有限公司,臺北市松山區南京東路4段171號5樓,寵物食品及其用品零售業
53118909,共贏科技股份有限公司,臺北市大安區延吉街131巷26號地下,寵物食品及其用品零售業
53119338,台北狗學校有限公司,臺北市萬華區漢口街2段20巷7號1樓,寵物食品及其用品零售業
53126909,筐禾企業有限公司,臺北市信義區基隆路2段23號8樓之5,寵物食品及其用品零售業
53184479,述坤企業有限公司,臺北市中山區北安路588巷19號,寵物食品及其用品零售業
53190676,皇品建設開發有限公司,臺北市大安區信義路3段109之7號2樓,寵物食品及其用品零售業
53192175,艾欣有限公司,臺北市文山區羅斯福路5段218巷6弄14號1樓,寵物食品及其用品零售業
53229102,寶蕎有限公司,臺北市內湖區安泰街129巷5號3樓,寵物食品及其用品零售業
53310216,晶璨股份有限公司,臺北市大安區忠孝東路3段223-2號,寵物食品及其用品零售業
53317885,儀<U+83D3>國際有限公司,臺北市士林區天母西路3號7樓之22,寵物食品及其用品零售業
53323535,禾協生物科技股份有限公司,臺北市大安區仁愛路3段5巷14號,寵物食品及其用品零售業
53325581,運和生技有限公司,臺北市中正區重慶南路1段57號9樓之10,寵物食品及其用品零售業
53326370,浩旭實業有限公司,臺北市中正區信義路2段101號3樓之10,寵物食品及其用品零售業
53327048,晟達生活科技股份有限公司,臺北市中山區德惠街23號4樓之1,寵物食品及其用品零售業
53328763,艾享創意有限公司,臺北市松山區民族東路666號1樓,寵物食品及其用品零售業
53341180,宏廷生物科技有限公司,臺北市松山區寶清街34號1樓,寵物食品及其用品零售業
53349731,應科生物科技股份有限公司,臺北市中山區中山北路3段57號6樓,寵物食品及其用品零售業
53358007,鑫晨有限公司,臺北市萬華區西昌街124號4樓,寵物食品及其用品零售業
53412488,霹麗創意行銷股份有限公司,臺北市南港區研究院路1段65巷10號1樓,寵物食品及其用品零售業
53454395,鉅振貿易有限公司,臺北市中山區農安街24之4號2樓,寵物食品及其用品零售業
42835685,元萃國際股份有限公司,臺北市中山區松江路152號13樓,寵物食品及其用品零售業
42835974,璞萃科技管理顧問有限公司,臺北市大安區和平東路2段265巷3號1樓,寵物食品及其用品零售業
42838374,普樂可股份有限公司,臺北市中山區松江路3號3樓之4,寵物食品及其用品零售業
42838917,咖發國際貿易有限公司,臺北市中正區汀州路3段45號8樓,寵物食品及其用品零售業
42840266,動無限創意有限公司,臺北市大安區忠孝東路4段169號12樓之1,寵物食品及其用品零售業
42845207,成悅實業有限公司,臺北市松山區南京東路4段130號2樓之1,寵物食品及其用品零售業
42846206,大瑭國際企業有限公司,臺北市中山區南京東路2段137號14樓,寵物食品及其用品零售業
42846867,樂薇國際有限公司,臺北市中正區漢口街1段110號9樓之13,寵物食品及其用品零售業
42847140,騰懿國際有限公司,臺北市大安區忠孝東路4段221號10樓,寵物食品及其用品零售業
42849739,百德生活科技有限公司,臺北市中山區農安街273號6樓之2,寵物食品及其用品零售業
53083198,燊櫟有限公司,臺北市信義區和平東路3段341巷12號3樓,寵物食品及其用品零售業
53089952,大堂創意有限公司,臺北市中山區長安東路2段246號12樓(B室),寵物食品及其用品零售業
53092318,信福資產股份有限公司,臺北市中山區南京東路2段11號9樓,寵物食品及其用品零售業
53095151,豐亞科技股份有限公司,臺北市南港區忠孝東路6段81巷2號3樓,寵物食品及其用品零售業
53099425,富芮國際有限公司,臺北市中山區樂群二路95號5樓之2,寵物食品及其用品零售業
53104996,漢必斯實業有限公司,臺北市大安區忠孝東路4段206之1號4樓,寵物食品及其用品零售業
53108120,法雅氏有限公司,臺北市中山區敬業一路139號4樓之6,寵物食品及其用品零售業
53109182,新構想企業有限公司,臺北市中正區信義路2段101號4樓之1,寵物食品及其用品零售業
53112200,毓晨國際有限公司,臺北市大同區重慶北路3段82號,寵物食品及其用品零售業
53118957,崇儉實業有限公司,臺北市大同區太原路54之1號3樓,寵物食品及其用品零售業
53121995,昊心有限公司,臺北市松山區民生東路5段69巷1弄45號5樓,寵物食品及其用品零售業
53125535,旺咪寶企業有限公司,臺北市中山區新生北路1段9號1樓,寵物食品及其用品零售業
53125937,格子窩創意有限公司,臺北市大同區天水路41號(4樓),寵物食品及其用品零售業
53181352,金品百貨有限公司,臺北市大同區迪化街2段426號1樓,寵物食品及其用品零售業
42617506,貓博士有限公司,臺北市大安區基隆路2段114號,寵物食品及其用品零售業
42618054,勇創企業有限公司,臺北市文山區景華街176巷2之1號3樓,寵物食品及其用品零售業
42618723,萊特整合行銷股份有限公司,臺北市中山區民權東路3段16號15樓之1,寵物食品及其用品零售業
42619271,橙美科技股份有限公司,臺北市中山區中山北路2段96號10樓,寵物食品及其用品零售業
42621353,優佳心有限公司,臺北市松山區復興北路181號2樓,寵物食品及其用品零售業
42621635,小林生活良品有限公司,臺北市信義區忠孝東路5段1之3號14樓,寵物食品及其用品零售業
42622846,伸浩整合行銷股份有限公司,臺北市松山區南京東路4段11號4樓,寵物食品及其用品零售業
42630509,旭海生物科技有限公司,臺北市大安區通化街105號,寵物食品及其用品零售業
42630677,睿斯國際有限公司,臺北市中山區松江路17號9樓,寵物食品及其用品零售業
42630769,綠光光空間視覺傳達設計有限公司,臺北市信義區松山路656巷7號4樓,寵物食品及其用品零售業
42632056,黑熊華夫有限公司,臺北市大安區復興南路1段295巷13弄2號,寵物食品及其用品零售業
42632106,鑫欣豐股份有限公司,臺北市信義區東興路51號5樓,寵物食品及其用品零售業
42632160,艾羅開發有限公司,臺北市中山區民生東路1段29號6樓之2,寵物食品及其用品零售業
42633506,台灣糧品股份有限公司,臺北市士林區德行東路189號1樓,寵物食品及其用品零售業
42634723,頂軒數位科技股份有限公司,臺北市中山區松江路51號8樓之1,寵物食品及其用品零售業
42634998,台灣聯合戶外用品股份有限公司,臺北市信義區松德路171號10樓之2,寵物食品及其用品零售業
42637046,相達國際有限公司,臺北市信義區忠孝東路5段1之8號12樓,寵物食品及其用品零售業
42638185,絕佳策略有限公司,臺北市大安區信義路2段72號地下,寵物食品及其用品零售業
42640507,睿真科技股份有限公司,臺北市南港區興中路28巷28號19樓之1,寵物食品及其用品零售業
42642322,水沃供應鏈科技股份有限公司,臺北市中山區長安東路2段169-6號7樓之3,寵物食品及其用品零售業
42643384,悅源股份有限公司,臺北市松山區慶城街50號1樓,寵物食品及其用品零售業
42645658,夢蓮實業有限公司,臺北市信義區基隆路2段149之49號11樓之4,寵物食品及其用品零售業
42647332,我橙股份有限公司,臺北市中正區杭州北路22號8樓之1,寵物食品及其用品零售業
42647591,中美健康管理顧問股份有限公司,臺北市中山區南京東路3段210號6樓,寵物食品及其用品零售業
42648199,言態科技有限公司,臺北市大安區忠孝東路4段169號12樓,寵物食品及其用品零售業
42649660,家庭購便利國際有限公司,臺北市信義區基隆路1段143號4樓之8,寵物食品及其用品零售業
42650899,廿一世紀數位科技有限公司,臺北市信義區基隆路一段163號2樓之2,寵物食品及其用品零售業
42650954,美會說國際有限公司,臺北市松山區南京東路5段405號7樓之4,寵物食品及其用品零售業
42651314,紐佩有限公司,臺北市中正區林森南路120號,寵物食品及其用品零售業
42653072,亞彥時尚創藝設計有限公司,臺北市大安區忠孝東路4段221號10樓,寵物食品及其用品零售業
42656789,天空商城有限公司,臺北市松山區八德路4段699號11樓之1,寵物食品及其用品零售業
42657422,美加貝爾維諾有限公司,臺北市松山區八德路2段399號9樓之12,寵物食品及其用品零售業
42820727,葛洛利股份有限公司,臺北市松山區民生東路5段186號5樓,寵物食品及其用品零售業
53488769,悠遊國際實業股份有限公司,臺北市信義區信義路4段415號4樓之2,寵物食品及其用品零售業
53520043,方糖國際有限公司,臺北市士林區承德路4段6巷36號1樓,寵物食品及其用品零售業
53530099,大公國際有限公司,臺北市中正區忠孝西路1段33號7樓,寵物食品及其用品零售業
53534308,勁群實業有限公司,臺北市萬華區西昌街143號3樓,寵物食品及其用品零售業
53534399,富相生活股份有限公司,臺北市內湖區民權東路6段180巷66號,寵物食品及其用品零售業
53549674,台灣愛連股份有限公司,臺北市大安區忠孝東路4段170巷22號1樓,寵物食品及其用品零售業
53555751,詠哲國際有限公司,臺北市中正區南海路20號4樓,寵物食品及其用品零售業
53556745,金洋國際開發有限公司,臺北市大安區信義路4段187號7樓,寵物食品及其用品零售業
53560781,威俐國際有限公司,臺北市信義區基隆路1段380巷1號1樓,寵物食品及其用品零售業
53564647,費南度有限公司,臺北市中山區復興北路48號3樓,寵物食品及其用品零售業
53567567,綠鼎生技股份有限公司,臺北市信義區信義路4段415號2樓,寵物食品及其用品零售業
53604943,墩城科技有限公司,臺北市中山區復興北路48號3樓,寵物食品及其用品零售業
53673808,英屬維京群島商瑪立樂國際有限公司,臺北市內湖區洲子街150號3樓,寵物食品及其用品零售業
53283858,佳彥國際有限公司,臺北市大同區天水路32號10樓,寵物食品及其用品零售業
53309528,華商寵物用品有限公司,臺北市大同區承德路2段193號5樓之1,寵物食品及其用品零售業
53310807,芝<U+8534>國際有限公司,臺北市內湖區環山路2段10巷8弄6號2樓,寵物食品及其用品零售業
53316020,明德開發股份有限公司,臺北市中山區中山北路2段42巷12號,寵物食品及其用品零售業
53320024,御品國際實業有限公司,臺北市北投區懷德街84巷3號1樓,寵物食品及其用品零售業
53323161,廬醫山本草生技股份有限公司,臺北市中正區忠孝東路2段100號5樓、5樓之1,寵物食品及其用品零售業
53323937,無限創意科技工程有限公司,臺北市信義區松德路10號7樓,寵物食品及其用品零售業
53332871,宸藝有限公司,臺北市萬華區桂林路244巷28號2樓,寵物食品及其用品零售業
53335722,如果生技股份有限公司,臺北市中正區懷寧街48號4樓,寵物食品及其用品零售業
53341956,斐優國際股份有限公司,臺北市信義區松山路130號6樓,寵物食品及其用品零售業
53348043,居家市集股份有限公司,臺北市中山區建國北路1段35號5樓,寵物食品及其用品零售業
53349296,福佑婦嬰生活館有限公司,臺北市北投區中和街299號1樓,寵物食品及其用品零售業
53316540,家欣網購有限公司,臺北市士林區中山北路7段62之5號4樓,寵物食品及其用品零售業
53319315,凱譯文化有限公司,臺北市中正區思源街12-4號7樓,寵物食品及其用品零售業
53320559,軒盈貿易有限公司,臺北市內湖區民權東路6段280巷45弄23號3樓,寵物食品及其用品零售業
53324268,丹揚國際顧問有限公司,臺北市大安區和平東路2段347號14樓之3,寵物食品及其用品零售業
53327342,科展國際生技有限公司,臺北市士林區前港街116號,寵物食品及其用品零售業
53330352,伊莎寵物精品有限公司,臺北市大安區通化街205號1樓,寵物食品及其用品零售業
53333246,籐濱實業有限公司,臺北市中山區松江路31號6樓之2,寵物食品及其用品零售業
53338431,好易及有限公司,臺北市士林區中山北路5段806號,寵物食品及其用品零售業
53338657,菲綝貿易有限公司,臺北市內湖區港墘路82巷7弄13號1樓,寵物食品及其用品零售業
53342478,澳立芙國際有限公司,臺北市大安區信義路2段44巷4弄1號2樓,寵物食品及其用品零售業
53348254,偉恩設計有限公司,臺北市大安區敦化南路2段63巷54弄2號,寵物食品及其用品零售業
53422417,嶸昌專業伴侶動物企業有限公司,臺北市大安區忠孝東路4段270號17樓,寵物食品及其用品零售業
42825912,沛邦科技有限公司,臺北市大安區永康街77號4樓,寵物食品及其用品零售業
42827643,安可可有限公司,臺北市萬華區德昌街7巷16號2樓,寵物食品及其用品零售業
42830485,箱民網絡股份有限公司,臺北市中正區辛亥路1段33號2樓,寵物食品及其用品零售業
42831479,紐萊賜有限公司,臺北市中山區長安東路2段142號3樓之3,寵物食品及其用品零售業
42833650,爪伙伴國際貿易有限公司,臺北市中正區重慶南路1段83號6樓,寵物食品及其用品零售業
42833933,必康生技股份有限公司,臺北市內湖區洲子街58號1樓,寵物食品及其用品零售業
42836404,毛孩殿有限公司,臺北市大安區忠孝東路4段59號10樓之2,寵物食品及其用品零售業
42840625,立擎實業有限公司,臺北市信義區吳興街354號1樓,寵物食品及其用品零售業
42842095,余記貿易有限公司,臺北市大安區忠孝東路3段248巷65號,寵物食品及其用品零售業
42842476,台灣皇家寵物食品有限公司,臺北市內湖區基湖路3巷9號7樓之2,寵物食品及其用品零售業
42842840,顏旭有限公司,臺北市士林區中正路212巷4弄11號1樓,寵物食品及其用品零售業
42845451,台灣派德樂有限公司,臺北市中山區南京東路2段137號14樓,寵物食品及其用品零售業
42846661,愛瘦美網路傳媒有限公司,臺北市文山區興隆路2段95巷3號1樓,寵物食品及其用品零售業
42847319,世代街區股份有限公司,臺北市大同區迪化街1段167號,寵物食品及其用品零售業
53081305,好品創作有限公司,臺北市中正區重慶南路3段66號,寵物食品及其用品零售業
53081348,東樂國際有限公司,臺北市內湖區民權東路6段180巷6號8樓之1,寵物食品及其用品零售業
53084719,日均科技有限公司,臺北市中正區忠孝西路1段33號7樓,寵物食品及其用品零售業
53087716,凱唯國際企業有限公司,臺北市松山區南京東路5段16號11樓之3,寵物食品及其用品零售業
53088911,鴻寶管理顧問有限公司,臺北市信義區松信路98號1樓,寵物食品及其用品零售業
53090536,艾爾瑪有限公司,臺北市信義區仁愛路4段452巷8號1樓,寵物食品及其用品零售業
53091113,軍翰科技有限公司,臺北市信義區松德路26號7樓,寵物食品及其用品零售業
53100020,雲集貿易有限公司,臺北市萬華區興義街55號1樓,寵物食品及其用品零售業
53104004,承輝國際行銷股份有限公司,臺北市大安區敦化南路2段281號,寵物食品及其用品零售業
53105643,玨灃實業有限公司,臺北市南港區成福路180巷11號2樓,寵物食品及其用品零售業
53112243,人宇數位科技有限公司,臺北市中山區合江街188巷14號1樓,寵物食品及其用品零售業
53116281,瑪斯卡琳國際有限公司,臺北市大安區樂業街159巷16號7樓,寵物食品及其用品零售業
53119560,彩石有限公司,臺北市內湖區瑞光路168號3樓之2,寵物食品及其用品零售業
53120927,華苰企業有限公司,臺北市中山區長安東路1段75之1號2樓,寵物食品及其用品零售業
53124901,炫煬國際行銷股份有限公司,臺北市中正區詔安街220巷5號,寵物食品及其用品零售業
53127409,萬昌商業有限公司,臺北市中山區南京東路2段38號11樓,寵物食品及其用品零售業
53733664,群蕾國際有限公司,臺北市松山區敦化北路100號地下之1,寵物食品及其用品零售業
53740567,喬依思行銷創意有限公司,臺北市中山區濱江街134號1樓,寵物食品及其用品零售業
53740969,可可婦嬰生活館有限公司,臺北市南港區研究院路2段36號,寵物食品及其用品零售業
53741257,常源生技有限公司,臺北市士林區德行東路189號1樓,寵物食品及其用品零售業
53743683,富士家國際有限公司,臺北市內湖區金莊路86號11樓之2,寵物食品及其用品零售業
53745248,朵娜國際股份有限公司,臺北市松山區敦化北路309號3樓之3,寵物食品及其用品零售業
53749390,合欣生物科技有限公司,臺北市信義區吳興街362號7樓,寵物食品及其用品零售業
53752107,天空之窗流通行銷有限公司,臺北市中山區建國北路2段147號9樓之3,寵物食品及其用品零售業
53754935,美而饌有限公司,臺北市文山區景福街29號2樓,寵物食品及其用品零售業
53760943,異想電影有限公司,臺北市中正區羅斯福路2段48巷3號,寵物食品及其用品零售業
53763081,全球希望有限公司,臺北市松山區敦化北路167號17樓,寵物食品及其用品零售業
53763152,凱京隆有限公司,臺北市中山區松江路289之602號6樓,寵物食品及其用品零售業
53771189,錢酷事業有限公司,臺北市中山區民權西路79號4樓之1,寵物食品及其用品零售業
53772096,台灣樂菲股份有限公司,臺北市大安區仁愛路4段418號,寵物食品及其用品零售業
53772878,比富亞國際股份有限公司,臺北市松山區八德路4段172號3樓,寵物食品及其用品零售業
53451778,熱情設計創意有限公司,臺北市大安區仁愛路4段107號7樓,寵物食品及其用品零售業
53531415,火蟻國際行銷有限公司,臺北市中山區新生北路2段127巷42號1樓,寵物食品及其用品零售業
53534264,名坊創意有限公司,臺北市萬華區開封街2段32號6樓,寵物食品及其用品零售業
53534692,上路心喜媒體科技有限公司,臺北市內湖區瑞光路513巷36號3樓,寵物食品及其用品零售業
53538493,金視<U+9753>科技有限公司,臺北市士林區雨農路10號3樓之3,寵物食品及其用品零售業
53552240,艾美迪雅股份有限公司,臺北市大安區忠孝東路3段136號11樓之1,寵物食品及其用品零售業
53559861,優視生物科技有限公司,臺北市萬華區西園路2段155號11樓,寵物食品及其用品零售業
53563181,山淬有限公司,臺北市大安區和平東路2段42號12樓之1,寵物食品及其用品零售業
53681841,星惠國際有限公司,臺北市大安區基隆路2段136號6樓之2,寵物食品及其用品零售業
53692452,心翼股份有限公司,臺北市萬華區武昌街2段122之1號,寵物食品及其用品零售業
53704892,啟妍有限公司,臺北市中山區松江路182號11樓之1,寵物食品及其用品零售業
53720181,視界新科藝有限公司,臺北市中山區松江路42號12樓之11,寵物食品及其用品零售業
53525407,帕尼特國際股份有限公司,臺北市士林區忠誠路2段70巷3號1樓,寵物食品及其用品零售業
53526898,酷比網路股份有限公司,臺北市大安區忠孝東路4段148號4樓之6,寵物食品及其用品零售業
53530274,彥勳國際有限公司,臺北市士林區延平北路5段163巷38號1樓,寵物食品及其用品零售業
53536170,賽恩威特股份有限公司,臺北市中山區復興南路1段50號12樓,寵物食品及其用品零售業
53539937,丰雲資訊股份有限公司,臺北市內湖區新明路228號4樓,寵物食品及其用品零售業
53542525,金采影像科技有限公司,臺北市信義區松德路65號11樓之2,寵物食品及其用品零售業
53543101,百衛國際事業有限公司,臺北市士林區文林路740巷2號1樓,寵物食品及其用品零售業
53543685,三茵股份有限公司,臺北市大安區市民大道4段102號14樓,寵物食品及其用品零售業
53551501,健豐生物科技有限公司,臺北市中山區南京西路1之1號7樓,寵物食品及其用品零售業
53557110,富偉管理顧問有限公司,臺北市中山區林森北路356號9樓,寵物食品及其用品零售業
53559052,劼尼克國際資訊股份有限公司,臺北市內湖區新湖一路36巷36號3樓,寵物食品及其用品零售業
53568051,臺灣蔬活股份有限公司,臺北市中山區一江街1號,寵物食品及其用品零售業
53568453,全能狗有限公司,臺北市松山區撫遠街369巷16號1樓,寵物食品及其用品零售業
53185006,艾羅企業有限公司,臺北市中山區渭水路3巷36號6樓之4,寵物食品及其用品零售業
53196257,藍海水科技股份有限公司,臺北市松山區基隆路1段10號16樓之1,寵物食品及其用品零售業
53201815,惠森國際有限公司,臺北市中正區中華路1段59號7樓,寵物食品及其用品零售業
53311550,有關創意有限公司,臺北市南港區八德路4段871號5樓,寵物食品及其用品零售業
53318857,墨鈞國際有限公司,臺北市松山區民族東路689號1樓,寵物食品及其用品零售業
53319531,奧納爾國際有限公司,臺北市松山區南京東路5段8號5樓,寵物食品及其用品零售業
53319791,潔羽國際有限公司,臺北市萬華區長沙街2段155號5樓,寵物食品及其用品零售業
53327814,住友重工有限公司,臺北市北投區致遠一路2段50號1樓,寵物食品及其用品零售業
53331916,台灣欣恆美股份有限公司,臺北市中山區明水路659號,寵物食品及其用品零售業
53350672,富承科技股份有限公司,臺北市內湖區文德路207巷5弄1號,寵物食品及其用品零售業
53353761,聖合成有限公司,臺北市松山區八德路4段711號1~3樓,寵物食品及其用品零售業
53914969,藝荳國際有限公司,臺北市中正區忠孝西路1段33號7樓,寵物食品及其用品零售業
53915101,宸鼎國際有限公司,臺北市大安區復興南路1段368號13樓,寵物食品及其用品零售業
53920596,鈺聲行銷有限公司,臺北市松山區復興北路369號4樓,寵物食品及其用品零售業
53922172,魔法魚有限公司,臺北市松山區民權東路5段34號1樓,寵物食品及其用品零售業
53924832,電電購股份有限公司,臺北市內湖區舊宗路1段159號3樓,寵物食品及其用品零售業
53925190,三友藥妝股份有限公司,臺北市中山區建國北路2段145號15樓,寵物食品及其用品零售業
53927211,吉園事業有限公司,臺北市中山區中原街17號,寵物食品及其用品零售業
53928561,品味國際行銷有限公司,臺北市大安區金山南路2段13巷11號1樓,寵物食品及其用品零售業
53929695,威格生技有限公司,臺北市中正區汀州路2段127巷7號3樓,寵物食品及其用品零售業
53931313,小禮物有限公司,臺北市大同區赤峰街44巷4號,寵物食品及其用品零售業
53933776,御寶生醫科技股份有限公司,臺北市南港區南港路3段97號9樓,寵物食品及其用品零售業
53941516,宇程國際有限公司,臺北市文山區恆光街13號4樓,寵物食品及其用品零售業
53942992,品物國際股份有限公司,臺北市信義區忠孝東路5段1-3號10樓,寵物食品及其用品零售業
53945512,華荃國際股份有限公司,臺北市中山區中山北路2段59巷41弄5號,寵物食品及其用品零售業
53948433,新創數位科技股份有限公司,臺北市信義區松隆路9巷26號2樓,寵物食品及其用品零售業
53958733,將志實業有限公司,臺北市北投區中和街471號,寵物食品及其用品零售業
54008747,優代生活有限公司,臺北市中山區撫順街33號2樓之1,寵物食品及其用品零售業
54018061,樂無限創意有限公司,臺北市大安區忠孝東路4段220號13樓,寵物食品及其用品零售業
54018338,台灣寶傑有限公司,臺北市北投區大度路3段301巷128弄7之1號2樓,寵物食品及其用品零售業
54024248,山海珍有限公司,臺北市中正區汀洲路1段92巷5號,寵物食品及其用品零售業
53734636,捷羽創意股份有限公司,臺北市中山區民權東路2段26號6樓之3,寵物食品及其用品零售業
53735728,樂馳品味有限公司,臺北市中山區南京東路3段19號3樓之2,寵物食品及其用品零售業
53745520,恆增有限公司,臺北市中山區中山北路3段25號2樓之26,寵物食品及其用品零售業
53750136,瑞琪寵物精品股份有限公司,臺北市中山區中山北路2段77巷17之4號1樓,寵物食品及其用品零售業
53751183,艾百氏國際行銷有限公司,臺北市大同區承德路1段77巷18號2樓,寵物食品及其用品零售業
53755224,翔翱國際有限公司,臺北市士林區通河東街1段130巷30號1樓,寵物食品及其用品零售業
53761801,騰迎國際有限公司,臺北市松山區復興南路1段1號5樓之3,寵物食品及其用品零售業
53772841,康吉股份有限公司,臺北市內湖區民權東路6段180巷6號5樓之1,寵物食品及其用品零售業
53911338,台灣波特行銷有限公司,臺北市萬華區成都路108號3樓之1,寵物食品及其用品零售業
53911962,祥祐醫療器材有限公司,臺北市文山區興隆路3段115巷2號(1樓),寵物食品及其用品零售業
53912792,勤實國際企業有限公司,臺北市中山區南京東路3段201號3樓,寵物食品及其用品零售業
53913835,台研國際行銷有限公司,臺北市中正區濟南路2段31之17號,寵物食品及其用品零售業
53917706,夢飛精品有限公司,臺北市內湖區康寧路3段72號地下1層之2,寵物食品及其用品零售業
53923995,麒翼國際有限公司,臺北市大安區敦化南路2段104號20樓之1,寵物食品及其用品零售業
53926199,宇惍有限公司,臺北市中正區重慶南路1段63號11樓之3,寵物食品及其用品零售業
53931030,真會買國際有限公司,臺北市信義區基隆路1段155號5樓之7,寵物食品及其用品零售業
53937864,貓狗連線有限公司,臺北市內湖區潭美街587號,寵物食品及其用品零售業
53941939,綠林生活有限公司,臺北市中正區晉江街31號,寵物食品及其用品零售業
53947814,富林水族實業有限公司,臺北市大安區和平東路1段183巷11弄8號5樓,寵物食品及其用品零售業
53952246,恆豐商務中心股份有限公司,臺北市中山區南京東路2段76號4樓,寵物食品及其用品零售業
53952941,奇祐實業有限公司,臺北市大同區延平北路3段156號1樓,寵物食品及其用品零售業
53672104,新加坡商優達斯國際有限公司,臺北市信義區基隆路1段163號3樓之2,寵物食品及其用品零售業
53732980,幸運瑪莉國際事業有限公司,臺北市信義區忠孝東路5段1-1號11樓,寵物食品及其用品零售業
53737612,達富利股份有限公司,臺北市松山區敦化北路170號3樓,寵物食品及其用品零售業
53741828,巧思數位行銷股份有限公司,臺北市大安區忠孝東路4段333號11樓之2,寵物食品及其用品零售業
53743902,聯富行銷科技股份有限公司,臺北市內湖區文湖街60巷35號,寵物食品及其用品零售業
53748152,大大小小行創股份有限公司,臺北市中山區復興北路272號4樓,寵物食品及其用品零售業
53748511,新泉實業有限公司,臺北市松山區南京東路5段158號7樓之1,寵物食品及其用品零售業
53755961,騑耳藝術文化有限公司,臺北市大安區忠孝東路4段295號3樓,寵物食品及其用品零售業
53759946,吉讚工商貿易有限公司,臺北市松山區三民路74巷5號6樓之2,寵物食品及其用品零售業
53760438,六日國際有限公司,臺北市大安區延吉街70巷2弄2之1號2樓,寵物食品及其用品零售業
53765320,鼎群水產有限公司,臺北市萬華區雙園街146號1樓,寵物食品及其用品零售業
53765855,泰隆生技藥品有限公司,臺北市大安區臥龍街1號8樓之1,寵物食品及其用品零售業
53774377,米格魯有限公司,臺北市士林區基河路108號,寵物食品及其用品零售業
53778893,五好家庭網路服務有限公司,臺北市南港區忠孝東路7段557號(2樓),寵物食品及其用品零售業
53778991,洲全生活<U+8218>有限公司,臺北市中正區信義路2段169號(1-4樓),寵物食品及其用品零售業
53429880,原通有限公司,臺北市大安區忠孝東路3段237巷12號1樓,寵物食品及其用品零售業
53430839,炬威科技有限公司,臺北市中山區長安東路2段67號4樓,寵物食品及其用品零售業
53525271,凱西國際有限公司,臺北市文山區萬利街9號(I樓),寵物食品及其用品零售業
53539710,凱絲國際有限公司,臺北市信義區永吉路249號,寵物食品及其用品零售業
53539768,柏金科技物流股份有限公司,臺北市中山區南京東路2段178號5樓,寵物食品及其用品零售業
53541618,惠邁醫學科技有限公司,臺北市中正區金山南路1段69之1號7樓,寵物食品及其用品零售業
53542308,心邑國際有限公司,臺北市萬華區環河南路3段261號4樓,寵物食品及其用品零售業
53558271,聚丞國際有限公司,臺北市大同區赤峰街71巷1號1樓,寵物食品及其用品零售業
54140936,亞森有限公司,臺北市內湖區行善路59巷20弄2號,寵物食品及其用品零售業
54153951,翰尼國際貿易有限公司,臺北市中山區松江路469巷5號,寵物食品及其用品零售業
54155493,川川流有限公司,臺北市中山區南京東路3段201號3樓,寵物食品及其用品零售業
54157302,好味全市集股份有限公司,臺北市中山區中山北路2段42巷4號1樓,寵物食品及其用品零售業
54162115,享加利國際實業有限公司,臺北市松山區南京東路4段170號2樓之2,寵物食品及其用品零售業
54163698,昊恩國際有限公司,臺北市北投區中和街310號2樓,寵物食品及其用品零售業
54166533,諾芽有限公司,臺北市信義區信義路4段391號11樓,寵物食品及其用品零售業
54172824,瓦奇創意有限公司,臺北市中山區松江路63巷9之1號,寵物食品及其用品零售業
54175189,派對城有限公司,臺北市中山區南京東路3段217號8樓,寵物食品及其用品零售業
54177222,愛家實業有限公司,臺北市大安區四維路198巷38弄8號2樓之5,寵物食品及其用品零售業
54177975,怡捷國際物流股份有限公司,臺北市松山區復興北路179號12樓之5,寵物食品及其用品零售業
54181485,精準網路整合行銷有限公司,臺北市信義區吳興街481號,寵物食品及其用品零售業
54076596,世康國際企業有限公司,臺北市信義區崇德街20號1樓,寵物食品及其用品零售業
54141230,暄益有限公司,臺北市中山區合江街100巷27號6樓,寵物食品及其用品零售業
54152550,佳康健康生技醫藥股份有限公司,臺北市信義區松隆路102號16樓,寵物食品及其用品零售業
54161283,艾恩傑國際行銷有限公司,臺北市士林區天母東路69巷1號,寵物食品及其用品零售業
54165008,亞<U+935F>有限公司,臺北市松山區八德路4段91巷3弄41號1樓,寵物食品及其用品零售業
54167131,濬藝企業有限公司,臺北市內湖區內湖路1段591巷10弄3之1號3樓,寵物食品及其用品零售業
54173400,達願科技有限公司,臺北市大同區華陰街227巷7號,寵物食品及其用品零售業
54178989,青聿頁泰式餐館股份有限公司,臺北市中山區長安東路1段30巷6號1樓,寵物食品及其用品零售業
54181302,澳格林有限公司,臺北市中山區新生北路3段19巷26號1樓,寵物食品及其用品零售業
53913027,傑恩國際股份有限公司,臺北市南港區向陽路162巷109號2樓,寵物食品及其用品零售業
53916880,伊涵有限公司,臺北市中山區敬業一路3號10樓,寵物食品及其用品零售業
53926254,瑞蓮國際貿易有限公司,臺北市內湖區新明路437巷11號,寵物食品及其用品零售業
53926374,膜登翊家有限公司,臺北市北投區公館路160號1樓,寵物食品及其用品零售業
53933207,旺晟科技有限公司,臺北市內湖區內湖路1段591巷11弄6號,寵物食品及其用品零售業
53935134,華牠有限公司,臺北市南港區南港路3段50巷16號5樓,寵物食品及其用品零售業
53935578,瀧乃湯溫泉會館股份有限公司,臺北市北投區光明路244號,寵物食品及其用品零售業
53939743,八方圓貿易有限公司,臺北市中山區明水路397巷19弄32號地下樓,寵物食品及其用品零售業
53940072,犬良設計有限公司,臺北市大安區溫州街74巷14號1樓,寵物食品及其用品零售業
53940777,心澄股份有限公司,臺北市內湖區瑞光路583巷21號6樓之2,寵物食品及其用品零售業
53942487,慧聚豐國際有限公司,臺北市信義區基隆路2段77號8樓之3,寵物食品及其用品零售業
53943514,心生活文化創意有限公司,臺北市中正區信義路2段253號3樓,寵物食品及其用品零售業
53946076,美麗客樂宿有限公司,臺北市松山區民生東路3段156號14樓,寵物食品及其用品零售業
53947075,永暉國際有限公司,臺北市北投區中央北路2段31號2樓,寵物食品及其用品零售業
53948406,貿健有限公司,臺北市南港區福德街373巷51號1樓,寵物食品及其用品零售業
53949910,貓出頭整合設計有限公司,臺北市大安區信義路4段256號12樓之4,寵物食品及其用品零售業
53950015,多多精品百貨有限公司,臺北市內湖區環山路2段53巷5弄2號1樓,寵物食品及其用品零售業
53954363,北歐犬舍有限公司,臺北市大安區和平東路2段20之1號,寵物食品及其用品零售業
53956897,云陽創意國際發展股份有限公司,臺北市松山區八德路3段75號4樓之1,寵物食品及其用品零售業
53999349,台灣農業生態科技開發股份有限公司,臺北市內湖區瑞光路26巷36弄2號5樓,寵物食品及其用品零售業
54041871,人類聚賢國際股份有限公司,臺北市文山區一壽街52號,寵物食品及其用品零售業
53635875,越霖國際有限公司,臺北市中山區合江街170巷12號2樓,寵物食品及其用品零售業
53723574,定位國際有限公司,臺北市中山區南京東路1段86號11樓,寵物食品及其用品零售業
53732671,愛瘋寵物科技股份有限公司,臺北市大同區民生西路249號(2樓),寵物食品及其用品零售業
53734848,光謙數位資訊有限公司,臺北市大同區華陰街91號12樓之3,寵物食品及其用品零售業
53740638,古迪寵物食品有限公司,臺北市大安區復興南路2段108號1樓,寵物食品及其用品零售業
53741263,吉田隆國際事業有限公司,臺北市中山區南京東路3段109巷3號1樓,寵物食品及其用品零售業
53743059,康士達國際貿易有限公司,臺北市南港區忠孝東路6段278巷23弄22號,寵物食品及其用品零售業
53760633,亞盧流行時尚有限公司,臺北市中正區三元街198號1樓,寵物食品及其用品零售業
53762180,華瑞生技股份有限公司,臺北市中山區南京東路2段137號14樓,寵物食品及其用品零售業
53762386,密謀創作有限公司,臺北市大安區安居街46巷7號,寵物食品及其用品零售業
53763619,瑞亞生技有限公司,臺北市大同區承德路3段85巷9號2樓,寵物食品及其用品零售業
53765270,唯普生物科技股份有限公司,臺北市士林區福港街18巷3號1樓,寵物食品及其用品零售業
53765378,丞瑞企業有限公司,臺北市文山區興隆路4段58巷32號1樓,寵物食品及其用品零售業
53767349,沅寶滿資訊有限公司,臺北市北投區中和街458巷25號,寵物食品及其用品零售業
53768488,野椿企業股份有限公司,臺北市士林區天母東路43巷3號,寵物食品及其用品零售業
53774355,美塑特亞洲股份有限公司,臺北市中山區新生北路3段1號14樓之15,寵物食品及其用品零售業
53774931,日華好物有限公司,臺北市信義區光復南路561號8樓,寵物食品及其用品零售業
53775122,狗出沒寵物美容有限公司,臺北市中正區汀州路2段74號,寵物食品及其用品零售業
53778211,艾絲資訊股份有限公司,臺北市大同區延平北路2段202號6樓、6樓之1、6樓之2,寵物食品及其用品零售業
54302100,合迅電信工程有限公司,臺北市中山區松江路283號5樓之1,寵物食品及其用品零售業
54319263,每一隻都重要有限公司,臺北市士林區天玉街1號1樓,寵物食品及其用品零售業
54321227,台灣迪保隆國際有限公司,臺北市松山區八德路2段366巷19號4樓,寵物食品及其用品零售業
54323772,心齊生技有限公司,臺北市大安區羅斯福路3段95號2樓之1,寵物食品及其用品零售業
54331745,芙群企業有限公司,臺北市大安區和平東路3段63號8樓,寵物食品及其用品零售業
54333770,力祈投資有限公司,臺北市萬華區中華路2段430號1樓,寵物食品及其用品零售業
54333841,旺德福國際貿易有限公司,臺北市南港區八德路4段768巷1弄16號,寵物食品及其用品零售業
54352213,愛萱妮國際有限公司,臺北市大安區和平東路3段20號8樓,寵物食品及其用品零售業
54354155,未思登國際有限公司,臺北市松山區南京東路5段343號5樓,寵物食品及其用品零售業
54355534,環扣還扣文創企業有限公司,臺北市文山區下崙路11巷31號地下之3,寵物食品及其用品零售業
54356941,晟捷國際有限公司,臺北市文山區興隆路4段115巷3號3樓,寵物食品及其用品零售業
54357456,馬偲特實業有限公司,臺北市信義區忠孝東路4段560號10樓之2,寵物食品及其用品零售業
54359763,伊雲谷數位科技股份有限公司,臺北市中山區松江路139號7樓之2,寵物食品及其用品零售業
54360277,麒曦興業有限公司,臺北市大安區信義路4段6號14樓之14,寵物食品及其用品零售業
54363268,星岳行銷有限公司,臺北市大同區重慶北路3段120巷43號3樓,寵物食品及其用品零售業
54364668,<U+6C58>奕有限公司,臺北市北投區知行路292巷2號1樓,寵物食品及其用品零售業
54368290,天地人文創有限公司,臺北市中正區齊東街74號1樓,寵物食品及其用品零售業
54395873,香港商艾德威香港有限公司,臺北市中正區忠孝東路2段31號3樓,寵物食品及其用品零售業
54504176,翔意國際有限公司,臺北市松山區民權東路3段104號3樓,寵物食品及其用品零售業
54527396,萬寶國際電子商務股份有限公司,臺北市信義區基隆路1段68號9樓,寵物食品及其用品零售業
54187299,余水知歡花坊股份有限公司,臺北市大同區南京西路264號1樓,寵物食品及其用品零售業
54187431,逸升有限公司,臺北市中山區建國北路2段129號,寵物食品及其用品零售業
54229137,詮欣潮實業有限公司,臺北市大安區忠孝東路4段148號10樓之10,寵物食品及其用品零售業
54320965,悅悅國際有限公司,臺北市信義區虎林街132巷51號3樓,寵物食品及其用品零售業
54323301,台灣歐薩克斯有限公司,臺北市中山區南京東路2段101號10樓,寵物食品及其用品零售業
54330372,聖殿國際股份有限公司,臺北市內湖區民權東路6段11巷6號,寵物食品及其用品零售業
54331148,豐騰有限公司,臺北市松山區寶清街22號5樓,寵物食品及其用品零售業
54334237,漁裕有限公司,臺北市中山區民權東路3段58號15樓之2,寵物食品及其用品零售業
54136102,尚騰貿易有限公司,臺北市松山區南京東路2段17號8樓之5,寵物食品及其用品零售業
54150666,萬金達貿易有限公司,臺北市內湖區洲子街74號2樓,寵物食品及其用品零售業
54157008,昌華興業有限公司,臺北市萬華區富民路155巷9號1樓,寵物食品及其用品零售業
54158766,糖融國際有限公司,臺北市信義區忠孝東路5段236巷28號2樓,寵物食品及其用品零售業
54159202,台寶網發展股份有限公司,臺北市內湖區瑞光路66巷36號3樓,寵物食品及其用品零售業
54160572,青聿頁西式廚房餐飲股份有限公司,臺北市中山區長安東路1段30巷6號1樓,寵物食品及其用品零售業
54163000,欣格林生技股份有限公司,臺北市中山區明水路606巷18號3樓,寵物食品及其用品零售業
54164937,家購貿易股份有限公司,臺北市中山區建國北路2段145號11樓,寵物食品及其用品零售業
54166490,將子股份有限公司,臺北市大安區信義路3段178號5樓,寵物食品及其用品零售業
54166920,悅澤國際有限公司,臺北市內湖區成功路5段45巷12號3樓,寵物食品及其用品零售業
54169855,艾力文化事業股份有限公司,臺北市信義區忠孝東路4段559巷1號3樓,寵物食品及其用品零售業
54171607,逸康有限公司,臺北市文山區興隆路4段70之1號,寵物食品及其用品零售業
54171705,上影行銷有限公司,臺北市信義區基隆路1段155號11樓之5,寵物食品及其用品零售業
54175940,旺宏寵物用品有限公司,臺北市信義區永吉路321巷8號4樓,寵物食品及其用品零售業
54177026,驛鑫交通股份有限公司,臺北市大安區羅斯福路3段309號3樓之3,寵物食品及其用品零售業
54178138,達立餐飲有限公司,臺北市信義區東興路51號5樓,寵物食品及其用品零售業
54178159,欣達生技有限公司,臺北市松山區民生東路5段186號5樓,寵物食品及其用品零售業
54178518,青聿頁日式美食股份有限公司,臺北市中山區長安東路1段30巷6號1樓,寵物食品及其用品零售業
53811725,三元行有限公司,臺北市中山區中山北路3段49號7樓之5,寵物食品及其用品零售業
53911647,圓融創意有限公司,臺北市大安區忠孝東路4段295號3樓(328室),寵物食品及其用品零售業
53914861,永曜企業有限公司,臺北市大同區民族西路303巷57號1樓,寵物食品及其用品零售業
53918233,麻吉寵物用品有限公司,臺北市士林區天母東路50巷20-2號,寵物食品及其用品零售業
53922406,台灣世琱擐陪迨膝q,臺北市大安區忠孝東路4段169號11樓之1,寵物食品及其用品零售業
53926326,百倍得生物科技股份有限公司,臺北市大安區羅斯福路3段237號2樓之1,寵物食品及其用品零售業
53932951,仲丞國際股份有限公司,臺北市中正區羅斯福路3段236號3、4樓,寵物食品及其用品零售業
53935161,季岩國際有限公司,臺北市松山區敦化北路4巷1號7樓,寵物食品及其用品零售業
53939737,元樂國際有限公司,臺北市松山區南京東路4段197號7樓,寵物食品及其用品零售業
53943319,幸福洋行有限公司,臺北市大安區信義路4段296號8樓之1,寵物食品及其用品零售業
53952816,羅傑生物科技有限公司,臺北市大安區忠孝東路3段217巷4弄12號1樓,寵物食品及其用品零售業
54639483,全聯網資訊有限公司,臺北市內湖區東湖路7巷19號3樓,寵物食品及其用品零售業
54640405,億利有限公司,臺北市松山區民生東路4段80巷1弄6號1樓,寵物食品及其用品零售業
54641214,爵蘇菲拉有限公司,臺北市中正區衡陽路36號11樓之8,寵物食品及其用品零售業
54641256,品軒展業有限公司,臺北市中山區建國北路3段175號3樓,寵物食品及其用品零售業
54643851,宸亮光電有限公司,臺北市松山區八德路4段183號,寵物食品及其用品零售業
54648624,小狼多奇有限公司,臺北市中山區民生東路2段134號,寵物食品及其用品零售業
54650965,康美國際行銷有限公司,臺北市信義區中坡南路28號7樓,寵物食品及其用品零售業
54652611,樂美生活創意有限公司,臺北市松山區八德路4段650號3樓之2,寵物食品及其用品零售業
54652936,昱永國際有限公司,臺北市中山區南京西路1之1號7樓,寵物食品及其用品零售業
54654250,宥薇有限公司,臺北市大同區哈密街59巷38弄12號,寵物食品及其用品零售業
54657860,弘祥邑有限公司,臺北市內湖區內湖路3段205號2樓,寵物食品及其用品零售業
54661610,花草香川有限公司,臺北市中山區松江路283號5樓,寵物食品及其用品零售業
54665329,兜可愛有限公司,臺北市大安區忠孝東路4段170巷6弄10號地下樓,寵物食品及其用品零售業
54667662,品尉實業有限公司,臺北市大安區信義路3段106號7樓,寵物食品及其用品零售業
54667728,三個願望資訊有限公司,臺北市士林區後街16之1號3樓,寵物食品及其用品零售業
54668331,展豐國際企業有限公司,臺北市士林區天母北路10之2號,寵物食品及其用品零售業
54669937,宇宙人股份有限公司,臺北市萬華區昆明街130號,寵物食品及其用品零售業
54674729,風痕國際有限公司,臺北市中山區長安東路2段184號8樓之4,寵物食品及其用品零售業
54675852,逸<U+6D24>有限公司,臺北市士林區天母東路13號,寵物食品及其用品零售業
54680525,南州產業有限公司,臺北市內湖區瑞光路122巷71弄2號1樓,寵物食品及其用品零售業
54684727,水盾科技有限公司,臺北市信義區松德路65號11樓之1,寵物食品及其用品零售業
54687576,佐廊國際有限公司,臺北市中正區忠孝西路1段41號13樓之13,寵物食品及其用品零售業
54688651,優維碧企業有限公司,臺北市大安區仁愛路4段396之1號14樓,寵物食品及其用品零售業
54688836,大和益豐企業有限公司,臺北市大同區平陽街26號2樓之2,寵物食品及其用品零售業
54728014,新淇國際貿易有限公司,臺北市信義區基隆路1段155號13樓之5,寵物食品及其用品零售業
54728936,動物雲網路科技有限公司,臺北市大安區基隆路2段118號,寵物食品及其用品零售業
54343279,安品有限公司,臺北市松山區民權東路3段160巷19弄10號,寵物食品及其用品零售業
54343968,奔馳實業有限公司,臺北市北投區中央北路1段153號1樓,寵物食品及其用品零售業
54345396,愛維根社會企業股份有限公司,臺北市文山區萬隆街62巷4號地下,寵物食品及其用品零售業
54353803,暘陞股份有限公司,臺北市內湖區民權東路6段15巷16號3樓,寵物食品及其用品零售業
54355197,禾業貿易有限公司,臺北市大安區永康街31巷12號4樓,寵物食品及其用品零售業
54355204,雅徠國際貿易有限公司,臺北市中正區忠孝西路1段7號7樓之2,寵物食品及其用品零售業
54357012,欣新網股份有限公司,臺北市中山區南京東路3段70號4樓,寵物食品及其用品零售業
54358429,馥朵國際有限公司,臺北市大安區忠孝東路4段221號12樓,寵物食品及其用品零售業
54361515,摩米有限公司,臺北市大同區重慶北路2段117號12樓,寵物食品及其用品零售業
54366602,羅思創意有限公司,臺北市松山區敦化北路170號3樓,寵物食品及其用品零售業
54368377,永曦企業有限公司,臺北市大安區光復南路612號4樓之1,寵物食品及其用品零售業
54526930,立宇數碼股份有限公司,臺北市中山區長春路9號2樓,寵物食品及其用品零售業
54645669,展騰實業有限公司,臺北市松山區復興北路333號4樓之1,寵物食品及其用品零售業
54648568,派荷栗有限公司,臺北市中山區建國北路3段131號1樓,寵物食品及其用品零售業
54230556,詮實行銷數位科技有限公司,臺北市中山區長安東路2段67號7樓之9,寵物食品及其用品零售業
54316765,天創廣告有限公司,臺北市北投區開明街20號4樓,寵物食品及其用品零售業
54319313,鈺樓國際開發有限公司,臺北市萬華區萬大路470巷1號2樓,寵物食品及其用品零售業
54319496,時尚伊人國際股份有限公司,臺北市中山區八德路2段174巷6號,寵物食品及其用品零售業
54320199,鑫德商貿股份有限公司,臺北市信義區基隆路2段51號3樓之4,寵物食品及其用品零售業
54321401,釩鏵有限公司,臺北市內湖區金龍路47巷21號2樓,寵物食品及其用品零售業
54322984,美樂妞妞有限公司,臺北市中山區松江路2號11樓之1,寵物食品及其用品零售業
54328565,環顧科技有限公司,臺北市松山區復興北路57號11樓之3,寵物食品及其用品零售業
54328615,豐鈿投資有限公司,臺北市大安區羅斯福路3段227號11樓之1,寵物食品及其用品零售業
54328729,購健康有限公司,臺北市大安區忠孝東路3段233之1號,寵物食品及其用品零售業
54336137,東益通有限公司,臺北市萬華區昆明街218號,寵物食品及其用品零售業
54341693,棠宇有限公司,臺北市士林區文林路432號2樓,寵物食品及其用品零售業
54342779,扉比有限公司,臺北市中正區新生南路1段56巷10號,寵物食品及其用品零售業
54348703,台灣希爾思寵物營養品有限公司,臺北市松山區敦化南路1段2號9樓,寵物食品及其用品零售業
54351636,貓咪國際有限公司,臺北市文山區育英街29號,寵物食品及其用品零售業
54358259,怡樂智國際有限公司,臺北市內湖區成功路4段214巷2弄3號2樓,寵物食品及其用品零售業
54359601,丞洋國際股份有限公司,臺北市中山區林森北路430號4樓,寵物食品及其用品零售業
54360380,見康有限公司,臺北市文山區木新路2段111巷6弄8號2樓,寵物食品及其用品零售業
54360641,日尚心潮國際有限公司,臺北市中正區館前路65號11樓,寵物食品及其用品零售業
54362248,泓德國際有限公司,臺北市內湖區文德路22巷53弄5號,寵物食品及其用品零售業
54367546,台灣好物實業有限公司,臺北市中正區汀州路2段133巷2號7樓之2,寵物食品及其用品零售業
54393452,香港商亞邦創意股份有限公司,臺北市大安區誠安里復興南路1段126巷1號2樓之17,寵物食品及其用品零售業
54397181,三商行股份有限公司,臺北市中山區建國北路2段145號地下1樓及1~18樓,寵物食品及其用品零售業
54035174,徠客購股份有限公司,臺北市中正區愛國東路22號6樓之5,寵物食品及其用品零售業
54053171,沐一實業有限公司,臺北市中山區樂群二路299號11樓,寵物食品及其用品零售業
54124838,統禾實業有限公司,臺北市信義區和平東路3段406巷3號1樓,寵物食品及其用品零售業
54139375,伊利國際貿易有限公司,臺北市北投區明德路100號3樓,寵物食品及其用品零售業
54157513,木合金設計有限公司,臺北市北投區大度路3段296巷33弄7號1樓,寵物食品及其用品零售業
54158739,諸銘科技有限公司,臺北市中正區衡陽路10號12樓,寵物食品及其用品零售業
54160257,豐丘有限公司,臺北市中山區中山北路2段42巷4號1樓,寵物食品及其用品零售業
54162993,優若美有限公司,臺北市信義區基隆路2段145號9樓之1,寵物食品及其用品零售業
54164697,正向思維藝術有限公司,臺北市中山區新生北路3段84巷11號1樓,寵物食品及其用品零售業
54164916,超級異想國際有限公司,臺北市大安區忠孝東路4段312號11樓之1,寵物食品及其用品零售業
70350606,捷友商網股份有限公司,臺北市內湖區瑞光路66巷36號3樓,寵物食品及其用品零售業
70352800,欣其衣服開發有限公司,臺北市士林區中正路280號1樓,寵物食品及其用品零售業
70380313,網景國際股份有限公司,臺北市大安區忠孝東路4段270號17樓,寵物食品及其用品零售業
70438027,優墾整合行銷有限公司,臺北市大安區忠孝東路3段136號10樓之3,寵物食品及其用品零售業
70445076,電擎科技股份有限公司,臺北市大同區華陰街91號4樓之2,寵物食品及其用品零售業
70458748,晉輝國際貿易股份有限公司,臺北市大安區忠孝東路3段207之6號,寵物食品及其用品零售業
70577771,吉士達商務科技股份有限公司,臺北市信義區松仁路107號11樓,寵物食品及其用品零售業
54652112,愷岳良心有限公司,臺北市中山區南京東路3段189號4樓,寵物食品及其用品零售業
54657926,那間文創國際有限公司,臺北市中正區齊東街68號1樓,寵物食品及其用品零售業
54659332,韻澄如國際有限公司,臺北市大安區忠孝東路4段221號8樓,寵物食品及其用品零售業
54662272,愛窩心整合行銷有限公司,臺北市中山區長安東路2段178號10樓,寵物食品及其用品零售業
54664150,中鼎生醫科技有限公司,臺北市中山區長春路17號6樓,寵物食品及其用品零售業
54665165,玉液科技有限公司,臺北市大同區太原路115巷25號2樓,寵物食品及其用品零售業
54665741,<U+53CC>誠貿易股份有限公司,臺北市松山區長春路442號7樓之3,寵物食品及其用品零售業
54666262,中美全球生醫股份有限公司,臺北市中正區中華路1段59號7樓,寵物食品及其用品零售業
54675728,中華優購股份有限公司,臺北市大安區信義路4段88號8樓,寵物食品及其用品零售業
54677958,天立國際有限公司,臺北市信義區基隆路2段189號17樓,寵物食品及其用品零售業
54680877,樂享數位股份有限公司,臺北市中山區復興北路168號5樓,寵物食品及其用品零售業
54680948,擢琳國際貿易有限公司,臺北市信義區基隆路1段172巷5號3樓,寵物食品及其用品零售業
54682761,威峻生醫科技有限公司,臺北市文山區景興路262號8樓,寵物食品及其用品零售業
54686859,萓灃貿易有限公司,臺北市士林區至誠路1段301號2樓,寵物食品及其用品零售業
54689130,漢尼爾國際有限公司,臺北市內湖區陽光街76號,寵物食品及其用品零售業
54735388,桃樂行銷創意有限公司,臺北市中山區復興北路514巷42之1號5樓,寵物食品及其用品零售業
54597266,鈺璽國際股份有限公司,臺北市大安區敦化南路1段337號4樓,寵物食品及其用品零售業
54639548,榮星有限公司,臺北市中山區復興北路164號8樓,寵物食品及其用品零售業
54643753,藍天雲端科技有限公司,臺北市信義區信義路4段415號14樓之1,寵物食品及其用品零售業
54650000,博醫股份有限公司,臺北市信義區基隆路1段155號12樓之6,寵物食品及其用品零售業
54650310,恆昇商務中心股份有限公司,臺北市中山區南京東路1段34號7樓,寵物食品及其用品零售業
54651747,元盛財經有限公司,臺北市大安區復興南路1段126巷1號7樓之3,寵物食品及其用品零售業
54663048,金承行銷有限公司,臺北市內湖區陽光街345巷16號6樓,寵物食品及其用品零售業
54667810,娜娜國際有限公司,臺北市信義區林口街182之1號1樓,寵物食品及其用品零售業
54668212,狗弟弟國際有限公司,臺北市中山區朱園里渭水路50號,寵物食品及其用品零售業
54668986,軒宸洋國際有限公司,臺北市大安區忠孝東路4段183號3樓之5,寵物食品及其用品零售業
54672996,韓尚屋有限公司,臺北市萬華區雙和街110號3樓,寵物食品及其用品零售業
54674880,紫金紗國際有限公司,臺北市文山區辛亥路5段118巷3號4樓,寵物食品及其用品零售業
54675467,福珅國際行銷有限公司,臺北市文山區羅斯福路5段192巷18號1樓,寵物食品及其用品零售業
54677296,希洛恩有限公司,臺北市中山區長春路362號,寵物食品及其用品零售業
54677438,銓聯國際行銷有限公司,臺北市文山區羅斯福路5段192巷18號1樓,寵物食品及其用品零售業
54178572,傑勳企業有限公司,臺北市北投區文林北路80巷59弄9號2樓,寵物食品及其用品零售業
54181767,分享式全球代購平台有限公司,臺北市松山區復興南路1段25巷1弄1號,寵物食品及其用品零售業
54183337,西海國際貿易股份有限公司,臺北市中山區民權東路2段46號10樓之2,寵物食品及其用品零售業
54183462,樂謙國際貿易有限公司,臺北市南港區重陽路455號,寵物食品及其用品零售業
54185736,大豐國際企業有限公司,臺北市士林區福林路253號,寵物食品及其用品零售業
54186926,新統領亞洲企業有限公司,臺北市南港區重陽路470號2樓之1,寵物食品及其用品零售業
54187896,新統領全球有限公司,臺北市南港區重陽路470號2樓之1,寵物食品及其用品零售業
54229360,就是菇創意行銷股份有限公司,臺北市大同區承德路3段179號4樓,寵物食品及其用品零售業
54276813,瑞威動物科技股份有限公司,臺北市大同區重慶北路3段76號3樓之4,寵物食品及其用品零售業
54291032,吉諦威興業有限公司,臺北市士林區德行東路190巷42號2樓,寵物食品及其用品零售業
54321731,野火娛樂製作有限公司,臺北市大安區光復南路260巷50號2樓,寵物食品及其用品零售業
54325130,寬築設計有限公司,臺北市松山區塔悠路287號地下1層,寵物食品及其用品零售業
54329277,光兆國際有限公司,臺北市大安區敦化南路1段205號12樓之10,寵物食品及其用品零售業
54339541,中美全球生技股份有限公司,臺北市中正區中華路1段59號7樓,寵物食品及其用品零售業
54346016,台灣聯合艾諾股份有限公司,臺北市大安區仁愛路4段71巷30、32號1樓,寵物食品及其用品零售業
54346775,<U+7D8B>泰國際股份有限公司,臺北市松山區敦化北路4巷31號6樓之5,寵物食品及其用品零售業
54351158,泉藝賞作有限公司,臺北市信義區基隆路1段186號3樓之4,寵物食品及其用品零售業
54354789,麥飛佛創意有限公司,臺北市松山區光復北路11巷69號6樓,寵物食品及其用品零售業
54356301,供活股份有限公司,臺北市中山區錦州街154號,寵物食品及其用品零售業
54356999,欣升企業股份有限公司,臺北市中山區南京東路3段70號4樓,寵物食品及其用品零售業
54357765,旭峰烘焙食品有限公司,臺北市中山區錦州街313號1樓,寵物食品及其用品零售業
54368947,台韓貿易有限公司,臺北市大安區羅斯福路3段297號6樓之1,寵物食品及其用品零售業
54373913,薩摩亞商我愛寵物股份有限公司,臺北市大安區忠孝東路4段146巷1號5樓,寵物食品及其用品零售業
54376714,塞席爾商宏福企業有限公司,臺北市內湖區南京東路6段451巷57號14樓之13,寵物食品及其用品零售業
54388423,香港商新邦環球貿易有限公司,臺北市大安區忠孝東路4段325號12樓,寵物食品及其用品零售業
70839851,禾傑國際股份有限公司,臺北市士林區劍潭路12號2樓,寵物食品及其用品零售業
80056027,采宸股份有限公司,臺北市松山區民權東路3段170號6樓之1,寵物食品及其用品零售業
80087133,漢翊股份有限公司,臺北市中正區羅斯福路1段38號12樓,寵物食品及其用品零售業
80163602,波普時尚網路事業股份有限公司,臺北市大同區鄭州路87號9樓,寵物食品及其用品零售業
80182663,鍵強化學企業有限公司,臺北市大同區重慶北路3段112號7樓之1,寵物食品及其用品零售業
80232586,歐易亞科技股份有限公司,臺北市中正區羅斯福路2段100號25樓,寵物食品及其用品零售業
80268351,聯天科技股份有限公司,臺北市中山區中山北路2段84巷1號9樓,寵物食品及其用品零售業
80281994,魔法網際股份有限公司,臺北市松山區敦化北路222巷27號,寵物食品及其用品零售業
80298952,巨美行銷顧問股份有限公司,臺北市中正區重慶南路3段1號8樓,寵物食品及其用品零售業
80474676,醫世紀行銷公關有限公司,臺北市中正區忠孝東路1段76號12樓之2,寵物食品及其用品零售業
70381761,台灣基因科技股份有限公司,臺北市南港區園區街3號12樓之3,寵物食品及其用品零售業
70463968,台灣連線寵物用品股份有限公司,臺北市松山區民生東路5段27巷6號1樓,寵物食品及其用品零售業
54681165,品<U+5586>設計有限公司,臺北市大安區潮州街144號,寵物食品及其用品零售業
54681849,毅威亞國際股份有限公司,臺北市中山區南京東路2段95號11樓(1105室),寵物食品及其用品零售業
54684613,飛易電商股份有限公司,臺北市士林區德行西路50號1樓,寵物食品及其用品零售業
54688266,漾妍國際企業有限公司,臺北市士林區社中街220號5樓之2,寵物食品及其用品零售業
54712934,泓盛水產有限公司,臺北市中山區南京西路1之1號10樓,寵物食品及其用品零售業
54651893,希悅資訊股份有限公司,臺北市中山區民權東路2段148號3樓,寵物食品及其用品零售業
54653288,樂兒寵物有限公司,臺北市內湖區民權東路6段200號,寵物食品及其用品零售業
54653962,思路訊事業開發股份有限公司,臺北市中山區南京東路3段200號4樓,寵物食品及其用品零售業
54657329,瑞良實業有限公司,臺北市內湖區陽光街345巷16號6樓,寵物食品及其用品零售業
54659987,貓爺爺有限公司,臺北市內湖區東湖路113巷60號,寵物食品及其用品零售業
54662821,榮坤國際貿易有限公司,臺北市文山區羅斯福路6段39巷42號12樓,寵物食品及其用品零售業
54663878,桑姆股份有限公司,臺北市大安區復興南路1段107巷5弄13號1樓,寵物食品及其用品零售業
54668395,嘉士美股份有限公司,臺北市北投區行義路88號,寵物食品及其用品零售業
54668894,百農可生物科技股份有限公司,臺北市大安區大安路1段133號6樓,寵物食品及其用品零售業
54675142,點靚創意有限公司,臺北市大安區忠孝東路4段107號12樓之4,寵物食品及其用品零售業
54677253,典創國際行銷股份有限公司,臺北市大安區忠孝東路3段305號6樓之1,寵物食品及其用品零售業
54679463,樂典媒體有限公司,臺北市中山區松江路206號13樓之3,寵物食品及其用品零售業
54684629,泓通有限公司,臺北市大安區和平東路3段66號12樓之1,寵物食品及其用品零售業
54684780,騰悅國際企業有限公司,臺北市大同區錦西街74之1號1樓,寵物食品及其用品零售業
54685394,台灣線上聯合有限公司,臺北市萬華區水源路207-6號5樓,寵物食品及其用品零售業
80489782,鼎發水族事業有限公司,臺北市士林區大南路432號1樓,寵物食品及其用品零售業
80496502,易趣科技股份有限公司,臺北市中山區吉林路24號9樓之7,寵物食品及其用品零售業
80525611,咕咕皉陪迨膝q,臺北市內湖區東湖路135號1樓,寵物食品及其用品零售業
80674983,立紘有限公司,臺北市萬華區和平西路3段11之1號1樓,寵物食品及其用品零售業
80677010,芙雅美學行銷有限公司,臺北市中正區林森南路140號7樓之1,寵物食品及其用品零售業
80679869,誠善天下企業有限公司,臺北市大安區復興南路1段103號4樓之7,寵物食品及其用品零售業
84487934,小禮堂國際股份有限公司,臺北市中山區南京東路3段210號地下(1樓),寵物食品及其用品零售業
84923247,貝爾敦股份有限公司,臺北市中正區重慶南路2段51號11樓,寵物食品及其用品零售業
86123662,美商如新華茂股份有限公司,臺北市內湖區舊宗路2段189號7樓之1,寵物食品及其用品零售業
86311600,美雪爾企業有限公司,臺北市信義區基隆路1段155號11樓之5,寵物食品及其用品零售業
86316767,星宇實業有限公司,臺北市大安區復興南路2段237號9樓之10,寵物食品及其用品零售業
86698028,添<U+5D10>實業股份有限公司,臺北市士林區德行東路239號,寵物食品及其用品零售業
70606190,宅急修國際股份有限公司,臺北市中山區民生東路2段115巷4號5樓,寵物食品及其用品零售業
70828382,勁購科技股份有限公司,臺北市大同區承德路3段208巷25號,寵物食品及其用品零售業
80054739,黔德國際實業有限公司,臺北市內湖區內湖路1段91巷17號5樓之1,寵物食品及其用品零售業
80158164,欣華國際企業有限公司,臺北市南港區昆陽街78號,寵物食品及其用品零售業
80161891,數碼生活廣場有限公司,臺北市大同區涼州街32號4樓,寵物食品及其用品零售業
80162619,瑋德國際股份有限公司,臺北市大同區南京西路66號11樓,寵物食品及其用品零售業
80168058,寶豐生物科技股份有限公司,臺北市大安區仁愛路4段408巷25號1樓,寵物食品及其用品零售業
80181756,台和通有限公司,臺北市大安區基隆路2段166號14樓之2,寵物食品及其用品零售業
80269020,興邦科技股份有限公司,臺北市大安區泰順街2號8樓之2,寵物食品及其用品零售業
80434443,綠吉健康股份有限公司,臺北市南港區八德路4段768巷5號4樓之1,寵物食品及其用品零售業
54852694,星揚有限公司,臺北市信義區忠孝東路5段412號10樓之1,寵物食品及其用品零售業
70390369,標靶國際開發有限公司,臺北市文山區景隆街36巷2號（1樓）,寵物食品及其用品零售業
70450577,年代全球文化股份有限公司,臺北市內湖區瑞湖街39號2樓,寵物食品及其用品零售業
70484154,盛燦資訊股份有限公司,臺北市松山區光復北路80巷3號1樓,寵物食品及其用品零售業
70485040,麗質佳人網路股份有限公司,臺北市中山區長春路258巷6號3樓之6,寵物食品及其用品零售業
70487981,萬寶祿國際股份有限公司,臺北市中正區忠孝東路1段85號6樓,寵物食品及其用品零售業
70549500,耐德科技股份有限公司,臺北市中正區博愛路38號4樓,寵物食品及其用品零售業
70564712,展訊數位科技股份有限公司,臺北市內湖區港漧路185號3樓之1,寵物食品及其用品零售業
70573634,菲絲路股份有限公司,臺北市大安區復興南路2段290號11樓,寵物食品及其用品零售業
70613045,聖保生物科技股份有限公司,臺北市中正區羅斯福路2段166號,寵物食品及其用品零售業
70831844,大福歐國際股份有限公司,臺北市士林區通河西街1段131號1樓,寵物食品及其用品零售業
70832800,金石網絡股份有限公司,臺北市中正區汀州路3段160巷3之1號,寵物食品及其用品零售業
79983568,一牛企業有限公司,臺北市大同區重慶北路2段2號4樓,寵物食品及其用品零售業
54688884,鼎達行銷有限公司,臺北市中正區和平西路1段90號2樓,寵物食品及其用品零售業
54699427,展沛國際企業有限公司,臺北市大安區信義路2段72號地下,寵物食品及其用品零售業
54725945,墨沛國際股份有限公司,臺北市內湖區民權東路6段23號3樓,寵物食品及其用品零售業
54732360,原合有限公司,臺北市松山區復興北路367號8樓,寵物食品及其用品零售業
89479336,翁一生技開發有限公司,臺北市中正區忠孝西路1段72號7樓之6,寵物食品及其用品零售業
89605185,矽儀企業股份有限公司,臺北市信義區忠孝東路5段508號14樓,寵物食品及其用品零售業
89927708,楊聯社股份有限公司,臺北市中山區敬業四路33號8樓,寵物食品及其用品零售業
89933835,都會生活股份有限公司,臺北市中山區撫順街35號3樓,寵物食品及其用品零售業
89961418,頂尖寵物用品有限公司,臺北市松山區光復南路32巷29號1樓,寵物食品及其用品零售業
89973879,金士盟實業股份有限公司,臺北市中正區汀州路3段160巷4號1樓,寵物食品及其用品零售業
96922432,謙和昌有限公司,臺北市中山區南京東路3段208號2樓,寵物食品及其用品零售業
96924810,台利國際股份有限公司,臺北市中山區南京東路2段174號12樓,寵物食品及其用品零售業
96961455,吉律有限公司,臺北市大安區仁愛路4段64號13樓,寵物食品及其用品零售業
97000569,台灣斯邁特實業有限公司,臺北市文山區羅斯福路6段295號2樓,寵物食品及其用品零售業
97056943,台灣皮博士化菻~有限公司,臺北市中正區襄陽路3號5樓之1,寵物食品及其用品零售業
97083792,達盛呢羢服飾有限公司,臺北市大同區南京西路398號1樓,寵物食品及其用品零售業
97112543,全展科技企業有限公司,臺北市中正區廈門街113巷11號5樓,寵物食品及其用品零售業
97294059,普樂可醫藥股份有限公司,臺北市中山區民生東路1段58號11樓,寵物食品及其用品零售業
97435240,義興股份有限公司,臺北市中正區羅斯福路1段46號10樓之1,寵物食品及其用品零售業
97444206,鈞存國際有限公司,臺北市中山區延平南路61號5樓之9,寵物食品及其用品零售業
80544336,神采飛揚實業有限公司,臺北市信義區忠孝東路5段766號(1樓),寵物食品及其用品零售業
80664198,兆享股份有限公司,臺北市松山區民生東路4段110號2樓,寵物食品及其用品零售業
80688494,美麗樂國際股份有限公司,臺北市信義區基隆路1段159號15樓,寵物食品及其用品零售業
84257335,全鎂興業股份有限公司,臺北市中山區長春路100號7樓之13,寵物食品及其用品零售業
84288554,必群股份有限公司,臺北市松山區南京東路5段202號13樓之1,寵物食品及其用品零售業
84459775,物之坊有限公司,臺北市內湖區民權東路6段304號1樓,寵物食品及其用品零售業
84465447,建福電器有限公司,臺北市士林區大西路24號1樓,寵物食品及其用品零售業
84474781,博東客企業有限公司,臺北市大安區新生南路3段68之4號2樓,寵物食品及其用品零售業
84488687,麗羊實業有限公司,臺北市松山區民權東路3段106巷15弄6號1樓,寵物食品及其用品零售業
84906731,億星國際有限公司,臺北市大安區潮州街176號,寵物食品及其用品零售業
84921352,長榮水族寵物有限公司,臺北市中山區農安街271巷5號1樓,寵物食品及其用品零售業
86127554,康嘉企業有限公司,臺北市信義區基隆路2段23號4樓之3,寵物食品及其用品零售業
86301363,蒙帝那生物科技有限公司,臺北市中山區南京東路3段201號4樓及4樓之1,寵物食品及其用品零售業
80036389,創越行銷資源整合有限公司,臺北市松山區復興北路15號6樓之1,寵物食品及其用品零售業
80205808,金魚世家水族有限公司,臺北市松山區民權東路5段42號及44號1樓,寵物食品及其用品零售業
80278962,利悅有限公司,臺北市信義區莊敬路238號7樓,寵物食品及其用品零售業
80294338,乾隆農業生物科技有限公司,臺北市文山區興隆路2段130巷17號,寵物食品及其用品零售業
80296618,鐽峰國際事業有限公司,臺北市北投區吉利街127巷5號3樓之1,寵物食品及其用品零售業
80333064,英屬蓋曼群島商家庭傳媒股份有限公司,臺北市中山區民生東路２段１４１號４樓,寵物食品及其用品零售業
80521018,行動拍拍賣科技股份有限公司,臺北市南港區園區街3號20樓,寵物食品及其用品零售業
80534533,盛世文化股份有限公司,臺北市大安區敦化南路1段261號B1,寵物食品及其用品零售業
80537150,達盟時代有限公司,臺北市中山區民權東路1段53號2樓,寵物食品及其用品零售業
80548760,薺迪思科技有限公司,臺北市大安區建國南路1段358號,寵物食品及其用品零售業
80691076,關方陳廣告有限公司,臺北市大安區忠孝東路4段205巷29弄6號1樓,寵物食品及其用品零售業
54888721,台貿通國際有限公司,臺北市中山區林森北路356號9樓,寵物食品及其用品零售業
70444999,茂為歐買尬數位科技股份有限公司,臺北市南港區園區街3號20樓,寵物食品及其用品零售業
70448355,璨碩科技股份有限公司,臺北市大同區重慶北路2段188號9樓,寵物食品及其用品零售業
70567915,崴儷企業有限公司,臺北市中山區建國北路2段33號10樓之5,寵物食品及其用品零售業
70804425,英屬維京群島商網豐國際物流資訊有限公司,臺北市內湖區新湖一路88號7樓,寵物食品及其用品零售業
70841239,台灣康富萊股份有限公司,臺北市南港區松河街408號5樓,寵物食品及其用品零售業
80201113,創電有限公司,臺北市中山區松江路101號4樓之1,寵物食品及其用品零售業
80264854,昇陽通訊企業有限公司,臺北市南港區研究院路2段9之1號1樓,寵物食品及其用品零售業
80290826,一指通行銷有限公司,臺北市北投區義理街2號,寵物食品及其用品零售業
89390488,特力屋股份有限公司,臺北市內湖區湖元里新湖三路23號1、2、5樓,寵物食品及其用品零售業
89940977,康成志業股份有限公司,臺北市中山區南京東路3段201號4樓,寵物食品及其用品零售業
96909873,杰德有限公司,臺北市文山區仙岩路19號1樓,寵物食品及其用品零售業
97095122,凱莉寵物有限公司,臺北市士林區德行東路190巷42號2樓,寵物食品及其用品零售業
97125343,城邦文化事業股份有限公司,臺北市中山區民生東路2段141號11樓,寵物食品及其用品零售業
97289041,新都里餐廳股份有限公司,臺北市中山區建國北路1段80號地下之3,寵物食品及其用品零售業
84742549,里門有限公司,臺北市大安區光復南路672號2樓,寵物食品及其用品零售業
86423942,萬家福股份有限公司,臺北市內湖區內湖路1段392號12樓,寵物食品及其用品零售業
86497009,崴令企業有限公司,臺北市中山區長安東路1段56巷1弄36之1號1樓,寵物食品及其用品零售業
86722771,世林有限公司,臺北市文山區和興路44巷14弄2之1號3樓,寵物食品及其用品零售業
86730630,春來國際開發有限公司,臺北市士林區承德路4段3巷1號1樓,寵物食品及其用品零售業
89605256,玨德科技有限公司,臺北市大安區和平東路2段101號12樓,寵物食品及其用品零售業
89631536,肯夢國際股份有限公司,臺北市大安區大安路1段117號1樓及地下1樓,寵物食品及其用品零售業
96920526,新優勢行銷事業有限公司,臺北市中正區延平南路61號7樓之12,寵物食品及其用品零售業
97124560,吉利果行銷有限公司,臺北市信義區吳興街450巷6弄8號5樓,寵物食品及其用品零售業
97305176,潔緯企業有限公司,臺北市大安區基隆路2段112號11樓,寵物食品及其用品零售業
97317855,山野倉庫有限公司,臺北市北投區明德路55號1樓,寵物食品及其用品零售業
97432742,敦意股份有限公司,臺北市內湖區瑞光路208號4樓,寵物食品及其用品零售業
97436135,揚誠有限公司,臺北市中山區長春路378號7樓,寵物食品及其用品零售業
80492196,高銳國際有限公司,臺北市大安區敦化南路1段295巷1號1樓,寵物食品及其用品零售業
80663515,第一名店股份有限公司,臺北市松山區南京東路3段346之12號9樓,寵物食品及其用品零售業
80692130,洋祪雪~股份有限公司,臺北市內湖區民權東路6段180巷6號8樓之17,寵物食品及其用品零售業
84111563,智邦知行國際股份有限公司,臺北市松山區南京東路5段163號7樓,寵物食品及其用品零售業
84459705,弘誠嘉麗國際有限公司,臺北市大安區基隆路2段102號1樓,寵物食品及其用品零售業
84539052,鼎紘科技有限公司,臺北市信義區信義路5段5號,寵物食品及其用品零售業
84776250,禾曲企業有限公司,臺北市士林區中山北路7段7號,寵物食品及其用品零售業
86015170,南豐創意科技有限公司,臺北市中正區市民大道3段8號4樓88號,寵物食品及其用品零售業
86152271,全國藥品企業有限公司,臺北市大安區通化街19號1樓,寵物食品及其用品零售業
86851893,益來成實業有限公司,臺北市文山區秀明路2段6號,寵物食品及其用品零售業
89460343,佳霓文化事業有限公司,臺北市文山區羅斯福路4段206巷25號1樓,寵物食品及其用品零售業
89471735,邦多企業有限公司,臺北市南港區南港路2段99之20號1樓,寵物食品及其用品零售業
89477034,亞旺實業有限公司,臺北市松山區南京東路5段163號7樓,寵物食品及其用品零售業
89633350,御業企業有限公司,臺北市士林區德行東路137號1樓,寵物食品及其用品零售業
89875390,歡樂線上股份有限公司,臺北市內湖區瑞湖街39號2樓,寵物食品及其用品零售業
89959258,中日超商企業股份有限公司,臺北市中山區復興北路48號5樓,寵物食品及其用品零售業
97106681,威宏國際有限公司,臺北市中山區南京東路3段189號4樓,寵物食品及其用品零售業
97110931,協志聯合科技股份有限公司,臺北市中山區中山北路3段13號1樓,寵物食品及其用品零售業
97316589,鵜鶘廣告有限公司,臺北市信義區基隆路2段189號17樓,寵物食品及其用品零售業
97317216,紙空間國際有限公司,臺北市松山區八德路2段374號3樓之4,寵物食品及其用品零售業
97441876,章魚舫水族有限公司,臺北市士林區士東路236號1樓,寵物食品及其用品零售業
