04742997,寶齡富錦生技股份有限公司,臺北市南港區園區街3號16樓,核准設立,寵物食品製造業
24489472,寵式料理股份有限公司,臺北市大同區民權西路108號2樓,核准設立,寵物食品製造業
24743930,寵居家庭有限公司,臺北市信義區林口街80巷89號4樓,核准設立,寵物食品製造業
24974571,綠拇指股份有限公司,臺北市信義區松德路12號9樓,核准設立,寵物食品製造業
25130199,善小貝生活設計事業有限公司,臺北市大安區仁愛路4段122巷61號3樓之2,核准設立,寵物食品製造業
27723177,云晟企管顧問股份有限公司,臺北市大安區和平東路2段181號2樓,核准設立,寵物食品製造業
42647662,艾莫芽學苑股份有限公司,臺北市士林區士東路220號1樓,核准設立,寵物食品製造業
42648022,兔兔日子股份有限公司,臺北市內湖區內湖路1段387巷3弄7號,核准設立,寵物食品製造業
42648542,智慧基因體生技股份有限公司,臺北市南港區<U+784F>究院路2段70巷23號,核准設立,寵物食品製造業
53954363,北歐犬舍有限公司,臺北市大安區和平東路2段20之1號,核准設立,寵物食品製造業
54681849,毅威亞國際股份有限公司,臺北市中山區南京東路2段95號11樓(1105室),核准設立,寵物食品製造業
70613045,聖保生物科技股份有限公司,臺北市中正區羅斯福路2段166號,核准設立,寵物食品製造業
84643105,偉翔生技開發股份有限公司,臺北市南港區園區街3號11樓之5,核准設立,寵物食品製造業
24466647,珍食堡實業股份有限公司,臺北市中山區遼寧街21號,核准設立,寵物食品製造業
24738325,天藝文創實業有限公司,臺北市中山區民權東路3段35號11樓,核准設立,寵物食品製造業
24747485,天地欣實業有限公司,臺北市萬華區西園路2段96巷36號2樓,核准設立,寵物食品製造業
24796990,日商北方達人股份有限公司,臺北市中山區南京東路1段86號5樓,核准設立,寵物食品製造業
24950938,朋生國際有限公司,臺北市中正區博愛路25號7樓之13,核准設立,寵物食品製造業
24977752,芙達法利納有限公司,臺北市士林區中山北路7段114巷36弄14號3樓,核准設立,寵物食品製造業
42614228,可鼻阿爸的寶寶副食品有限公司,臺北市中山區民權東路2段92巷7弄20號1樓,核准設立,寵物食品製造業
42623916,禾膳坊國際股份有限公司,臺北市內湖區文湖街2之1號3樓,核准設立,寵物食品製造業
42640062,東鉞國際股份有限公司,臺北市大安區忠孝東路4段162號4樓之4,核准設立,寵物食品製造業
54656807,和沛國際有限公司,臺北市大安區忠孝東路3段248巷19弄50號4樓之2,核准設立,寵物食品製造業
54723242,先進綠色生物科技股份有限公司,臺北市內湖區民權東路6段47巷10弄12號2樓,核准設立,寵物食品製造業
84488687,麗羊實業有限公司,臺北市松山區民權東路3段106巷15弄6號1樓,核准設立,寵物食品製造業
22422010,台忠企業股份有限公司,臺北市松山區民生東路3段118號8樓之2,核准設立,寵物食品製造業
24535118,量智國際科技有限公司,臺北市大安區光復南路578號12樓之1,核准設立,寵物食品製造業
24537452,璽傳國際有限公司,臺北市中山區吉林路360號1樓,核准設立,寵物食品製造業
24553403,晨杏生醫有限公司,臺北市內湖區康寧路3段75巷222號,核准設立,寵物食品製造業
24555296,辰宏事業有限公司,臺北市萬華區桂林路242巷81號,核准設立,寵物食品製造業
24936752,愛蜜莉寵物有限公司,臺北市松山區南京東路5段393號3樓,核准設立,寵物食品製造業
25118245,健筌國際有限公司,臺北市大安區仁愛路4段345巷5弄15號4樓,核准設立,寵物食品製造業
28515134,<U+6ED9>特生物科技股份有限公司,臺北市內湖區內湖路1段248號3樓,核准設立,寵物食品製造業
53932951,仲丞國際股份有限公司,臺北市中正區羅斯福路3段236號3、4樓,核准設立,寵物食品製造業
54276813,瑞威動物科技股份有限公司,臺北市大同區重慶北路3段76號3樓之4,核准設立,寵物食品製造業
54356301,供活股份有限公司,臺北市中山區錦州街154號,核准設立,寵物食品製造業
54357765,旭峰烘焙食品有限公司,臺北市中山區錦州街313號1樓,核准設立,寵物食品製造業
54668894,百農可生物科技股份有限公司,臺北市大安區大安路1段133號6樓,核准設立,寵物食品製造業
54674312,大橙貿易有限公司,臺北市大安區忠孝東路4段169號12樓之1,核准設立,寵物食品製造業
84776250,禾曲企業有限公司,臺北市士林區中山北路7段7號,核准設立,寵物食品製造業
24577539,狗窩好日子有限公司,臺北市松山區民生東路5段175之5號1樓,核准設立,寵物食品製造業
24740271,鑫鼎國際股份有限公司,臺北市信義區莊敬路391巷16弄3號4樓,核准設立,寵物食品製造業
24740589,陳杉號實業股份有限公司,臺北市內湖區內湖路1段285巷63弄9號3樓,核准設立,寵物食品製造業
24746486,德益祥生技有限公司,臺北市大安區仁愛路4段107號7樓,核准設立,寵物食品製造業
24948949,豪斯寵物服務有限公司,臺北市信義區基隆路1段360號6樓之2,核准設立,寵物食品製造業
27997990,彩智國際事業股份有限公司,臺北市中正區忠孝西路1段50號21樓之26,核准設立,寵物食品製造業
42618435,汪喵星球有限公司,臺北市內湖區新明路328號5樓,核准設立,寵物食品製造業
53741257,常源生技有限公司,臺北市士林區德行東路189號1樓,核准設立,寵物食品製造業
53952169,祕密客有限公司,臺北市信義區基隆路2段7號6樓,核准設立,寵物食品製造業
54179072,心悅生醫股份有限公司,臺北市信義區忠孝東路5段510號21樓之2,核准設立,寵物食品製造業
54184770,博太數位有限公司,臺北市大同區華陰街227巷7號,核准設立,寵物食品製造業
54323772,心齊生技有限公司,臺北市大安區羅斯福路3段95號2樓之1,核准設立,寵物食品製造業
54688651,優維碧企業有限公司,臺北市大安區仁愛路4段396之1號14樓,核准設立,寵物食品製造業
70438027,優墾整合行銷有限公司,臺北市大安區忠孝東路3段136號10樓之3,核准設立,寵物食品製造業
