04229920,新光兆豐股份有限公司,臺北市中正區忠孝西路1段66號38樓,07.便利商店
04249242,一樂園股份有限公司,臺北市萬華區西寧南路24號1樓,07.便利商店
04263969,明園企業有限公司,臺北市中正區中華路2段75巷1弄7號,07.便利商店
04265349,永欣豐華股份有限公司,臺北市中山區松江路398號2樓,07.便利商店
04286999,輝昌有限公司,臺北市大同區迪化街1段136號,07.便利商店
04294935,三永綜合商店有限公司,臺北市大同區延平北路2段243號,07.便利商店
04313172,光泉牧場股份有限公司,臺北市內湖區瑞光路502號4樓,07.便利商店
04351626,光泉食品股份有限公司,臺北市內湖區瑞光路502號4樓,07.便利商店
04361125,復興煤礦股份有限公司,臺北市中山區松江路82號3樓,07.便利商店
04387005,優美股份有限公司,臺北市萬華區雙園里莒光路310號3樓,07.便利商店
04480635,台灣美奇龍股份有限公司,臺北市大同區太原路81號1樓,07.便利商店
04792742,甘霖國際物流股份有限公司,臺北市中山區中山北路2段68號3樓,07.便利商店
04927158,陸海股份有限公司,臺北市松山區復興北路99號13樓,07.便利商店
04991860,津秋企業股份有限公司,臺北市內湖區成功路3段171號2樓,07.便利商店
05007903,金車股份有限公司,臺北市中正區羅斯福路3段230號,07.便利商店
05007994,北杰企業有限公司,臺北市南港區忠孝東路7段611號(1樓),07.便利商店
05024585,聯運股份有限公司,臺北市中正區羅斯福路3段230號1樓,07.便利商店
05065749,台灣奧黛莉股份有限公司,臺北市大同區長安西路342號5樓,07.便利商店
05099591,茗陽企業有限公司,臺北市中正區中華路2段75巷1弄7號,07.便利商店
05134324,弘雅圖書股份有限公司,臺北市松山區復興北路386號地下1樓、地上1、2、3、4樓,07.便利商店
05135956,邱氏鼎食品企業股份有限公司,臺北市中正區博愛路99號1、2樓,07.便利商店
05184787,金石堂圖書股份有限公司,臺北市中正區汀州路3段184號1樓之11，12，13，14，15，16，17，18，及192號地下室,07.便利商店
05251357,承暘有限公司,臺北市南港區玉成街166巷22弄15號,07.便利商店
05418363,誠記有限公司,臺北市內湖區東湖路４３巷３２弄２號１樓,07.便利商店
07067309,味王股份有限公司,臺北市中山區聚盛里中山北路2段79號5樓,07.便利商店
07305506,南僑化學工業股份有限公司,臺北市大同區延平北路4段100號,07.便利商店
07712932,義美股份有限公司,臺北市大同區延平北路2段29號2樓,07.便利商店
09419218,悅創國際科技有限公司,臺北市大安區大安路1段145號2樓,07.便利商店
09467787,麥帥工業有限公司,臺北市大安區忠孝東路4段130號5樓,07.便利商店
09482892,好家庭興業有限公司,臺北市大安區建國南路2段320號1樓,07.便利商店
11121403,中美聯合實業股份有限公司,臺北市大安區敦化南路2段76號12樓,07.便利商店
11347802,味全食品工業股份有限公司,臺北市中山區松江路125號,07.便利商店
11511090,皇冠金屬工業股份有限公司,臺北市中山區復興南路1段2號8樓之1,07.便利商店
11768704,義美食品股份有限公司,臺北市大同區延平北路2段31號1樓,07.便利商店
11892605,嘉新食品化纖股份有限公司,臺北市大安區忠孝東路4段219號6樓,07.便利商店
12139612,潤泰創新國際股份有限公司,臺北市中山區八德路2段308號11樓之1,07.便利商店
12157771,咸安企業有限公司,臺北市中山區吉林路３９３巷２號,07.便利商店
12160255,新竹化工實業股份有限公司,臺北市中山區松江路82號3樓,07.便利商店
12343656,振夏實業有限公司,臺北市士林區雨聲街8巷18號1樓,07.便利商店
12360599,中國青年商店股份有限公司,臺北市中山區松江路127號9樓,07.便利商店
12361817,增明有限公司,臺北市中山區長安東路1段13號5樓,07.便利商店
12371287,采盟股份有限公司,臺北市松山區中正里復興北路57號3樓之1、2、7,07.便利商店
12435753,擁潔股份有限公司,臺北市萬華區西園路2段157號9樓,07.便利商店
12457398,代統企業股份有限公司,臺北市中山區合江街100巷17號1樓,07.便利商店
12489201,風雷益系統科技有限公司,臺北市中山區中山北路2段27巷3之3號3樓,07.便利商店
12502112,江松股份有限公司,臺北市中山區南京東路3段118號11樓,07.便利商店
12522692,池袋股份有限公司,臺北市內湖區洲子街194號2樓、2樓之1、196號1、2樓,07.便利商店
12630117,建惠有限公司,臺北市內湖區安泰街32號5樓,07.便利商店
12654222,菠丹妮國際事業有限公司,臺北市中山區中山北路２段１１８之１號１樓,07.便利商店
12659394,極元多媒體股份有限公司,臺北市中山區八德路2段312巷19號1樓,07.便利商店
12659866,翔鄰實業有限公司,臺北市中山區松江路27號6樓,07.便利商店
12661223,維升有限公司,臺北市士林區延平北路5段6號1樓,07.便利商店
12663159,美好樂科技休旅有限公司,臺北市大同區西寧北路78-18號9樓,07.便利商店
12665656,柏里尼國際股份有限公司,臺北市松山區南京東路5段356號7樓,07.便利商店
12666120,第一超市股份有限公司,臺北市松山區南京東路4段1號,07.便利商店
12667346,龍喜有限公司,臺北市南港區福德街339巷3弄24號1樓,07.便利商店
12677549,心勤有限公司,臺北市內湖區安康路315巷14號,07.便利商店
12679440,台北新都有限公司,臺北市文山區福興路106巷28弄1號4樓之1,07.便利商店
12682206,鼎仁國際開發股份有限公司,臺北市信義區忠孝東路5段31巷18弄19號2樓,07.便利商店
12687188,桀利安有限公司,臺北市內湖區環山路１段５９巷１弄１號１樓,07.便利商店
12693288,大愛有限公司,臺北市信義區光復南路４７３巷１號１樓,07.便利商店
12693371,三皇生物科技股份有限公司,臺北市中山區復興北路66號4樓之1,07.便利商店
12695238,金炳科技股份有限公司,臺北市中山區民權東路３段５５號１樓,07.便利商店
12696406,軒佳有限公司,臺北市大同區迪化街2段168號1樓,07.便利商店
12751821,先翔企業有限公司,臺北市文山區萬隆街13巷12號,07.便利商店
12755447,經基興業有限公司,臺北市文山區和興路52巷9號2樓,07.便利商店
12808654,三嘉國際事業有限公司,臺北市北投區明德路１０９號１樓,07.便利商店
12838453,全聚德國際股份有限公司,臺北市中正區忠孝西路1段41號10樓之17,07.便利商店
12853566,水蓮公寓大廈管理維護股份有限公司,臺北市中正區羅斯福路4段162號12樓之2,07.便利商店
12856156,兆亨事業有限公司,臺北市士林區至誠路2段40號1樓,07.便利商店
12856424,瑟夫國際有限公司,臺北市松山區八德路４段２７７號６樓,07.便利商店
12858788,聯慶開發實業有限公司,臺北市中山區民族東路５２０號１樓,07.便利商店
12859604,椰子林企業股份有限公司,臺北市中山區松江路127之1號8樓,07.便利商店
12860665,都市策略開發股份有限公司,臺北市士林區中山北路6段88號7樓,07.便利商店
12863184,東豪百貨有限公司,臺北市信義區忠孝東路５段７９０巷５９弄８號１樓,07.便利商店
12864711,福樂多兆資有限公司,臺北市大安區忠孝東路4段220號13樓,07.便利商店
12865330,明暘經貿開發股份有限公司,臺北市中山區建國北路2段76號2樓,07.便利商店
12865401,贏飛有限公司,臺北市內湖區成功路４段６１巷６號５樓,07.便利商店
12866302,德逸有機生活館股份有限公司,臺北市萬華區西園路2段157號9樓,07.便利商店
12866513,智升有限公司,臺北市萬華區貴陽街２段６４號３樓,07.便利商店
12868104,聯寶藥品生化科技有限公司,臺北市大安區忠孝東路3段86號4樓,07.便利商店
12868759,穩立有限公司,臺北市士林區延平北路5段6號1樓,07.便利商店
12872748,蕎尉有限公司,臺北市萬華區長泰街６號,07.便利商店
12873113,賽特資訊服務股份有限公司,臺北市大安區敦化南路2段105號12樓,07.便利商店
12873401,順寶國際股份有限公司,臺北市中山區南京東路3段26號12樓,07.便利商店
12875631,前辰國際管理顧問有限公司,臺北市大安區忠孝東路4段220號13樓,07.便利商店
12879593,雅妮絲比股份有限公司,臺北市信義區松仁路36號9樓,07.便利商店
12886721,史丹尼斯實業有限公司,臺北市內湖區安康路147號1樓,07.便利商店
12900060,訊虎科技股份有限公司,臺北市中正區忠孝東路1段150號8樓之3,07.便利商店
12919173,惠榮有限公司,臺北市文山區興隆路2段203巷38號2樓,07.便利商店
12928686,青杭有限公司,臺北市中正區紹興北街３１巷１５弄８號２樓,07.便利商店
12931916,全優股份有限公司,臺北市松山區長安東路2段215號6樓之1,07.便利商店
12933750,城荿有限公司,臺北市信義區松山路４２１號１２樓,07.便利商店
12936243,海凰實業股份有限公司,臺北市士林區德行東路51號2樓,07.便利商店
12936433,台虹企業有限公司,臺北市內湖區民權東路6段123巷20弄2號1樓,07.便利商店
12937377,維斯特管理顧問有限公司,臺北市中山區遼寧街９７號１樓,07.便利商店
12939895,大登國際行銷有限公司,臺北市信義區松德路117號9樓,07.便利商店
12941610,太平洋國際商務中心股份有限公司,臺北市信義區光復南路495號6樓之3,07.便利商店
12943693,湖峰有限公司,臺北市內湖區內湖路1段359巷20號1樓,07.便利商店
12945448,優谷多股份有限公司,臺北市士林區承德路4段306號7樓,07.便利商店
12946925,互愛人文志業股份有限公司,臺北市大安區忠孝東路3段217巷7弄19號1樓,07.便利商店
12948944,電週文化事業股份有限公司,臺北市大安區敦化南路2段105號12樓,07.便利商店
12950650,富聯網路科技股份有限公司,臺北市松山區光復北路９５號４樓,07.便利商店
12951617,桓宇企業有限公司,臺北市南港區玉成街166巷12號5樓,07.便利商店
12951638,兌曼有限公司,臺北市北投區東華街1段540號3樓,07.便利商店
12953039,政大加油站股份有限公司,臺北市文山區興隆路2段244巷8號1樓,07.便利商店
12954001,震澤有限公司,臺北市文山區保儀路126號5樓,07.便利商店
12957936,紅運發便利店股份有限公司,臺北市中山區南京東路1段120號5樓之1,07.便利商店
12959842,稼達實業有限公司,臺北市大安區安和路２段１０２號４樓,07.便利商店
12961734,昶都實業有限公司,臺北市中正區汀州路1段155號1樓,07.便利商店
12962234,家家通活動量販有限公司,臺北市信義區莊敬路325巷4號1樓,07.便利商店
12962683,圻勳股份有限公司,臺北市松山區南京東路５段１５４號６樓,07.便利商店
12965035,波特服飾有限公司,臺北市大安區敦化南路1段163號1樓,07.便利商店
12968119,筑康國際科技股份有限公司,臺北市中正區羅斯福路２段１００號２４樓,07.便利商店
12968568,菁桂中國有限公司,臺北市大同區承德路１段４６號１樓,07.便利商店
12968693,百老繪餐廳有限公司,臺北市松山區八德路4段24號,07.便利商店
12971037,陽光士林開發股份有限公司,臺北市士林區福德路31號,07.便利商店
12975667,富祥國際工程有限公司,臺北市松山區八德路２段３７４號１０樓之１,07.便利商店
12979278,美食多實業股份有限公司,臺北市中山區林森北路575號7樓之12,07.便利商店
13018518,鄺氏有限公司,臺北市內湖區五分街41號1樓,07.便利商店
13028585,瀚麒有限公司,臺北市文山區興隆路4段109巷40號3樓,07.便利商店
13039400,世競有限公司,臺北市大安區通化街87號1樓,07.便利商店
13081259,明家科技產業股份有限公司,臺北市大安區信義路4段250之1號,07.便利商店
13081693,優利寰宇資產管理顧問股份有限公司,臺北市萬華區開封街2段80號7樓之8,07.便利商店
13084333,大方室內設計有限公司,臺北市士林區中正路212巷10弄7號2樓,07.便利商店
13091448,滴夏有機事業有限公司,臺北市士林區華榮街1號1樓,07.便利商店
13091691,吉鮮農業科技股份有限公司,臺北市信義區光復南路475號5樓之1,07.便利商店
13094347,坤順有限公司,臺北市中山區中山北路1段33巷39之2號5樓,07.便利商店
13097180,朝輝國際股份有限公司,臺北市內湖區潭美街587號2樓,07.便利商店
13099407,顧得服務股份有限公司,臺北市中正區重慶南路1段75號4樓,07.便利商店
13099434,聯合亞洲股份有限公司,臺北市萬華區長沙街２段１６３號４樓,07.便利商店
13099482,五方開發實業股份有限公司,臺北市松山區敦化北路167號18樓,07.便利商店
13101852,上銀全通電訊股份有限公司,臺北市中山區南京東路1段46號4樓,07.便利商店
13104540,全球綠色食品股份有限公司,臺北市大安區敦化南路2段97號17樓,07.便利商店
13110450,匯舜企業有限公司,臺北市南港區忠孝東路6段285號10樓之5,07.便利商店
13113581,桓瑄企業有限公司,臺北市士林區德行東路２６６巷１４號５樓,07.便利商店
13113745,吉爾生化科技股份有限公司,臺北市信義區基隆路１段１５９號１５樓,07.便利商店
13115672,潛艇堡有限公司,臺北市松山區南京東路4段99號1樓,07.便利商店
13120540,廣合國際行銷股份有限公司,臺北市大同區蘭州街6巷2號9樓,07.便利商店
13124399,三福鑫有限公司,臺北市士林區大東路13號地下樓,07.便利商店
13127059,大吉匯貿易股份有限公司,臺北市中山區敬業四路33號13樓,07.便利商店
13127353,典固人文股份有限公司,臺北市信義區基隆路2段189號15樓之13,07.便利商店
13129459,富康便利有限公司,臺北市文山區下崙路28巷2號2樓,07.便利商店
13133209,福利國際事業股份有限公司,臺北市大安區復興南路1段204號11樓之2,07.便利商店
13138422,源俊股份有限公司,臺北市信義區嘉興街１９６號１樓,07.便利商店
13139908,美得股份有限公司,臺北市中山區林森北路646號,07.便利商店
13153534,<U+5586>康股份有限公司,臺北市中正區羅斯福路２段１００號２４樓,07.便利商店
13166144,南客招來成有限公司,臺北市大安區復興南路2段336號,07.便利商店
14053007,潤泰全球股份有限公司,臺北市中山區八德路2段308號13樓之1,07.便利商店
15319335,新東陽股份有限公司,臺北市大安區忠孝東路4段289號8樓,07.便利商店
15905118,金蕎有限公司,臺北市萬華區德昌街９４巷７號,07.便利商店
16080964,長徽股份有限公司,臺北市大安區仁愛路3段136號5樓,07.便利商店
16094221,鼎豐傳播事業股份有限公司,臺北市中正區忠孝西路1段6號14樓,07.便利商店
16098958,樂到家國際娛樂股份有限公司,臺北市大同區鄭州路139號7樓,07.便利商店
16099106,豐園建設股份有限公司,臺北市中山區八德路2段232號6樓,07.便利商店
16134321,好而美家具實業有限公司,臺北市北投區大度路3段151號,07.便利商店
16142238,飛行者企業有限公司,臺北市內湖區安泰街９２號,07.便利商店
16142510,柏拉弗股份有限公司,臺北市大安區敦化南路2段97號17樓,07.便利商店
16143948,代誠企業股份有限公司,臺北市中山區合江街１００巷１７號１樓,07.便利商店
16166667,渴望園區服務開發股份有限公司,臺北市松山區復興北路369號7樓之5,07.便利商店
16172197,明洲工程顧問有限公司,臺北市中山區民生東路1段42號10樓之10,07.便利商店
16174126,豐砡建設股份有限公司,臺北市中山區復興北路150號11樓之2,07.便利商店
16176291,富玉有限公司,臺北市萬華區西寧南路11號7樓之3,07.便利商店
16177159,快克利有限公司,臺北市中山區民生西路16號9樓之3,07.便利商店
16180979,禾統實業股份有限公司,臺北市中山區民生東路3段11號7樓,07.便利商店
16181560,億文生物科技有限公司,臺北市中山區長安東路１段９３號,07.便利商店
16231323,晶明有限公司,臺北市中正區八德路1段46號9樓,07.便利商店
16281174,銘望實業有限公司,臺北市松山區南京東路4段11號4樓,07.便利商店
16296628,競合國際行銷股份有限公司,臺北市松山區復興北路369號4樓,07.便利商店
16299287,歡樂聯線實業有限公司,臺北市萬華區西寧南路70號4樓之20,07.便利商店
16300566,亞東加油站股份有限公司,臺北市中山區建國北路2段33號12樓,07.便利商店
16300637,詢价科技股份有限公司,臺北市大安區東豐街66號3樓,07.便利商店
16303640,旭嶺有限公司,臺北市中山區松江路2號6樓之3,07.便利商店
16305078,億鼎有限公司,臺北市松山區東興路12號2樓,07.便利商店
16307097,泉鼎企業有限公司,臺北市北投區西安街1段367號4樓,07.便利商店
16307370,銓富行有限公司,臺北市中山區民權東路３段６０巷４號１樓,07.便利商店
16309406,禾順欣業股份有限公司,臺北市萬華區萬大路323號7樓,07.便利商店
16311613,仕森有限公司,臺北市中山區中山北路2段183巷4之2號3樓,07.便利商店
16314148,金凱祥有限公司,臺北市士林區天母東路8巷91號1樓,07.便利商店
16316928,盛高貿易有限公司,臺北市大安區敦化南路2段57號9樓之3,07.便利商店
16318974,新薪有限公司,臺北市信義區吳興街284巷36弄3號5樓,07.便利商店
16319523,雙鴻元國際事業有限公司,臺北市中山區中山北路2段118之1號3樓,07.便利商店
16325031,有聯國際股份有限公司,臺北市中正區忠孝西路１段５０號１５樓之２８,07.便利商店
16327333,全家樂百貨有限公司,臺北市中正區汀州路1段220號1樓,07.便利商店
16329851,感謝有限公司,臺北市士林區大東路25號,07.便利商店
16330442,瑞山液化石油氣汽車加氣站股份有限公司,臺北市松山區濱江街375號,07.便利商店
16365259,文聖國際有限公司,臺北市萬華區青年路152巷59號,07.便利商店
16422414,博多國際流通股份有限公司,臺北市中正區忠孝東路2段116號10樓,07.便利商店
16434853,宜華國際股份有限公司,臺北市中山區樂群二路199號,07.便利商店
16439668,和信流通股份有限公司,臺北市中山區松江路１１１號７樓之１,07.便利商店
16447098,美麗華城巿發展股份有限公司,臺北市中山區敬業三路20號1至5樓地下1層、22號1至5樓,07.便利商店
16448955,中安企業股份有限公司,臺北市大安區敦化南路2段46號6樓之11,07.便利商店
16450516,中觀管理顧問股份有限公司,臺北市松山區敦化南路1段1號5樓,07.便利商店
16491713,旭普國際開發股份有限公司,臺北市文山區興隆路1段171號,07.便利商店
16519233,昱太實業有限公司,臺北市大安區和平東路1段266號1樓,07.便利商店
16573947,啟運通商國際股份有限公司,臺北市中山區南京西路16號,07.便利商店
16583157,東真有限公司,臺北市信義區信安街149號1樓,07.便利商店
16584016,寶吉祥有限公司,臺北市信義區松仁路89號14樓之2及之3,07.便利商店
16587695,庫卡創意廣告有限公司,臺北市中山區民權東路3段17號4樓,07.便利商店
16588863,雲軟有限公司,臺北市中山區民生西路16號9樓之3,07.便利商店
16593922,新隆城開發股份有限公司,臺北市松山區八德路4段686號11樓之3,07.便利商店
16597125,震鑠有限公司,臺北市文山區保儀路126號5樓,07.便利商店
16603718,真宏開發娛樂事業有限公司,臺北市中山區南京東路3段189號8樓,07.便利商店
16606102,網路家庭國際資訊股份有限公司,臺北市大安區敦化南路2段105號12樓,07.便利商店
16608018,善誠股份有限公司,臺北市內湖區瑞光路513巷22弄5號8樓之4,07.便利商店
16613785,華油企業股份有限公司,臺北市中山區八德路2段232號10樓,07.便利商店
16619872,伯樂客國際股份有限公司,臺北市松山區南京東路５段１０６號７樓,07.便利商店
16625488,芫陞國際貿易有限公司,臺北市大安區信義路4段279號8樓,07.便利商店
16639602,年代國際高科技媒體園區開發股份有限公司,臺北市內湖區瑞湖街39號2樓,07.便利商店
16650958,今棧有限公司,臺北市中正區南海路２０號４樓,07.便利商店
16667796,艾弗優股份有限公司,臺北市松山區復興北路57號16樓,07.便利商店
16740494,全聯實業股份有限公司,臺北市中山區敬業四路33號8樓,07.便利商店
16750529,歐聯興股份有限公司,臺北市信義區林口街100號1樓,07.便利商店
16754399,祥邑股份有限公司,臺北市松山區敦化南路1段1號8樓,07.便利商店
16755186,世界信息科技股份有限公司,臺北市信義區忠孝東路５段５０８號１７樓,07.便利商店
16755812,世界商城科技股份有限公司,臺北市信義區忠孝東路５段５０８號１７樓,07.便利商店
16761960,群邦國際股份有限公司,臺北市士林區通河街64號1樓,07.便利商店
16763480,揚誠實業股份有限公司,臺北市中正區忠孝東路２段１１６號３樓,07.便利商店
16763910,鑫陞有限公司,臺北市中山區中山北路１段５３巷２０號６樓之５,07.便利商店
16769479,大悅國際股份有限公司,臺北市中山區復興北路66號4樓,07.便利商店
16772729,佳岳國際有限公司,臺北市內湖區港華街77號1樓,07.便利商店
16777766,智瓔股份有限公司,臺北市文山區一壽街56號1樓,07.便利商店
16783351,玩具書屋有限公司,臺北市士林區中正路６０１號８樓８室,07.便利商店
16784128,優比司有限公司,臺北市中山區吉林路45號3樓,07.便利商店
16787390,慶瑜資訊服務股份有限公司,臺北市中正區青島西路１１號６樓之１,07.便利商店
16790607,億芬實業有限公司,臺北市松山區光復南路13巷31號2樓,07.便利商店
16794110,林弘有限公司,臺北市信義區基隆路２段１４９之４９號１１樓之９,07.便利商店
16796172,岩島成股份有限公司,臺北市大安區忠孝東路4段312號8樓之3,07.便利商店
16797030,越冠國際開發股份有限公司,臺北市大安區敦化南路2段97號17樓,07.便利商店
16798690,建二有限公司,臺北市信義區永吉路30巷119弄23號,07.便利商店
16798734,超宸有限公司,臺北市中山區長安東路２段８０號３樓,07.便利商店
16799184,台川有限公司,臺北市士林區承德路4段40巷102號2樓,07.便利商店
16830827,歌林開發股份有限公司,臺北市中正區重慶南路1段86號7樓,07.便利商店
16872564,龍慶陽有限公司,臺北市內湖區行善路35號,07.便利商店
16923439,雅慶實業有限公司,臺北市中山區南京西路5之1號9樓之3,07.便利商店
18559415,天仁茶業股份有限公司,臺北市大安區忠孝東路4段107號6樓,07.便利商店
20651901,黑松股份有限公司,臺北市大安區信義路4段296號3樓,07.便利商店
20767488,連榮油漆有限公司,臺北市北投區榮華三路36號1樓,07.便利商店
20795246,特力股份有限公司,臺北市內湖區新湖三路23號1、2、5樓,07.便利商店
20868802,伍輪企業股份有限公司,臺北市信義區基隆路2段13號11樓,07.便利商店
20945934,惠郁企業有限公司,臺北市中山區錦州街１１６號５樓,07.便利商店
20980740,台灣集安股份有限公司,臺北市信義區松山路647號1樓,07.便利商店
20989616,浩檀股份有限公司,臺北市松山區南京東路4段186號3樓之5,07.便利商店
21255892,增佳興業股份有限公司,臺北市松山區南京東路5段23巷9弄13號2樓,07.便利商店
21257316,太平洋崇光百貨股份有限公司,臺北市大安區忠孝東路4段45號地下1樓至地下3樓、1樓至13樓,07.便利商店
22009933,聯進股份有限公司,臺北市中正區羅斯福路3段230號1樓,07.便利商店
22016131,新悅實業有限公司,臺北市文山區景興路23巷6弄9號1樓,07.便利商店
22016673,鑫鴻生醫科技股份有限公司,臺北市大安區和平東路3段308巷39弄15號1樓,07.便利商店
22019279,寶利股份有限公司,臺北市中正區羅斯福路3段228號1樓,07.便利商店
22031111,世熙貿易股份有限公司,臺北市信義區基隆路1段432號9樓之1,07.便利商店
22079450,米奇百貨有限公司,臺北市大同區重慶北路1段26巷9弄26號,07.便利商店
22102473,佳格食品股份有限公司,臺北市大安區仁愛路3段136號5樓,07.便利商店
22185749,福臨門餐廳股份有限公司,臺北市大安區信義路3段128號2樓,07.便利商店
22195275,吉宏裝潢工程股份有限公司,臺北市中山區中山北路2段59巷29弄8-3號,07.便利商店
22265497,皇家可口股份有限公司,臺北市中正區懷寧街64號7樓,07.便利商店
22345387,祥美食品股份有限公司,臺北市大安區信義路2段88號5樓,07.便利商店
22354884,寶生股份有限公司,臺北市中正區羅斯福路3段228號1樓,07.便利商店
22422911,茵康國際會議顧問股份有限公司,臺北市信義區基隆路1段333號4樓,07.便利商店
22434141,惠陽百貨股份有限公司,臺北市中山區(南)長春路三十一號七樓之一,07.便利商店
22469350,立奇環球有限公司,臺北市信義區嘉興街175巷2弄12號1樓,07.便利商店
22473087,淼隆實業股份有限公司,臺北市中山區伊通街27號7樓之2,07.便利商店
22538379,圓方創新股份有限公司,臺北市信義區基隆路1段333號20樓,07.便利商店
22555003,統一超商股份有限公司,臺北市松山區東興路8號8樓,07.便利商店
22612840,佰歲實業股份有限公司,臺北市萬華區武昌街２段７２號９樓之１７,07.便利商店
22626746,宏澤休閒渡假股份有限公司,臺北市中正區仁愛路2段1號5樓,07.便利商店
22640634,中原食品工業開發股份有限公司,臺北市萬華區艋舺大道275巷15號1樓,07.便利商店
22657472,三友建設股份有限公司,臺北市中正區忠孝東路2段80號6樓之3,07.便利商店
22660309,亞太工商聯股份有限公司,臺北市松山區東興路12號2樓,07.便利商店
22729519,農豪生物科技股份有限公司,臺北市內湖區南京東路6段346號11樓之2,07.便利商店
22735694,安陽有限公司,臺北市大安區復興南路１段１０７巷５弄２３號６樓,07.便利商店
22745790,西歐加油站股份有限公司,臺北市士林區中山北路5段570號,07.便利商店
22762256,長承國際開發股份有限公司,臺北市中山區民生東路1段87號地下,07.便利商店
22819835,有誠股份有限公司,臺北市士林區至善路2段55號,07.便利商店
22853565,來來超商股份有限公司,臺北市信義區松德路131號地下1樓,07.便利商店
22853777,福客多商店股份有限公司,臺北市中山區長安東路2段99號10樓之1,07.便利商店
22879967,銓豐貿易有限公司,臺北市中正區中華路2段55號1樓,07.便利商店
22957554,中宇勁能興業股份有限公司,臺北市信義區信義路6段76巷2弄22號2樓,07.便利商店
22958907,全國加油站股份有限公司,臺北市文山區羅斯福路6段140號4樓,07.便利商店
23045057,奇唯科技股份有限公司,臺北市中山區民生東路2段149號8樓,07.便利商店
23051677,仲彬股份有限公司,臺北市松山區復興北路1號3樓之7,07.便利商店
23060232,台灣善美的股份有限公司,臺北市中山區敬業四路33號8樓,07.便利商店
23060248,全家便利商店股份有限公司,臺北市中山區中山北路2段61號7樓,07.便利商店
23131264,士林環境淨化股份有限公司,臺北市士林區大東路138號3樓,07.便利商店
23134543,捷元股份有限公司,臺北市內湖區瑞光路66巷36號,07.便利商店
23147934,協記有限公司,臺北市內湖區新明路305號1樓,07.便利商店
23155531,誠品股份有限公司,臺北市信義區松德路196號B1、B1-1至B1-6,07.便利商店
23224657,台灣屈臣氏個人用品商店股份有限公司,臺北市松山區八德路4段760號11樓之1之2、14樓,07.便利商店
23285582,萊爾富國際股份有限公司,臺北市內湖區西湖里瑞光路502號3樓,07.便利商店
23309091,都城實業股份有限公司,臺北市大安區忠孝東路4段312號8樓之3,07.便利商店
23312096,粉墨實業有限公司,臺北市北投區雙全街48巷7號1樓,07.便利商店
23325368,台灣蜜納國際股份有限公司,臺北市中山區南京東路2段8號5樓,07.便利商店
23357733,吸引力綜合百貨股份有限公司,臺北市信義區松仁路89號5樓,07.便利商店
23456115,捷美快速沖印有限公司,臺北市松山區敦化北路２２２巷７０號１樓,07.便利商店
23591219,鼎太國際股份有限公司,臺北市中正區和平西路1段170號2樓,07.便利商店
23615486,力麗觀光開發股份有限公司,臺北市中山區松江路162號3樓,07.便利商店
23621375,英華文化事業股份有限公司,臺北市士林區福國路65號2樓,07.便利商店
23625631,遠東生物科技股份有限公司,臺北市南港區園區街3號13樓,07.便利商店
23688142,興達營造有限公司,臺北市內湖區內湖路1段360巷6號5樓,07.便利商店
23742856,吉杏展業股份有限公司,臺北市大安區延吉街239號3樓,07.便利商店
23747439,德恩奈國際股份有限公司,臺北市大安區信義路4段303號12樓,07.便利商店
23754851,川普開發事業股份有限公司,臺北市信義區忠孝東路５段１７號１１樓,07.便利商店
23823371,欣隆建設股份有限公司,臺北市大安區敦化南路2段92號6樓,07.便利商店
23882053,日月光國際科技股份有限公司,臺北市信義區忠孝東路5段386號9樓,07.便利商店
23886760,崇贏實業股份有限公司,臺北市北投區尊賢街218巷42號1樓,07.便利商店
23908390,佳峟國際股份有限公司,臺北市中山區建國北路2段129號3樓,07.便利商店
23919827,聯成加油站有限公司,臺北市南港區忠孝東路6段226號1樓,07.便利商店
23928945,安心食品服務股份有限公司,臺北市中山區松江路156之1號8樓,07.便利商店
23984185,英屬維爾京群島商高力國際股份有限公司,臺北市信義區信義路5段7號49樓,07.便利商店
23986254,佳懿建設股份有限公司,臺北市大安區忠孝東路4段209號9樓之5,07.便利商店
23989983,弘耀科技股份有限公司,臺北市萬華區南寧路66號,07.便利商店
24267372,優勢多數位行銷有限公司,臺北市中山區長安東路1段16號6樓之7,07.便利商店
24286223,聯永物業股份有限公司,臺北市南港區忠孝東路6段6號7樓之2,07.便利商店
24304995,堤亞國際有限公司,臺北市中山區民權東路2段148號3樓,07.便利商店
24306240,一二三生活科技股份有限公司,臺北市內湖區瑞光路399號2樓之1,07.便利商店
24306282,豐和國際企業有限公司,臺北市中山區中山北路1段83巷13號3樓之15,07.便利商店
24309696,鑫泓開發有限公司,臺北市大安區新生北路1段5巷1號1樓,07.便利商店
24309936,微風梅森凱瑟有限公司,臺北市松山區復興南路1段39號2樓之1,07.便利商店
24310737,臺灣樂金生活健康股份有限公司,臺北市信義區基隆路1段159號9樓,07.便利商店
24311412,法蘭德有限公司,臺北市士林區忠誠路1段18號1樓,07.便利商店
24311659,大愛感恩科技股份有限公司,臺北市內湖區洲子街69號2樓,07.便利商店
24312123,元結股份有限公司,臺北市松山區敦化南路1段1號5樓,07.便利商店
24312643,田江股份有限公司,臺北市大同區市民大道1段209號10樓,07.便利商店
24313100,元甜有限公司,臺北市松山區復興北路101號5樓之1,07.便利商店
24314001,霖洋國際有限公司,臺北市大安區臥龍街272巷9號1樓,07.便利商店
24314157,錦鶴國際股份有限公司,臺北市北投區溫泉路73巷13號7樓,07.便利商店
24314190,風華絕代醫控有限公司,臺北市大安區復興南路1段321號12樓之3,07.便利商店
24315579,圓環創意文化藝術有限公司,臺北市中正區重慶南路1段57號9樓之8,07.便利商店
24319771,皇家堡有限公司,臺北市中山區南京東路2段216號,07.便利商店
24320025,台商資源國際有限公司,臺北市中山區松江路17號6樓,07.便利商店
24320257,麥迪威股份有限公司,臺北市北投區大業路298號,07.便利商店
24320897,家園聯購股份有限公司,臺北市大安區羅斯福路3段325號3樓,07.便利商店
24321256,馥霖股份有限公司,臺北市松山區敦化北路167號18樓,07.便利商店
24321565,台灣火車頭國際事業有限公司,臺北市中正區南陽街10號,07.便利商店
24325751,姿辰多媒體整合有限公司,臺北市信義區松隆路102號11樓,07.便利商店
24326689,典立國際有限公司,臺北市中正區南昌路2段70號3樓之1,07.便利商店
24328589,鴻磐開發股份有限公司,臺北市松山區敦化北路167號18樓,07.便利商店
24328949,東森新聞雲股份有限公司,臺北市大安區復興南路1段368號8樓,07.便利商店
24329412,柯老二糕餅有限公司,臺北市南港區向陽路162巷21號,07.便利商店
24329715,吸引力生活事業股份有限公司,臺北市信義區松壽路12號,07.便利商店
24329779,國恩行銷事業股份有限公司,臺北市中正區忠孝西路1段50號16樓之7,07.便利商店
24329911,上網資通股份有限公司,臺北市中正區開封街1段105號2樓之6,07.便利商店
24332578,雍久有限公司,臺北市信義區忠孝東路5段250號6樓,07.便利商店
24334169,國寶時尚股份有限公司,臺北市內湖區成功路2段371號地下,07.便利商店
24335863,采籬有限公司,臺北市大安區忠孝東路4段220號4樓,07.便利商店
24336602,鑫湛國際管理顧問股份有限公司,臺北市中正區忠孝東路2段35號,07.便利商店
24337362,勤俐有限公司,臺北市大安區敦化南路1段216號10樓,07.便利商店
24338637,異象科技股份有限公司,臺北市大同區重慶北路3段113巷34號1樓,07.便利商店
24341099,博杰國際娛樂股份有限公司,臺北市內湖區瑞光路358巷38弄1號4樓,07.便利商店
24342576,湖旺餐飲有限公司,臺北市信義區基隆路1段155號13樓之5,07.便利商店
24343131,雲境健康股份有限公司,臺北市大安區復興南路2段237號6樓之8,07.便利商店
24343364,啟躍國際有限公司,臺北市中正區南昌路1段7之1號8樓之2,07.便利商店
24343462,鈉叡股份有限公司,臺北市北投區承德路6段359號、359號2樓,07.便利商店
24344151,琪麗股份有限公司,臺北市中山區明水路575號,07.便利商店
24345166,傳統伴手禮有限公司,臺北市松山區民權東路3段189號1樓及地下1樓,07.便利商店
24346685,詠硍T易有限公司,臺北市文山區興隆路4段163之3號,07.便利商店
24347087,柏昇養生科技有限公司,臺北市士林區忠誠路1段186號7樓,07.便利商店
24347489,樂活良品有限公司,臺北市士林區社中街216號,07.便利商店
24348987,威思創意股份有限公司,臺北市大安區忠孝東路3段54號2樓之1,07.便利商店
24349276,行人股份有限公司,臺北市中正區北平東路20號10樓、10樓之1,07.便利商店
24371810,佑百超商有限公司,臺北市中山區民生東路1段70巷12號5樓,07.便利商店
24374871,欣鴻興企業股份有限公司,臺北市大安區復興南路2段349號2樓,07.便利商店
24450096,布利克創意整合有限公司,臺北市士林區大北路63號1樓,07.便利商店
24450770,好處多有限公司,臺北市中山區林森北路85巷57號,07.便利商店
24451709,首搴股份有限公司,臺北市中山區南京東路3段118號11樓,07.便利商店
24453832,東津國際有限公司,臺北市信義區莊敬路208號1樓,07.便利商店
24454804,在地食材有限公司,臺北市松山區光復北路11巷44號6樓,07.便利商店
24454895,和禾生物科技股份有限公司,臺北市大安區忠孝東路4段312號10樓之4,07.便利商店
24454902,春鑫建設股份有限公司,臺北市中山區林森北路500號7樓之1,07.便利商店
24455260,展圓國際事業有限公司,臺北市大安區敦化南路1段188號7樓,07.便利商店
24456248,崇觀股份有限公司,臺北市松山區敦化南路1段1號8樓,07.便利商店
24457268,台灣好康生活事業股份有限公司,臺北市大安區雲和街76之1號2樓,07.便利商店
24459630,綠市集有限公司,臺北市士林區忠誠路2段78號,07.便利商店
24460329,昇創國際有限公司,臺北市內湖區江南街112巷3號3樓,07.便利商店
24460361,傑森全球整合行銷股份有限公司,臺北市內湖區陽光街321巷66號,07.便利商店
24460849,寬築建設股份有限公司,臺北市中山區民生東路1段58號11樓,07.便利商店
24460860,尚美網路科技股份有限公司,臺北市大安區信義路2段88號8樓,07.便利商店
24461848,喜禾國際行銷股份有限公司,臺北市士林區環河北路3段125號,07.便利商店
24462678,松崗國際股份有限公司,臺北市中正區忠孝西路1段50號地下1樓及1-5樓,07.便利商店
24466251,亞太股份有限公司,臺北市中山區樂群二路95號5樓之2,07.便利商店
24468238,百視德企業有限公司,臺北市松山區三民路108號(地下1樓),07.便利商店
24469010,覺享國際事業有限公司,臺北市大安區建國南路1段318巷8號1樓,07.便利商店
24469476,怡揚媒體有限公司,臺北市信義區莊敬路440號3樓,07.便利商店
24470305,九秀有限公司,臺北市中正區忠孝東路1段152號10樓之5,07.便利商店
24470419,神捷電子有限公司,臺北市大安區四維路154巷5號,07.便利商店
24471677,賀森國際有限公司,臺北市松山區三民路166巷9號,07.便利商店
24472319,和興醫學生技股份有限公司,臺北市松山區南京東路4段164號12樓之1,07.便利商店
24472958,開店壹貳參科技有限公司,臺北市松山區復興北路101號5樓之2,07.便利商店
24472964,台灣恆美美萓陪迨膝q,臺北市中山區明水路659號地下2樓,07.便利商店
24474787,康爾富生技有限公司,臺北市中山區民族東路450號5樓,07.便利商店
24475293,台灣高力物業股份有限公司,臺北市信義區信義路5段7號49樓之1,07.便利商店
24476286,森森百貨股份有限公司,臺北市大安區復興南路1段368號8樓,07.便利商店
24476785,名賀國際股份有限公司,臺北市大安區安和路1段90巷1號,07.便利商店
24479328,框起來有限公司,臺北市大同區迪化街1段136號1樓,07.便利商店
24479875,安翌全球電子商務股份有限公司,臺北市松山區南京東路3段287號5樓,07.便利商店
24480232,噶瑪蘭興業有限公司,臺北市大同區南京西路316號3樓,07.便利商店
24480330,城市管理顧問股份有限公司,臺北市中山區中山北路2段112號8樓之4,07.便利商店
24481366,大地都更建設股份有限公司,臺北市士林區福德路31號,07.便利商店
24482288,萬特貨有限公司,臺北市中山區長春路348-4號7樓,07.便利商店
24482702,綠地天源股份有限公司,臺北市內湖區瑞光路583巷26號7樓,07.便利商店
24483049,榮德實業有限公司,臺北市士林區重慶北路4段49巷19號1樓,07.便利商店
24484743,雷根廣告股份有限公司,臺北市大安區安和路2段7號9樓,07.便利商店
24486329,太倉國際股份有限公司,臺北市大安區忠孝東路4段98號8樓,07.便利商店
24486411,再村企業有限公司,臺北市士林區通河東街1段124巷10號1樓,07.便利商店
24487050,國富開發股份有限公司,臺北市中正區忠孝西路1段50號10樓,07.便利商店
24488213,米林香有限公司,臺北市中正區延平南路216巷8號,07.便利商店
24488641,農達國際股份有限公司,臺北市中山區明水路602號9樓,07.便利商店
24489368,好設之徒股份有限公司,臺北市文山區木新路3段36號,07.便利商店
24489830,大北山實業有限公司,臺北市萬華區峨眉街131-1號,07.便利商店
24489986,大樂食品有限公司,臺北市士林區大南路34號,07.便利商店
24492568,嗆思重點行銷有限公司,臺北市大安區忠孝東路3段136號4樓之3,07.便利商店
24492672,全球希望事業股份有限公司,臺北市中正區仁愛路2段48號5樓,07.便利商店
24493314,菲特科技股份有限公司,臺北市信義區信義路5段7號27樓之1,07.便利商店
24495713,茗婉有限公司,臺北市松山區民生東路5段151號2樓之10,07.便利商店
24496332,兆懋有限公司,臺北市大安區忠孝東路4段220號13樓,07.便利商店
24497389,冠軍餐飲有限公司,臺北市中正區桃源街9號,07.便利商店
24500011,城中企業有限公司,臺北市中正區武昌街1段17號1樓,07.便利商店
24526737,勁藝多媒體有限公司,臺北市中山區新生北路3段7號12樓,07.便利商店
24532132,龍成精品國際有限公司,臺北市萬華區成都路27巷1號,07.便利商店
24532935,同源堂生物科技有限公司,臺北市中正區羅斯福路2段18號4樓,07.便利商店
24534188,震寰國際資源整合有限公司,臺北市中山區松江路283號5樓之1,07.便利商店
24534912,長閎企業有限公司,臺北市大安區忠孝東路4段169號11樓之1,07.便利商店
24535813,日全家國際開發股份有限公司,臺北市大安區敦化南路2段46號6樓之5,07.便利商店
24538071,樸紳國際開發股份有限公司,臺北市大安區四維路76巷10號,07.便利商店
24538213,舍映管理顧問有限公司,臺北市萬華區武昌街2段124之2號5樓21,07.便利商店
24538776,微風事業股份有限公司,臺北市大安區忠孝東路4段219號（1樓）,07.便利商店
24541245,昕境股份有限公司,臺北市松山區敦化南路1段25號12樓,07.便利商店
24542379,台北城飯店有限公司,臺北市大同區保安街11號及13號,07.便利商店
24543270,花東海礦股份有限公司,臺北市中山區松江路363號12樓,07.便利商店
24543356,台灣行旅文創有限公司,臺北市中山區南京東路3段201號3樓,07.便利商店
24545093,沐鴉企業有限公司,臺北市中山區伊通街19巷8號,07.便利商店
24545328,新統領世界企業有限公司,臺北市南港區重陽路470號2樓之1,07.便利商店
24545468,台灣之美文創事業股份有限公司,臺北市中山區南京西路1之1號10樓,07.便利商店
24547114,龍潭食品股份有限公司,臺北市內湖區基湖路35巷16號8樓之4,07.便利商店
24547183,宇安食品有限公司,臺北市內湖區安康路228巷21弄32號2樓,07.便利商店
24548710,拇山有限公司,臺北市中山區北安路608巷4弄1號,07.便利商店
24549062,家庭雲端股份有限公司,臺北市大安區忠孝東路4段218號13樓,07.便利商店
24549204,泰山高有限公司,臺北市文山區景興路238巷18號4樓,07.便利商店
24549387,貝喜有限公司,臺北市中山區松江路3號3樓之5,07.便利商店
24549984,維肯生活設計開發有限公司,臺北市內湖區陽光街161巷20號5樓,07.便利商店
24551117,俊詠科技股份有限公司,臺北市松山區復興北路1號13樓之1,07.便利商店
24551931,享叮噹國際股份有限公司,臺北市內湖區康寧路3段189巷21弄6號2樓,07.便利商店
24552087,美福飯店管理顧問股份有限公司,臺北市中山區樂群二路55號地下1樓,07.便利商店
24555232,和鉅國際股份有限公司,臺北市中山區松江路261號7樓,07.便利商店
24555296,辰宏事業有限公司,臺北市萬華區桂林路242巷81號,07.便利商店
24556247,海王星網路媒體科技股份有限公司,臺北市中山區南京東路3段131號7樓,07.便利商店
24556318,亞比有限公司,臺北市大安區敦化南路1段187巷15號(1樓),07.便利商店
24558147,薈智聯和設計開發有限公司,臺北市信義區信義路5段7號37樓,07.便利商店
24559292,藍恬有限公司,臺北市士林區福國路108號,07.便利商店
24561564,裕翔興業有限公司,臺北市信義區基隆路1段155號13樓之6,07.便利商店
24561804,宜承美利股份有限公司,臺北市中山區南京東路2段137號14樓,07.便利商店
24563248,中國城鎮建設開發股份有限公司,臺北市大安區光復南路102號13樓,07.便利商店
24564020,上網顧問股份有限公司,臺北市中正區開封街1段105號2樓之6,07.便利商店
24564443,荷包網股份有限公司,臺北市大同區寧夏路11號12樓之5,07.便利商店
24565750,台灣詠銘國際有限公司,臺北市大同區南京西路163號2樓之34,07.便利商店
24565891,台灣優質農業科技發展股份有限公司,臺北市大安區光復南路102號13樓,07.便利商店
24566054,安宇股份有限公司,臺北市大同區迪化街1段70號,07.便利商店
24566955,諾汀漢國際股份有限公司,臺北市大安區忠孝東路4段169號11樓之1,07.便利商店
24569355,旺旺亮有限公司,臺北市信義區吳興街573號1樓,07.便利商店
24570016,浤紳國際事業有限公司,臺北市大安區光復南路446號7樓,07.便利商店
24570281,奧斯卡科技有限公司,臺北市士林區天母東路8巷23之2號1樓,07.便利商店
24570424,伊甸園餐食有限公司,臺北市內湖區新湖二路128號5樓之2,07.便利商店
24570634,寶莉騰貿易股份有限公司,臺北市大安區仁愛路4段50之3號2樓,07.便利商店
24570894,品行悠良有限公司,臺北市大同區延平北路2段33號4樓,07.便利商店
24571818,象園坊有限公司,臺北市士林區美德街3號,07.便利商店
24572041,五八產業顧問有限公司,臺北市中正區延平南路61號9樓之11,07.便利商店
24572443,台灣<U+770F>像飯店有限公司,臺北市大同區保安街11號及13號,07.便利商店
24572458,台灣印像飯店有限公司,臺北市大同區保安街11號及13號,07.便利商店
24573533,陽信電子商務股份有限公司,臺北市北投區石牌路1段88號6樓,07.便利商店
24573668,亮典整合行銷有限公司,臺北市松山區南京東路5段188號6樓之5,07.便利商店
24575862,世紀文創股份有限公司,臺北市大同區民權西路136號18樓,07.便利商店
24576481,晶采季節國際貿易有限公司,臺北市內湖區舊宗路2段121巷25號3樓,07.便利商店
24576927,馥得國際有限公司,臺北市北投區義理街63巷15弄1號,07.便利商店
24697582,品安暢流行銷國際股份有限公司,臺北市中山區一江街45號2樓,07.便利商店
24698652,生活豐網路有限公司,臺北市中山區長安東路2段53號6樓,07.便利商店
24709840,肯納社會企業股份有限公司,臺北市中正區忠孝東路1段76號7樓之2,07.便利商店
24713437,鴒暘有限公司,臺北市士林區忠誠路2段96號4樓,07.便利商店
24721751,台灣新蛋網股份有限公司,臺北市松山區民生東路3段133號14樓,07.便利商店
24738991,昕昀國際有限公司,臺北市文山區辛亥路4段77巷52號地下一層,07.便利商店
24739176,新時代廣場實業股份有限公司,臺北市中正區北平東路30號11樓之2,07.便利商店
24739794,維多利亞館有限公司,臺北市中正區許昌街42之1號10樓,07.便利商店
24740103,歐維爾國際股份有限公司,臺北市松山區八德路4段715號,07.便利商店
24740271,鑫鼎國際股份有限公司,臺北市信義區莊敬路391巷16弄3號4樓,07.便利商店
24740835,德寶生醫股份有限公司,臺北市松山區復興北路99號8樓,07.便利商店
24741399,一道氏家族有限公司,臺北市大安區敦化南路1段187巷70號1樓,07.便利商店
24741449,胡田和里家股份有限公司,臺北市信義區基隆路2段13號、13之1號,07.便利商店
24741460,鯤溟會館股份有限公司,臺北市大同區長安西路145巷3號,07.便利商店
24741573,綠舟科技股份有限公司,臺北市大安區復興南路1段103號5樓之7,07.便利商店
24742067,創捷資產管理股份有限公司,臺北市大安區羅斯福路3段309號4樓之7,07.便利商店
24744656,中華健康會館有限公司,臺北市萬華區萬青街162號,07.便利商店
24744939,傑仕堡商旅股份有限公司,臺北市內湖區行愛路128號5樓,07.便利商店
24745108,輝帆國際有限公司,臺北市松山區民生東路4段133號4樓,07.便利商店
24745212,和藝顧問有限公司,臺北市松山區基隆路1段26號3樓,07.便利商店
24747400,甜園食品有限公司,臺北市信義區忠孝東路5段510號8樓之1,07.便利商店
24747669,達那國際股份有限公司,臺北市大安區敦化南路1段205號12樓之10,07.便利商店
24749131,樂活天然良品股份有限公司,臺北市內湖區南京東路6段461號7樓之5,07.便利商店
24749239,亞美醫療用品有限公司,臺北市中山區明水路690號,07.便利商店
24749456,大員盛實業有限公司,臺北市中正區懷寧街34號1樓至8樓,07.便利商店
24749596,將捷文創實業股份有限公司,臺北市中山區松江路126號15樓,07.便利商店
24750039,永豐商店股份有限公司,臺北市中正區重慶南路2段51號16樓,07.便利商店
24751500,璞邸旅店股份有限公司,臺北市中正區重慶南路1段7號,07.便利商店
24752732,環球微藻股份有限公司,臺北市中正區忠孝東路2段130號5樓之3,07.便利商店
24752917,法里昂企業有限公司,臺北市北投區光明路240-14號3樓,07.便利商店
24754422,宜大立餐飲事業有限公司,臺北市松山區慶城街16巷16號1樓,07.便利商店
24754767,嘉亞國際有限公司,臺北市中正區中華路2段455號,07.便利商店
24755724,優普樂國際有限公司,臺北市松山區南京東路3段287號9樓,07.便利商店
24756575,遇月全餐飲有限公司,臺北市信義區基隆路1段147巷5弄44號1樓,07.便利商店
24757053,生榮行貿易有限公司,臺北市松山區敦化北路244巷31號2樓,07.便利商店
24757271,金騰國際餐飲股份有限公司,臺北市士林區福華路128巷12號(1樓),07.便利商店
24757912,東方墨設計有限公司,臺北市萬華區西園路1段136巷16弄13號1樓,07.便利商店
24758139,禾亞開發有限公司,臺北市信義區嘉興街315號1樓,07.便利商店
24758320,靖威科技有限公司,臺北市文山區永安街22巷22號1樓,07.便利商店
24760796,普萊森餐飲顧問有限公司,臺北市松山區民生東路4段97巷1弄2號,07.便利商店
24763631,創意全球娛樂股份有限公司,臺北市中山區林森北路413號9樓之23,07.便利商店
24767209,皇鼎文化創意股份有限公司,臺北市大同區重慶北路3段235之1號,07.便利商店
24767469,成利國際事業股份有限公司,臺北市信義區基隆路2段111號4樓,07.便利商店
24768143,富麥股份有限公司,臺北市中山區南京東路2段123號4樓,07.便利商店
24768586,新國都股份有限公司,臺北市大同區太原路64號1樓,07.便利商店
24768919,台灣卡啡陪你企業股份有限公司,臺北市大安區忠孝東路4段230號7樓,07.便利商店
24769488,泰熙國際資訊有限公司,臺北市大同區華陰街91號13樓之1,07.便利商店
24769972,翔竤國際有限公司,臺北市北投區知行路34巷4號,07.便利商店
24770871,驛站資產管理顧問有限公司,臺北市萬華區漢口街2段54號7樓之8,07.便利商店
24770915,映歲企業有限公司,臺北市信義區忠孝東路5段1-1號7樓,07.便利商店
24771175,愛客彩股份有限公司,臺北市中正區忠孝西路1段4號16樓,07.便利商店
24771554,祐樺養生實業有限公司,臺北市文山區保儀路109巷11號4樓,07.便利商店
24772081,雲天使科技有限公司,臺北市大安區忠孝東路4段206之1號4樓,07.便利商店
24772575,大地天然生物科技股份有限公司,臺北市文山區三福街77號1樓,07.便利商店
24772619,全立嘉有限公司,臺北市大安區永康街12巷8號1樓,07.便利商店
24773504,微映廣告設計有限公司,臺北市信義區基隆路2段23號5樓之1,07.便利商店
24773785,藜米小紅實業有限公司,臺北市松山區八德路4段204巷6弄11號,07.便利商店
24774031,秀泰人文股份有限公司,臺北市中山區林森北路247號,07.便利商店
24774193,樂待客裝潢事業有限公司,臺北市中正區重慶南路1段57號10樓,07.便利商店
24774709,立和國際良品有限公司,臺北市萬華區和平西路3段30巷58號,07.便利商店
24775828,天使站前商旅有限公司,臺北市中正區衡陽路51號2樓之2,07.便利商店
24776642,樺澎開發股份有限公司,臺北市北投區中央北路3段53巷1號,07.便利商店
24777207,寶馬購有限公司,臺北市信義區基隆路2段107之5號11樓之1,07.便利商店
24780370,華華菁英股份有限公司,臺北市中正區忠孝東路1段85號14樓之1,07.便利商店
24782378,高沺有限公司,臺北市中山區南京東路3段189號8樓,07.便利商店
24782449,美麗華實業股份有限公司,臺北市中山區北安路780號5樓之5,07.便利商店
24782594,永鑫人文服務事業有限公司,臺北市中山區民權東路1段54號2樓,07.便利商店
24782911,鑫宗富企業股份有限公司,臺北市松山區南京東路4段11號4樓,07.便利商店
24783812,愛樂飛休閒科技有限公司,臺北市大安區仁愛路4段68號11樓之7,07.便利商店
24785797,第一社會企業股份有限公司,臺北市信義區信義路5段150巷342弄17之5號,07.便利商店
24785918,德益吉有限公司,臺北市大同區迪化街1段136號,07.便利商店
24786439,品初有限公司,臺北市中正區忠孝西路1段66號28樓,07.便利商店
24798879,英屬開曼群島商台抗國際股份有限公司,臺北市內湖區西湖里基湖路35巷11號6樓,07.便利商店
24928198,東美出版事業有限公司,臺北市中正區中華路1段59號3樓之11,07.便利商店
24928253,回傢有限公司,臺北市松山區八德路4段123號3樓,07.便利商店
24928964,礁溪渡假村股份有限公司,臺北市大安區羅斯福路2段79號6樓之1,07.便利商店
24932257,常祥國際有限公司,臺北市內湖區金湖路334號,07.便利商店
24932263,悅樂國際有限公司,臺北市中正區重慶南路1段37號1樓至4樓,07.便利商店
24932600,拍付國際資訊股份有限公司,臺北市大安區敦化南路2段105號12樓,07.便利商店
24933116,方便點股份有限公司,臺北市大同區迪化街1段48號3樓,07.便利商店
24933755,日樂有限公司,臺北市中正區許昌街42-1號7樓,07.便利商店
24934213,橘子網路行銷有限公司,臺北市中山區南京東路3段201號3樓,07.便利商店
24934776,悠福實業有限公司,臺北市北投區清江路32號2樓,07.便利商店
24935901,固欣醫院管理顧問有限公司,臺北市信義區基隆路2段189號21樓之3,07.便利商店
24935971,得義企業股份有限公司,臺北市中山區松江路127之1號8樓,07.便利商店
24936388,橡園坊企業有限公司,臺北市士林區美德街3號,07.便利商店
24936459,天使松山信義旗艦商旅有限公司,臺北市中正區杭州南路1段6巷5號2樓,07.便利商店
24936922,豐創物業有限公司,臺北市士林區社子街54號1樓,07.便利商店
24937252,萊恩開發股份有限公司,臺北市內湖區舊宗路1段68號,07.便利商店
24939266,匯康科技有限公司,臺北市松山區南京東路4段133巷7弄23號1樓,07.便利商店
24940432,義美吉盛股份有限公司,臺北市大安區信義路2段88號9樓,07.便利商店
24941930,宸翰有限公司,臺北市信義區基隆路2段22號6樓之6,07.便利商店
24942641,中環育樂城股份有限公司,臺北市中山區民權西路53號15樓,07.便利商店
24943846,佳斯昂有限公司,臺北市大安區復興南路1段89號4樓,07.便利商店
24944802,大貴臨國際有限公司,臺北市萬華區東園街140巷8號2樓,07.便利商店
24945112,人和休閒開發有限公司,臺北市信義區中坡南路24號2樓,07.便利商店
24946148,橡園坊國際有限公司,臺北市士林區美德街3號,07.便利商店
24947266,丞妍有限公司,臺北市內湖區南京東路6段461號5樓之5,07.便利商店
24947435,品行良好整合行銷有限公司,臺北市信義區中坡南路184號1樓,07.便利商店
24947673,遊創國際有限公司,臺北市大安區忠孝東路4段216巷27弄14號,07.便利商店
24948716,亮相娛樂有限公司,臺北市松山區八德路3段12巷20弄9號1樓,07.便利商店
24951084,福鈿股份有限公司,臺北市士林區福華路128巷6號,07.便利商店
24951514,林沃股份有限公司,臺北市信義區富陽街44巷2號1樓,07.便利商店
24952062,你的餐飲有限公司,臺北市大安區復興南路1段253巷32號,07.便利商店
24952801,盈動科技股份有限公司,臺北市大同區承德路3段136號4樓,07.便利商店
24954060,易急暢網資訊有限公司,臺北市信義區基隆路1段143號11樓之4,07.便利商店
24954076,金樽商業股份有限公司,臺北市松山區敦化北路222巷6號1樓,07.便利商店
24955027,樂意媒體科技股份有限公司,臺北市內湖區堤頂大道2段181號2樓,07.便利商店
24956829,童趣放肆股份有限公司,臺北市松山區八德路4段123號地下1層之3,07.便利商店
24959298,媽媽樂生活用品有限公司,臺北市松山區民族東路689號,07.便利商店
24962771,巧芯有限公司,臺北市信義區基隆路1段155號7樓,07.便利商店
24962913,貳悅酒店股份有限公司,臺北市萬華區中華路1段144號10樓,07.便利商店
24963976,家得健康股份有限公司,臺北市中山區復興北路420號7樓,07.便利商店
24964102,上達創意生活股份有限公司,臺北市中正區南海路46號,07.便利商店
24964362,快樂屋烘焙有限公司,臺北市文山區興隆路4段151號,07.便利商店
24965123,華傲國際貿易有限公司,臺北市中正區羅斯福路3段100號8樓之7,07.便利商店
24965762,棒點有限公司,臺北市信義區忠孝東路5段510號15樓,07.便利商店
24965968,合洋開發實業有限公司,臺北市中正區重慶南路1段49號9樓,07.便利商店
24968938,妙心國際股份有限公司,臺北市大安區安和路2段63號6樓之1,07.便利商店
24970202,元盟生活實業有限公司,臺北市大同區重慶北路3段363號,07.便利商店
24971498,糖芯健康管理顧問有限公司,臺北市信義區信義路4段460號18樓,07.便利商店
24972314,天使全球股份有限公司,臺北市中正區杭州南路1段6巷5號2樓,07.便利商店
24972378,欣諾照明企業有限公司,臺北市文山區羅斯福路5段97巷2之2號,07.便利商店
24972659,紫富協力貿易有限公司,臺北市信義區基隆路1段155號13樓之6,07.便利商店
24973411,集保達康有限公司,臺北市大安區忠孝東路4段221號8樓,07.便利商店
24974869,彩虹生技股份有限公司,臺北市信義區基隆路1段11巷10弄30號1樓,07.便利商店
24976260,大魯閣賽道樂園國際股份有限公司,臺北市內湖區民善街87號3樓,07.便利商店
24976487,南院旅墅股份有限公司,臺北市大安區和平東路2段357巷9號2樓之1,07.便利商店
24977562,吉鵲有限公司,臺北市松山區南京東路4段133巷4弄16號1樓,07.便利商店
25018718,順超團膳有限公司,臺北市大安區建國南路1段42號10樓之5,07.便利商店
25025372,燁星科技有限公司,臺北市中正區新生南路1段56號5樓,07.便利商店
25067105,正融實業股份有限公司,臺北市萬華區康定路60號2樓之6,07.便利商店
25100842,崴豐國際有限公司,臺北市中山區南京西路5之1號11樓之1,07.便利商店
25101363,弘達流通股份有限公司,臺北市中山區敬業四路33號8樓,07.便利商店
25104299,基瑟思國際商輔有限公司,臺北市大同區重慶北路1段22號11樓之1,07.便利商店
25106424,晨景國際實業有限公司,臺北市中山區北安路630巷25弄14號1樓,07.便利商店
25107459,愛薇樂國際有限公司,臺北市士林區文林路661巷7號1樓,07.便利商店
25108470,廣畯數位科技有限公司,臺北市內湖區內湖路1段323巷14弄2號1樓,07.便利商店
25109978,祥昱股份有限公司,臺北市中山區南京東路2段6號12樓,07.便利商店
25110594,建騰開發事業股份有限公司,臺北市中正區青島東路5號6樓之1,07.便利商店
25112925,皇達真有限公司,臺北市萬華區廣州街94號,07.便利商店
25112951,絕佳創意有限公司,臺北市中山區長安東路2段110號3樓,07.便利商店
25113023,忠展有限公司,臺北市內湖區環山路1段128號1樓,07.便利商店
25113939,億志科技有限公司,臺北市南港區南港路3段52號7樓,07.便利商店
25116416,仲業股份有限公司,臺北市中山區錦州街46號9樓之7,07.便利商店
25118435,寺田大中華股份有限公司,臺北市大安區復興南路2段237號9樓之9,07.便利商店
25120994,元昌國際股份有限公司,臺北市中山區南京東路3段101號4樓,07.便利商店
25122233,永佳國際事業股份有限公司,臺北市大安區敦化南路1段205號6樓之2,07.便利商店
25122395,晴澤股份有限公司,臺北市大同區南京西路41號6樓之5,07.便利商店
25125169,沅辰加油站有限公司,臺北市文山區興隆路2段244巷8號,07.便利商店
25126603,達博斯股份有限公司,臺北市中山區松江路27號5樓之7,07.便利商店
25127700,朝健事業股份有限公司,臺北市大同區民生西路394號6樓,07.便利商店
25128285,醫策商智股份有限公司,臺北市內湖區洲子街183號6樓,07.便利商店
25128692,台灣之美藝術有限公司,臺北市內湖區民權東路6段123巷20弄2號1樓,07.便利商店
25128813,開蘭有限公司,臺北市大同區南京西路316號2樓,07.便利商店
25130965,承順科技有限公司,臺北市中山區南京西路1-1號10樓,07.便利商店
25132062,馥悅實業有限公司,臺北市大安區復興南路2段283號9樓,07.便利商店
25132181,台灣饌十有限公司,臺北市中山區復興北路164號9樓,07.便利商店
25132400,采毅國際有限公司,臺北市大同區甘州街22號3樓之1,07.便利商店
25132437,群羨有限公司,臺北市中山區雙城街2-3號,07.便利商店
25132458,美祺股份有限公司,臺北市大同區延平北路2段202號18樓之3,07.便利商店
25132909,商店街市集國際資訊股份有限公司,臺北市大安區敦化南路2段105號14樓,07.便利商店
25133098,禾寶國際企業有限公司,臺北市內湖區康樂街136巷3弄18號4樓之1,07.便利商店
25133153,紫色創意科技股份有限公司,臺北市信義區基隆路2段48號7樓之1,07.便利商店
25133843,鴻基生醫科技有限公司,臺北市南港區三重路19之11號3樓,07.便利商店
25135737,台灣愛麗芬進出口有限公司,臺北市松山區延壽街376號1樓,07.便利商店
25136709,台灣國寶牛樟芝有限公司,臺北市南港區成福路168號1樓,07.便利商店
25136813,品牌文化創意有限公司,臺北市信義區基隆路2段22號6樓之3,07.便利商店
25137186,吉甲地好市集股份有限公司,臺北市南港區八德路4段768巷9號3樓之1,07.便利商店
25138256,人大健康事業股份有限公司,臺北市大同區長安西路58號7樓,07.便利商店
25138827,溫沙堡企業股份有限公司,臺北市中山區新生北路2段70號,07.便利商店
25140324,大鑽生活事業有限公司,臺北市中山區南京東路1段25號6樓之3,07.便利商店
25140696,禾雙有限公司,臺北市大安區金山南路2段18號5樓,07.便利商店
25140703,中一管理顧問有限公司,臺北市大安區樂利路101巷3號1樓,07.便利商店
25141371,益嘉科技股份有限公司,臺北市大安區敦化南路1段205號6樓之2,07.便利商店
25141506,捷德實業有限公司,臺北市大安區基隆路2段190號8樓之4,07.便利商店
25142097,五星國際有限公司,臺北市內湖區內湖路1段351巷18號1樓,07.便利商店
25144118,散文有限公司,臺北市士林區中山北路6段245號,07.便利商店
25144433,悅豐興業股份有限公司,臺北市信義區基隆路1段432號9樓之4,07.便利商店
25144601,微風餐飲股份有限公司,臺北市松山區復興南路1段39號2樓之1,07.便利商店
25145046,騰<U+5CEF>整合行銷有限公司,臺北市中正區愛國東路74巷11之1號,07.便利商店
25146571,御品創點有限公司,臺北市南港區玉成街166巷25號2樓,07.便利商店
25147467,田園規劃設計有限公司,臺北市文山區忠順街1段28號3樓,07.便利商店
25149198,欣加有限公司,臺北市士林區天母東路8巷80號1樓,07.便利商店
25149269,大薰有限公司,臺北市中山區民生東路1段58號11樓,07.便利商店
25180839,瑞康生化科技股份有限公司,臺北市中山區復興北路290號6樓之3,07.便利商店
25183505,生機健康國際有限公司,臺北市內湖區瑞光路583巷32號,07.便利商店
25194658,宸實興業股份有限公司,臺北市中正區博愛路150號4樓,07.便利商店
27232881,英屬維京群島商富華通置地有限公司,臺北市松山區南京東路3段248號5樓之3,07.便利商店
27278099,鈺發有限公司,臺北市松山區光復南路36號,07.便利商店
27312462,卓邑設計工程股份有限公司,臺北市松山區民生東路4段54號6樓之6,07.便利商店
27314594,鼎福順有限公司,臺北市文山區羅斯福路4段200號2樓之2,07.便利商店
27314898,杜拜耳國際開發股份有限公司,臺北市北投區泉源路37之7號,07.便利商店
27314927,棒的文創有限公司,臺北市中正區杭州南路1段18巷16號9樓,07.便利商店
27315658,商田國際貿易股份有限公司,臺北市南港區舊莊街1段28號,07.便利商店
27317494,寵物一生股份有限公司,臺北市士林區士東路２００巷３９號１樓,07.便利商店
27320385,四季旅館系統股份有限公司,臺北市中山區民生東路２段１５１之１號,07.便利商店
27320884,易佑有限公司,臺北市萬華區中華路1段192號6樓之1,07.便利商店
27321498,潁川有限公司,臺北市大同區承德路1段105號9樓之11,07.便利商店
27327937,府城館生物科技事業有限公司,臺北市南港區忠孝東路6段310號7樓,07.便利商店
27328393,全球商城有限公司,臺北市中山區中山北路2段45巷5號7樓,07.便利商店
27329597,台灣衍比斯股份有限公司,臺北市信義區松德路161號6樓之1,07.便利商店
27330503,摩力有限公司,臺北市松山區敦化北路２２２巷７０號１樓,07.便利商店
27330530,鼎甫資產管理股份有限公司,臺北市松山區八德路4段86號6樓,07.便利商店
27331355,逸朵咖啡有限公司,臺北市中山區南京東路２段９６號４樓之１,07.便利商店
27333683,伊也佳有限公司,臺北市內湖區成功路４段３０巷７號１樓,07.便利商店
27334424,安悅國際股份有限公司,臺北市中山區松江路156之1號8樓,07.便利商店
27337702,柏萊特一店有限公司,臺北市大安區通化街10號1樓,07.便利商店
27339906,肯愛國際股份有限公司,臺北市大安區大安路1段117號1樓,07.便利商店
27343654,富聯心傳健康股份有限公司,臺北市松山區光復北路９５號３樓,07.便利商店
27344099,龍泰國際實業有限公司,臺北市大安區忠孝東路4段221號12樓,07.便利商店
27344534,金禾泰股份有限公司,臺北市中山區建國北路２段１４７號７樓之５,07.便利商店
27347981,梅鐸多媒體行銷有限公司,臺北市中山區長安東路２段１６１號,07.便利商店
27349643,特力事務股份有限公司,臺北市大安區忠孝東路４段２７０號８樓,07.便利商店
27352695,台灣邁捷實業股份有限公司,臺北市大安區忠孝東路４段５４號１Ｏ樓,07.便利商店
27352935,品鮮超商有限公司,臺北市北投區泉源路４９之１號,07.便利商店
27354568,力天生技有限公司,臺北市萬華區西寧南路36號5樓之39,07.便利商店
27356382,億網智慧股份有限公司,臺北市南港區忠孝東路６段２３６號２樓,07.便利商店
27358282,金婕妮絲國際科技股份有限公司,臺北市中正區羅斯福路２段１００號２４樓,07.便利商店
27359368,鑫盛建設開發有限公司,臺北市大安區和平東路2段357巷9號2樓之1,07.便利商店
27359711,馨壹有限公司,臺北市大同區民生西路１３８號１０樓之３,07.便利商店
27360111,億立購國際有限公司,臺北市南港區忠孝東路６段２３６號２樓,07.便利商店
27361104,安和國際股份有限公司,臺北市中山區長安東路2段189號10樓之8,07.便利商店
27362526,博凱開發有限公司,臺北市松山區健康路270號1樓,07.便利商店
27363399,臺灣菜籃族事業有限公司,臺北市中山區一江街1號1樓,07.便利商店
27364236,天機開發科技股份有限公司,臺北市中正區紹興北街35號2樓之5,07.便利商店
27365333,怡映股份有限公司,臺北市松山區敦化北路207號13樓之4,07.便利商店
27366277,皇家資產管理股份有限公司,臺北市士林區延平北路6段475號3樓,07.便利商店
27367775,樂活購有限公司,臺北市中山區龍江路149巷7號,07.便利商店
27386581,長揚開發食品股份有限公司,臺北市中正區重慶南路1段57號5樓之1,07.便利商店
27466894,才沐實業有限公司,臺北市萬華區萬大路323號7樓,07.便利商店
27501674,麒鑒實業有限公司,臺北市中山區長春路65號6樓,07.便利商店
27509269,當代食品有限公司,臺北市大安區復興南路2段148巷43號,07.便利商店
27522707,寰宇知識科技股份有限公司,臺北市中山區復興北路66號4樓,07.便利商店
27522827,萃青有限公司,臺北市北投區永興路1段32巷3弄14號2樓之1,07.便利商店
27524796,如意國際興業有限公司,臺北市松山區南京東路5段278之1號,07.便利商店
27526387,納美嘉科技發展有限公司,臺北市信義區忠孝東路5段1-7號11樓,07.便利商店
27526675,黑水企業有限公司,臺北市中正區羅斯福路4段58號8樓,07.便利商店
27527029,萬達通實業股份有限公司,臺北市大同區市民大道1段209號13樓,07.便利商店
27527689,久秉實業股份有限公司,臺北市中山區松江路206號10樓之5,07.便利商店
27530137,英達盛有限公司,臺北市士林區前街１９號１樓,07.便利商店
27531071,耶可有限公司,臺北市中山區松江路９７巷１２號１樓,07.便利商店
27532888,居仁堂有限公司,臺北市中正區金山南路1段121號地下,07.便利商店
27533681,禮人有限公司,臺北市信義區福德街229號1樓,07.便利商店
27537151,哈其股份有限公司,臺北市大同區南京西路18巷10號5樓,07.便利商店
27540487,長榮國際遊艇有限公司,臺北市中正區忠孝西路1段41號10樓之6,07.便利商店
27544174,來來物流股份有限公司,臺北市信義區松德路131號地下1樓,07.便利商店
27544511,統一家有限公司,臺北市信義區福德街161號1樓,07.便利商店
27545954,足威養生科技有限公司,臺北市大同區承德路1段77巷36號1樓,07.便利商店
27548283,吾為峰開發股份有限公司,臺北市中山區長安東路2段2號5樓,07.便利商店
27548517,慶西門整合行銷股份有限公司,臺北市松山區寶清街29號8樓,07.便利商店
27549570,和泰興開發實業有限公司,臺北市大同區赤峰街25號,07.便利商店
27552482,廣龍實業有限公司,臺北市南港區忠孝東路6段467號2樓,07.便利商店
27553320,華岳運動用品有限公司,臺北市內湖區民權東路6段15巷1號地下1層,07.便利商店
27553644,青杉林有限公司,臺北市中山區北安路573巷2弄12號1樓,07.便利商店
27555811,凱峰國際興業股份有限公司,臺北市中山區南京東路3段217號10樓,07.便利商店
27557374,中華藥材資源股份有限公司,臺北市中正區金門街23號1樓,07.便利商店
27558726,泰誠開發股份有限公司,臺北市士林區雨農路14號1樓,07.便利商店
27560743,豐融股份有限公司,臺北市萬華區長泰街297巷6號2樓,07.便利商店
27560878,夢幻山股份有限公司,臺北市大安區敦化南路2段97號16樓,07.便利商店
27563925,多通路股份有限公司,臺北市大安區復興南路1段390號15樓,07.便利商店
27564889,緻金事件行銷有限公司,臺北市信義區忠孝東路5段477-1號,07.便利商店
27567801,強普實業有限公司,臺北市中正區忠孝西路１段５０號１２樓之３０,07.便利商店
27567909,大河觀光事業股份有限公司,臺北市北投區大度路3段301巷54號6樓,07.便利商店
27570708,兀點滴宅配通路股份有限公司,臺北市大同區民權西路２４３號１樓,07.便利商店
27576962,偉宏食品有限公司,臺北市內湖區成功路５段４６４號１樓,07.便利商店
27607331,鼎寰有限公司,臺北市中正區忠孝西路1段7號6樓之1,07.便利商店
27634148,美廉股份有限公司,臺北市松山區南京東路5段106號9樓,07.便利商店
27650940,銓惠實業有限公司,臺北市北投區大興街１９號１樓,07.便利商店
27713656,溢而富企業有限公司,臺北市萬華區廣州街68號,07.便利商店
27713993,自然概念有機園地有限公司,臺北市信義區忠孝東路5段248號1樓,07.便利商店
27714607,金豪麥實業股份有限公司,臺北市大安區信義路4段248號11樓之1,07.便利商店
27714661,活力谷股份有限公司,臺北市北投區石牌路2段163號,07.便利商店
27717674,華琳行銷股份有限公司,臺北市松山區光復北路82號3樓,07.便利商店
27718857,聖美得企業有限公司,臺北市中山區長安東路2段77號7樓之1,07.便利商店
27720609,宏福百貨企業有限公司,臺北市萬華區西園路1段145號(龍山寺地下街商場21號店舖),07.便利商店
27722640,迦南福氣食品有限公司,臺北市北投區東華街1段360號5樓,07.便利商店
27723303,<U+6630>富開發有限公司,臺北市中山區新生北路1段82號2樓,07.便利商店
27723520,大趨勢通路整合股份有限公司,臺北市中山區復興北路５０號７樓,07.便利商店
27723578,容容食品有限公司,臺北市中正區重慶南路１段７０號１樓,07.便利商店
27726673,浚盛股份有限公司,臺北市松山區南京東路３段３４６號３樓,07.便利商店
27728102,家晨有限公司,臺北市松山區南京東路４段１３３巷６弄１８號１樓,07.便利商店
27728172,永益安有限公司,臺北市文山區景華街９７巷２號１樓,07.便利商店
27730228,錢宏企業股份有限公司,臺北市中正區中華路1段55號12樓,07.便利商店
27731508,勝瑞成股份有限公司,臺北市內湖區康寧路3段171號1樓,07.便利商店
27735103,幾米麗飾企業有限公司,臺北市大同區延平北路3段21號2樓,07.便利商店
27735764,協源綠能股份有限公司,臺北市文山區木新路2段128號5樓,07.便利商店
27739776,創立媒體整合行銷有限公司,臺北市松山區南京東路3段305號3樓,07.便利商店
27741301,首特企業有限公司,臺北市中山區南京東路2段95號11樓,07.便利商店
27742272,博物園國際股份有限公司,臺北市大安區忠孝東路4段169號12樓之1,07.便利商店
27743048,鯨捷有限公司,臺北市中正區羅斯福路２段１０２號２４樓,07.便利商店
27743321,整合通路有限公司,臺北市松山區光復北路１４１號２樓,07.便利商店
27745670,天承生活事業股份有限公司,臺北市北投區光明路200號10樓之6,07.便利商店
27746636,一粒醣食品有限公司,臺北市文山區木新路3段41號1樓,07.便利商店
27749612,沛辰有限公司,臺北市松山區寶清街22號5樓,07.便利商店
27751519,豐火寮餐廳股份有限公司,臺北市士林區中山北路５段６８８號１樓,07.便利商店
27751525,君日富有限公司,臺北市文山區興隆路３段８８號２樓,07.便利商店
27752263,紳揚有限公司,臺北市中山區中山北路1段53巷20號4樓之7,07.便利商店
27753122,米澤股份有限公司,臺北市士林區文林路488號2樓,07.便利商店
27754419,府先文創國際有限公司,臺北市中正區羅斯福路3段100號1樓之8,07.便利商店
27754831,品味貿易有限公司,臺北市中山區中山北路３段５１之１號１樓,07.便利商店
27755206,創意通路有限公司,臺北市大安區仁愛路２段７１號１１樓之６,07.便利商店
27756774,加百量有限公司,臺北市大同區重慶北路3段223巷33號,07.便利商店
27757008,中信電子商務有限公司,臺北市松山區南京東路5段89號3樓,07.便利商店
27762255,極峰國際有限公司,臺北市北投區西安街2段123號1樓,07.便利商店
27762781,富貴亭有限公司,臺北市中正區忠孝西路１段５０號地下２樓,07.便利商店
27764330,新樂園發展文化事業有限公司,臺北市中正區忠孝西路１段５０號地下２樓之１,07.便利商店
27765979,珣淂國際有限公司,臺北市萬華區中華路２段３９巷２之１號１樓,07.便利商店
27767152,菁元有限公司,臺北市內湖區民權東路6段90巷25弄28號5樓,07.便利商店
27770044,台北國際會館股份有限公司,臺北市中正區忠孝東路1段138號6樓,07.便利商店
27770229,台北世貿會館股份有限公司,臺北市中正區忠孝東路1段138號6樓,07.便利商店
27770641,超宇網際網路國際股份有限公司,臺北市萬華區長沙街2段149巷2號,07.便利商店
27770868,表町有限公司,臺北市中正區忠孝西路１段５０號地下２層之１,07.便利商店
27771542,學學文創志業股份有限公司,臺北市內湖區堤頂大道2段207號1、2樓,07.便利商店
27827686,痟I開發股份有限公司,臺北市中正區忠孝西路1段50號11樓之4,07.便利商店
27903451,禾風整合行銷股份有限公司,臺北市中正區忠孝東路1段76號12樓之2,07.便利商店
27904233,基瓦諾育樂股份有限公司,臺北市中正區水源路65號,07.便利商店
27912085,璽福有限公司,臺北市萬華區東園街73巷44號3樓,07.便利商店
27946233,遠雄巨蛋事業股份有限公司,臺北市信義區松高路1號22樓,07.便利商店
27952966,誠品生活股份有限公司,臺北市信義區松德路204號B1,07.便利商店
27953162,八角設計有限公司,臺北市中山區中山北路1段83巷32號2樓之1,07.便利商店
27953677,巧思廚藝有限公司,臺北市大安區忠孝東路4段48號8樓,07.便利商店
27953825,玖柔國際事業有限公司,臺北市松山區民權東路3段116號3樓,07.便利商店
27953965,霞飛溫泉山莊股份有限公司,臺北市大安區敦化南路2段138號1樓,07.便利商店
27954394,綠森林健康事業有限公司,臺北市大安區忠孝東路3段88號1樓,07.便利商店
27954726,台北國際商務中心股份有限公司,臺北市中正區忠孝東路1段138號6樓,07.便利商店
27955083,台北經貿會館股份有限公司,臺北市中正區忠孝東路1段138號6樓,07.便利商店
27955372,喜富便有限公司,臺北市松山區南京東路5段298號8樓之1,07.便利商店
27955730,蓬來閣有限公司,臺北市中正區忠孝西路１段５０號地下２樓,07.便利商店
27961944,儷山林休閒開發股份有限公司,臺北市中山區吉林路99號8樓,07.便利商店
27962492,日兆實業股份有限公司,臺北市內湖區新明路371之7號1樓,07.便利商店
27962535,麗思醫美股份有限公司,臺北市大安區大安路1段52巷3號2樓,07.便利商店
27963128,百鍵生物科技有限公司,臺北市南港區富康街19號1樓,07.便利商店
27964533,柏文行銷整合有限公司,臺北市中正區重慶南路1段57號13樓之3,07.便利商店
27974949,峰瑪國際有限公司,臺北市大安區臥龍街195巷13號1樓,07.便利商店
27976539,智富營銷顧問有限公司,臺北市中正區寧波西街３３號２樓,07.便利商店
27976670,威蒂生物科技股份有限公司,臺北市大安區敦化南路1段329巷10號,07.便利商店
27977306,微風勝王子股份有限公司,臺北市松山區復興南路1段39號2樓之1,07.便利商店
27978446,翰曄巨蛋股份有限公司,臺北市松山區南京東路4段103號10樓之1,07.便利商店
27980766,網骨科技娛樂股份有限公司,臺北市內湖區基湖路３９號４樓,07.便利商店
27980800,健富國際實業股份有限公司,臺北市信義區信義路5段5號,07.便利商店
27982027,至謝餐廳有限公司,臺北市士林區至善路２段３３號１樓,07.便利商店
27983476,翰燁顧問有限公司,臺北市松山區南京東路4段103號10樓之1,07.便利商店
27984051,翠亞有限公司,臺北市中正區重慶南路1段108號3樓,07.便利商店
27986781,車鑫有限公司,臺北市文山區辛亥路5段106號1樓,07.便利商店
27989400,瑞曲國際行銷有限公司,臺北市信義區忠孝東路4段559巷1號5樓,07.便利商店
27990764,亨曄有限公司,臺北市北投區明德路284號3樓,07.便利商店
27991187,愛加倍國際有限公司,臺北市松山區敦化南路１段３號９樓,07.便利商店
27994467,魂麵股份有限公司,臺北市松山區復興南路1段39號2樓之1,07.便利商店
27995579,三才顧問有限公司,臺北市大同區環河北路2段269號4樓之18,07.便利商店
27996009,唐屋科技開發有限公司,臺北市中山區建國北路3段66號,07.便利商店
27997128,千新生技有限公司,臺北市內湖區民權東路6段180巷6號10樓之4,07.便利商店
27997990,彩智國際事業股份有限公司,臺北市中正區忠孝西路1段50號21樓之26,07.便利商店
27998225,百富國際股份有限公司,臺北市大安區信義路2段186號2樓,07.便利商店
27998999,若谷股份有限公司,臺北市大安區仁愛路4段25-1號12樓,07.便利商店
28001368,太平洋商務會館股份有限公司,臺北市中正區忠孝東路1段138號6樓,07.便利商店
28003871,鴻昇資產管理股份有限公司,臺北市大安區信義路4段188號6樓-1,07.便利商店
28004604,瑞麟國際企業股份有限公司,臺北市中山區長安東路1段16號5樓之4,07.便利商店
28005391,日藝有限公司,臺北市信義區忠孝東路5段371、373、375號1樓,07.便利商店
28007927,思酷有限公司,臺北市文山區景興路２０２巷１１號,07.便利商店
28011204,澔瑞企業有限公司,臺北市中正區水源路１２７號６樓之２,07.便利商店
28011957,優像數位媒體科技股份有限公司,臺北市中山區民生東路2段149號3樓,07.便利商店
28012610,鴻森國際實業有限公司,臺北市中山區長安東路2段171號10樓之4,07.便利商店
28034425,合將國際股份有限公司,臺北市內湖區基湖路35巷16號8樓之4,07.便利商店
28055574,清水苑農場股份有限公司,臺北市大安區仁愛路3段17號9樓,07.便利商店
28145549,萬濟文化事業股份有限公司,臺北市中山區長安西路26巷8號2樓,07.便利商店
28154080,飛寶國際有限公司,臺北市信義區虎林街119巷14號,07.便利商店
28172432,元通達股份有限公司,臺北市內湖區環山路2段123號1樓,07.便利商店
28172518,樺富建設股份有限公司,臺北市中正區羅斯福路4段68號12樓之16,07.便利商店
28174179,伊麗雅國際有限公司,臺北市中正區衡陽路51號12樓,07.便利商店
28175894,元<U+5803>有限公司,臺北市北投區知行路３１６巷１８弄９號,07.便利商店
28180762,群禾管理顧問股份有限公司,臺北市中山區民族東路512巷16號1樓,07.便利商店
28186647,津村天然生機有限公司,臺北市大安區復興南路2段148巷35號1樓,07.便利商店
28187293,太拿創意有限公司,臺北市北投區中央北路3段40巷34弄9號,07.便利商店
28188238,悅悅股份有限公司,臺北市中山區松江路375號7樓,07.便利商店
28188716,品京科技有限公司,臺北市北投區義方街17號,07.便利商店
28189171,播音員股份有限公司,臺北市中山區松江路375號10樓,07.便利商店
28189383,均享股份有限公司,臺北市松山區八德路3段184號2樓之2,07.便利商店
28190065,永承享生活有限公司,臺北市大同區承德路1段32號12樓之12,07.便利商店
28191091,好聽股份有限公司,臺北市中山區松江路375號7樓,07.便利商店
28192839,蓮辰有限公司,臺北市大同區承德路2段114號1樓,07.便利商店
28195619,住屋生活事業股份有限公司,臺北市松山區南京東路5段202號10樓之1,07.便利商店
28196407,名華資訊有限公司,臺北市內湖區行善路48巷18號4樓之5,07.便利商店
28198664,億兆京國際股份有限公司,臺北市萬華區萬大路423巷42號,07.便利商店
28202864,承德食品有限公司,臺北市大同區承德路3段69號,07.便利商店
28203435,藍灣投資開發有限公司,臺北市信義區信義路5段7號37樓,07.便利商店
28207093,美的適生技股份有限公司,臺北市南港區三重路19之2號7樓,07.便利商店
28208419,沛岳有限公司,臺北市松山區光復北路167號,07.便利商店
28210169,誠世企業有限公司,臺北市北投區實踐街78號5樓,07.便利商店
28212321,禾風車書版股份有限公司,臺北市內湖區瑞光路258巷2號5樓之4,07.便利商店
28213320,發祺國際興業有限公司,臺北市大安區忠孝東路4段183號13樓之2,07.便利商店
28214989,元信管理顧問股份有限公司,臺北市內湖區洲子街75號4樓之1,07.便利商店
28215973,廣播人股份有限公司,臺北市中山區松江路375號7樓,07.便利商店
28216522,真善美餐飲股份有限公司,臺北市內湖區內湖路1段360巷2號1樓,07.便利商店
28217851,兀點滴股份有限公司,臺北市內湖區潭美街587號,07.便利商店
28218676,禾唯公關顧問有限公司,臺北市松山區慶城街21之2號2樓,07.便利商店
28218887,樺資建設開發股份有限公司,臺北市松山區八德路4段86號6樓,07.便利商店
28220069,文森保羅股份有限公司,臺北市中山區明水路659號,07.便利商店
28221285,商務會館股份有限公司,臺北市中正區忠孝東路1段138號6樓,07.便利商店
28221356,馨德有限公司,臺北市南港區富康街50號,07.便利商店
28221383,台灣會館股份有限公司,臺北市中正區忠孝東路1段138號6樓,07.便利商店
28221757,大聲公股份有限公司,臺北市中山區松江路375號7樓,07.便利商店
28221996,愛說話股份有限公司,臺北市中山區松江路375號7樓,07.便利商店
28222003,大面子股份有限公司,臺北市中山區松江路375號10樓,07.便利商店
28222313,和進草本生機股份有限公司,臺北市中山區長安東路2段169之8號1樓,07.便利商店
28222355,包中股份有限公司,臺北市中山區松江路375號7樓,07.便利商店
28223431,眾能數位行銷股份有限公司,臺北市中山區松江路51號8樓之1,07.便利商店
28227020,滿地寶地產股份有限公司,臺北市大安區光復南路102號9樓,07.便利商店
28331543,今日傳媒股份有限公司,臺北市內湖區堤頂大道2段407巷32號4樓,07.便利商店
28357634,麗陽美食生活館有限公司,臺北市內湖區瑞光路517號,07.便利商店
28360666,吉盈超商有限公司,臺北市中山區民生東路1段70巷12號5樓,07.便利商店
28421328,英屬維京群島商建高地產有限公司,臺北市松山區南京東路3段248號5樓-3,07.便利商店
28421615,貝里斯商建高置地有限公司,臺北市松山區南京東路3段248號5樓-3,07.便利商店
28440296,中紡科技實業股份有限公司,臺北市信義區忠孝東路4段550號2樓,07.便利商店
28441393,中保國際行銷股份有限公司,臺北市大同區鄭州路139號7樓,07.便利商店
28442365,崧利有限公司,臺北市北投區大興街9巷15號1樓,07.便利商店
28443998,合銳股份有限公司,臺北市中正區重慶南路2段51號11樓,07.便利商店
28445834,摩天輪國際開發股份有限公司,臺北市中山區松江路375號7樓,07.便利商店
28445861,樺福育樂事業股份有限公司,臺北市中正區羅斯福路4段68號12樓之16,07.便利商店
28448826,好旺股份有限公司,臺北市中山區南京東路1段128號2-13樓,07.便利商店
28448918,家閤實業股份有限公司,臺北市中正區忠孝西路1段66號31樓,07.便利商店
28449085,潤泰旭展股份有限公司,臺北市南港區中南里19鄰忠孝東路7段369號,07.便利商店
28450619,六角有限公司,臺北市中山區南京東路1段52號8樓,07.便利商店
28452638,合意整合行銷股份有限公司,臺北市大安區光復南路260巷46號2樓,07.便利商店
28454447,微風丸壽司有限公司,臺北市松山區復興南路1段39號2樓之1,07.便利商店
28457612,鑫元鑫股份有限公司,臺北市大安區忠孝東路4段222號2樓,07.便利商店
28457985,摩天廣場股份有限公司,臺北市松山區延吉街11號3樓,07.便利商店
28458491,哇寶國際資訊股份有限公司,臺北市信義區基隆路1段141號7樓之5,07.便利商店
28461377,凜德有限公司,臺北市內湖區民權東路6段90巷15弄19號5樓,07.便利商店
28461931,威立格國際有限公司,臺北市中山區南京東路1段25號9樓(905室),07.便利商店
28462404,挺順國際股份有限公司,臺北市中山區錦州街298號7樓,07.便利商店
28465015,廣合開發有限公司,臺北市內湖區安美街123號5樓,07.便利商店
28465346,証聲藥品有限公司,臺北市大安區大安路2段114號,07.便利商店
28466534,優而康健康行銷有限公司,臺北市中正區忠孝西路1段45號12樓之6,07.便利商店
28466844,藝研堂有限公司,臺北市大安區信義路3段158號11樓,07.便利商店
28468174,美麗華科技有限公司,臺北市松山區復興北路1號13樓之1,07.便利商店
28471327,哈佛室內裝修有限公司,臺北市文山區興隆路2段244巷32號,07.便利商店
28471924,知識無限數位股份有限公司,臺北市中山區新生北路3段82巷32號8樓,07.便利商店
28472938,鹿溪管理顧問股份有限公司,臺北市大安區復興南路1段342號11樓之1,07.便利商店
28473319,博醫醫藥生技有限公司,臺北市文山區羅斯福路6段290號,07.便利商店
28473583,佑宇國際開發有限公司,臺北市南港區忠孝東路6段6號3樓之2,07.便利商店
28477032,八立方製作有限公司,臺北市松山區光復南路22巷18號,07.便利商店
28478118,廣威開發股份有限公司,臺北市中正區忠孝東路1段76號7樓之1,07.便利商店
28479144,鉑克斯國際有限公司,臺北市萬華區康定路23號1樓,07.便利商店
28480557,潤泰百益股份有限公司,臺北市信義區永吉里松山路11號1樓,07.便利商店
28482366,強力整合行銷股份有限公司,臺北市松山區東興路26號15樓,07.便利商店
28483007,庭茂農業生技股份有限公司,臺北市信義區信義路4段458號4樓,07.便利商店
28484012,禾豐華企業有限公司,臺北市內湖區內湖路2段339巷10弄3號,07.便利商店
28488501,康橋數位內容科技有限公司,臺北市信義區忠孝東路4段553巷22弄51號,07.便利商店
28489023,迅聯網國際股份有限公司,臺北市信義區信義路5段7號27樓,07.便利商店
28501687,宏碩開發股份有限公司,臺北市信義區忠孝東路5段552號9樓,07.便利商店
28555070,博瀚資訊服務有限公司,臺北市士林區中山北路6段728巷9弄7-1號,07.便利商店
28572367,璞玉茶業有限公司,臺北市中正區和平西路1段118號1樓,07.便利商店
28652185,麗陽生活館有限公司,臺北市內湖區瑞光路517號,07.便利商店
28671134,卓越互動行銷股份有限公司,臺北市中正區臨沂街25巷16號1樓,07.便利商店
28671726,美湖股份有限公司,臺北市大同區延平北路2段202號18樓之2,07.便利商店
28675292,騰暘國際貿易有限公司,臺北市中山區中山北路1段83巷5號8樓之6,07.便利商店
28676481,展圓實業有限公司,臺北市松山區八德路4段96號,07.便利商店
28678306,三六一度半島國際餐飲有限公司,臺北市松山區八德路3段191號2樓,07.便利商店
28681029,禾宸貿易有限公司,臺北市文山區景隆街111號,07.便利商店
28681800,天頂企業有限公司,臺北市中山區民權西路20號10樓之11,07.便利商店
28682982,永媚國際企業有限公司,臺北市中山區松江路293之911號,07.便利商店
28685405,盛利國際有限公司,臺北市中山區雙城街23之4號,07.便利商店
28686903,久合食品有限公司,臺北市信義區基隆路2段149-16號3樓,07.便利商店
28686994,鹿凱記企業有限公司,臺北市士林區福港街244巷18弄11號3樓,07.便利商店
28689486,眯M不動產管理有限公司,臺北市中正區忠孝西路1段50號11樓之3,07.便利商店
28692742,奇豆網路科技有限公司,臺北市萬華區漢中街116號,07.便利商店
28693664,橋爾商貿股份有限公司,臺北市大安區忠孝東路4段325號12樓之1,07.便利商店
28702283,馥花園食品有限公司,臺北市北投區石牌路2段159號,07.便利商店
28702782,果德企業有限公司,臺北市中山區復興北路270號1樓,07.便利商店
28709482,澤正數位科技股份有限公司,臺北市大同區承德路1段17號19樓,07.便利商店
28710621,京站實業股份有限公司,臺北市大同區承德路1段1號,07.便利商店
28711419,異客股份有限公司,臺北市大安區敦化南路1段245號5樓,07.便利商店
28715787,雅晴時尚股份有限公司,臺北市松山區民生東路5段175號9樓,07.便利商店
28715870,悅家居企業股份有限公司,臺北市內湖區舊宗路1段150巷25號,07.便利商店
28717151,貓纜事業股份有限公司,臺北市文山區新光路1段78號,07.便利商店
28718341,集盒創意有限公司,臺北市信義區松德路10號7樓,07.便利商店
28758976,辰虹國際股份有限公司,臺北市松山區民生東路5段147號3樓,07.便利商店
28767763,駿鴻電市有限公司,臺北市大同區民族西路42號,07.便利商店
28768778,富登國際行銷有限公司,臺北市內湖區內湖路1段111號3樓,07.便利商店
28784926,百爾王國際有限公司,臺北市中山區建國南路1段291巷4號9樓,07.便利商店
28823337,燕福生技有限公司,臺北市大安區羅斯福路3段283巷14弄14-3號,07.便利商店
28823821,畯鴔呇陪迨膝q,臺北市松山區八德路3段225號11樓之4,07.便利商店
28824027,貓纜股份有限公司,臺北市大安區復興南路1段204號11樓之2,07.便利商店
28825855,智富地產開發有限公司,臺北市中山區建國北路3段135號4樓,07.便利商店
28828240,安心食材有限公司,臺北市信義區文昌街316號4樓之7,07.便利商店
28830153,昌盛國科技有限公司,臺北市大安區和平東路3段143號3樓之3,07.便利商店
28830251,富凱合實業有限公司,臺北市中山區長春路78號11樓之2,07.便利商店
28831408,現代絲路國際行銷股份有限公司,臺北市松山區復興北路15號5樓之10,07.便利商店
28832624,欣果食品有限公司,臺北市信義區松德路38號1樓,07.便利商店
28833200,浩允國際企業有限公司,臺北市松山區八德路3段230號3樓之1,07.便利商店
28834480,十祥企業股份有限公司,臺北市士林區中山北路6段88號3樓,07.便利商店
28836537,沛宸國際股份有限公司,臺北市中山區八德路2段312巷19號1樓,07.便利商店
28840434,富邦行銷管理顧問有限公司,臺北市大安區忠孝東路4段311號5樓之3,07.便利商店
28842496,大人物國際股份有限公司,臺北市中正區忠孝西路1段50號13樓之3,07.便利商店
28842806,合坊有限公司,臺北市萬華區漢中街133號7樓之1,07.便利商店
28844229,健康傳媒國際事業有限公司,臺北市中正區羅斯福路2段56號7樓之3,07.便利商店
28845058,藍星開發股份有限公司,臺北市松山區敦化南路1段88號9樓之2,07.便利商店
28845851,統一午茶風光股份有限公司,臺北市松山區東興路8號8樓,07.便利商店
28847204,台灣樂天市場股份有限公司,臺北市中山區民生東路3段49號11樓,07.便利商店
28847464,鼎順發國際有限公司,臺北市大安區和平東路2段107巷12之1號,07.便利商店
28848718,廣納國際企業股份有限公司,臺北市中山區南京東路2段8號10樓之1,07.便利商店
28848885,緯翔有限公司,臺北市中山區吉林路45號3樓,07.便利商店
28849723,康津國際有限公司,臺北市中山區松江路9號6樓,07.便利商店
28850621,震定科技股份有限公司,臺北市士林區大南路405號1樓,07.便利商店
28850875,麗陽便利事業有限公司,臺北市松山區民族東路632號,07.便利商店
28851369,締盟股份有限公司,臺北市中正區廈門街113巷10-5號,07.便利商店
28852515,天和鮮物股份有限公司,臺北市信義區忠孝東路5段689號8樓,07.便利商店
28856890,城市之光整合行銷有限公司,臺北市信義區吳興街106巷14號1樓,07.便利商店
28857271,弘崴科技有限公司,臺北市中山區新生北路3段26號4樓之1,07.便利商店
28861710,貝殼灣國際有限公司,臺北市大同區南京西路239巷26號1樓,07.便利商店
28863294,耀庭國際管理顧問有限公司,臺北市大安區敦化南路1段161巷71號,07.便利商店
28863914,和佳欣股份有限公司,臺北市大安區師大路129號地下樓,07.便利商店
28864054,佳香烘焙有限公司,臺北市大安區敦化南路2段101號,07.便利商店
28867708,鐽鋒育樂事業有限公司,臺北市南港區研究院路1段19號,07.便利商店
28887562,皇后之心股份有限公司,臺北市北投區中央北路4段18巷32號1樓,07.便利商店
28903520,台灣農企開發股份有限公司,臺北市大同區天水路40號8樓,07.便利商店
28924932,金汎股份有限公司,臺北市中正區忠孝東路1段150號12樓之1,07.便利商店
28927163,恆璽國際有限公司,臺北市南港區福德街322號4樓之1,07.便利商店
28929492,棉花田生機園地股份有限公司,臺北市松山區敦化南路1段3號11樓,07.便利商店
28939457,美淂行銷顧問有限公司,臺北市松山區南京東路5段239號6樓之20,07.便利商店
28948527,瑞恩生物科技有限公司,臺北市大同區涼州街2號13樓之9,07.便利商店
28996891,香港商香港佰草集有限公司,臺北市大安區建安里敦化南路1段205號8樓之4,07.便利商店
29030453,金歐顧問股份有限公司,臺北市中山區松江路206號9樓之8,07.便利商店
29030572,沛林科技有限公司,臺北市大安區四維路218號1樓,07.便利商店
29031811,吉德春有限公司,臺北市中山區長春路78號10樓之5,07.便利商店
29032311,加鑫國際事業股份有限公司,臺北市萬華區漢中街24號1樓,07.便利商店
29033424,揚旺有限公司,臺北市大安區辛亥路2段171巷8號,07.便利商店
29034465,愛錡國際有限公司,臺北市大安區復興南路1段107巷5弄8號,07.便利商店
29039068,艾瑞格有限公司,臺北市大安區忠孝東路4段295號3樓,07.便利商店
29039291,金英科技有限公司,臺北市內湖區新湖二路228號4樓,07.便利商店
29039671,創惠股份有限公司,臺北市信義區基隆路2段189號14樓之2,07.便利商店
29041395,東禾開發國際股份有限公司,臺北市大安區光復南路404號2樓,07.便利商店
29041753,美群生醫股份有限公司,臺北市中山區松江路275號4樓,07.便利商店
29044800,礁溪遠雄悅來大飯店股份有限公司,臺北市信義區松高路1號22樓,07.便利商店
29045224,善若水有機股份有限公司,臺北市中山區林森北路458號9樓之1,07.便利商店
29048171,杜拜德國際開發股份有限公司,臺北市北投區雙全街48巷7號1樓,07.便利商店
29049517,御住國際股份有限公司,臺北市中正區博愛路100號,07.便利商店
29050485,吉村康有限公司,臺北市大安區羅斯福路3段335號9樓之2,07.便利商店
29050773,鼎麗工程有限公司,臺北市大同區華陰街167號1樓,07.便利商店
29052646,金蓉國際開發有限公司,臺北市松山區南京東路5段16號11樓之6,07.便利商店
29053201,北海小英雄便利商店有限公司,臺北市大同區寧夏路11號14樓,07.便利商店
29054546,敏呁有限公司,臺北市松山區民生東路5段73號1樓,07.便利商店
29055910,河岸留言展演事業有限公司,臺北市萬華區西寧南路177號,07.便利商店
29056853,億創股份有限公司,臺北市中山區八德路2段260號4樓,07.便利商店
29058326,紘陽科技有限公司,臺北市文山區羅斯福路4段210號3樓,07.便利商店
29058705,向前整合行銷有限公司,臺北市中正區忠孝東路1段76號4樓之4,07.便利商店
29059747,展浪國際有限公司,臺北市松山區敦化南路1段100巷7弄5號1樓,07.便利商店
29061814,四季餐飲有限公司,臺北市內湖區民權東路6段180巷6號10樓之4,07.便利商店
29061906,老虎與貓有限公司,臺北市大同區酒泉街10巷11號1樓,07.便利商店
29062314,嘉哈達股份有限公司,臺北市中山區中山北路3段49號7樓之5,07.便利商店
29063030,裕園開發股份有限公司,臺北市中山區八德路2段232號6樓,07.便利商店
29063051,裕達開發股份有限公司,臺北市中山區八德路2段232號5樓,07.便利商店
29067459,百安康科技有限公司,臺北市中山區中原街33號3樓之5,07.便利商店
29067556,阿凡提文化傳媒有限公司,臺北市內湖區瑞光路258巷2號5樓之4,07.便利商店
29068099,太壹國際企業管理顧問有限公司,臺北市松山區復興北路499巷2弄3號,07.便利商店
29069695,維瀅國際有限公司,臺北市中山區長安東路2段80號11樓之3,07.便利商店
29069941,鴻創國際貿易有限公司,臺北市松山區東寧路13號1樓,07.便利商店
29070481,昇摯股份有限公司,臺北市中山區南京東路3段118號11樓,07.便利商店
29071159,景美百<U+6ED9>股份有限公司,臺北市文山區景文街137號,07.便利商店
29071518,本草賀藍實業有限公司,臺北市松山區光復北路11巷46號6樓,07.便利商店
29071616,藏寶盒廣告策劃有限公司,臺北市內湖區瑞光路168號7樓之3,07.便利商店
29073190,哈格斯有限公司,臺北市中正區青島東路9號4樓之1,07.便利商店
29073950,暟信國際行銷有限公司,臺北市大安區忠孝東路4段295號3樓,07.便利商店
29074655,大英國際實業有限公司,臺北市北投區東華街1段22巷4弄9號2樓,07.便利商店
29074965,撒但股份有限公司,臺北市大同區南京西路80號,07.便利商店
29077442,迪露國際有限公司,臺北市大安區敦化南路1段233巷32號,07.便利商店
29079737,祥德開發股份有限公司,臺北市中山區樂群二路95號10樓,07.便利商店
29080191,名揚美食生活館有限公司,臺北市中山區敬業一路97號7樓,07.便利商店
29090873,棻邦國際有限公司,臺北市松山區光復南路17巷48號,07.便利商店
29100035,詠川實業有限公司,臺北市中正區汀州路1段170號3樓,07.便利商店
29151527,印達貿易有限公司,臺北市中山區松江路42號5樓之9,07.便利商店
29175210,寶島發電子商務有限公司,臺北市萬華區成都路67號4樓,07.便利商店
29175443,益彩國際股份有限公司,臺北市大同區蘭州街48號2樓,07.便利商店
30441709,盛福膠業有限公司,臺北市士林區大南路387號1樓,07.便利商店
30837420,熊威興業股份有限公司,臺北市松山區光復北路112號3樓,07.便利商店
30894441,谷峰精密工業股份有限公司,臺北市文山區辛亥路5段77之1號地下,07.便利商店
30912530,頌林股份有限公司,臺北市中山區南京東路2段160號11樓,07.便利商店
30971002,大頂美股份有限公司,臺北市萬華區武昌街２段７２號１０樓,07.便利商店
30980071,勇華股份有限公司,臺北市中山區中山北路3段30號3樓之3,07.便利商店
31196970,士林紡織股份有限公司,臺北市士林區中正路115號,07.便利商店
31304605,錫安實業有限公司,臺北市北投區東華街1段360號5樓,07.便利商店
33285415,富特偉實業股份有限公司,臺北市中山區松江路82號3樓,07.便利商店
35960481,堉鑫國際商有限公司,臺北市中山區德惠街42號2樓,07.便利商店
35984759,曙陽工業股份有限公司,臺北市內湖區新湖三路130號1樓,07.便利商店
36517851,慈益股份有限公司,臺北市大安區敦化南路2段39號12樓,07.便利商店
42611215,四一六五網路商城有限公司,臺北市大同區重慶北路1段36號,07.便利商店
42611284,錢龍國際貿易有限公司,臺北市松山區南京東路5段45號,07.便利商店
42611691,錫安國際有限公司,臺北市松山區八德路4段274號2樓,07.便利商店
42614178,薇菈美妝精品有限公司,臺北市信義區忠孝東路5段297之1號1樓,07.便利商店
42614640,蘋果九點零有限公司,臺北市士林區德行西路36號3樓之16,07.便利商店
42614992,大雅國際實業股份有限公司,臺北市文山區三福街77號1樓,07.便利商店
42615107,蘋果十點零有限公司,臺北市士林區德行西路36號3樓之16,07.便利商店
42615161,皇展開發建設有限公司,臺北市士林區德行西路36號3樓之16,07.便利商店
42615205,蘋果五點零有限公司,臺北市士林區德行西路36號3樓之14,07.便利商店
42615346,皇翔物業管理顧問有限公司,臺北市士林區德行西路36號3樓之14,07.便利商店
42616078,十方云集股份有限公司,臺北市松山區敦化北路201之1號12樓,07.便利商店
42616350,崴揚開發休閒有限公司,臺北市松山區敦化北路102號11樓,07.便利商店
42617745,哇沙筆文創有限公司,臺北市內湖區大湖山莊街166號1樓,07.便利商店
42618054,勇創企業有限公司,臺北市文山區景華街176巷2之1號3樓,07.便利商店
42618239,角落文創展演有限公司,臺北市南港區忠孝東路6段21號,07.便利商店
42619271,橙美科技股份有限公司,臺北市中山區中山北路2段96號10樓,07.便利商店
42619820,花花姐姐餐飲管理顧問有限公司,臺北市文山區羅斯福路6段88號6樓,07.便利商店
42619856,飛買家股份有限公司,臺北市中正區衡陽路51號2樓之1,07.便利商店
42620116,加美國際有限公司,臺北市松山區南京東路3段256巷28弄17號1樓,07.便利商店
42622085,文華欣業有限公司,臺北市士林區德行西路36號3樓之13,07.便利商店
42622254,宣美國際股份有限公司,臺北市內湖區新湖一路87號6樓,07.便利商店
42622402,杰承國際有限公司,臺北市士林區中正路655巷17號,07.便利商店
42622846,伸浩整合行銷股份有限公司,臺北市松山區南京東路4段11號4樓,07.便利商店
42623839,星宇藝能娛樂有限公司,臺北市萬華區萬大路423巷30弄13號14樓,07.便利商店
42624540,立呈創意有限公司,臺北市信義區基隆路2段33號12樓之2,07.便利商店
42624555,詠笙股份有限公司,臺北市信義區松山路540巷3弄19號,07.便利商店
42624680,真品國際開發有限公司,臺北市大安區仁愛路4段445號,07.便利商店
42626701,蔩鐙貿易有限公司,臺北市大安區忠孝東路4段2號8樓之2,07.便利商店
42626857,立呈創意有限公司,臺北市信義區基隆路2段33號12樓之2,07.便利商店
42628594,禾醫有限公司,臺北市大安區光復南路288號2樓之5,07.便利商店
42628742,異饗屋實業有限公司,臺北市中山區農安街166巷1號,07.便利商店
42629051,鑲穀國際貿易有限公司,臺北市內湖區民權東路6段180巷6號5樓之10,07.便利商店
42629073,禾醫有限公司,臺北市大安區光復南路288號2樓之5,07.便利商店
42629159,澄意數位股份有限公司,臺北市大安區忠孝東路4段221號10樓,07.便利商店
42630368,玩客青年會館有限公司,臺北市中山區南京東路2段11號7樓,07.便利商店
42630607,原盟實業有限公司,臺北市中山區建國北路2段260號3樓,07.便利商店
42630965,日天事業有限公司,臺北市大安區光復南路102號8樓,07.便利商店
42631872,采頡資產管理股份有限公司,臺北市信義區吳興街284巷8之5號,07.便利商店
42631991,頌易禾多元行銷有限公司,臺北市中正區寧波西街78號2樓之1,07.便利商店
42632056,黑熊華夫有限公司,臺北市大安區復興南路1段295巷13弄2號,07.便利商店
42633392,亞美葯萓陪迨膝q,臺北市內湖區堤頂大道2段285號,07.便利商店
42634272,利盈數位科技股份有限公司,臺北市大同區南京西路163號2樓之52,07.便利商店
42634625,鴻大營利事業股份有限公司,臺北市松山區南京東路5段251巷32弄9號2樓,07.便利商店
42636193,轉個彎整合行銷有限公司,臺北市萬華區萬大路277巷48號9樓之3,07.便利商店
42636530,維港國際有限公司,臺北市信義區基隆路2段33號12樓之2,07.便利商店
42637051,正鴻農業有限公司,臺北市松山區三民路35巷1號11樓之3,07.便利商店
42637101,可可休閒開發有限公司,臺北市大安區羅斯福路3段269巷2之1號,07.便利商店
42638333,馬爾席灣生態農業股份有限公司,臺北市內湖區堤頂大道2段477號2樓,07.便利商店
42638489,貓貓愛買數位有限公司,臺北市信義區松山路220號1樓,07.便利商店
42638951,抱抱文創有限公司,臺北市中山區松江路152號12樓,07.便利商店
42638994,神盾局科技有限公司,臺北市萬華區長泰街282巷13弄2號1樓,07.便利商店
42639419,酒湧有限公司,臺北市中山區安東街17之2號,07.便利商店
42639537,合記黃埔實業有限公司,臺北市大同區南京西路163號2樓之32,07.便利商店
42639656,易必購股份有限公司,臺北市大安區信義路4段184號9樓,07.便利商店
42641169,影拾文創股份有限公司,臺北市信義區信義路6段15巷12弄9號,07.便利商店
42641490,曼杜夫管理顧問股份有限公司,臺北市內湖區新湖一路86號7樓,07.便利商店
42642316,儷京企業股份有限公司,臺北市中山區吉林路99號8樓,07.便利商店
42642575,愛水國際有限公司,臺北市大安區忠孝東路4段59號10樓之2,07.便利商店
42643286,海洋種子有限公司,臺北市松山區八德路3段230號3樓,07.便利商店
42643814,碩河開發股份有限公司,臺北市大安區敦化南路2段95號12樓,07.便利商店
42646093,新鮮煮義股份有限公司,臺北市內湖區瑞光路168號2樓之1,07.便利商店
42647332,我橙股份有限公司,臺北市中正區杭州北路22號8樓之1,07.便利商店
42647543,至善文創股份有限公司,臺北市內湖區內湖路1段322號8樓,07.便利商店
42647852,好付數位科技股份有限公司,臺北市中山區市民大道3段143號4樓,07.便利商店
42648260,享住旅店有限公司,臺北市中山區新生北路2段149巷25號3樓,07.便利商店
42650321,陳源有限公司,臺北市大安區通化街101巷5號,07.便利商店
42650390,國產新盛股份有限公司,臺北市內湖區新湖一路8號7樓,07.便利商店
42651314,紐佩有限公司,臺北市中正區林森南路120號,07.便利商店
42651665,新北投實業股份有限公司,臺北市中山區南京東路3段21號11樓,07.便利商店
42651898,尚品萊客有限公司,臺北市信義區忠孝東路5段1之6號10樓,07.便利商店
42652209,大魯閣溫浴事業股份有限公司,臺北市內湖區民善街89號3樓,07.便利商店
53007278,香港商店店通科技股份有限公司,臺北市松山區南京東路4段11號4樓,07.便利商店
53010251,貝里斯商微風阿舍股份有限公司,臺北市士林區福國路19號4樓,07.便利商店
53010689,香港商永樂美有限公司,臺北市大同區南京西路41號10樓之6、10樓之7,07.便利商店
53011081,薩摩亞商盛世傳媒股份有限公司,臺北市大安區建安里忠孝東路4段169號6樓之1,07.便利商店
53020624,香港商淘紅舍有限公司,臺北市大安區敦化南路1段245號7樓,07.便利商店
53020841,英屬維京群島商愛品馨股份有限公司,臺北市中山區建國北路二段147號12樓之3、之4,07.便利商店
53024620,英屬開曼群島商冠聯國際事業股份有限公司,臺北市大同區朝陽里民生西路290號6樓,07.便利商店
53026649,美商美家網國際資訊股份有限公司,臺北市大安區敦化南路2段105號12樓,07.便利商店
53051885,和風國際事業有限公司,臺北市士林區雨聲街189號,07.便利商店
53079217,三元韓式花園有限公司,臺北市內湖區瑞光路188巷43號,07.便利商店
53079321,綺羅貿易有限公司,臺北市中山區雙城街28巷1號3樓之2,07.便利商店
53079342,大金都國際行銷股份有限公司,臺北市信義區松平路70號8樓,07.便利商店
53079547,毅加國際有限公司,臺北市大安區忠孝東路3段217巷5弄18號2樓,07.便利商店
53079878,大盟開發股份有限公司,臺北市松山區敦化北路167號18樓,07.便利商店
53080349,不累本舖股份有限公司,臺北市信義區忠孝東路5段508號12樓之1,07.便利商店
53081558,廣和國際企業有限公司,臺北市中山區中山北路1段83巷13號3樓之15,07.便利商店
53081939,雅蘭生活美學有限公司,臺北市萬華區廣州街79號,07.便利商店
53082162,哈密有限公司,臺北市大同區哈密街59巷23號,07.便利商店
53083628,宏楷國際投資股份有限公司,臺北市士林區中山北路5段761號1樓,07.便利商店
53086940,活麗自動股份有限公司,臺北市中山區錦州街25號3樓,07.便利商店
53087032,永祥科技有限公司,臺北市北投區立農街1段257巷6號2樓,07.便利商店
53087379,松益網路事業有限公司,臺北市大同區寧夏路155號7樓,07.便利商店
53087808,茂喜生技企業有限公司,臺北市內湖區基湖路35巷22號,07.便利商店
53088406,好時光文創傳媒有限公司,臺北市大安區忠孝東路3段251巷4弄1號1樓,07.便利商店
53088948,天鴿創意行銷有限公司,臺北市中山區復興北路514巷65號2樓,07.便利商店
53089968,崇宇國際股份有限公司,臺北市大安區敦化南路2段97號2樓,07.便利商店
53090557,花蓮海洋論壇股份有限公司,臺北市中正區衡陽路51號14樓,07.便利商店
53091057,十藝生技股份有限公司,臺北市內湖區瑞光路550號7樓,07.便利商店
53091129,旺旺寬頻媒體股份有限公司,臺北市大同區西寧北路72號6樓,07.便利商店
53091866,匯陽能源科技股份有限公司,臺北市中山區松江路87號15樓,07.便利商店
53091872,承先開發有限公司,臺北市中山區吉林路315巷36號,07.便利商店
53092056,盛花園國際實業有限公司,臺北市北投區明德路9號10樓,07.便利商店
53092675,季節開發有限公司,臺北市大同區南京西路344巷23號3樓之3,07.便利商店
53092942,三協生活有限公司,臺北市士林區德行東路203巷2號,07.便利商店
53092979,正咖企業有限公司,臺北市內湖區文湖街60巷6號1樓,07.便利商店
53094224,新利富食品股份有限公司,臺北市內湖區洲子街77號,07.便利商店
53095005,旺中寬頻媒體股份有限公司,臺北市大同區西寧北路72號6樓,07.便利商店
53096638,禧粹顧問有限公司,臺北市萬華區峨眉街100號5樓之14,07.便利商店
53097186,聯邦億達有限公司,臺北市中山區長安東路2段81號12樓,07.便利商店
53097469,食旅概念有限公司,臺北市大安區敦化南路1段295巷10號,07.便利商店
53099163,巴里島小鋪有限公司,臺北市松山區民生東路3段113巷25弄1號,07.便利商店
53099419,丹三有限公司,臺北市萬華區內江街4號,07.便利商店
53099425,文森保羅精品有限公司,臺北市中山區明水路659號1樓,07.便利商店
53099451,佰達生技股份有限公司,臺北市中正區和平西路1段170號2樓,07.便利商店
53099749,護城紋實業有限公司,臺北市大安區忠孝東路3段136號4樓之5,07.便利商店
53100160,美百國際有限公司,臺北市中山區敬業一路128巷51號3樓之3,07.便利商店
53102420,康琦國際有限公司,臺北市中山區中山北路3段45號5樓之4,07.便利商店
53102717,富豐餐飲股份有限公司,臺北市中山區德惠街9號1樓,07.便利商店
53103574,如是山房文化創意有限公司,臺北市中山區復興北路60號9樓之4,07.便利商店
53103595,正永有限公司,臺北市中山區長安東路2段92號,07.便利商店
53105284,眳戌陪迨膝q,臺北市文山區萬盛街146巷1號,07.便利商店
53105881,臺大科技有限公司,臺北市信義區永吉路120巷31號1樓,07.便利商店
53106805,耕藝科技有限公司,臺北市信義區嘉興街309號5樓,07.便利商店
53107071,米榭爾食品有限公司,臺北市信義區松仁路260號1樓,07.便利商店
53107728,陽茗國際有限公司,臺北市內湖區環山路2段125號3樓,07.便利商店
53108487,箱緹國際股份有限公司,臺北市松山區民生東路3段113巷23號,07.便利商店
53109541,昊晅通路有限公司,臺北市大安區忠孝東路4段166號12樓,07.便利商店
53110060,墣璞市集股份有限公司,臺北市內湖區行忠路66巷21號2樓,07.便利商店
53110596,新通國際數位有限公司,臺北市中山區民權東路2段148號3樓,07.便利商店
53111510,神去村股份有限公司,臺北市信義區基隆路1段333號12樓,07.便利商店
53111743,萌遠股份有限公司,臺北市中山區敬業三路11號,07.便利商店
53112709,陸香豐盛有限公司,臺北市中山區長春路61巷20號2樓之5,07.便利商店
53113432,遠東巨城購物中心股份有限公司,臺北市大安區仁愛路4段64號7樓,07.便利商店
53117140,依樺國際有限公司,臺北市中山區松江路182號11樓之1,07.便利商店
53117649,興樂行國際有限公司,臺北市大安區泰順街38巷22號4樓,07.便利商店
53117774,御美生醫志業有限公司,臺北市大安區忠孝東路4段60號3樓之3,07.便利商店
53118041,台灣富驛酒店股份有限公司,臺北市中山區南京東路3段131號1樓、地下1樓、10、11、12、13樓,07.便利商店
53118653,元詠有限公司,臺北市內湖區文德路210巷30弄6號6樓之3,07.便利商店
53118859,蜜月四季餐旅購有限公司,臺北市松山區八德路4段660號7樓之2,07.便利商店
53118957,崇儉實業有限公司,臺北市中山區安東街16巷13弄6號3樓,07.便利商店
53118979,壹佰開發有限公司,臺北市大同區南京西路344巷23號3樓之3,07.便利商店
53119750,以利事業有限公司,臺北市中正區重慶南路3段128號5樓之1,07.便利商店
53120807,金醇臻品股份有限公司,臺北市中山區復興南路1段2號13樓,07.便利商店
53121030,立詳商務中心有限公司,臺北市中正區懷寧街35號6樓,07.便利商店
53123332,彥翔科技有限公司,臺北市北投區中央南路2段28號,07.便利商店
53124206,熹樂餐廳有限公司,臺北市松山區北寧路38號,07.便利商店
53125280,艾爾生活態度股份有限公司,臺北市大安區敦化南路1段329巷11號,07.便利商店
53126160,台北純歌派對發展有限公司,臺北市大安區安和路2段104號7樓,07.便利商店
53126268,畫新聞網路傳媒有限公司,臺北市內湖區堤頂大道2段501號4樓,07.便利商店
53127153,國超興業股份有限公司,臺北市中正區忠孝東路2段112號8樓,07.便利商店
53127962,立基點國際股份有限公司,臺北市內湖區新湖一路85號,07.便利商店
53129053,麗斯金有限公司,臺北市中山區長春路16號5樓之1,07.便利商店
53129080,新竹山城花園股份有限公司,臺北市中正區衡陽路51號14樓,07.便利商店
53163024,菊島海洋企業有限公司,臺北市中山區復興北路48號3樓,07.便利商店
53181352,金品百貨有限公司,臺北市大同區迪化街2段426號1樓,07.便利商店
53184479,述坤企業有限公司,臺北市中山區北安路588巷19號,07.便利商店
53189452,科登國際實業有限公司,臺北市內湖區金龍路228號4樓,07.便利商店
53193836,勤創企業股份有限公司,臺北市北投區尊賢街239巷7之3號,07.便利商店
53196904,阿堤斯股份有限公司,臺北市士林區文昌路264號3樓,07.便利商店
53201815,惠森國際有限公司,臺北市中正區中華路1段59號7樓,07.便利商店
53205404,永亨開發有限公司,臺北市松山區南京東路5段234號8樓-2,07.便利商店
53207281,向日葵休閒開發股份有限公司,臺北市中正區重慶南路3段63號2樓之1,07.便利商店
53227723,時尚品企業有限公司,臺北市中山區長春路78號8樓之2,07.便利商店
53235224,信德生技股份有限公司,臺北市中正區林森南路4之3號2樓,07.便利商店
53309800,麗景豐業有限公司,臺北市內湖區民權東路6段109號7樓之4,07.便利商店
53310216,晶璨股份有限公司,臺北市大安區忠孝東路3段223-2號,07.便利商店
53311828,嘉群國際有限公司,臺北市北投區大業路529號7樓之3,07.便利商店
53312896,新立方社群股份有限公司,臺北市中正區忠孝西路1段4號15樓,07.便利商店
53313993,愛仕得國際有限公司,臺北市松山區南京東路4段17號4樓之2,07.便利商店
53315015,立興朝代有限公司,臺北市北投區中央北路1段12號及12號2樓,07.便利商店
53315269,中華雙子星開發股份有限公司,臺北市松山區東興路12號16樓,07.便利商店
53316458,御全生技有限公司,臺北市大安區金華街243巷7號,07.便利商店
53318857,墨鈞國際有限公司,臺北市松山區民族東路689號1樓,07.便利商店
53321059,藏富設計有限公司,臺北市信義區基隆路1段127號6樓,07.便利商店
53321868,茂檀有限公司,臺北市文山區羅斯福路5段247號,07.便利商店
53322260,東永祥開發股份有限公司,臺北市大同區重慶北路2段10號1樓,07.便利商店
53323161,廬醫山本草生技股份有限公司,臺北市中正區忠孝東路2段100號5樓、5樓之1,07.便利商店
53323599,欣春開發股份有限公司,臺北市士林區中社路1段34號1樓,07.便利商店
53323937,無限創意科技工程有限公司,臺北市信義區松德路10號7樓,07.便利商店
53323985,台灣花樣年開發股份有限公司,臺北市中山區南京東路3段16號1至12樓,07.便利商店
53324957,美樂思企業有限公司,臺北市中山區長安東路2段77號8樓,07.便利商店
53327265,雲人部落有限公司,臺北市內湖區瑞光路168號7樓之3,07.便利商店
53327379,華偉國際貿易有限公司,臺北市文山區景興路202巷11號,07.便利商店
53328172,仲熹實業股份有限公司,臺北市松山區民生東路3段132號7樓,07.便利商店
53328779,仕統有限公司,臺北市信義區忠孝東路5段669號8樓之1,07.便利商店
53328996,承馥餐飲事業股份有限公司,臺北市大安區復興南路2段346號1樓,07.便利商店
53329101,二百歲身心靈有限公司,臺北市北投區西安街1段329號1樓,07.便利商店
53331916,台灣欣恆美股份有限公司,臺北市中山區明水路659號,07.便利商店
53332324,台北古玩城有限公司,臺北市中山區吉林路225號1樓,07.便利商店
53332696,盈豐國際股份有限公司,臺北市大安區敦化南路2段40號7樓之1,07.便利商店
53333941,寰通鑫富有限公司,臺北市信義區吳興街220巷59弄1號2樓,07.便利商店
53334929,慶慶文創國際有限公司,臺北市中正區忠孝西路1段41號4樓之12,07.便利商店
53335357,易健美敦南股份有限公司,臺北市中正區重慶南路1段121號6樓之2,07.便利商店
53337741,印智有限公司,臺北市中山區吉林路199巷20號1樓,07.便利商店
53338066,沃德貿思行銷有限公司,臺北市信義區基隆路1段163號7樓之3,07.便利商店
53340295,民百開發有限公司,臺北市中山區吉林路315巷36號,07.便利商店
53340350,來客國際資訊股份有限公司,臺北市大安區敦化南路2段105號24樓,07.便利商店
53340653,天宏國際能量生物有限公司,臺北市大安區通安街5號,07.便利商店
53340921,鄰鄉良食股份有限公司,臺北市大安區泰順街38巷30號,07.便利商店
53342126,正群興業有限公司,臺北市中山區龍江路257巷14號2樓,07.便利商店
53342505,微風置地股份有限公司,臺北市信義區忠孝東路5段68號6樓,07.便利商店
53342815,台北雙子星大樓營運股份有限公司,臺北市中正區青島東路4號2樓之1,07.便利商店
53345221,非域創文有限公司,臺北市大安區建國南路1段175巷27號14樓,07.便利商店
53349063,亞太國際綠色產業開發股份有限公司,臺北市大安區忠孝東路4段216巷33弄4號1樓,07.便利商店
53349253,易健美國際股份有限公司,臺北市中正區衡陽路51號12樓之4,07.便利商店
53350119,太鮮生技股份有限公司,臺北市大安區仁愛路4段151巷38號2樓,07.便利商店
53350820,宏滔電子商務有限公司,臺北市松山區敦化北路201之18號11樓,07.便利商店
53353241,永大環球貿易有限公司,臺北市大安區安和路2段35巷3號1樓,07.便利商店
53353501,城市旅人有限公司,臺北市文山區試院路4巷1-1號1樓,07.便利商店
53354071,富邦髮藝科技有限公司,臺北市松山區南京東路4段17號2樓,07.便利商店
53354918,無限大國際行銷有限公司,臺北市內湖區康寧路1段269號6樓,07.便利商店
53356325,台灣國際文創事業股份有限公司,臺北市內湖區新湖三路237號3樓,07.便利商店
53358175,台灣億碼互動行銷有限公司,臺北市中正區許昌街42-1號10樓,07.便利商店
53409364,毅勝實業有限公司,臺北市士林區中山北路7段62之3號6樓,07.便利商店
53410708,藍芽文化事業有限公司,臺北市內湖區內湖路3段343巷4弄6號(1樓),07.便利商店
53431422,徠町有限公司,臺北市松山區寧安街7巷1號2樓之1,07.便利商店
53458913,大魯閣開發股份有限公司,臺北市內湖區民善街83號3樓,07.便利商店
53461327,智普國際有限公司,臺北市南港區重陽路166巷5號4樓,07.便利商店
53468659,台灣李時珍中藥生技股份有限公司,臺北市大安區復興南路1段352號4樓,07.便利商店
53469051,康鼎國際餐飲有限公司,臺北市大安區敦化南路2段81巷61號,07.便利商店
53519334,鼎盛餐飲管理顧問有限公司,臺北市文山區指南路2段145號1樓,07.便利商店
53519685,依戀探索承德旅館股份有限公司,臺北市北投區承德路7段236號,07.便利商店
53520043,方糖國際有限公司,臺北市士林區承德路4段6巷36號1樓,07.便利商店
53521612,易健美貿易有限公司,臺北市中正區衡陽路51號12樓之4,07.便利商店
53524300,旋轉木馬食品有限公司,臺北市中山區明水路672巷46號,07.便利商店
53524673,阿里山纜車有限公司,臺北市中正區杭州南路1段15之1號21樓,07.便利商店
53527159,庭昀有限公司,臺北市中正區延平南路189號1樓,07.便利商店
53529121,大坵島國際開發股份有限公司,臺北市松山區民生東路4段56巷1弄1號,07.便利商店
53531999,燕翔國際事業有限公司,臺北市信義區基隆路2段189號21樓之1,07.便利商店
53532266,愛典心企業有限公司,臺北市中正區信義路2段161巷2弄1號4樓之1,07.便利商店
53532842,芙露有限公司,臺北市大安區仁愛路4段62號4樓之5,07.便利商店
53533764,金河媒體科技股份有限公司,臺北市松山區民生東路5段147號3樓,07.便利商店
53533808,信永太興業有限公司,臺北市大安區復興南路1段89號10樓,07.便利商店
53534010,微風超市股份有限公司,臺北市大安區忠孝東路4段219號1樓,07.便利商店
53534026,微風美饌股份有限公司,臺北市大安區忠孝東路4段219號1樓,07.便利商店
53534193,瑞穗春天國際觀光酒店股份有限公司,臺北市中正區忠孝西路1段41號5樓之17,07.便利商店
53534594,力商有限公司,臺北市士林區天母東路8巷80號1樓,07.便利商店
53534742,思馬樂國際股份有限公司,臺北市內湖區新明路460巷18弄19號,07.便利商店
53536538,玥軒有限公司,臺北市內湖區康樂街136巷29弄47號,07.便利商店
53538986,有富創意人資股份有限公司,臺北市中山區長安東路1段16號3樓,07.便利商店
53539438,瑞宸國際事業股份有限公司,臺北市中正區忠孝西路1段72號地下樓之31、32、34~36、39、41、44~52,07.便利商店
53539768,柏金科技物流股份有限公司,臺北市中山區南京東路2段178號5樓,07.便利商店
53539937,丰雲資訊股份有限公司,臺北市內湖區新明路228號4樓,07.便利商店
53540879,雷根糖興業有限公司,臺北市中正區中華路1段59號7樓,07.便利商店
53541130,勁鑫貿易股份有限公司,臺北市信義區基隆路1段432號9樓之4,07.便利商店
53541363,肆壹有限公司,臺北市大安區羅斯福路3段325號之3,07.便利商店
53543340,好風光創意執行股份有限公司,臺北市大安區四維路182巷17號,07.便利商店
53546016,微風綜合開發股份有限公司,臺北市士林區福國路17號4樓,07.便利商店
53546938,易普有限公司,臺北市南港區重陽路166巷5號4樓,07.便利商店
53547232,學哥有限公司,臺北市南港區重陽路166巷3號,07.便利商店
53547373,清越有限公司,臺北市信義區和平東路3段391巷54號1樓,07.便利商店
53548112,我城股份有限公司,臺北市信義區松德路65號8樓之4,07.便利商店
53551214,裕昌茶葉生技股份有限公司,臺北市大同區甘州街15-1號2樓,07.便利商店
53551740,古今餐廳有限公司,臺北市松山區健康路6號,07.便利商店
53552608,龐德上創意有限公司,臺北市大安區敦化南路1段225號地下2樓之8,07.便利商店
53552972,西門星辰大飯店股份有限公司,臺北市萬華區峨眉街94號,07.便利商店
53553711,萬詩有限公司,臺北市南港區重陽路166巷7號4樓,07.便利商店
53554818,西門星辰精典大飯店股份有限公司,臺北市萬華區峨眉街72號,07.便利商店
53555078,金門渡假村股份有限公司,臺北市中山區復興北路48號3樓,07.便利商店
53556436,幸福品味實業股份有限公司,臺北市內湖區民善街128號,07.便利商店
53556689,一籃子股份有限公司,臺北市松山區南京東路4段19號2樓之2,07.便利商店
53556983,北斗七星文創產業股份有限公司,臺北市大同區民權西路136號7樓之11,07.便利商店
53558173,耀塔樂數位整合有限公司,臺北市士林區美崙街84巷11號,07.便利商店
53558292,萬洲通國際企業有限公司,臺北市信義區吳興街364巷1號,07.便利商店
53558309,得市佳有限公司,臺北市萬華區昆明街86號1樓,07.便利商店
53559052,劼尼克國際資訊股份有限公司,臺北市內湖區新湖一路36巷36號3樓,07.便利商店
53559095,映雲科技股份有限公司,臺北市南港區八德路4段768巷5號2樓,07.便利商店
53559150,夜上海育樂有限公司,臺北市中山區林森北路381號6樓，6樓之1,07.便利商店
53561901,伊緹髮藝有限公司,臺北市松山區南京東路5段102號3樓,07.便利商店
53565033,勝貫有限公司,臺北市南港區舊莊街2段231號,07.便利商店
53565499,文銨有限公司,臺北市大同區承德路1段70之1號13樓之1,07.便利商店
53567074,上讚有限公司,臺北市中山區吉林路315巷36號,07.便利商店
53568329,鷹太國際有限公司,臺北市中山區南京東路2段140號6樓,07.便利商店
53568974,遠大整合行銷有限公司,臺北市中正區羅斯福路2段56號7樓之3,07.便利商店
53583270,文旅國際有限公司,臺北市大安區敦化南路2段40號2樓之1,07.便利商店
53602121,奇多實業有限公司,臺北市信義區松德路65號11樓之2,07.便利商店
53654773,英屬維京群島商創勢企管顧問有限公司,臺北市大安區仁愛路4段85號7樓,07.便利商店
53657005,英屬維京群島商康易富國際有限公司,臺北市大同區承德路一段70-1號15樓,07.便利商店
53658200,英屬維京群島商匯亨國際有限公司,臺北市信義區莊敬路289巷5弄21號,07.便利商店
53658736,香港商亞妮斯比股份有限公司,臺北市信義區松仁路36號9樓,07.便利商店
53669987,英屬維京群島商城邦地產有限公司,臺北市中山區民生東路1段58號11樓,07.便利商店
53672104,新加坡商優達斯國際有限公司,臺北市信義區基隆路1段163號3樓之2,07.便利商店
53673477,英屬維京群島商大地清旅有限公司,臺北市中山區長安東路2段246號5樓,07.便利商店
53677852,台福貿易事業有限公司,臺北市信義區松德路10號7樓,07.便利商店
53686923,同文同種股份有限公司,臺北市大同區長安西路289號2樓之2,07.便利商店
53690721,蘊苗國際有限公司,臺北市萬華區西寧南路36號5樓之17,07.便利商店
53704892,啟妍有限公司,臺北市中山區松江路182號11樓之1,07.便利商店
53705837,東禾祥開發股份有限公司,臺北市大同區重慶北路2段136號,07.便利商店
53707862,京順建設股份有限公司,臺北市松山區南京東路4段180號9樓之2,07.便利商店
53712794,詠華國際開發有限公司,臺北市中山區八德路2段100號12樓之1,07.便利商店
53714060,謙商旅股份有限公司,臺北市大安區忠孝東路4段197號14樓,07.便利商店
53731510,夏喜國際有限公司,臺北市信義區松德路65號11樓之2,07.便利商店
53731835,盛合興開發股份有限公司,臺北市松山區敦化南路1段1號5樓〈A〉,07.便利商店
53731841,宏岡國際股份有限公司,臺北市大安區敦化南路2段267號12樓之3,07.便利商店
53731883,小雯國際娛樂有限公司,臺北市內湖區康寧路1段1號2樓,07.便利商店
53732124,綠地球興業有限公司,臺北市內湖區內湖路3段143巷4號,07.便利商店
53733329,德創企業有限公司,臺北市信義區永吉路274號7樓,07.便利商店
53733405,中華亞太營銷事業有限公司,臺北市中正區延平南路12號6樓,07.便利商店
53734636,捷羽創意股份有限公司,臺北市中山區民權東路2段26號6樓之3,07.便利商店
53734679,全民贏家領錢網國際開發科技有限公司,臺北市中山區中山北路3段31號3樓,07.便利商店
53734848,光謙數位資訊有限公司,臺北市大同區華陰街91號12樓之3,07.便利商店
53734919,英<U+6761>棆股份有限公司,臺北市中山區南京東路2段137號14樓,07.便利商店
53735699,克力艾提股份有限公司,臺北市信義區忠孝東路4段560號10樓之2,07.便利商店
53735728,樂馳品味有限公司,臺北市中山區南京東路3段19號3樓之2,07.便利商店
53736000,太平洋野菜工房科技股份有限公司,臺北市大安區忠孝東路4段216巷27弄16號地下,07.便利商店
53737134,欣正旺實業有限公司,臺北市大安區光復南路260巷34號1樓,07.便利商店
53737612,達富利股份有限公司,臺北市松山區敦化北路170號3樓,07.便利商店
53738204,多美食股份有限公司,臺北市大安區仁愛路4段339號15樓,07.便利商店
53738627,天悅國際餐飲企業有限公司,臺北市大安區建國南路2段187號,07.便利商店
53738696,罐子文化事業股份有限公司,臺北市大安區麗水街9號2樓,07.便利商店
53739127,逸尚國際股份有限公司,臺北市大同區太原路152巷15號,07.便利商店
53741828,巧思數位行銷股份有限公司,臺北市大安區忠孝東路4段333號11樓之2,07.便利商店
53745351,金東蓮國際有限公司,臺北市信義區忠孝東路5段71巷12弄8號4樓之1,07.便利商店
53750234,國泰商旅股份有限公司,臺北市大安區敦化南路2段333號6樓,07.便利商店
53750585,資廚管理顧問股份有限公司,臺北市中山區中山北路3段31號11樓,07.便利商店
53751374,安新科技農業股份有限公司,臺北市內湖區堤頂大道2段285號10樓,07.便利商店
53751986,聯華全球企劃行銷顧問股份有限公司,臺北市中正區漢口街1段110號5樓之7,07.便利商店
53754180,永豐肉品有限公司,臺北市信義區永吉路120巷50弄1號3樓,07.便利商店
53754604,澎盟股份有限公司,臺北市松山區復興北路57號3樓之1,07.便利商店
53754935,美而饌有限公司,臺北市文山區景福街29號2樓,07.便利商店
53755809,文華精品股份有限公司,臺北市松山區敦化北路166號,07.便利商店
53755961,騑耳藝術文化有限公司,臺北市大安區忠孝東路4段295號3樓,07.便利商店
53756434,松本富企業有限公司,臺北市內湖區陽光街321巷26號4樓之12,07.便利商店
53757861,益鼎整合行銷股份有限公司,臺北市大同區承德路3段111號3樓,07.便利商店
53759045,優奇暄股份有限公司,臺北市內湖區文德路88號,07.便利商店
53759523,凱蘿娜生技有限公司,臺北市大安區敦化南路1段205號3樓之8,07.便利商店
53759657,立多旅館有限公司,臺北市萬華區開封街2段53號、53號2樓、3樓之1至5、4樓之1至5、5樓之1至5、6樓之1至5、7樓之1至4、8樓之1至3、9樓之1至3,07.便利商店
53763081,全球希望有限公司,臺北市松山區敦化北路167號17樓,07.便利商店
53763266,樂喬實業有限公司,臺北市大安區信義路4段137號9樓之1,07.便利商店
53764238,蔬福緣有限公司,臺北市內湖區陽光街92巷25弄13號,07.便利商店
53766708,陸廣實業有限公司,臺北市北投區石牌路1段166巷46號2樓之1,07.便利商店
53767592,富士站國際事業股份有限公司,臺北市信義區忠孝東路5段236巷3弄21號3樓,07.便利商店
53770055,錦贊國際有限公司,臺北市大安區信義路4段188號7樓之1,07.便利商店
53771195,菲比尋常國際行銷有限公司,臺北市內湖區康樂街136巷29弄15號7樓之4,07.便利商店
53772173,樸晟實業股份有限公司,臺北市大安區忠孝東路4段153號12樓,07.便利商店
53772618,台北山<U+6C9F><U+6C9F>股份有限公司,臺北市大安區安和路2段5號10樓之4,07.便利商店
53772878,比富亞國際股份有限公司,臺北市松山區八德路4段172號3樓,07.便利商店
53773834,太平洋森活股份有限公司,臺北市大安區忠孝東路4段285號6樓,07.便利商店
53775116,樂芙士多國際有限公司,臺北市大安區光復南路204巷2號12樓之1,07.便利商店
53777162,松浩興業有限公司,臺北市文山區羅斯福路4段210號3樓,07.便利商店
53777331,康億吉有限公司,臺北市信義區松仁路271號5樓,07.便利商店
53777711,<U+60A6>澤股份有限公司,臺北市大安區敦化南路1段192號13樓,07.便利商店
53777769,<U+4F03>辰實業有限公司,臺北市中正區南昌路2段31號2樓,07.便利商店
53777775,康獻國際有限公司,臺北市大安區復興南路1段239號13樓之1,07.便利商店
53778866,聖約國際開發股份有限公司,臺北市大安區忠孝東路4段219號1樓,07.便利商店
53786508,飛越國際餐飲有限公司,臺北市大安區忠孝東路3段251巷4弄16號,07.便利商店
53810612,金旺國際企業有限公司,臺北市北投區泉源路37之7號,07.便利商店
53838153,宅流通事業開發有限公司,臺北市信義區松智路1號11樓,07.便利商店
53909706,金倍興有限公司,臺北市士林區德行西路35號3樓,07.便利商店
53909987,得士派資產管理股份有限公司,臺北市內湖區新明路460巷12號,07.便利商店
53910598,品昇國際有限公司,臺北市松山區八德路4段465號6樓,07.便利商店
53911077,采宏國際企業有限公司,臺北市大安區忠孝東路4段216巷11弄6號2樓,07.便利商店
53911962,祥祐醫療器材有限公司,臺北市文山區興隆路3段115巷2號(1樓),07.便利商店
53912961,笑哈哈企業有限公司,臺北市中山區林森北路483號3樓之9,07.便利商店
53913835,台研國際行銷有限公司,臺北市中正區濟南路2段31之17號,07.便利商店
53914659,西井村股份有限公司,臺北市信義區松德路171號12樓,07.便利商店
53915025,富地好有限公司,臺北市中正區新生南路1段50號6樓,07.便利商店
53915221,旺來春秋生技食品股份有限公司,臺北市信義區松德路259號,07.便利商店
53915382,印褔來有限公司,臺北市信義區基隆路1段350號1樓之73,07.便利商店
53915910,弘鳴生物科技股份有限公司,臺北市內湖區瑞光路421號4樓,07.便利商店
53916381,翰那有限公司,臺北市大安區延吉街160巷11號1樓,07.便利商店
53916410,成宏專業不動產開發有限公司,臺北市大安區羅斯福路3段37號7樓之1,07.便利商店
53916880,伊涵有限公司,臺北市中山區敬業一路3號10樓,07.便利商店
53917419,大<U+5186>企業有限公司,臺北市士林區忠誠路2段154巷3號1樓,07.便利商店
53917467,璽易國際貿易有限公司,臺北市大安區忠孝東路3段221之3號(2樓),07.便利商店
53918162,仙樂<U+83D3>股份有限公司,臺北市大同區保安街29號,07.便利商店
53918228,聚美地健康促進股份有限公司,臺北市大同區環河北路1段73號3樓之4,07.便利商店
53918424,夢饗年代股份有限公司,臺北市內湖區瑞湖街39號2樓,07.便利商店
53918634,澄季有限公司,臺北市內湖區內湖路2段179巷48弄6號2樓,07.便利商店
53919063,虎將餐飲股份有限公司,臺北市大安區忠孝東路4段219號1樓,07.便利商店
53919991,皇帝大科技有限公司,臺北市中山區民生西路16號7樓之3,07.便利商店
53921650,蘋果飯店股份有限公司,臺北市中山區長安東路2段63號4樓,07.便利商店
53921862,台維食品企業有限公司,臺北市南港區重陽路30號,07.便利商店
53922124,富錦樹有限公司,臺北市松山區富錦街355號1樓,07.便利商店
53922362,富的好有限公司,臺北市中正區新生南路1段50號6樓,07.便利商店
53922855,昱安生物科技股份有限公司,臺北市中正區新生南路1段50號9樓之5,07.便利商店
53923340,鴻米實業股份有限公司,臺北市中山區天津街21號,07.便利商店
53924832,愛買客股份有限公司,臺北市內湖區舊宗路1段159號3樓,07.便利商店
53925190,三友藥妝股份有限公司,臺北市中山區建國北路2段145號15樓,07.便利商店
53926374,膜登翊家有限公司,臺北市北投區公館路160號1樓,07.便利商店
53926389,昊晅商務有限公司,臺北市大同區延平北路2段131之1號1樓,07.便利商店
53931257,達利歐國際貿易有限公司,臺北市大安區信義路4段6號6樓,07.便利商店
53931313,小禮物有限公司,臺北市大同區赤峰街44巷4號,07.便利商店
53931735,百迪爾資訊股份有限公司,臺北市大安區信義路4段6號17樓之6,07.便利商店
53931806,比佛利食品股份有限公司,臺北市大安區敦化南路2段63巷38號1樓,07.便利商店
53931833,博紅數位媒體整合有限公司,臺北市信義區松隆路102號11樓,07.便利商店
53934780,巨貫科技有限公司,臺北市信義區虎林街120巷152號4樓,07.便利商店
53935471,紘永實業股份有限公司,臺北市中山區長春路15號9樓之1,07.便利商店
53935508,手串本舖股份有限公司,臺北市大安區仁愛路4段8巷20號,07.便利商店
53935578,瀧乃湯溫泉會館股份有限公司,臺北市北投區光明路244號,07.便利商店
53935704,紅米國際旅館有限公司,臺北市大同區長安西路180號7樓、7樓之1及8樓,07.便利商店
53936491,維醫生技股份有限公司,臺北市士林區忠誠路1段115號2樓,07.便利商店
53936577,齊富食品股份有限公司,臺北市松山區基隆路1段10號5樓,07.便利商店
53936773,御品臻貿易有限公司,臺北市信義區中坡北路15巷17號,07.便利商店
53938364,百誠食品有限公司,臺北市中山區吉林路199巷36號,07.便利商店
53941826,福爾摩沙國際美食有限公司,臺北市松山區八德路4段760號7樓,07.便利商店
53942389,台灣中城發展股份有限公司,臺北市中正區衡陽路51號14樓之1,07.便利商店
53942579,上法有限公司,臺北市中山區長安東路1段25號6樓,07.便利商店
53942851,愛庫寶網路科技有限公司,臺北市信義區吳興街600巷81號8樓,07.便利商店
53945061,利海國際互助營銷事業股份有限公司,臺北市信義區永吉路278巷1弄15號地下1樓,07.便利商店
53945689,崴涵國際股份有限公司,臺北市內湖區瑞湖街103號2樓之2,07.便利商店
53945843,合鉅寶國際有限公司,臺北市信義區信義路5段150巷2號12樓之3,07.便利商店
53946890,永逸股份有限公司,臺北市內湖區行善路289之2號,07.便利商店
53946934,利林建設股份有限公司,臺北市松山區復興北路361巷28號4樓,07.便利商店
53947954,松哖酒店股份有限公司,臺北市大安區仁愛路3段6號及8號,07.便利商店
53948476,晴友國際有限公司,臺北市松山區延吉街9巷14弄4號3樓,07.便利商店
53950232,果樂股份有限公司,臺北市內湖區南京東路6段350號7樓之3,07.便利商店
53950578,淳江有限公司,臺北市中山區復興北路48號3樓,07.便利商店
53951669,大員昌實業有限公司,臺北市中正區館前路8號10樓、11樓,07.便利商店
53952219,源和興業有限公司,臺北市大安區信義路4段337號9樓,07.便利商店
53952533,國際開展有限公司,臺北市大安區敦化南路2段46號3樓,07.便利商店
53953548,小器生活創意股份有限公司,臺北市大同區鄭州路87號11樓之2,07.便利商店
53953738,驛林交通股份有限公司,臺北市大安區羅斯福路3段309號3樓之3,07.便利商店
53954336,源點文創股份有限公司,臺北市中正區杭州南路1段18巷16號9樓,07.便利商店
53955953,萬商資產管理顧問有限公司,臺北市中山區中山北路2段75之1號,07.便利商店
54002119,京站數位廣場股份有限公司,臺北市大同區承德路1段1號4樓,07.便利商店
54041416,戴可股份有限公司,臺北市大安區信義路4段184號9樓,07.便利商店
54041871,人類聚賢國際股份有限公司,臺北市文山區一壽街52號,07.便利商店
54043033,台灣運動彩券股份有限公司,臺北市松山區民生東路4段133號9樓,07.便利商店
54045356,守盛事業有限公司,臺北市信義區松德路65號11樓之1,07.便利商店
54051510,奈美得科技股份有限公司,臺北市大安區安和路2段5號10樓之4,07.便利商店
54059479,享宜股份有限公司,臺北市大安區敦化南路1段187巷20號2樓,07.便利商店
54076596,世康國際企業有限公司,臺北市信義區崇德街20號1樓,07.便利商店
54124838,統禾實業有限公司,臺北市信義區和平東路3段406巷3號1樓,07.便利商店
54139678,西普客生物科技股份有限公司,臺北市大安區敦化南路2段63巷21弄29號5樓,07.便利商店
54139831,大溪住都飯店股份有限公司,臺北市文山區羅斯福路5段125號6樓之1,07.便利商店
54140767,凱東有限公司,臺北市松山區南京東路4段186號3樓之6,07.便利商店
54151530,和誼創新股份有限公司,臺北市中正區重慶南路2段75號9樓,07.便利商店
54152279,中旅通數位股份有限公司,臺北市中山區長安東路2段63號9樓之5,07.便利商店
54152496,理想大地國際開發股份有限公司,臺北市內湖區瑞光路258巷50號7樓,07.便利商店
54154683,天素良顏有限公司,臺北市中山區建國北路2段262號2樓,07.便利商店
54159202,台寶網發展股份有限公司,臺北市內湖區瑞光路66巷36號3樓,07.便利商店
54159358,手串本鋪企業股份有限公司,臺北市大安區仁愛路4段8巷20號,07.便利商店
54160307,康青龍創藝生活空間股份有限公司,臺北市大安區金山南路2段141巷1號,07.便利商店
54162614,橡園國際股份有限公司,臺北市中山區長安東路2段246號5樓,07.便利商店
54162826,正好實業股份有限公司,臺北市中山區南京東路2段160號8樓,07.便利商店
54163629,太平洋鮮活股份有限公司,臺北市大安區忠孝東路4段285號8樓,07.便利商店
54164937,三商立泰股份有限公司,臺北市中山區建國北路2段145號11樓,07.便利商店
54165886,宇景股份有限公司,臺北市松山區敦化北路170號3樓,07.便利商店
54166668,顏宇設計有限公司,臺北市信義區松德路202號1樓,07.便利商店
54168032,小葵有機事業有限公司,臺北市中山區朱崙街55號1樓,07.便利商店
54168791,聚山有限公司,臺北市大同區承德路3段143巷3號3樓,07.便利商店
54170086,啤瓦多創意行銷有限公司,臺北市中正區金門街24巷35號,07.便利商店
54171655,聯泉食品股份有限公司,臺北市內湖區瑞光路502號4樓,07.便利商店
54175189,派對城有限公司,臺北市中山區南京東路3段217號8樓,07.便利商店
54176639,大腳盤青年旅舍股份有限公司,臺北市萬華區西寧南路219號5樓,07.便利商店
54177412,樂市台日股份有限公司,臺北市大同區華陰街91號8樓之3,07.便利商店
54178003,佳味餐飲有限公司,臺北市士林區中正路120-2號，120-3號(1樓),07.便利商店
54179333,貝蒂歐國際有限公司,臺北市大同區民族西路76巷12弄10號1樓,07.便利商店
54179592,台灣勁邦有限公司,臺北市內湖區內湖路1段685號2樓,07.便利商店
54181197,恆利有限公司,臺北市松山區八德路4段604之22號,07.便利商店
54181485,精準網路整合行銷有限公司,臺北市信義區吳興街481號,07.便利商店
54181984,富品集有限公司,臺北市中山區林森北路138巷38號1樓,07.便利商店
54183300,未來城市國際開發有限公司,臺北市中山區大直街33巷1號,07.便利商店
54183836,京典食品有限公司,臺北市中山區松江204巷30號1樓,07.便利商店
54186361,布嵐肯國際有限公司,臺北市信義區忠孝東路5段482號16樓之2,07.便利商店
54186685,映捌玖數位影城有限公司,臺北市萬華區武昌街2段89號5樓,07.便利商店
54186828,墨<U+59F8>有限公司,臺北市內湖區瑞光路76巷67號,07.便利商店
54186926,新統領亞洲企業有限公司,臺北市南港區重陽路470號2樓之1,07.便利商店
54187609,捷泓科技有限公司,臺北市中山區長安東路2段189號10樓之8,07.便利商店
54187621,素人良品事業有限公司,臺北市中山區龍江路318巷1號,07.便利商店
54188950,品天食品事業有限公司,臺北市文山區辛亥路5段77之1號地下,07.便利商店
54189022,台贏整合行銷股份有限公司,臺北市信義區信義路4段456號9樓之1,07.便利商店
54271937,美顏國際有限公司,臺北市大安區辛亥路2段121號1樓,07.便利商店
54278002,瀚峰資產管理股份有限公司,臺北市北投區中央北路3段53巷1號、5號2至7樓,07.便利商店
54290250,三兄弟國際股份有限公司,臺北市松山區敦化南路1段1號3樓,07.便利商店
54291032,吉諦威興業有限公司,臺北市士林區德行東路190巷42號2樓,07.便利商店
54303614,康樂美健康管理顧問有限公司,臺北市信義區虎林街120巷209之1號,07.便利商店
54319313,鈺樓國際開發有限公司,臺北市萬華區萬大路470巷1號2樓,07.便利商店
54319812,安琦亞美容有限公司,臺北市大安區忠孝東路4段216巷16號5樓之7,07.便利商店
54320971,光禹國際數位娛樂開發股份有限公司,臺北市松山區敦化北路207號11樓之1,07.便利商店
54321084,京王品餐飲股份有限公司,臺北市松山區復興北路473號1樓,07.便利商店
54321227,台灣迪保隆國際有限公司,臺北市松山區八德路2段366巷19號4樓,07.便利商店
54321248,欣春建設股份有限公司,臺北市士林區中山北路6段88號7樓,07.便利商店
54321922,分享互動股份有限公司,臺北市大安區新生南路1段161巷9號1樓,07.便利商店
54322350,弘昇國際企業有限公司,臺北市中山區建國北路1段15號2樓,07.便利商店
54324300,蘭博灣發展股份有限公司,臺北市大安區仁愛路3段30號7樓,07.便利商店
54324625,布爾喬亞有限公司,臺北市信義區忠孝東路5段1-3號10樓,07.便利商店
54324857,景華國際商業資產管理有限公司,臺北市南港區經貿二路188號4樓,07.便利商店
54325716,利迪萊恩有限公司,臺北市信義區松德路171號13樓之2,07.便利商店
54326145,富是達企業有限公司,臺北市信義區信義路5段7號37樓,07.便利商店
54326503,豐義興業有限公司,臺北市士林區忠義路93號,07.便利商店
54326790,台灣金川國際有限公司,臺北市松山區南京東路3段346之1號10樓(1003室),07.便利商店
54328729,購健康有限公司,臺北市大安區忠孝東路3段233之1號,07.便利商店
54329277,光兆國際有限公司,臺北市大安區敦化南路1段205號12樓之10,07.便利商店
54331288,珍棧有限公司,臺北市中正區青島東路9號4樓之1,07.便利商店
54332836,森默文創股份有限公司,臺北市大安區忠孝東路4段285號6樓,07.便利商店
54333188,德能企業有限公司,臺北市中山區龍江路311號4樓,07.便利商店
54333315,起元國際企業有限公司,臺北市內湖區內湖路1段737巷8弄3號,07.便利商店
54333363,庫里電影股份有限公司,臺北市內湖區堤頂大道1段221號6樓,07.便利商店
54334882,米家藝文事業有限公司,臺北市信義區松德路171號2樓之3,07.便利商店
54336137,東益通有限公司,臺北市萬華區昆明街218號,07.便利商店
54338590,禾豐鑫股份有限公司,臺北市中山區敬業三路11號,07.便利商店
54339660,奇胡文創發展有限公司,臺北市信義區忠孝東路5段510號25樓之1,07.便利商店
54340499,澄洋貿易有限公司,臺北市大同區延平北路1段51號6樓之5,07.便利商店
54342150,玖芳貿易有限公司,臺北市大安區永康街31巷14號,07.便利商店
54342320,金河媒體購物股份有限公司,臺北市松山區民生東路5段147號3樓,07.便利商店
54342594,祥旭有限公司,臺北市信義區吳興街156巷25弄19號7樓,07.便利商店
54345852,怡林食事企業有限公司,臺北市萬華區萬大路187巷5號2樓,07.便利商店
54346016,台灣聯合艾諾股份有限公司,臺北市大安區仁愛路4段71巷30、32號1樓,07.便利商店
54346661,藍海聯合科技股份有限公司,臺北市大安區復興南路1段103號5樓之7,07.便利商店
54347182,龍來國際有限公司,臺北市北投區立農街1段349巷1弄7號5樓,07.便利商店
54349230,台灣金牌鴻記有限公司,臺北市中山區建國北路2段262號(1樓),07.便利商店
54349288,永冠行銷有限公司,臺北市信義區松隆路102號17樓之1,07.便利商店
54350502,金宏行銷股份有限公司,臺北市中山區長安東路1段9號10樓,07.便利商店
54350947,夢想屋國際有限公司,臺北市士林區忠義街97號1樓,07.便利商店
54351777,新菠特股份有限公司,臺北市中山區南京東路2段123號4樓,07.便利商店
54354134,誠蓁有限公司,臺北市中山區林森北路416巷3號4樓之7,07.便利商店
54355534,環扣還扣文創企業有限公司,臺北市文山區下崙路11巷31號地下之3,07.便利商店
54355963,十盛餐飲股份有限公司,臺北市南港區研究院路1段88號1樓,07.便利商店
54356034,禾頂股份有限公司,臺北市中山區新生北路2段31之1號2樓之3,07.便利商店
54356301,供活股份有限公司,臺北市中山區錦州街154號,07.便利商店
54356956,稜鏡映像有限公司,臺北市中正區北平東路20之4號,07.便利商店
54357110,富本國際有限公司,臺北市大安區復興南路1段313巷10之1號1樓,07.便利商店
54357765,旭峰烘焙食品有限公司,臺北市中山區錦州街313號1樓,07.便利商店
54358498,鈺星企業有限公司,臺北市中正區忠孝東路5段1之3號14樓,07.便利商店
54359460,元茲股份有限公司,臺北市中山區農安街13-2號,07.便利商店
54359763,伊雲谷數位科技股份有限公司,臺北市中山區松江路139號7樓之2,07.便利商店
54360380,見康有限公司,臺北市文山區木新路2段111巷6弄8號2樓,07.便利商店
54361424,伊納緦股份有限公司,臺北市中山區松江路363號12樓,07.便利商店
54362401,金鷹國際商貿股份有限公司,臺北市大安區敦化南路2段76號12樓,07.便利商店
54362562,杰洋貿易有限公司,臺北市大安區大安路1段51巷47號,07.便利商店
54364837,旺飛國際有限公司,臺北市中山區中山北路2段39巷6號3樓之1,07.便利商店
54365771,翰華建築經理有限公司,臺北市南港區忠孝東路5段978號4樓,07.便利商店
54366785,拓野貿易有限公司,臺北市北投區稻香路185-5號,07.便利商店
54368377,永曦企業有限公司,臺北市大安區光復南路612號4樓之1,07.便利商店
54368989,漢霆企業有限公司,臺北市萬華區漢中街131號9樓之3,07.便利商店
54370583,香港商悠悠世界股份有限公司,臺北市大同區承德路1段70之1號13樓之1,07.便利商店
54370985,英屬維京群島商辰豪國際股份有限公司,臺北市內湖區舊宗路1段150巷25號,07.便利商店
54371149,日商麥之穗股份有限公司,臺北市松山區復興北路369號4樓,07.便利商店
54373913,薩摩亞商我愛寵物股份有限公司,臺北市大安區忠孝東路4段146巷1號5樓,07.便利商店
54387584,英屬維京群島商中瑞國際健康事業有限公司,臺北市松山區復興北路57號14樓之1,07.便利商店
54397176,塞席爾商碧麗股份有限公司,臺北市信義區基隆路1段155號5樓之9,07.便利商店
54397181,三商行股份有限公司,臺北市中山區建國北路2段145號地下1樓及1~18樓,07.便利商店
54527396,萬寶國際電子商務股份有限公司,臺北市信義區基隆路1段68號9樓,07.便利商店
54560009,龐得飲食股份有限公司,臺北市松山區延吉街46巷7號1樓,07.便利商店
54590405,家家有股份有限公司,臺北市內湖區洲子街81號5樓,07.便利商店
54635769,優必貝思特有限公司,臺北市北投區中央北路4段18巷37弄2號1樓,07.便利商店
54639483,全聯網資訊有限公司,臺北市內湖區東湖路7巷19號3樓,07.便利商店
54639548,榮星有限公司,臺北市松山區南京東路4段164號12樓,07.便利商店
54639940,建京興業有限公司,臺北市萬華區西藏路270號2樓,07.便利商店
54641164,競佳國際貿易有限公司,臺北市信義區基隆路1段155號13樓之6,07.便利商店
54641256,品軒展業有限公司,臺北市中山區建國北路3段175號3樓,07.便利商店
54641811,炘人文化股份有限公司,臺北市大安區金山南路2段222號地下,07.便利商店
54642699,馬卡波羅股份有限公司,臺北市文山區政大二街96號2樓,07.便利商店
54642939,崇美生醫科技有限公司,臺北市松山區南京南路4段130號2樓之1,07.便利商店
54643753,藍天雲端科技有限公司,臺北市信義區信義路4段415號14樓之1,07.便利商店
54645963,趙雲有限公司,臺北市北投區振興街5號1樓,07.便利商店
54646549,昱臻有限公司,臺北市松山區南京東路5段59巷28弄3號1樓,07.便利商店
54647511,樹火好生活文創事業股份有限公司,臺北市中山區長安東路2段68號,07.便利商店
54647625,堂乃福餅工房有限公司,臺北市大同區寧夏路155號2樓,07.便利商店
54649378,巴拉國際股份有限公司,臺北市內湖區洲子街62號5樓,07.便利商店
54650120,佳倫國際實業有限公司,臺北市中正區南陽街21之6號(1樓),07.便利商店
54651211,富可企業有限公司,臺北市中正區中華路1段59號7樓,07.便利商店
54651612,微風和伊授桌餐飲管理顧問股份有限公司,臺北市松山區南京東路3段337號12樓1A室,07.便利商店
54651697,誠盟股份有限公司,臺北市松山區復興北路57號3樓之1,07.便利商店
54652437,開店一二三網路科技股份有限公司,臺北市松山區復興北路101號5樓,07.便利商店
54654054,大智國際貿易有限公司,臺北市內湖區民權東路6段150之5號8樓之1,07.便利商店
54655032,緯程管理顧問有限公司,臺北市中山區延吉街120號3樓,07.便利商店
54655286,信通建設股份有限公司,臺北市松山區復興北路361巷28號4樓,07.便利商店
54655413,昇德生技有限公司,臺北市大安區光復南路288號2樓之3,07.便利商店
54655504,萊迦拿有限公司,臺北市信義區信義路4段456號17樓之1,07.便利商店
54655672,新星實業股份有限公司,臺北市中山區南京東路2段96號8樓,07.便利商店
54655933,神仙福地企業有限公司,臺北市大安區忠孝東路4段220號13樓,07.便利商店
54657284,界轉摺股份有限公司,臺北市松山區富錦街79號,07.便利商店
54657313,裕山開發興業有限公司,臺北市松山區光復北路26巷10號,07.便利商店
54657398,聿品國際股份有限公司,臺北市大安區復興南路1段279巷10號7樓,07.便利商店
54657427,有食候股份有限公司,臺北市大安區敦化南路2段99號27樓之1,07.便利商店
54657545,十里洋場國際開發股份有限公司,臺北市中正區開封街1段90號5樓,07.便利商店
54657947,宏康大飯店股份有限公司,臺北市中正區忠孝東路2段80號6樓之3,07.便利商店
54660669,盛豐建設股份有限公司,臺北市中山區南京東路2段8號5樓,07.便利商店
54662821,榮坤國際貿易有限公司,臺北市文山區羅斯福路6段39巷42號12樓,07.便利商店
54663259,台灣迎迪數位網路有限公司,臺北市內湖區行善路48巷18號4樓之5,07.便利商店
54663700,鑫珍貿易有限公司,臺北市中山區松江路185號11樓之2,07.便利商店
54663841,靖懷企業有限公司,臺北市中山區中山北路2段65巷2弄13號3樓,07.便利商店
54664258,鑫源行銷有限公司,臺北市中正區中華路1段59號7樓,07.便利商店
54664969,貝樂福有限公司,臺北市中正區新生南路1段122號4樓,07.便利商店
54665003,泓興貿易有限公司,臺北市內湖區陽光街321巷26號6樓之3,07.便利商店
54666235,重力科技股份有限公司,臺北市松山區敦化南路1段25號9樓之1,07.便利商店
54666381,尚圓食品有限公司,臺北市信義區莊敬路212號1樓,07.便利商店
54666930,環球智能國際股份有限公司,臺北市大安區忠孝東路4段218號7樓,07.便利商店
54667184,學田文化事業有限公司,臺北市大安區瑞安街224號,07.便利商店
54667728,三個願望資訊有限公司,臺北市士林區後街16之1號3樓,07.便利商店
54668064,台灣印象飯店股份有限公司,臺北市大同區保安街11號及13號,07.便利商店
54669140,臺灣富禮納思股份有限公司,臺北市中山區松江路100巷1號1樓,07.便利商店
54669346,山嵐有限公司,臺北市內湖區行愛路141巷23號,07.便利商店
54670414,提內都有限公司,臺北市大安區仁愛路3段127號4樓,07.便利商店
54670863,美麗華企業股份有限公司,臺北市中山區敬業一路160號3樓,07.便利商店
54671390,鴕金企業有限公司,臺北市大安區復興南路1段237號9樓,07.便利商店
54671737,焦點藝術股份有限公司,臺北市大安區忠孝東路4段169號12樓之1,07.便利商店
54672898,台灣禮物卡股份有限公司,臺北市大安區忠孝東路4段224號10樓,07.便利商店
54673735,阿斯嘉企業有限公司,臺北市大安區安和路2段5號10樓之4,07.便利商店
54673833,比誠科技股份有限公司,臺北市大同區迪化街1段48號3樓,07.便利商店
54674185,大員興實業有限公司,臺北市中正區漢口街一段15號2樓至8樓,07.便利商店
54675136,創研者事業股份有限公司,臺北市大安區忠孝東路3段54號2樓之1,07.便利商店
54675255,鑫弘貿易有限公司,臺北市中山區松江路185號11樓之2,07.便利商店
54677140,萊思古莉食品股份有限公司,臺北市信義區信義路4段458號4樓,07.便利商店
54677325,牙行有限公司,臺北市松山區南京東路5段291巷5弄1號1樓,07.便利商店
54677423,看健傳媒股份有限公司,臺北市大安區復興南路2段237號6樓之8,07.便利商店
54678773,瑞旭國際實業有限公司,臺北市士林區中山北路6段427巷6弄3號3樓,07.便利商店
54678859,福驛食品有限公司,臺北市中山區伊通街8之1號1樓,07.便利商店
54679105,普普風文創股份有限公司,臺北市萬華區武昌街2段124之2號5樓之3,07.便利商店
54680877,樂享數位股份有限公司,臺北市中山區復興北路168號5樓,07.便利商店
54680911,回留茶業股份有限公司,臺北市大安區永康街31巷9號1樓,07.便利商店
54680948,擢琳國際貿易有限公司,臺北市信義區基隆路1段172巷5號3樓,07.便利商店
54681046,旺和食品有限公司,臺北市文山區木柵路3段48巷1弄8號3樓,07.便利商店
54683918,馬貝自行車有限公司,臺北市信義區仁愛路4段520之3號1樓,07.便利商店
54684613,飛易電商股份有限公司,臺北市士林區德行西路50號1樓,07.便利商店
54684780,騰悅國際企業有限公司,臺北市大同區錦西街74之1號1樓,07.便利商店
54685578,台灣華樹林和食有限公司,臺北市大安區仁愛路3段127號4樓,07.便利商店
54686627,卡詩緹娜國際股份有限公司,臺北市大同區南京西路352號7樓,07.便利商店
54687196,傳承茶蝦飯股份有限公司,臺北市北投區清江路25巷16號,07.便利商店
54687267,淞瀚建設有限公司,臺北市士林區忠誠路1段129號3樓,07.便利商店
54687822,旅荷有限公司,臺北市信義區基隆路1段131號3樓之12,07.便利商店
54688836,大和益豐企業有限公司,臺北市大同區平陽街26號2樓之2,07.便利商店
54699427,展沛國際企業有限公司,臺北市大安區信義路2段72號地下,07.便利商店
54718487,新匯流有限公司,臺北市大安區青田街4-1號1樓,07.便利商店
54731799,達人餐飲事業股份有限公司,臺北市內湖區康寧路3段16巷103號,07.便利商店
54733591,羅曼國際有限公司,臺北市大安區仁愛路4段48巷15號,07.便利商店
63108747,利臺國際股份有限公司,臺北市內湖區新湖三路23號5樓,07.便利商店
69568009,燦坤實業股份有限公司,臺北市內湖區堤頂大道1段331號3樓,07.便利商店
69714087,鵲巢旅館股份有限公司,臺北市大安區復興南路1段129號14樓之3,07.便利商店
70350606,捷友商網股份有限公司,臺北市內湖區瑞光路66巷36號3樓,07.便利商店
70355476,馨鮮企業有限公司,臺北市松山區民權東路３段１０３巷３號,07.便利商店
70360040,安由有限公司,臺北市中山區長春路220號7樓之1,07.便利商店
70362618,風月堂實業有限公司,臺北市中正區廣州街10之7號1樓,07.便利商店
70362785,美利都事業股份有限公司,臺北市中山區南京東路2段8號9樓,07.便利商店
70363975,祥喜企業有限公司,臺北市大同區南京西路９１號３樓,07.便利商店
70366038,星寧有限公司,臺北市信義區永吉路30巷119弄23號,07.便利商店
70367521,逸映有限公司,臺北市大同區民生西路４５巷３弄１１號,07.便利商店
70373544,義諾咖啡有限公司,臺北市信義區莊敬路１９０之３號１樓,07.便利商店
70374810,傑綸企業有限公司,臺北市萬華區和平西路３段１６３號１樓,07.便利商店
70375634,擎陽生物科技股份有限公司,臺北市大安區和平東路１段５５巷１弄２號７樓,07.便利商店
70377859,華科聯合科技股份有限公司,臺北市松山區敦化南路１段２５號１２樓,07.便利商店
70383276,昌煦實業有限公司,臺北市萬華區雙園街30號1樓,07.便利商店
70383938,柏邑有限公司,臺北市中山區民權東路1段72號7樓之2,07.便利商店
70385696,國源行動科技有限公司,臺北市中山區民族東路482號2樓,07.便利商店
70387625,亨昱實業有限公司,臺北市中山區民權東路1段72號11樓之12,07.便利商店
70389406,亞太國寶股份有限公司,臺北市北投區溫泉路銀光巷21-2號,07.便利商店
70391873,吟秋超級商店有限公司,臺北市中山區合江街36巷51弄5號,07.便利商店
70393112,捷聞實業股份有限公司,臺北市內湖區內湖路1段512號3樓,07.便利商店
70394169,寶鑑企業有限公司,臺北市北投區承德路7段290號1樓,07.便利商店
70395126,尚赫股份有限公司,臺北市萬華區環河南路2段280巷18號1樓,07.便利商店
70395322,嘉弘達食品有限公司,臺北市大安區仁愛路4段8巷33號1樓,07.便利商店
70398469,遠景便利商店事業有限公司,臺北市松山區八德路4段626號6樓之4,07.便利商店
70414019,盈泰吉企業有限公司,臺北市信義區忠孝東路5段412號4樓之6,07.便利商店
70438027,優墾整合行銷有限公司,臺北市大安區忠孝東路3段136號10樓之3,07.便利商店
70438413,順開科技股份有限公司,臺北市中山區南京東路3段28號12樓,07.便利商店
70438960,育家有限公司,臺北市中山區中山北路1段140巷3號1樓,07.便利商店
70439898,網勁科技股份有限公司,臺北市士林區東山路25巷46弄1號1樓,07.便利商店
70444180,富聯企業管理顧問有限公司,臺北市松山區光復北路９５號４樓,07.便利商店
70447145,旅網國際股份有限公司,臺北市信義區基隆路1段159號4樓,07.便利商店
70447476,福山國際有限公司,臺北市大安區臥龍街188巷7號,07.便利商店
70449299,廣沅興業有限公司,臺北市士林區中山北路6段195巷16號,07.便利商店
70449869,千禧年食品科技股份有限公司,臺北市松山區民生東路３段１２８號８樓之３,07.便利商店
70452316,世馳股份有限公司,臺北市中正區重慶南路1段121號7樓,07.便利商店
70453526,華夏生活實業股份有限公司,臺北市松山區八德路３段１５８巷２０弄１８號１樓,07.便利商店
70454834,僑和企業股份有限公司,臺北市中正區懷寧街64號2樓,07.便利商店
70458000,凱苑有限公司,臺北市大安區和平東路2段102號之3、1樓,07.便利商店
70459079,一瑪媒體科技股份有限公司,臺北市中山區長安東路２段１７１號６樓之４,07.便利商店
70459802,英橋生物科技顧問有限公司,臺北市中山區林森北路575號7樓之18,07.便利商店
70465298,億林有限公司,臺北市南港區忠孝東路６段２６９巷４弄３號１樓,07.便利商店
70468871,俐明有限公司,臺北市中正區延平南路218號,07.便利商店
70474727,無線通商股份有限公司,臺北市松山區敦化南路１段２５號１２樓,07.便利商店
70475710,誠映多媒體製作有限公司,臺北市中正區市民大道1段100號地下街（輕食1區013店鋪),07.便利商店
70477920,泉芳通有限公司,臺北市萬華區西園路2段128號1樓,07.便利商店
70479265,遠音聯合業務股份有限公司,臺北市文山區景文街41號3樓,07.便利商店
70481451,每一日聯合便利商店股份有限公司,臺北市中山區復興北路４２０號８樓,07.便利商店
70484154,盛燦資訊股份有限公司,臺北市松山區光復北路80巷3號1樓,07.便利商店
70500719,達科數位股份有限公司,臺北市中山區中山北路１段７２號３樓之３,07.便利商店
70535359,蘢璟有限公司,臺北市萬華區長沙街２段９１號６樓之６,07.便利商店
70535885,全聯網有限公司,臺北市大安區仁愛路4段4號2樓,07.便利商店
70536879,旺皇實業有限公司,臺北市大同區民權西路136號8樓之3,07.便利商店
70539101,瑞湖有限公司,臺北市內湖區大湖山莊街173巷6號4樓,07.便利商店
70541649,美德向邦股份有限公司,臺北市信義區松高路9號29樓,07.便利商店
70546378,長億國際有限公司,臺北市大同區南京西路６４巷２４弄５號２樓,07.便利商店
70547123,捷正公寓大廈管理維護股份有限公司,臺北市南港區三重路66號4樓,07.便利商店
70547221,馳城實業股份有限公司,臺北市大安區信義路4段155號7樓之2,07.便利商店
70550837,美百福實業股份有限公司,臺北市中山區建國北路2段85號4樓之1,07.便利商店
70552271,天空傳媒股份有限公司,臺北市松山區民生東路4段133號13樓,07.便利商店
70553757,好停企業有限公司,臺北市中正區忠孝東路1段152號12樓之1,07.便利商店
70555349,中天生物科技股份有限公司,臺北市南港區三重里園區街3號14樓之1,07.便利商店
70558367,七合有限公司,臺北市中正區市民大道1段100號地下街(鄭州路地下街商場輕食區018號店舖),07.便利商店
70559197,網際薪傳股份有限公司,臺北市中正區許昌街17號14樓之1,07.便利商店
70563544,記成實業有限公司,臺北市中山區南京東路2段21巷8號,07.便利商店
70563919,光裕堂生技股份有限公司,臺北市中山區林森北路138巷38號,07.便利商店
70567675,康和管理顧問股份有限公司,臺北市大安區和平東路2段311巷17號1樓,07.便利商店
70568914,侖赫國際有限公司,臺北市內湖區環山路1段136巷7號1樓,07.便利商店
70569189,參星企業有限公司,臺北市北投區知行路314號1樓,07.便利商店
70573698,尋寶跳蚤屋有限公司,臺北市中山區林森北路１３０號１０樓,07.便利商店
70575540,阿波羅資訊網路股份有限公司,臺北市中正區忠孝東路1段112號5樓,07.便利商店
70576604,富叡股份有限公司,臺北市北投區大業路157號,07.便利商店
70577771,吉士達商務科技股份有限公司,臺北市信義區松仁路107號11樓,07.便利商店
70578672,小豆苗便利商店有限公司,臺北市大安區麗水街14巷2號1樓,07.便利商店
70579898,世達發科技股份有限公司,臺北市內湖區基湖路32號2樓,07.便利商店
70580044,僑翼國際有限公司,臺北市信義區信義路4段413號11樓,07.便利商店
70582129,威智國際股份有限公司,臺北市松山區復興北路73號10樓之1,07.便利商店
70588427,嘉聯有限公司,臺北市信義區松仁路213號,07.便利商店
70605798,力錡實業有限公司,臺北市中山區通北街１１１號,07.便利商店
70606190,宅急修國際股份有限公司,臺北市中山區民生東路2段115巷4號5樓,07.便利商店
70645454,海祥有限公司,臺北市中正區杭州北路22號3樓之1,07.便利商店
70678150,寰盛有限公司,臺北市南港區成功路1段36巷6號4樓之1,07.便利商店
70770157,台灣全多利國際股份有限公司,臺北市中正區青島東路７號６樓之１,07.便利商店
70777172,太平洋華園興業股份有限公司,臺北市大安區忠孝東路4段285號8樓,07.便利商店
70799197,台灣黃帽汽車百貨股份有限公司,臺北市內湖區舊宗路1段130號2樓,07.便利商店
70830471,心琪百貨股份有限公司,臺北市中山區南京東路2段76號4樓,07.便利商店
70832323,泛斯特整合行銷廣告有限公司,臺北市中山區八德路2段227號2樓,07.便利商店
70832689,敦叡股份有限公司,臺北市北投區承德路6段286號,07.便利商店
70832800,金石網絡股份有限公司,臺北市中正區汀州路3段160巷3之1號,07.便利商店
70837220,晶叡股份有限公司,臺北市北投區承德路7段139號,07.便利商店
70839682,萬洲通有限公司,臺北市信義區松仁路271號5樓,07.便利商店
70842672,全霖國際貿易有限公司,臺北市士林區社中街298巷4弄23號,07.便利商店
70844685,卡娃依股份有限公司,臺北市大安區復興南路2段320號,07.便利商店
75094900,中華工程股份有限公司,臺北市松山區新聚里東興路12號6樓,07.便利商店
79963090,夢想數位創意有限公司,臺北市信義區忠孝東路5段780號2樓,07.便利商店
79984709,御淞有限公司,臺北市信義區永吉路443巷16號,07.便利商店
80014147,中華醫藥產業股份有限公司,臺北市中山區中山北路3段22號(設工北樓),07.便利商店
80057790,億霺國際有限公司,臺北市中正區泉州街61號1樓之2,07.便利商店
80100261,仁美有限公司,臺北市內湖區內湖路1段1巷9弄18號,07.便利商店
80135830,雀實食品股份有限公司,臺北市信義區基隆路2段189號5樓之6,07.便利商店
80151789,普羅威行銷股份有限公司,臺北市南港區重陽路194號3樓,07.便利商店
80152268,聯程輝住生活開發有限公司,臺北市文山區景興路318號9樓,07.便利商店
80154478,采秝有限公司,臺北市松山區饒河街131號6樓之2,07.便利商店
80158164,欣華國際企業有限公司,臺北市南港區昆陽街78號,07.便利商店
80158468,豐泉國際股份有限公司,臺北市內湖區瑞光路502號4樓,07.便利商店
80162104,蘇滬貿易股份有限公司,臺北市中正區延平南路５１號１樓,07.便利商店
80162863,瀧湲有限公司,臺北市北投區中央北路4段378號1樓,07.便利商店
80162929,逢毅國際實業有限公司,臺北市中正區羅斯福路1段20號11樓,07.便利商店
80170391,鈞鈞咖啡實業有限公司,臺北市中山區中山北路２段９８號２樓,07.便利商店
80175558,臺灣生活聯網有限公司,臺北市中山區林森北路131號5樓之2,07.便利商店
80177839,亞太國際實業有限公司,臺北市信義區中坡南路70巷7號1樓,07.便利商店
80177970,汎德通商有限公司,臺北市士林區中山北路６段４４２號１樓,07.便利商店
80178133,瑞士美德股份有限公司,臺北市大安區復興南路1段368號13樓,07.便利商店
80178859,統一佳佳股份有限公司,臺北市松山區民生東路5段149號地下1樓,07.便利商店
80179597,融翔有限公司,臺北市中山區吉林路315巷31號,07.便利商店
80185107,傑克豌豆數位科技股份有限公司,臺北市松山區八德路4段604號之10、1樓,07.便利商店
80185628,御康股份有限公司,臺北市中正區忠孝西路1段33號7樓,07.便利商店
80189194,艾思博捷運股份有限公司,臺北市信義區松德路171號8樓之5,07.便利商店
80190636,協力志業股份有限公司,臺北市大安區忠孝東路3段217巷7弄19號1樓,07.便利商店
80191585,爵鑫科技股份有限公司,臺北市松山區復興北路101號5樓,07.便利商店
80192493,東浥實業股份有限公司,臺北市松山區復興北路191號2樓之3,07.便利商店
80192819,方達喜實業股份有限公司,臺北市信義區嘉興街315號1樓,07.便利商店
80196033,昇旺便利超商有限公司,臺北市信義區忠孝東路5段412號5樓之3,07.便利商店
80201492,光合全有限公司,臺北市中山區復興北路430巷38號1樓,07.便利商店
80202801,尚屋企業有限公司,臺北市大安區光復南路３０８巷４２號１樓,07.便利商店
80232586,歐易亞科技股份有限公司,臺北市中正區羅斯福路2段100號25樓,07.便利商店
80234590,勝通國際有限公司,臺北市內湖區內湖路1段91巷24弄15號1樓,07.便利商店
80254223,顯榮國際股份有限公司,臺北市松山區民權東路3段102號10樓,07.便利商店
80258656,天下生活事業有限公司,臺北市大安區基隆路4段43號1樓,07.便利商店
80258924,紅太陽股份有限公司,臺北市松山區光復南路46巷34之3號,07.便利商店
80259331,極度珍藏有限公司,臺北市北投區大興街19號1樓,07.便利商店
80261245,萬泰祥國際開發股份有限公司,臺北市大安區安和路1段29號17樓,07.便利商店
80261890,老子曰實業股份有限公司,臺北市中正區中山北路1段2號10樓,07.便利商店
80262309,鉅翊科技股份有限公司,臺北市文山區羅斯福路5段125號7樓之1,07.便利商店
80262693,獨家報導資訊有限公司,臺北市大同區民權西路91號4樓之1,07.便利商店
80263659,福全工程有限公司,臺北市大安區瑞安街244巷8號1樓,07.便利商店
80263742,欣婷有限公司,臺北市大安區市民大道3段212號1樓,07.便利商店
80264910,港墘加油站股份有限公司,臺北市內湖區康寧路3段72號10樓,07.便利商店
80268351,聯天科技股份有限公司,臺北市中山區中山北路2段84巷1號9樓,07.便利商店
80268752,佳鴻便利超商有限公司,臺北市中山區長安東路2段184號9樓之5,07.便利商店
80270814,綠葉有機健康食品有限公司,臺北市松山區復興北路１９１號１５樓之５,07.便利商店
80271671,樂大股份有限公司,臺北市中正區忠孝西路1段50之1號地下街﹝第3、5、8、10店鋪﹞,07.便利商店
80272405,一口蘋果有限公司,臺北市大安區建國南路1段282號3樓,07.便利商店
80273376,神旺大飯店股份有限公司,臺北市大安區忠孝東路4段172號,07.便利商店
80274760,大美天地有限公司,臺北市南港區研究院路2段41號,07.便利商店
80278822,岩昇超商有限公司,臺北市內湖區成功路4段70號9樓,07.便利商店
80279771,鉅思有限公司,臺北市中正區杭州北路22號3樓之1,07.便利商店
80282831,智立富實業有限公司,臺北市松山區南京東路５段３４號６樓之１,07.便利商店
80283705,琉金穗月股份有限公司,臺北市北投區致遠一路1段124巷20號,07.便利商店
80284319,有恆地下街股份有限公司,臺北市中正區忠孝西路1段50之1號地下街（3、9、10、14、15號店舖,07.便利商店
80285339,小豆苗企業有限公司,臺北市萬華區西寧南路36之77、78號,07.便利商店
80285345,台灣苗農乳品發展股份有限公司,臺北市大安區敦化南路2段97號16樓,07.便利商店
80286294,宜豪國際有限公司,臺北市中正區博愛路122號9樓之1,07.便利商店
80286718,薰衣草花園有限公司,臺北市大安區永康街2巷3號,07.便利商店
80288217,麗黛爾企業股份有限公司,臺北市中正區武昌街1段17號1樓,07.便利商店
80290038,力勝開發股份有限公司,臺北市中山區八德路2段308號11樓之1,07.便利商店
80292444,儷馨股份有限公司,臺北市大安區樂利路42巷2號2樓,07.便利商店
80294180,永利便利有限公司,臺北市北投區實踐街6巷2號1樓,07.便利商店
80294822,智景興業有限公司,臺北市士林區福國路19之2號4樓,07.便利商店
80296130,有機緣地國際企業有限公司,臺北市內湖區內湖路1段719號1樓,07.便利商店
80297433,鶴年堂生技有限公司,臺北市中正區開封街1段48號4樓之3,07.便利商店
80302533,忠孝站前股份有限公司,臺北市中正區忠孝西路1段50之1號地下街(1號、2號、3號、4號、5號、8號、9號、10號、13號、14號、15號店舖)),07.便利商店
80303060,比利家族學園店有限公司,臺北市中正區羅斯福路３段２７６號１樓,07.便利商店
80305222,金桔王國有限公司,臺北市大安區新生南路1段145巷4之1號1樓,07.便利商店
80307880,博勝餐飲事業有限公司,臺北市文山區新光路2段10巷2號,07.便利商店
80311499,舟遊天下有限公司,臺北市士林區中山北路5段811巷30弄8號1樓,07.便利商店
80333064,英屬蓋曼群島商家庭傳媒股份有限公司,臺北市中山區民生東路２段１４１號４樓,07.便利商店
80334444,英屬維京群島商佺格研發控股股份有限公司,臺北市信義區忠孝東路5段1-1號8樓,07.便利商店
80352441,翔鷹國際實業股份有限公司,臺北市信義區松高路9號29樓,07.便利商店
80393436,麗燊企業有限公司,臺北市南港區成福路145號,07.便利商店
80400128,碧逸會館股份有限公司,臺北市中正區中山北路1段2號10樓,07.便利商店
80489220,唐潤國際開發股份有限公司,臺北市大安區敦化南路2段97號17樓,07.便利商店
80493322,四季園生機廚房有限公司,臺北市士林區基河路46號1樓,07.便利商店
80494005,國際整合行銷股份有限公司,臺北市松山區南京東路５段２３０號１５樓之２,07.便利商店
80494666,茗昇企業有限公司,臺北市松山區南京東路4段164號8樓之3,07.便利商店
80496714,台和加氣站股份有限公司,臺北市大安區臥龍街574號,07.便利商店
80497832,賀懃企業有限公司,臺北市大安區復興南路１段２３７號４樓之１,07.便利商店
80500718,迦福有限公司,臺北市中正區中華路２段４０７號１樓,07.便利商店
80500983,欣成國際企業有限公司,臺北市萬華區峨眉街122號2樓之1,07.便利商店
80500999,慕夏國際有限公司,臺北市中山區中山北路2段118之1號,07.便利商店
80501569,巧克力樂有限公司,臺北市中山區松江路２８號１２樓之２,07.便利商店
80503047,康荷商行股份有限公司,臺北市中正區和平西路1段134號1樓,07.便利商店
80504518,廣得國際開發有限公司,臺北市信義區忠孝東路５段４８２號１４樓之５,07.便利商店
80505093,韋昌國際科技股份有限公司,臺北市中山區南京東路２段６０號１１樓,07.便利商店
80505832,大環淨健康生活事業有限公司,臺北市文山區興隆路3段78號1樓,07.便利商店
80505869,美體小舖股份有限公司,臺北市大安區光復南路626號11樓之2,07.便利商店
80506044,福棟成股份有限公司,臺北市大安區仁愛路４段４１５號１樓及４１７號２樓,07.便利商店
80508248,儷弘有限公司,臺北市北投區永興路１段３２巷３弄１４號２樓之１,07.便利商店
80510639,全鋒國際股份有限公司,臺北市大安區忠孝東路4段270號8樓,07.便利商店
80511709,阿瘦實業股份有限公司,臺北市中山區松江路168號5樓,07.便利商店
80513690,東東餐飲事業股份有限公司,臺北市大安區忠孝東路３段１９９之３號３樓,07.便利商店
80517703,茶賞事業股份有限公司,臺北市中山區長安東路1段16號5樓之5,07.便利商店
80520313,上洪國際顧問事業有限公司,臺北市萬華區萬大路４２３巷１１７號１樓,07.便利商店
80520989,傢材便販企業股份有限公司,臺北市萬華區西園路２段２０７號１樓,07.便利商店
80524036,常鎌食品有限公司,臺北市松山區慶城街14之1號1樓,07.便利商店
80525345,心心國際貿易有限公司,臺北市中正區南昌路1段54巷7弄9號1樓,07.便利商店
80526392,兼坪有限公司,臺北市中正區羅斯福路１段２８號４樓之１,07.便利商店
80528407,永新業超商有限公司,臺北市大同區南京西路64巷24弄5號2樓,07.便利商店
80528928,巴利爾父子股份有限公司,臺北市信義區信義路5段5號,07.便利商店
80529551,連大莊企業有限公司,臺北市北投區文林北路222號1樓,07.便利商店
80531389,豆豆餐飲事業股份有限公司,臺北市大安區忠孝東路3段199之3號3樓,07.便利商店
80531846,遠東霓虹工業有限公司,臺北市大安區敦化南路２段４６號１０樓之３,07.便利商店
80541823,卡利孚有限公司,臺北市大安區復興南路2段84號13樓,07.便利商店
80542870,馬吉燒物有限公司,臺北市大安區延吉街１３１巷１弄２８號１樓,07.便利商店
80543337,元泰不動產投資顧問股份有限公司,臺北市中山區建國北路2段262號6樓,07.便利商店
80544820,向辰有限公司,臺北市大同區重慶北路１段８８號,07.便利商店
80606228,御茗園有限公司,臺北市北投區知行路34巷7號,07.便利商店
80614141,久安達有限公司,臺北市士林區中正路619號1樓,07.便利商店
80641766,世紀明光有限公司,臺北市北投區吉利街259巷52號1樓,07.便利商店
80650547,奧昇股份有限公司,臺北市中正區羅斯福路３段１００號３樓之６,07.便利商店
80651546,威爾斯科技育樂股份有限公司,臺北市內湖區堤頂大道2段293號3樓,07.便利商店
80656681,鼎醍有限公司,臺北市大安區新生南路１段１４５巷４之１號１樓,07.便利商店
80657252,慶隆食品有限公司,臺北市萬華區西園路１段２１４號１樓,07.便利商店
80660340,伊麗來富股份有限公司,臺北市中山區民生東路３段３號７樓,07.便利商店
80660670,大頭狗咖啡專賣國際有限公司,臺北市中山區北安路630巷25弄1號1樓,07.便利商店
80661988,富達開發建設有限公司,臺北市松山區南京東路5段16號11樓之6,07.便利商店
80664922,軒岷有限公司,臺北市萬華區和平西路３段３０２巷３弄４２號１樓,07.便利商店
80665062,姿然國際貿易股份有限公司,臺北市大同區南京西路61號6樓之1,07.便利商店
80666626,建錫有限公司,臺北市萬華區萬大路５４６號１樓,07.便利商店
80666837,裕台開發實業股份有限公司,臺北市中山區八德路2段232號6樓,07.便利商店
80667809,晉鄰超商有限公司,臺北市北投區實踐街92號1樓,07.便利商店
80667863,果然好點子股份有限公司,臺北市文山區興隆路1段83巷6之2號,07.便利商店
80667982,日揚開發股份有限公司,臺北市中山區中山北路3段30號3樓之3,07.便利商店
80668336,億通國際行銷有限公司,臺北市中正區博愛路７６號１０樓,07.便利商店
80668482,石上國際有限公司,臺北市中正區羅斯福路５段１６７號３樓,07.便利商店
80671959,掬月建設股份有限公司,臺北市松山區南京東路3段248號5樓,07.便利商店
80672438,東台灣資源開發股份有限公司,臺北市大安區敦化南路2段97號17樓,07.便利商店
80673577,國棠貿易有限公司,臺北市松山區長安東路２段２９４號１１樓,07.便利商店
80673838,駐震有限公司,臺北市北投區永興路1段32巷3弄14號2樓之1,07.便利商店
80676238,丹蔓朵科技有限公司,臺北市大同區大龍街１８７巷４４號１樓,07.便利商店
80676477,艾茗秀國際有限公司,臺北市大安區忠孝東路4段87之6號1樓,07.便利商店
80676504,樹中林股份有限公司,臺北市中山區建國北路2段33號13樓之1,07.便利商店
80677503,調和企管有限公司,臺北市中山區南京東路2段53號7樓,07.便利商店
80679946,榮江股份有限公司,臺北市大同區市民大道1段209號10樓,07.便利商店
80682203,宜諾咖啡有限公司,臺北市信義區莊敬路１９０之３號１樓,07.便利商店
80684119,健康水股份有限公司,臺北市南港區三重路19之3號6樓之1,07.便利商店
80687615,福氣食品有限公司,臺北市內湖區文湖街60巷32號,07.便利商店
80688092,環華豐股份有限公司,臺北市大同區市民大道1段209號10樓,07.便利商店
80688240,一太科技有限公司,臺北市萬華區中華路１段４９號１樓,07.便利商店
80688516,誠大國際生技股份有限公司,臺北市中山區松江路152號6樓之7,07.便利商店
80691673,樸園有機事業有限公司,臺北市中正區南昌路1段25號1、2樓,07.便利商店
80692005,兆崴管理顧問股份有限公司,臺北市中山區建國北路2段262號3樓,07.便利商店
80692510,史丹佛尖端生技有限公司,臺北市大同區華陰街３３號６樓之１,07.便利商店
80693047,高達數位媒體有限公司,臺北市北投區行義路186巷30號1樓,07.便利商店
80697445,咖法生活企業股份有限公司,臺北市南港區舊莊街1段28號1樓,07.便利商店
80697711,銓唯食品有限公司,臺北市萬華區和平西路3段30巷58號,07.便利商店
84096036,拔山企業股份有限公司,臺北市南港區市民大道8段552號,07.便利商店
84109433,賣座實業有限公司,臺北市北投區雙全街48巷7號1樓,07.便利商店
84114196,澤瑀有限公司,臺北市南港區忠孝東路6段276號,07.便利商店
84128852,志合有限公司,臺北市士林區福港街２１２號１樓,07.便利商店
84132429,形象屋實業有限公司,臺北市北投區實踐街82巷2之1號,07.便利商店
84138676,開得利網路股份有限公司,臺北市中正區忠孝西路1段50號12樓之28,07.便利商店
84142215,昌洪實業有限公司,臺北市大安區信義路4段256號15樓之1,07.便利商店
84274405,合鋒有限公司,臺北市南港區玉成街162號1樓,07.便利商店
84283164,車容坊股份有限公司,臺北市北投區中央北路4段120號1樓,07.便利商店
84288061,鼎茂圖書出版股份有限公司,臺北市中正區博愛路60號4樓,07.便利商店
84288554,必群股份有限公司,臺北市松山區南京東路5段202號13樓之1,07.便利商店
84447390,百夯股份有限公司,臺北市中正區忠孝西路1段6號14樓,07.便利商店
84459705,弘誠嘉麗國際有限公司,臺北市大安區基隆路2段102號1樓,07.便利商店
84473827,利記有限公司,臺北市松山區撫遠街389巷13號,07.便利商店
84475634,浩允企業有限公司,臺北市松山區復興北路369號8樓之5,07.便利商店
84487934,小禮堂國際股份有限公司,臺北市中山區南京東路3段210號地下(1樓),07.便利商店
84495998,富濱企業有限公司,臺北市大安區光復南路280巷39之1號,07.便利商店
84708710,長擎實業股份有限公司,臺北市中正區新生南路1段50號6樓,07.便利商店
84772374,彩惠薄膜有限公司,臺北市松山區民生東路3段103號9樓,07.便利商店
84776483,台灣標準電信股份有限公司,臺北市中山區新生北路1段67號1樓,07.便利商店
84778927,藝眾國際娛樂有限公司,臺北市萬華區漢口街2段56號5樓,07.便利商店
84912038,康寧生活事業股份有限公司,臺北市內湖區成功路5段420巷28號1樓,07.便利商店
84927200,鼎譽有限公司,臺北市中正區南昌路1段72號,07.便利商店
84948578,雅泰實業股份有限公司,臺北市中正區羅斯福路1段20號11樓,07.便利商店
86020743,愛芙洛蒂股份有限公司,臺北市中正區衡陽路10號8樓,07.便利商店
86121593,利建實業股份有限公司,臺北市中山區敬業四路33號15樓,07.便利商店
86129716,廣良億科技股份有限公司,臺北市南港區園區街３號４樓之１,07.便利商店
86152271,全國藥品企業有限公司,臺北市大安區通化街19號1樓,07.便利商店
86155523,維陽建設股份有限公司,臺北市中山區南京東路3段21號11樓,07.便利商店
86163592,顥皙有限公司,臺北市北投區立農街257巷10弄3之1號3樓,07.便利商店
86284667,飛得力國際股份有限公司,臺北市士林區雨農路14號1樓,07.便利商店
86306472,明日世界電腦股份有限公司,臺北市信義區松隆路１８號１樓,07.便利商店
86312093,康齊企業有限公司,臺北市中山區北安路５８４號１樓,07.便利商店
86335814,忠恕實業有限公司,臺北市士林區德行東路２２１號１樓,07.便利商店
86344449,霆威科技股份有限公司,臺北市內湖區瑞光路513巷22弄5號8樓之4,07.便利商店
86383408,三麗鷗股份有限公司,臺北市大安區敦化南路2段95號4樓,07.便利商店
86397347,樺福建設開發股份有限公司,臺北市中正區羅斯福路4段68號12樓之16,07.便利商店
86487311,上陽股份有限公司,臺北市松山區富錦街５０５號１樓,07.便利商店
86492026,富御有限公司,臺北市中山區松江路３３０巷２６號１樓,07.便利商店
86497731,亞熱帶事業股份有限公司,臺北市中正區忠孝西路1段66號28樓,07.便利商店
86498936,隆至有限公司,臺北市北投區實踐街62號1樓,07.便利商店
86511662,合身國際有限公司,臺北市中山區中山北路1段126巷12之1號,07.便利商店
86512445,華信物業管理顧問股份有限公司,臺北市中山區民權東路2段26號2樓之1,07.便利商店
86716932,百順有限公司,臺北市萬華區武成街80巷52號1樓,07.便利商店
86722771,世林有限公司,臺北市文山區和興路44巷14弄2之1號3樓,07.便利商店
86723618,西恩斯國際有限公司,臺北市士林區克強路12號,07.便利商店
86737508,西門町有限公司,臺北市萬華區德昌街２５６號１樓,07.便利商店
86850368,炳威企業股份有限公司,臺北市內湖區民權東路6段109號7樓之4,07.便利商店
86851893,益來成實業有限公司,臺北市文山區秀明路2段6號,07.便利商店
86861512,築墩實業有限公司,臺北市中山區長安東路2段173號6樓,07.便利商店
86863531,美德耐股份有限公司,臺北市大安區延吉街239號3樓,07.便利商店
86867467,佺佳宏有限公司,臺北市大同區民族西路１８９號３樓,07.便利商店
89390488,特力屋股份有限公司,臺北市內湖區湖元里新湖三路23號1、2、5樓,07.便利商店
89400818,昇琠鱆悒鬫陪迨膝q,臺北市中山區江寧里民權東路3段60巷1號,07.便利商店
89442155,福昌晒圖有限公司,臺北市大安區基隆路3段141號1樓,07.便利商店
89443555,鎮海海事工程有限公司,臺北市中正區忠孝西路1段41號14樓之12,07.便利商店
89456410,佳展生物科技股份有限公司,臺北市南港區園區街3號13樓,07.便利商店
89460343,佳霓文化事業有限公司,臺北市文山區羅斯福路4段206巷25號1樓,07.便利商店
89461440,亞洲網科技有限公司,臺北市松山區敦化北路214號7樓,07.便利商店
89466058,小崧貿易有限公司,臺北市大同區民權西路136號8樓之3,07.便利商店
89468886,宣好企業有限公司,臺北市松山區慶城街8號1樓,07.便利商店
89470320,國泰不動產股份有限公司,臺北市中正區中山北路1段2號10樓之4,07.便利商店
89477962,微風廣場實業股份有限公司,臺北市松山區復興南路1段39號,07.便利商店
89522072,無名小卒食品有限公司,臺北市中正區重慶南路2段71號,07.便利商店
89552119,五楠圖書用品股份有限公司,臺北市大安區和平東路2段339號4樓,07.便利商店
89614446,上上揚有限公司,臺北市萬華區西園路2段162號7樓,07.便利商店
89618739,新銳房屋仲介有限公司,臺北市中山區長安東路2段81號12樓,07.便利商店
89631536,肯夢國際股份有限公司,臺北市大安區大安路1段117號1樓及地下1樓,07.便利商店
89738903,喜博宅配通路事業股份有限公司,臺北市內湖區洲子街83號9樓,07.便利商店
89747332,金聯發實業股份有限公司,臺北市大同區環河北路1段73號7樓之5,07.便利商店
89799318,邁其利德股份有限公司,臺北市中山區民族東路60號6樓,07.便利商店
89875390,歡樂線上股份有限公司,臺北市內湖區瑞湖街39號2樓,07.便利商店
89927708,楊聯社股份有限公司,臺北市中山區敬業四路33號8樓,07.便利商店
89933835,都會生活股份有限公司,臺北市中山區撫順街35號3樓,07.便利商店
89936919,長拓店舖開發股份有限公司,臺北市中山區長安東路2段77號7樓之1,07.便利商店
89938199,普拉斯電腦股份有限公司,臺北市中正區館前路6號10樓之6,07.便利商店
89938796,豐納實業股份有限公司,臺北市中山區南京東路2段8號10樓,07.便利商店
89948324,元喜有限公司,臺北市士林區和豐街２號１樓,07.便利商店
89956251,惠強室內裝修股份有限公司,臺北市大同區鄭州路139號5樓之1,07.便利商店
89959258,中日超商企業股份有限公司,臺北市中山區復興北路48號5樓,07.便利商店
89961183,威而廣告有限公司,臺北市中山區復興北路168號6樓,07.便利商店
89968587,喜多立有限公司,臺北市萬華區東園街28巷11號1樓,07.便利商店
89973879,金士盟實業股份有限公司,臺北市中正區汀州路3段160巷4號1樓,07.便利商店
96869149,盈源科技股份有限公司,臺北市中山區長安東路1段30巷2號2樓,07.便利商店
96953223,堤克咖啡有限公司,臺北市信義區基隆路1段378之1號1樓,07.便利商店
96954145,千碩實業有限公司,臺北市大安區延吉街72之1號,07.便利商店
97092173,彤鹿有限公司,臺北市南港區南港路1段73號1樓,07.便利商店
97095333,永春零售市場股份有限公司,臺北市信義區松山路294號2樓,07.便利商店
97095755,顥翰海洋事業開發股份有限公司,臺北市中山區民生東路1段87號10樓之2,07.便利商店
97100011,銳聯有限公司,臺北市中正區汀州路2段260號,07.便利商店
97104059,泛尼亞國際通運有限公司,臺北市松山區東興路15巷3號1樓,07.便利商店
97113091,禾盛傳播股份有限公司,臺北市信義區忠孝東路5段1-1號9樓,07.便利商店
97125081,太子城企業有限公司,臺北市大安區忠孝東路4段330號地下樓,07.便利商店
97125343,城邦文化事業股份有限公司,臺北市中山區民生東路2段141號11樓,07.便利商店
97165560,大潤發流通事業股份有限公司,臺北市中山區八德路2段306號地下2樓,07.便利商店
97166717,泰鑫建設股份有限公司,臺北市士林區雨農路14號1樓,07.便利商店
97286918,爭鮮股份有限公司,臺北市大安區新生南路3段88之4號,07.便利商店
97288303,日耀興業有限公司,臺北市萬華區西藏路199巷43號,07.便利商店
97308700,洢斯拜爾國際有限公司,臺北市中山區吉林路24號10樓,07.便利商店
97319256,臺灣金醇洋酒股份有限公司,臺北市中正區新生南路1段50號11樓,07.便利商店
97326138,杏光展業股份有限公司,臺北市松山區光復南路46巷10之1號2樓,07.便利商店
97430717,大江國際股份有限公司,臺北市大安區仁愛路4段109號15樓,07.便利商店
97433670,汎宸企業股份有限公司,臺北市松山區八德路3段230號10樓之2,07.便利商店
97441094,千禧玉光實業有限公司,臺北市內湖區內湖路1段285巷31號,07.便利商店
97446485,大川大立數位影音股份有限公司,臺北市內湖區瑞光路258巷2號4樓,07.便利商店
97451450,巧玖有限公司,臺北市萬華區環河南路2段64號,07.便利商店
97465692,南極食品股份有限公司,臺北市大安區信義路2段88號6樓之1,07.便利商店
97469276,優朵國際企業有限公司,臺北市大安區永康街41巷5號,07.便利商店
97469304,歐田股份有限公司,臺北市大安區永康街2巷2之1號,07.便利商店
97475615,富助有限公司,臺北市中山區松江路９７巷１２號１樓,07.便利商店
97475973,王景國際實業有限公司,臺北市大同區南京西路６６號１２樓,07.便利商店
97478649,豫祥開發股份有限公司,臺北市中正區詔安街50巷21號,07.便利商店
97479990,兩大股份有限公司,臺北市中正區重慶南路1段108號2樓,07.便利商店
