00701755,源泉鋼鐵股份有限公司,臺北市中山區民權東路3段2號12樓,倉儲行業
00713302,友亦企業股份有限公司,臺北市中山區德惠街9號6樓,倉儲行業
00751121,大洋冷凍股份有限公司,臺北市中山區朱崙街15號,倉儲行業
01176152,中菲行國際物流股份有限公司,臺北市內湖區民權東路6段160號11樓,倉儲行業
01180260,巨煥興業股份有限公司,臺北市中山區南京東路2段125號8樓之1,倉儲行業
01193130,哈伯實業有限公司,臺北市中山區建國北路2段88號10樓,倉儲行業
01405633,榮德彩色印刷有限公司,臺北市萬華區東園街35巷62號(1樓),倉儲行業
01506490,邦普企業有限公司,臺北市大安區安居街34巷6號6樓,倉儲行業
02510346,大榮冷凍股份有限公司,臺北市中山區朱崙街15號,倉儲行業
02528802,建和冰凍股份有限公司,臺北市中山區朱崙街15號,倉儲行業
03036501,三泰化工原料股份有限公司,臺北市中正區延平南路82號1樓,倉儲行業
03043101,三陽金屬工業股份有限公司,臺北市松山區復興北路57號3樓,倉儲行業
03049512,三德企業股份有限公司,臺北市中正區延平南路82號,倉儲行業
03069208,天成飯店股份有限公司,臺北市中正區忠孝西路1段43號,倉儲行業
03098301,中華貿易開發股份有限公司,臺北市大安區住安里信義路4段96號6樓,倉儲行業
03244509,亞洲水泥股份有限公司,臺北市大安區敦化南路2段207號30、31樓,倉儲行業
03251108,和泰汽車股份有限公司,臺北市中山區松江路121號8~14樓,倉儲行業
03283306,厚生股份有限公司,臺北市中正區漢口街1段82號8樓,倉儲行業
03353007,益航股份有限公司,臺北市大安區復興南路2段237號14樓,倉儲行業
03354202,聯億貿易股份有限公司,臺北市中正區延平南路82號2樓,倉儲行業
03506003,福大化學工業股份有限公司,臺北市中正區延平南路74號1樓,倉儲行業
03522003,遠東航空股份有限公司,臺北市松山區敦化北路405巷123弄5號,倉儲行業
03522600,遠東新世紀股份有限公司,臺北市大安區敦化南路2段207號36樓,倉儲行業
03543210,台榮產業股份有限公司,臺北市中山區南京東路2段206號6樓,倉儲行業
03555307,台鳳股份有限公司,臺北市中正區重慶南路1段57號11樓之9,倉儲行業
03556404,台灣中國運通股份有限公司,臺北市中山區長安東路1段25號11樓,倉儲行業
03564501,台灣三洋電機股份有限公司,臺北市中山區松江路266號10樓,倉儲行業
03626801,佳美貿易股份有限公司,臺北市內湖區瑞光路302號9樓,倉儲行業
03634302,台灣夾板實業股份有限公司,臺北市松山區南京東路5段31號10樓,倉儲行業
03634507,台灣通運倉儲股份有限公司,臺北市中山區中山北路2段113號10樓,倉儲行業
03741302,中華郵政股份有限公司,臺北市大安區永康里金山南路2段55號,倉儲行業
03795101,台灣肥料股份有限公司,臺北市中山區南京東路2段88號6樓,倉儲行業
03795904,台灣電力股份有限公司,臺北市中正區羅斯福路3段242號,倉儲行業
04206709,士盟國際通運股份有限公司,臺北市南港區八德路4段778號2樓,倉儲行業
04286999,輝昌有限公司,臺北市大同區迪化街1段136號,倉儲行業
04293133,員和工業股份有限公司,臺北市中山區德惠街9號6樓,倉儲行業
04294365,綿興紡織股份有限公司,臺北市大同區迪化街1段63號7樓,倉儲行業
04327387,永全貨運有限公司,臺北市南港區東新街187號,倉儲行業
04339047,廣齊物流有限公司,臺北市中山區民族東路524號4樓,倉儲行業
04345414,玟志企業有限公司,臺北市中山區北安路458巷47弄2號1樓,倉儲行業
04348947,新台塑膠工業股份有限公司,臺北市大同區重慶北路3段9巷31號,倉儲行業
04368669,慶宜股份有限公司,臺北市松山區南京東路3段346號3樓,倉儲行業
04378245,得美行股份有限公司,臺北市內湖區民權東路6段160號11樓之1,倉儲行業
04383084,台灣不二實業股份有限公司,臺北市松山區南京東路5段343號9樓,倉儲行業
04387384,同誠興農企業股份有限公司,臺北市中山區松江路363號7樓,倉儲行業
04398474,貿聯企業股份有限公司,臺北市中正區濟南路一段15號,倉儲行業
04399353,立盟海空通運股份有限公司,臺北市內湖區瑞光路76巷59號5樓,倉儲行業
04401230,嘉新國際股份有限公司,臺北市中山區中山北路2段96號1樓,倉儲行業
04401323,恆昶實業股份有限公司,臺北市內湖區民權東路6段38號,倉儲行業
04404855,昭元化成股份有限公司,臺北市中山區松江路129號9樓,倉儲行業
04407570,金懋企業股份有限公司,臺北市中山區南京東路2段100號5樓,倉儲行業
04412124,欣臨企業股份有限公司,臺北市中山區南京東路3段70號4樓,倉儲行業
04424022,環宙航空貨運有限公司,臺北市內湖區瑞光路258巷55號4樓,倉儲行業
04441943,賀華實業股份有限公司,臺北市中山區中山北路1段27號11樓之1,倉儲行業
04445666,浩陽貿易有限公司,臺北市中山區吉林路10號,倉儲行業
04448299,臺陽儲運股份有限公司,臺北市中正區紹興北街5號3樓,倉儲行業
04467859,安聯速運有限公司,臺北市大同區五原路2號1樓,倉儲行業
04550147,臺北農產運銷股份有限公司,臺北市中山區民族東路336號,倉儲行業
04622563,台灣富士通股份有限公司,臺北市中正區中華路1段39號19樓,倉儲行業
04648938,威健實業股份有限公司,臺北市內湖區內湖路1段308號11樓,倉儲行業
04690055,洋基通運股份有限公司,臺北市中山區建國北路2段82號1樓,倉儲行業
04708554,台茂通運報關有限公司,臺北市松山區南京東路5段389巷8號1樓,倉儲行業
04745740,內外實業股份有限公司,臺北市信義區基隆路2段149之17號10樓,倉儲行業
04747796,瑞順企業股份有限公司,臺北市中正區重慶南路1段121號4樓之9,倉儲行業
04784911,福泉工程股份有限公司,臺北市松山區富錦街89號1樓,倉儲行業
04788347,承欣交通有限公司,臺北市士林區福壽街12號,倉儲行業
04792742,甘霖國際物流股份有限公司,臺北市中山區中山北路2段68號3樓,倉儲行業
04816630,奇羽企業有限公司,臺北市南港區向陽路120巷2弄29號2樓,倉儲行業
04822990,弘專有限公司,臺北市大安區新生南路3段2號10樓,倉儲行業
04824499,智彬電機有限公司,臺北市內湖區內湖路1段91巷24弄2號,倉儲行業
04906317,大遠工程有限公司,臺北市文山區和平東路4段83號1樓,倉儲行業
04906610,爾雅有限公司,臺北市松山區南京東路３段２６９巷６號５樓之１,倉儲行業
04927158,陸海股份有限公司,臺北市松山區復興北路99號13樓,倉儲行業
04933975,美孚建設股份有限公司,臺北市信義區市民大道6段288號9樓之7,倉儲行業
04937233,大業倉儲股份有限公司,臺北市大安區敦化南路2段76號6樓之2,倉儲行業
04949174,林克航空貨運代理股份有限公司,臺北市內湖區瑞光路360號7樓,倉儲行業
04964250,東森國際股份有限公司,臺北市大安區復興南路1段368號5樓、8樓及370號6樓、11樓,倉儲行業
05060358,盈祺國際物流有限公司,臺北市中正區忠孝東路2段96號2樓,倉儲行業
05071405,台灣快桅股份有限公司,臺北市松山區敦化南路1段2號10樓,倉儲行業
05085203,寶豐隆興業股份有限公司,臺北市大安區仁愛路4段71巷36號2樓,倉儲行業
05091774,世平興業股份有限公司,臺北市南港區成功路1段74號、76號8樓,倉儲行業
05191491,台灣波律股份有限公司,臺北市松山區民權東路3段178號14樓,倉儲行業
05258865,聯華氣體工業股份有限公司,臺北市大同區承德路1段44號6樓,倉儲行業
05415289,協達機械起重工程有限公司,臺北市南港區成功路1段23號,倉儲行業
05427763,鼎擎金屬工程有限公司,臺北市南港區市民大道7段35號1樓,倉儲行業
05634637,六霖企業有限公司,臺北市中正區杭州南路1段19號10樓,倉儲行業
05635571,伯罕企業有限公司,臺北市文山區景興路195號8樓之1,倉儲行業
05711866,全銓租賃股份有限公司,臺北市大安區敦化南路2段69號9樓,倉儲行業
05941706,和豐化工企業股份有限公司,臺北市松山區敦化北路207號4樓之7,倉儲行業
07046620,中日國際企業股份有限公司,臺北市中山區力行里12鄰復興北路48號7樓,倉儲行業
07057442,六和化工股份有限公司,臺北市中山區德惠街9號6樓,倉儲行業
07067309,味王股份有限公司,臺北市中山區聚盛里中山北路2段79號5樓,倉儲行業
07097009,明志交通有限公司,臺北市中山區民權東路3段58號7樓之5,倉儲行業
07284214,瑞圓纖維股份有限公司,臺北市中山區復興北路８６號５樓,倉儲行業
07305105,台灣豐田通商股份有限公司,臺北市信義區松仁路101號5樓,倉儲行業
07330809,桃源紡織股份有限公司,臺北市大同區長安西路303號7樓之1,倉儲行業
07487111,新燕實業股份有限公司,臺北市內湖區內湖路1段512號3樓,倉儲行業
07608781,有志貨運物流有限公司,臺北市士林區承德路4段33巷10號2樓,倉儲行業
07613308,亞東開發科技有限公司,臺北市士林區前港街120巷1號1樓,倉儲行業
07649690,億高資產管理股份有限公司,臺北市松山區健康路6號,倉儲行業
07708830,花仙子企業股份有限公司,臺北市大同區承德路3段230號13樓,倉儲行業
09442581,東典貿易股份有限公司,臺北市大安區敦化南路2段99號23樓,倉儲行業
09462164,呈達科技股份有限公司,臺北市大安區忠孝東路4段223巷5號11樓之1,倉儲行業
09462538,佳濃實業有限公司,臺北市中山區松江路194巷36號,倉儲行業
09473177,甘氏貿易有限公司,臺北市大安區復興南路2段236號4樓之5,倉儲行業
11007515,七巧通運股份有限公司,臺北市中山區建國北路2段147之2號,倉儲行業
11026506,大同股份有限公司,臺北市中山區集英里21鄰中山北路3段22號,倉儲行業
11072509,三福氣體股份有限公司,臺北市中山區中山北路2段21號5樓,倉儲行業
11167006,正大纖維工業股份有限公司,臺北市中山區南京東路1段21號,倉儲行業
11169010,永通國際物流股份有限公司,臺北市松山區富錦街77巷2弄4號1樓,倉儲行業
11173598,立天行通運股份有限公司,臺北市內湖區瑞光路258巷50號4樓,倉儲行業
11182800,雍利企業股份有限公司,臺北市中山區長安東路1段25號11樓,倉儲行業
11189803,永和順股份有限公司,臺北市中山區南京東路2段98號10樓,倉儲行業
11261451,旭懋企業股份有限公司,臺北市中山區松江路67號10樓之6,倉儲行業
11286039,宏吉企業股份有限公司,臺北市松山區敦化南路1段2號4樓之1,倉儲行業
11332202,東元電機股份有限公司,臺北市中山區松江路156-2號,倉儲行業
11349370,德莎運通股份有限公司,臺北市中山區民權東路3段35號10樓,倉儲行業
11384405,東<U+78B1>股份有限公司,臺北市大安區敦化南路2段99號23樓,倉儲行業
11438401,坤慶國際開發股份有限公司,臺北市信義區忠孝東路4段560號9樓之2,倉儲行業
11472110,飛翔航空貨運承攬股份有限公司,臺北市中山區松江路328號10樓之10,倉儲行業
11505604,美商美國新美股份有限公司,臺北市大安區龍雲里敦化南路2段76號9樓之2,倉儲行業
11511090,皇冠金屬工業股份有限公司,臺北市中山區復興南路1段2號8樓之1,倉儲行業
11520909,南港輪胎股份有限公司,臺北市大安區仁愛路3段136號6樓608室,倉儲行業
11522202,香港商信可股份有限公司,臺北市中山區民生東路3段49號3樓,倉儲行業
11529802,春源鋼鐵工業股份有限公司,臺北市中山區復興北路502號6樓、6樓之1、7樓、7樓之1,倉儲行業
11653034,甲天下股份有限公司,臺北市大同區西寧北路62號8樓之11,倉儲行業
11768107,裕信股份有限公司,臺北市松山區民權東路3段170號12樓之1,倉儲行業
11825825,嘉裕股份有限公司,臺北市大安區仁愛路4段25號7樓,倉儲行業
11828007,台北貿易股份有限公司,臺北市中山區松江路363號8樓,倉儲行業
11832971,台灣德信海空運承攬股份有限公司,臺北市中山區南京東路3段219號4樓,倉儲行業
11880755,湳開股份有限公司,臺北市內湖區南京東路6段348號4樓及新明路174巷13號1樓、地下1樓,倉儲行業
11892605,嘉新食品化纖股份有限公司,臺北市大安區忠孝東路4段219號6樓,倉儲行業
11892801,嘉新水泥股份有限公司,臺北市中山區中山北路2段96號,倉儲行業
11912102,台灣紙業股份有限公司,臺北市中山區建國北路1段96號10樓,倉儲行業
11913502,臺灣水泥股份有限公司,臺北市中山區中山北路2段113號,倉儲行業
11915305,台灣日立股份有限公司,臺北市中山區南京東路3段61號1、2樓63號1、2、3、4樓,倉儲行業
11941057,震豐股份有限公司,臺北市中正區羅斯福路2段44號4樓,倉儲行業
12015605,馥麗工業股份有限公司,臺北市大安區仁愛路4段376號13樓,倉儲行業
12101307,海豐運通股份有限公司,臺北市中山區松江路87號6樓,倉儲行業
12105486,七洋聯運股份有限公司,臺北市中山區南京東路2段206號11樓,倉儲行業
12128426,立通股份有限公司,臺北市松山區敦化北路201之18號12樓,倉儲行業
12132033,元禎企業股份有限公司,臺北市松山區民生東路4段54號3樓之3,倉儲行業
12133650,台灣美強股份有限公司,臺北市中山區南京東路2段66號4樓,倉儲行業
12135600,統振股份有限公司,臺北市內湖區安美街181號1樓及6樓,倉儲行業
12147612,泰岫企業股份有限公司,臺北市松山區復興北路３３７號５樓,倉儲行業
12160255,新竹化工實業股份有限公司,臺北市中山區松江路82號3樓,倉儲行業
12167948,金慶實業股份有限公司,臺北市松山區南京東路3段248號10樓之2,倉儲行業
12177447,利多福股份有限公司,臺北市大同區民權西路104號7樓之1,倉儲行業
12177592,台灣三菱電機股份有限公司,臺北市士林區中山北路6段88號11樓,倉儲行業
12206034,新健海運股份有限公司,臺北市中山區民權東路3段4號3樓,倉儲行業
12208321,南聯國際貿易股份有限公司,臺北市信義區忠孝東路4段560號12樓,倉儲行業
12215548,精技電腦股份有限公司,臺北市內湖區新湖二路236號3樓,倉儲行業
12217150,元寶實業股份有限公司,臺北市內湖區瑞湖街182號,倉儲行業
12229178,康福搬家貨運有限公司,臺北市松山區撫遠街259號,倉儲行業
12232981,台灣東芝電子零組件股份有限公司,臺北市中山區民生東路3段10號10樓,倉儲行業
12264131,毅太企業股份有限公司,臺北市中山區建國北路2段147號6樓,倉儲行業
12278607,臺灣寶露股份有限公司,臺北市中山區中山北路2段45巷23號6樓,倉儲行業
12324709,企榮股份有限公司,臺北市中山區松江路66號12樓,倉儲行業
12332932,浩閎有限公司,臺北市大安區忠孝東路4段289號7樓,倉儲行業
12340449,海捷股份有限公司,臺北市中山區松江路76號9樓,倉儲行業
12341051,康舒科技股份有限公司,臺北市松山區南京東路5段99號11樓,倉儲行業
12367208,台灣範卯實業有限公司,臺北市松山區南京東路5段208號12樓,倉儲行業
12368179,優比速物流股份有限公司,臺北市士林區大南路361號2樓,倉儲行業
12371287,采盟股份有限公司,臺北市松山區中正里復興北路57號3樓之1、2、7,倉儲行業
12383544,探索南港館股份有限公司,臺北市南港區重陽路66號1至4樓,倉儲行業
12386275,玉欽建材企業有限公司,臺北市中山區龍江路47之1號4樓,倉儲行業
12396724,禾榮產業股份有限公司,臺北市中山區南京東路2段206號7樓,倉儲行業
12397104,財將企業股份有限公司,臺北市松山區民生東路3段156號3樓之5,倉儲行業
12402015,新各界企業有限公司,臺北市內湖區行愛路172號,倉儲行業
12409609,財資企業股份有限公司,臺北市松山區民生東路3段156號3樓之5,倉儲行業
12447337,德威運通股份有限公司,臺北市大安區復興南路1段204號4樓之1及4樓之2,倉儲行業
12454483,古特輪胎有限公司,臺北市北投區東華街2段252號,倉儲行業
12489011,金沙國際興業股份有限公司,臺北市中正區和平西路１段１６１號４樓,倉儲行業
12489413,台灣雅瑪多國際物流股份有限公司,臺北市大安區復興南路1段303號6樓,倉儲行業
12502112,江松股份有限公司,臺北市中山區南京東路3段118號11樓,倉儲行業
12502990,慶揚國際物流股份有限公司,臺北市中山區長安東路2段80號2樓,倉儲行業
12506139,宏恕倉儲裝卸股份有限公司,臺北市中山區長安東路2段90號5樓,倉儲行業
12515600,俊欣行股份有限公司,臺北市內湖區民權東路6段18之1號18之2號18之3號1樓,倉儲行業
12654026,合田人文電子科技股份有限公司,臺北市大安區復興南路１段３６８之１號８樓,倉儲行業
12657190,一一康馨搬家貨運有限公司,臺北市南港區研究院路3段86巷27弄1號1樓,倉儲行業
12657831,通用媒體科技股份有限公司,臺北市中山區松江路６７號３樓,倉儲行業
12661315,萬達通股份有限公司,臺北市大安區忠孝東路４段１５３號１２樓,倉儲行業
12664093,新誼整合科技股份有限公司,臺北市內湖區新湖二路128號3樓,倉儲行業
12666493,中保資通股份有限公司,臺北市士林區中山北路5段693號4樓,倉儲行業
12668767,德翔船務代理股份有限公司,臺北市松山區敦化北路167號6樓,倉儲行業
12669169,致盈有限公司,臺北市中山區民權東路1段72號11樓之17,倉儲行業
12669695,振邦國際通運股份有限公司,臺北市松山區撫遠街374號1樓,倉儲行業
12670412,芙康健康產業股份有限公司,臺北市信義區基隆路2段131之20號13樓,倉儲行業
12673059,革盈有限公司,臺北市中山區民權東路１段７２號１１樓之１７,倉儲行業
12674070,勤德股份有限公司,臺北市大安區忠孝東路4段320號9樓,倉儲行業
12677317,銳聯運通有限公司,臺北市中山區長安東路2段178號6樓之1,倉儲行業
12679589,丞右實業有限公司,臺北市中正區紹興北街31巷6號2樓之2,倉儲行業
12680559,紅蕃茄油品科技股份有限公司,臺北市松山區東興路２６號１５樓,倉儲行業
12681641,網訊電通股份有限公司,臺北市信義區東興路45號11樓,倉儲行業
12683444,旺弘廢棄物清除有限公司,臺北市大安區樂業街１５９巷８號１樓,倉儲行業
12684302,華潤國際運通有限公司,臺北市松山區塔悠路３１８號３２０號,倉儲行業
12688004,雪霸科技股份有限公司,臺北市大安區敦化南路１段３２９巷１２號１樓,倉儲行業
12688433,德叡股份有限公司,臺北市信義區信義路5段5號,倉儲行業
12689003,大津山有限公司,臺北市大同區南京西路315號7樓,倉儲行業
12691269,卜巨股份有限公司,臺北市松山區民族東路695號,倉儲行業
12691423,台合科技股份有限公司,臺北市大安區仁愛路4段25之1號11樓,倉儲行業
12694300,世界國際有限公司,臺北市大安區光復南路４１２號３樓之３,倉儲行業
12696406,軒佳有限公司,臺北市大同區迪化街2段168號1樓,倉儲行業
12696855,波斯納文化股份有限公司,臺北市中正區館前路28號2樓,倉儲行業
12696861,星暉國際運通有限公司,臺北市內湖區堤頂大道477號8樓之1,倉儲行業
12697051,寰亞行銷服務股份有限公司,臺北市內湖區洲子街100號10樓,倉儲行業
12724178,宇竑國際股份有限公司,臺北市大同區重慶北路１段２２之２號,倉儲行業
12729666,峻富物流股份有限公司,臺北市中山區民族東路520號,倉儲行業
12738546,麥迪森企業股份有限公司,臺北市中正區林森南路10號5樓,倉儲行業
12748501,豐盈事業有限公司,臺北市大安區復興南路1段283號3樓之1,倉儲行業
12752482,前圳工程有限公司,臺北市南港區福德街373巷51號2樓,倉儲行業
12755447,經基興業有限公司,臺北市文山區和興路52巷9號2樓,倉儲行業
12768082,吉順興業有限公司,臺北市內湖區江南街71巷16弄7號3樓,倉儲行業
12857084,國際紙業貿易股份有限公司,臺北市松山區南京東路3段261號5樓,倉儲行業
12857325,天成開發股份有限公司,臺北市中正區忠孝西路1段41號5樓之16,倉儲行業
12858302,原朗國際聯運有限公司,臺北市松山區南京東路4段95號7樓,倉儲行業
12858788,聯慶開發實業有限公司,臺北市中山區民族東路５２０號１樓,倉儲行業
12867787,萬豐運通股份有限公司,臺北市中山區松江路220號7樓之4,倉儲行業
12873303,雅室室內用品股份有限公司,臺北市中山區松江路３０１號６樓之２、之４,倉儲行業
12875914,伊凡投資股份有限公司,臺北市中山區民生東路3段77號5樓,倉儲行業
12931556,飛揚國際聯運有限公司,臺北市中正區羅斯福路2段136號10樓,倉儲行業
12932534,燿丞國際有限公司,臺北市松山區復興北路３３３號３樓,倉儲行業
12939608,世達電股份有限公司,臺北市中正區仁愛路２段７１號４樓之３,倉儲行業
12945448,優谷多股份有限公司,臺北市士林區承德路4段306號7樓,倉儲行業
12947348,凱巨實業有限公司,臺北市信義區仁愛路４段４６６號２樓,倉儲行業
12954656,理兆運通有限公司,臺北市中山區錦州街１５９號６樓之１１,倉儲行業
12955590,大葉聯合生物科技有限公司,臺北市文山區秀明路1段110號,倉儲行業
12955640,利萬富企業有限公司,臺北市內湖區成功路2段426巷7弄3號,倉儲行業
12956107,傑順通運股份有限公司,臺北市中山區松江路２３號３樓之２,倉儲行業
12957669,智彬有限公司,臺北市內湖區文湖街４８號２樓,倉儲行業
12958323,台灣世天威倉儲有限公司,臺北市大安區敦化南路1段225號6樓之3,倉儲行業
12959998,日順國際企業股份有限公司,臺北市萬華區西藏路199巷43號2樓,倉儲行業
12962234,家家通活動量販有限公司,臺北市信義區莊敬路325巷4號1樓,倉儲行業
12962683,圻勳股份有限公司,臺北市松山區南京東路５段１５４號６樓,倉儲行業
12963156,中法興物流股份有限公司,臺北市北投區石牌路1段6號3樓,倉儲行業
12963563,藝見傳播有限公司,臺北市中正區汀州路2段259號1樓,倉儲行業
12967076,中華冰溫有限公司,臺北市大同區重慶北路２段４８號６樓之３,倉儲行業
12968119,筑康國際科技股份有限公司,臺北市中正區羅斯福路２段１００號２４樓,倉儲行業
12972015,永翔先有限公司,臺北市松山區復興北路453號3樓,倉儲行業
12974560,茂系亞股份有限公司,臺北市信義區永吉路30巷177弄36號,倉儲行業
12977052,蒿運企業有限公司,臺北市大同區重慶北路２段１９６號６樓之９,倉儲行業
12980704,台灣速霸陸股份有限公司,臺北市中正區忠孝東路2段100號8樓之1,倉儲行業
12980893,欣業國際股份有限公司,臺北市大安區敦化南路2段76號6樓之2,倉儲行業
13000691,展晟貨櫃有限公司,臺北市內湖區成功路4段41巷3號,倉儲行業
13019880,曜德車業有限公司,臺北市松山區塔悠路350號,倉儲行業
13028092,威能電通信股份有限公司,臺北市萬華區德昌街167號1樓,倉儲行業
13073624,台灣群耀實業有限公司,臺北市大安區忠孝東路4段126之15號3樓,倉儲行業
13081716,台灣高虎股份有限公司,臺北市中山區長春路328號9樓,倉儲行業
13082095,巧比事業股份有限公司,臺北市中山區松江路67號9樓之1,倉儲行業
13082356,冠忻企業有限公司,臺北市松山區民生東路５段３６巷４弄５７號１樓,倉儲行業
13084642,偉敦有限公司,臺北市中山區雙城街4巷2號4樓之8,倉儲行業
13086228,泰瑞家電股份有限公司,臺北市萬華區環河南路2段250巷28弄28號1樓,倉儲行業
13088990,亞溢國際有限公司,臺北市中山區民權東路３段１０號４樓之１,倉儲行業
13091186,良友科技股份有限公司,臺北市中山區南京東路2段8號12樓之1,倉儲行業
13091448,滴夏有機事業有限公司,臺北市士林區華榮街1號1樓,倉儲行業
13092185,澄謙企業有限公司,臺北市士林區通河東街1段9巷6號4樓,倉儲行業
13095325,基佳電子材料股份有限公司,臺北市中正區重慶南路1段57號13樓之14,倉儲行業
13097180,朝輝國際股份有限公司,臺北市內湖區潭美街587號2樓,倉儲行業
13105837,諾保國際有限公司,臺北市內湖區康寧路3段23號2樓之1,倉儲行業
13106456,寶順興國際運通有限公司,臺北市中山區林森北路101號3樓,倉儲行業
13106511,伊果國際有限公司,臺北市文山區興隆路２段２４４巷４１弄９號４樓,倉儲行業
13107672,大聯大電子股份有限公司,臺北市南港區成功路1段70號4樓,倉儲行業
13108145,富樺康有限公司,臺北市士林區忠誠路２段１５４巷３號１樓,倉儲行業
13118039,意霖美工材料有限公司,臺北市內湖區內湖路1段91巷30號,倉儲行業
13118045,玄奘印刷文化有限公司,臺北市松山區塔悠路19號9樓之4,倉儲行業
13120696,日豪興業有限公司,臺北市大安區通化街186巷8號,倉儲行業
13123835,聚孚國際股份有限公司,臺北市中山區合江街41巷13號4樓,倉儲行業
13124222,新竑亮實業股份有限公司,臺北市內湖區內湖路1段512號3樓,倉儲行業
13124721,台大電信通業有限公司,臺北市大同區延平北路3段22號1樓,倉儲行業
13127327,達邦多媒體股份有限公司,臺北市內湖區新湖三路168號3樓之2,倉儲行業
13127353,典固人文股份有限公司,臺北市信義區基隆路2段189號15樓之13,倉儲行業
13128418,理格股份有限公司,臺北市松山區民權東路3段142號12樓之1,倉儲行業
13128851,富儀國際科技股份有限公司,臺北市內湖區瑞光路188巷48號7樓,倉儲行業
13132525,惇棋實業股份有限公司,臺北市中山區南京東路2段8號9樓,倉儲行業
13133756,海威國際物流股份有限公司,臺北市大安區復興南路1段215號3樓,倉儲行業
13134755,東宜物流有限公司,臺北市萬華區環河南路3段333號1樓,倉儲行業
13135332,凱洋國際物流有限公司,臺北市中正區忠孝東路２段１３０號７樓之４,倉儲行業
13137330,圓滿香華股份有限公司,臺北市中山區南京東路2段172號5樓,倉儲行業
13141186,<U+6ED9>力通運有限公司,臺北市中山區松江路72號5樓,倉儲行業
13141854,冠榤股份有限公司,臺北市信義區松德路171號13樓之1,倉儲行業
13153534,<U+5586>康股份有限公司,臺北市中正區羅斯福路２段１００號２４樓,倉儲行業
13173383,約瑟科技顧問有限公司,臺北市南港區東新街180巷11號地下1層之7,倉儲行業
14012061,甯w實業股份有限公司,臺北市大安區信義路4段184號4樓,倉儲行業
14026987,榮電股份有限公司,臺北市文山區羅斯福路6段107號1樓,倉儲行業
14053007,潤泰全球股份有限公司,臺北市中山區八德路2段308號13樓之1,倉儲行業
14076825,勝力交通有限公司,臺北市士林區承德路4段33巷10號2樓,倉儲行業
14082967,治林企業有限公司,臺北市中山區民生東路2段115巷22號,倉儲行業
14089976,美吾華股份有限公司,臺北市松山區復興北路167號5樓,倉儲行業
15023804,大信冷凍廠有限公司,臺北市萬華區西園路1段1、3、5號,倉儲行業
15029912,大森冷凍廠有限公司,臺北市萬華區雙園街152巷1號,倉儲行業
15319335,新東陽股份有限公司,臺北市大安區忠孝東路4段289號8樓,倉儲行業
15456920,聚益水電工程有限公司,臺北市萬華區和平西路3段309巷15弄49號,倉儲行業
15814882,均輝工業股份有限公司,臺北市萬華區桂林路242巷8號3樓,倉儲行業
15876227,友尚股份有限公司,臺北市內湖區堤頂大道2段489號9樓,倉儲行業
16013924,恆翔國際有限公司,臺北市中正區重慶南路1段99號11樓之8,倉儲行業
16053967,良運運通有限公司,臺北市內湖區民權東路6段56巷17號1樓,倉儲行業
16081838,美商康普通訊科技股份有限公司,臺北市大安區敦化南路2段335號5樓,倉儲行業
16091337,永豐金租賃股份有限公司,臺北市中山區八德路2段203號5樓,倉儲行業
16092981,英屬維京群島商高寶國際有限公司,臺北市內湖區洲子街88號3樓,倉儲行業
16095002,統一國際開發股份有限公司,臺北市信義區松高路11號10樓,倉儲行業
16141792,美台華德科技股份有限公司,臺北市松山區復興北路191號7樓之2,倉儲行業
16155628,創傑國際股份有限公司,臺北市內湖區陽光街381號7樓,倉儲行業
16156865,巨豐旅館管理顧問股份有限公司,臺北市大安區敦化南路2段76號8樓,倉儲行業
16159743,合發物流有限公司,臺北市中山區民族東路520號,倉儲行業
16161564,昶捷物流股份有限公司,臺北市士林區德行東路266巷8號2樓,倉儲行業
16173787,興環實業有限公司,臺北市信義區林口街38巷36號1樓,倉儲行業
16236951,八方行食品股份有限公司,臺北市中山區民族東路410巷23弄1號1樓,倉儲行業
16281701,花鄉開發有限公司,臺北市信義區基隆路1段109之6號3樓之2,倉儲行業
16283145,貝登堡國際開發有限公司,臺北市中山區復興北路346號1樓,倉儲行業
16285777,全博倉儲股份有限公司,臺北市松山區民生東路3段156號18樓之6,倉儲行業
16286543,慶杰國際股份有限公司,臺北市中山區松江路289之602號(6樓),倉儲行業
16287655,正勝物流有限公司,臺北市大同區敦煌路5號,倉儲行業
16289041,季風貿易有限公司,臺北市中山區中山北路3段53之4號2樓,倉儲行業
16292144,大吉利貨運物流有限公司,臺北市松山區光復北路2號6樓,倉儲行業
16298040,中保物流股份有限公司,臺北市大同區鄭州路139號5樓,倉儲行業
16302451,中錄國際開發有限公司,臺北市中山區中山北路2段27巷17號6樓之12,倉儲行業
16306999,東達運通有限公司,臺北市中山區松江路182號11樓,倉儲行業
16316928,盛高貿易有限公司,臺北市大安區敦化南路2段57號9樓之3,倉儲行業
16319452,美福倉儲股份有限公司,臺北市內湖區民善街76號1樓,倉儲行業
16322029,五個銅貨服飾企業有限公司,臺北市中山區中山北路1段121巷29號1樓,倉儲行業
16325969,亞仕商國際股份有限公司,臺北市中山區松江路87號10樓之2,倉儲行業
16326209,協承昌股份有限公司,臺北市松山區復興北路1號8樓之7,倉儲行業
16326593,唐偉國際有限公司,臺北市信義區松德路161號24樓之1,倉儲行業
16328564,安全包裝有限公司,臺北市松山區三民路9號5樓之15,倉儲行業
16334658,宣鳴企業管理股份有限公司,臺北市大安區復興南路1段237號9樓之1,倉儲行業
16360368,聯嵩企業股份有限公司,臺北市信義區忠孝東路4段560號12樓,倉儲行業
16380435,正杰搬家通運有限公司,臺北市中山區北安路535-4號,倉儲行業
16432996,中華城股份有限公司,臺北市松山區東興路12號6樓,倉儲行業
16433947,歐聯國際租賃股份有限公司,臺北市大安區敦化南路2段97號16樓,倉儲行業
16440551,大昌瑞台股份有限公司,臺北市內湖區內湖路1段120巷19號3樓,倉儲行業
16443826,福運國際有限公司,臺北市大同區南京西路36號7樓之5,倉儲行業
16443874,台灣日立物流股份有限公司,臺北市中山區松江路237號10樓,倉儲行業
16445649,甌圖軟體開發股份有限公司,臺北市大同區民生西路299號4樓,倉儲行業
16446437,福儲實業股份有限公司,臺北市大安區仁愛路4段2號3樓,倉儲行業
16496787,鱷魚企業有限公司,臺北市大安區忠孝東路4段51之5號,倉儲行業
16547625,新福聯倉儲有限公司,臺北市中山區建國北路3段113巷7弄17號2樓,倉儲行業
16584228,北海能源股份有限公司,臺北市大安區仁愛路4段25之1號11樓,倉儲行業
16584389,盛豐興農業有限公司,臺北市大安區羅斯福路3段125號11樓之1,倉儲行業
16588836,泰致國際股份有限公司,臺北市大安區金山南路2段2號7樓之2,倉儲行業
16593922,新隆城開發股份有限公司,臺北市松山區八德路4段686號11樓之3,倉儲行業
16595718,漢陽倉儲有限公司,臺北市中正區紹興北街3號10樓,倉儲行業
16606102,網路家庭國際資訊股份有限公司,臺北市大安區敦化南路2段105號12樓,倉儲行業
16607637,總合物流有限公司,臺北市大安區金山南路2段2號7樓之2,倉儲行業
16608018,善誠股份有限公司,臺北市內湖區瑞光路513巷22弄5號8樓之4,倉儲行業
16609184,群力興業有限公司,臺北市內湖區星雲街２２號２樓,倉儲行業
16609683,柏瑞克股份有限公司,臺北市中正區新生南路1段158號6樓,倉儲行業
16612174,邏輯運籌股份有限公司,臺北市大同區民樂街25號2樓,倉儲行業
16612364,雅仕國際航空貨運承攬有限公司,臺北市松山區撫遠街249巷31號,倉儲行業
16612673,力華國際股份有限公司,臺北市大安區忠孝東路４段２１９號８樓,倉儲行業
16615469,天品開發股份有限公司,臺北市中山區建國北路2段33號12樓,倉儲行業
16615572,連濠貿易有限公司,臺北市南港區成功路1段21號,倉儲行業
16616565,紹善股份有限公司,臺北市中正區林森南路10號5樓,倉儲行業
16616734,億和興企業股份有限公司,臺北市士林區通河西街2段23號3樓,倉儲行業
16619417,百內爾國際生化科技股份有限公司,臺北市中山區南京東路2段132號4樓,倉儲行業
16632024,葉水福物流股份有限公司,臺北市中山區林森北路50號7樓之2,倉儲行業
16633831,第一租賃股份有限公司,臺北市信義區信義路4段458號25樓,倉儲行業
16634439,鳳誠實業股份有限公司,臺北市中正區重慶南路1段15號8樓,倉儲行業
16634867,美商卡特彼勒貿易股份有限公司,臺北市大安區仁愛路四段五０之五十一號（華美聯合大廈-8E）,倉儲行業
16674579,大豊開發股份有限公司,臺北市中山區南京東路2段72號3樓,倉儲行業
16736983,摩司科技股份有限公司,臺北市北投區吉利街233號1樓,倉儲行業
16743289,德懋開發實業股份有限公司,臺北市內湖區內湖路1段512號3樓,倉儲行業
16758472,偉碩租賃有限公司,臺北市中山區樂群二路198號3樓,倉儲行業
16761933,淳品實業股份有限公司,臺北市萬華區莒光路310號5樓,倉儲行業
16764684,全統物流股份有限公司,臺北市內湖區民權東路6段2號,倉儲行業
16765826,名港興業有限公司,臺北市大安區辛亥路2段167號15樓,倉儲行業
16766579,誼光國際公寓大廈管理維護股份有限公司,臺北市南港區三重路19之6號1樓,倉儲行業
16768746,亦德興業有限公司,臺北市北投區吉利街280巷27弄7號1樓,倉儲行業
16769007,大景倉儲股份有限公司,臺北市信義區信義路5段150巷2號13樓之7,倉儲行業
16774022,冠聖建材有限公司,臺北市大安區和平東路2段107巷11弄4之1號,倉儲行業
16775275,彙通科技股份有限公司,臺北市中山區吉林路22巷4號1樓,倉儲行業
16778131,泛太通運有限公司,臺北市松山區南京東路4段95號7樓,倉儲行業
16778619,輕鬆生活事業有限公司,臺北市中山區雙城街37巷9號5樓,倉儲行業
16779666,翔達開發科技有限公司,臺北市信義區忠孝東路5段510號6樓,倉儲行業
16783325,八達國際物流股份有限公司,臺北市松山區八德路3段210號8樓,倉儲行業
16783351,玩具書屋有限公司,臺北市士林區中正路６０１號８樓８室,倉儲行業
16783887,詮甲股份有限公司,臺北市中山區復興北路48號5樓,倉儲行業
16785787,大通國際運通股份有限公司,臺北市信義區松隆路３２７號８樓之３,倉儲行業
16788004,台灣日通日電物流股份有限公司,臺北市松山區復興北路181號15樓之1、15樓之2,倉儲行業
16790727,吉樺貨運交通有限公司,臺北市松山區南京東路5段336號7樓之4,倉儲行業
16796172,岩島成股份有限公司,臺北市大安區忠孝東路4段312號8樓之3,倉儲行業
16796784,台灣貝德瑪股份有限公司,臺北市信義區忠孝東路5段510號6樓,倉儲行業
16797186,耐駛有限公司,臺北市大同區迪化街1段32巷32號,倉儲行業
16830827,歌林開發股份有限公司,臺北市中正區重慶南路1段86號7樓,倉儲行業
16833394,常新欣業股份有限公司,臺北市萬華區莒光路310號5樓,倉儲行業
16835822,台灣客服股份有限公司,臺北市大安區忠孝東路4段126之3號,倉儲行業
16839714,台亞石油股份有限公司,臺北市松山區敦化北路201之34號5樓,倉儲行業
16840487,台灣樂金顯示科技股份有限公司,臺北市內湖區堤頂大道2段89號9樓,倉儲行業
16846270,新加坡商安富利股份有限公司,臺北市南港區園區街3號5樓,倉儲行業
16846314,英屬維京群島商亞太醫聯股份有限公司,臺北市大安區復興南路1段360號7樓之3,倉儲行業
16846911,美商美濃股份有限公司,臺北市松山區八德路四段七六０號八樓之一,倉儲行業
16848474,新加坡商德安中華有限公司,臺北市中正區青島東路五號七樓,倉儲行業
16898804,照崧科技股份有限公司,臺北市中正區紹興北街31巷6號9樓之2,倉儲行業
16917719,雄業倉儲股份有限公司,臺北市信義區忠孝東路5段412號3樓之4,倉儲行業
16953806,一元汽車貨運有限公司,臺北市大同區環河北路2段391號2樓,倉儲行業
18507156,大行化學工業股份有限公司,臺北市中山區中山北路3段27號10樓之7,倉儲行業
18629968,永三企業股份有限公司,臺北市大安區敦化南路1段177巷50號1樓,倉儲行業
19083705,韋嘉營造股份有限公司,臺北市大安區東豐街66號6樓,倉儲行業
20592312,忠欣股份有限公司,臺北市大安區復興南路2段45號2樓,倉儲行業
20651901,黑松股份有限公司,臺北市大安區信義路4段296號3樓,倉儲行業
20668001,新發製鋼股份有限公司,臺北市中山區長春路19號9樓,倉儲行業
20685304,臺灣航勤股份有限公司,臺北市松山區敦化北路340號3樓臺北國際機場民航大廈左側,倉儲行業
20710113,生洋物流股份有限公司,臺北市中山區松江路220號4樓之1,倉儲行業
20773257,展眥篕琲悒鬫陪迨膝q,臺北市中正區忠孝西路1段39號2-4樓,倉儲行業
20795246,特力股份有限公司,臺北市內湖區新湖三路23號1、2、5樓,倉儲行業
20816256,泰運股份有限公司,臺北市松山區復興北路181號3樓之1,倉儲行業
20821856,康橋貨運交通有限公司,臺北市松山區撫遠街259號,倉儲行業
20838548,勝<U+5CEF>貨運有限公司,臺北市松山區南京東路5段399之1號1樓,倉儲行業
20844865,台灣苯乙烯工業股份有限公司,臺北市中正區羅斯福路1段6號8樓之1,倉儲行業
20846081,海華建設股份有限公司,臺北市松山區民生東路5段167號2樓,倉儲行業
20855378,福有企業有限公司,臺北市中山區民權東路3段4號18樓,倉儲行業
20874810,孟展貨運有限公司,臺北市萬華區成都路135號6樓之1,倉儲行業
20884177,勤裕企業股份有限公司,臺北市內湖區行愛路159號4樓,倉儲行業
20889953,旭華航空貨運承攬有限公司,臺北市中山區民權東路3段75巷11號,倉儲行業
20916353,艾福碧股份有限公司,臺北市中山區朱崙街60號6樓,倉儲行業
20969294,建智股份有限公司,臺北市內湖區堤頂大道2段489號2樓,倉儲行業
20985999,易佰企業有限公司,臺北市松山區塔悠路195號,倉儲行業
21217201,富量匯資訊股份有限公司,臺北市信義區基隆路1段68號2樓,倉儲行業
21220466,順捷航空貨運代理股份有限公司,臺北市松山區寶清街31號9樓,倉儲行業
21222725,仁寶電腦工業股份有限公司,臺北市內湖區瑞光路581號,倉儲行業
21226383,茂豐租賃股份有限公司,臺北市大安區忠孝東路4段320號6樓,倉儲行業
21244761,松福運輸有限公司,臺北市信義區福德街113之1號1樓,倉儲行業
22008982,躍騏興業股份有限公司,臺北市信義區松山路132號9樓,倉儲行業
22016131,新悅實業有限公司,臺北市文山區景興路23巷6弄9號1樓,倉儲行業
22020830,鴻躍有限公司,臺北市松山區南京東路5段160號1樓,倉儲行業
22032218,裔珈服飾企業有限公司,臺北市士林區磺溪街36號7樓,倉儲行業
22033666,騰鋒國際股份有限公司,臺北市內湖區民權東路6段123巷24號5樓之4,倉儲行業
22045488,強太企業有限公司,臺北市萬華區環河南路2段250巷28弄28號1樓,倉儲行業
22089345,倚天資訊股份有限公司,臺北市內湖區瑞光路68號6樓,倉儲行業
22102473,佳格食品股份有限公司,臺北市大安區仁愛路3段136號5樓,倉儲行業
22156913,律僑有限公司,臺北市中山區建國北路2段33號5樓之8,倉儲行業
22159812,今盛企業有限公司,臺北市松山區南京東路4段197號5樓,倉儲行業
22174644,艾克萊國際有限公司,臺北市內湖區民權東路6段23號3樓之3,倉儲行業
22190686,愛山林建設開發股份有限公司,臺北市大安區忠孝東路4段166號11樓之2,倉儲行業
22318255,松青商業股份有限公司,臺北市內湖區民權東路6段296巷20號,倉儲行業
22328155,元泰國際企業有限公司,臺北市中山區南京東路3段61號5樓,倉儲行業
22328970,康國行銷股份有限公司,臺北市中山區松江路125號10樓,倉儲行業
22329817,國洋國際物流股份有限公司,臺北市信義區忠孝東路4段500號9樓之4,倉儲行業
22339934,東西國際物流股份有限公司,臺北市松山區南京東路3段287號14樓,倉儲行業
22345387,祥美食品股份有限公司,臺北市大安區信義路2段88號5樓,倉儲行業
22351654,群環科技股份有限公司,臺北市大同區重慶北路2段243號8樓,倉儲行業
22361549,洋盟海運承攬運送股份有限公司,臺北市南港區八德路4段778號2樓,倉儲行業
22415496,龍巖股份有限公司,臺北市中山區民權東路2段166號1樓,倉儲行業
22422291,宏橋圖書館設備有限公司,臺北市中山區通北街122號4樓,倉儲行業
22423019,國銀貿易股份有限公司,臺北市中山區民權東路１段７２號６樓,倉儲行業
22430118,新能化工股份有限公司,臺北市中正區衡陽路10號9樓,倉儲行業
22433229,欒芳企業有限公司,臺北市信義區忠孝東路5段1之5號6樓,倉儲行業
22434141,惠陽百貨股份有限公司,臺北市中山區(南)長春路三十一號七樓之一,倉儲行業
22434727,金界航空貨運代理股份有限公司,臺北市大安區忠孝東路4段142號5樓之5,倉儲行業
22437885,台灣騖德華舜物流有限公司,臺北市中山區南京東路2段100號7樓之4,倉儲行業
22439103,近鐵運通股份有限公司,臺北市中山區長安東路2段99號3樓,倉儲行業
22444345,古靈閣貿易有限公司,臺北市松山區八德路3段166號及166-1號,倉儲行業
22446126,上伊美有限公司,臺北市大安區安居街108巷16號1樓,倉儲行業
22447201,松昇工業有限公司,臺北市信義區林口街38巷6號1樓,倉儲行業
22522138,台灣泰科電子股份有限公司,臺北市信義區東興路45號3樓,倉儲行業
22522453,亞東工業氣體股份有限公司,臺北市內湖區瑞光路399號7樓,倉儲行業
22603173,金祥科技股份有限公司,臺北市南港區南港路3段47巷2號7樓,倉儲行業
22633628,浩閎通運有限公司,臺北市大安區忠孝東路4段289號7樓,倉儲行業
22637954,世貿航空貨運承攬股份有限公司,臺北市松山區東興路26、28號16樓,倉儲行業
22650392,祥和國際物流股份有限公司,臺北市松山區南京東路5段356號3樓之1,倉儲行業
22650610,掬菁行銷股份有限公司,臺北市中正區衡陽路10號8樓,倉儲行業
22655360,佳成全球物流有限公司,臺北市中山區農安街227巷3弄16號7樓,倉儲行業
22660309,亞太工商聯股份有限公司,臺北市松山區東興路12號2樓,倉儲行業
22662550,家福股份有限公司,臺北市南港區南港路2段20巷5號地下1樓,倉儲行業
22714760,金又輝企業股份有限公司,臺北市大安區和平東路2段107巷12之1號1樓,倉儲行業
22721354,世樺國際聯運有限公司,臺北市中山區南京東路3段200號7樓,倉儲行業
22732710,德阜興業股份有限公司,臺北市中山區松江路152號9樓之11,倉儲行業
22738720,瓊蓮股份有限公司,臺北市內湖區民權東路6段11巷37之1號4樓,倉儲行業
22740802,亞致力物流股份有限公司,臺北市內湖區瑞光路192號11樓,倉儲行業
22746398,捷禎科技開發有限公司,臺北市中山區松江路3號6樓之2,倉儲行業
22763500,惠聚多媒體股份有限公司,臺北市南港區南港路2段99之16號,倉儲行業
22765964,峰榮食品工業股份有限公司,臺北市大安區信義路4段69號5樓,倉儲行業
22788713,力麗家具有限公司,臺北市內湖區舊宗路1段288號1樓,倉儲行業
22822395,大三商國際貨櫃儲運股份有限公司,臺北市中山區南京東路2段71號3樓,倉儲行業
22822418,台宇實業股份有限公司,臺北市內湖區內湖路1段66號10樓,倉儲行業
22853066,裕利股份有限公司,臺北市松山區南京東路4段126號10樓、10樓之1至之3,倉儲行業
22853328,永聖貿易股份有限公司,臺北市中山區南京東路2段125號14樓,倉儲行業
22853565,來來超商股份有限公司,臺北市信義區松德路131號地下1樓,倉儲行業
22861381,臺灣日通國際物流股份有限公司,臺北市大安區忠孝東路4段285號14樓,倉儲行業
22891961,新豐塑膠有限公司,臺北市南港區重陽路524號1樓,倉儲行業
22898578,開瑞運通股份有限公司,臺北市中山區新生北路1段41號2樓,倉儲行業
22954677,新加坡商敦豪全球貨運物流股份有限公司,臺北市內湖區舊宗路2段189號3樓、3樓之1、3樓之2,倉儲行業
22957668,台北花卉產銷股份有限公司,臺北市內湖區新湖三路28及36號,倉儲行業
22957766,美商達美航空股份有限公司,臺北市松山區敦化南路1段2號9樓,倉儲行業
23023595,金洲股份有限公司,臺北市大安區忠孝東路3段239號4樓,倉儲行業
23026093,偉瀚實業股份有限公司,臺北市士林區後港街169號1樓2樓,倉儲行業
23046859,昌億運通股份有限公司,臺北市信義區松信路１８號１樓,倉儲行業
23050488,泰德物流有限公司,臺北市中山區新生北路3段19巷36號1樓,倉儲行業
23060232,台灣善美的股份有限公司,臺北市中山區敬業四路33號8樓,倉儲行業
23060401,台灣上組股份有限公司,臺北市中山區建國北路2段129號12樓,倉儲行業
23060541,聯強國際股份有限公司,臺北市中山區民生東路3段75號4樓,倉儲行業
23060824,千日股份有限公司,臺北市中山區南京東路2段90號20樓,倉儲行業
23064011,紀森實業股份有限公司,臺北市大安區臥龍街3號8樓之1,倉儲行業
23114552,尚義工程股份有限公司,臺北市內湖區成功路5段87之2號,倉儲行業
23117328,安地企業有限公司,臺北市中正區汀州路1段193號2樓,倉儲行業
23134543,捷元股份有限公司,臺北市內湖區瑞光路66巷36號,倉儲行業
23137871,大躍環球物流有限公司,臺北市中山區松江路66號8樓,倉儲行業
23145632,帆宣系統科技股份有限公司,臺北市南港區園區街3-2號6樓,倉儲行業
23152443,拓領環球運輸股份有限公司,臺北市內湖區堤頂大道2段301號6樓,倉儲行業
23219388,美商優比速國際股份有限公司,臺北市士林區大南路361號地下1樓,倉儲行業
23219465,龍霖投資股份有限公司,臺北市中山區明水路411號7樓,倉儲行業
23220076,昌盛國際企業股份有限公司,臺北市松山區南京東路3段248號10樓之2,倉儲行業
23224707,百陸達股份有限公司,臺北市信義區基隆路2段149之17號10樓,倉儲行業
23226418,多禮股份有限公司,臺北市中山區中山北路2段45巷21之1號3樓,倉儲行業
23263834,中棉倉儲股份有限公司,臺北市中山區長安東路1段63之1號5樓,倉儲行業
23284134,慶威集運有限公司,臺北市中山區長安東路2段80號2樓之1,倉儲行業
23285582,萊爾富國際股份有限公司,臺北市內湖區西湖里瑞光路502號3樓,倉儲行業
23297476,盈健股份有限公司,臺北市中山區松江路54號6樓之2,倉儲行業
23309091,都城實業股份有限公司,臺北市大安區忠孝東路4段312號8樓之3,倉儲行業
23311033,旗標出版股份有限公司,臺北市中正區杭州南路1段15之1號19樓,倉儲行業
23319491,富崙有限公司,臺北市內湖區成功路4段30巷10號11樓之1,倉儲行業
23323707,中華通路租賃股份有限公司,臺北市大安區安和路1段29號15樓,倉儲行業
23357403,光寶科技股份有限公司,臺北市內湖區瑞光路392號22樓,倉儲行業
23357733,吸引力綜合百貨股份有限公司,臺北市信義區松仁路89號5樓,倉儲行業
23416579,美商聯邦快遞股份有限公司,臺北市中山區中山北路2段61號9樓,倉儲行業
23420757,潤力有限公司,臺北市南港區重陽路522號1樓,倉儲行業
23450098,聚孚企業股份有限公司,臺北市大安區復興南路１段３５２號５樓之１,倉儲行業
23451224,瑪蒂雅股份有限公司,臺北市中山區松江路25巷2、4號1樓,倉儲行業
23454263,恩比仕科技股份有限公司,臺北市中山區民權東路1段36號7樓之1,倉儲行業
23503264,開成實業有限公司,臺北市大同區西寧北路62之5號8樓,倉儲行業
23525865,台灣住倉股份有限公司,臺北市中山區中山北路2段129號8樓之3,倉儲行業
23527441,台灣瑞薩電子股份有限公司,臺北市松山區復興北路363號13樓,倉儲行業
23528309,台灣三井物產股份有限公司,臺北市大安區敦化南路2段97號20、21樓,倉儲行業
23529341,郵船通運股份有限公司,臺北市中正區忠孝東路2段88號8樓,倉儲行業
23529784,捷盟行銷股份有限公司,臺北市信義區忠孝東路4段560號7樓,倉儲行業
23534251,天剛資訊股份有限公司,臺北市中山區中山北路3段27號3樓之5,倉儲行業
23589972,尊貿化學有限公司,臺北市松山區敦化北路207號4樓之8及10,倉儲行業
23590226,東合冷凍食品有限公司,臺北市萬華區西藏路478號1樓,倉儲行業
23591040,彩辰廣告股份有限公司,臺北市內湖區文德路208巷62號,倉儲行業
23591219,鼎太國際股份有限公司,臺北市中正區和平西路1段170號2樓,倉儲行業
23599423,生于貿易股份有限公司,臺北市中山區建國北路2段65號8樓,倉儲行業
23606775,台灣三井倉庫股份有限公司,臺北市中山區松江路80號10樓,倉儲行業
23615486,力麗觀光開發股份有限公司,臺北市中山區松江路162號3樓,倉儲行業
23617668,達優利國際運通有限公司,臺北市松山區八德路4段135號2樓之1,倉儲行業
23623795,嘉榮行銷股份有限公司,臺北市中山區民生東路3段77號3樓,倉儲行業
23625631,遠東生物科技股份有限公司,臺北市南港區園區街3號13樓,倉儲行業
23629572,溫鼎億貿易化工有限公司,臺北市松山區敦化北路207號4樓之6及9、7樓之2,倉儲行業
23640801,所羅門股份有限公司,臺北市內湖區行忠路42號6樓,倉儲行業
23732055,高效率數位科技股份有限公司,臺北市中山區復興南路1段36號3樓,倉儲行業
23733420,東宜資訊股份有限公司,臺北市信義區光復南路495號3樓、3樓之1,倉儲行業
23739368,前錦國際開發室內裝修設計工程有限公司,臺北市松山區復興北路57號15樓之4,倉儲行業
23742856,吉杏展業股份有限公司,臺北市大安區延吉街239號3樓,倉儲行業
23746017,嚨福貿易有限公司,臺北市士林區德行東路190巷1弄8號1樓,倉儲行業
23746190,瑞登國際有限公司,臺北市內湖區堤頂大道2段477號8樓之1,倉儲行業
23756788,海聯國際有限公司,臺北市中山區中山北路2段129號8樓之2,倉儲行業
23761071,高佳林實業股份有限公司,臺北市內湖區新湖一路89號3樓,倉儲行業
23761945,道成企業有限公司,臺北市文山區羅斯福路6段142巷82號1樓,倉儲行業
23788698,陸耀貿易有限公司,臺北市中山區明水路397巷19弄22號(1樓),倉儲行業
23885137,芫玉企業有限公司,臺北市中正區桃源街13號6樓之3,倉儲行業
23885559,巨大國際通運股份有限公司,臺北市松山區民生東路5段165號8樓,倉儲行業
23892989,舜翊有限公司,臺北市中山區新生北路1段25之2號1樓,倉儲行業
23908862,昶志企管顧問有限公司,臺北市中山區松江路32之1號8樓,倉儲行業
23912471,翔正行有限公司,臺北市中山區民權西路11號10樓,倉儲行業
23918165,思高國際物流有限公司,臺北市中山區民權東路1段76號13樓,倉儲行業
23931049,商船三井物流股份有限公司,臺北市中山區南京東路2段71號6樓,倉儲行業
23984185,英屬維爾京群島商高力國際股份有限公司,臺北市信義區信義路5段7號49樓,倉儲行業
23988865,華信航空股份有限公司,臺北市松山區敦化北路405巷123弄3號,倉儲行業
24042542,南港鐵路承攬運輸行有限公司,臺北市南港區舊莊街1段64號5樓,倉儲行業
24231924,瑞程供應鏈有限公司,臺北市松山區八德路4段106巷4弄10號,倉儲行業
24273085,全磐興業股份有限公司,臺北市大安區復興南路2段327號7樓之1,倉儲行業
24274681,中聯產經股份有限公司,臺北市中山區長安東路1段63之1號2樓,倉儲行業
24289853,賽亞實業有限公司,臺北市大安區敦化南路1段205號14樓之3,倉儲行業
24296799,三通物流有限公司,臺北市松山區八德路4段699號11樓之1,倉儲行業
24299867,創品企業有限公司,臺北市中山區復興南路1段36之1號3樓,倉儲行業
24300267,詩樺有限公司,臺北市內湖區行愛路169號2樓,倉儲行業
24300956,豐立物流股份有限公司,臺北市中山區南京東路2段206號13樓之3,倉儲行業
24303721,台灣國際瓷業有限公司,臺北市南港區昆陽街140巷21號,倉儲行業
24305039,慶烽建設有限公司,臺北市中山區復興北路488巷1弄3號,倉儲行業
24306852,彩廣人資行銷有限公司,臺北市松山區塔悠路292號,倉儲行業
24307249,富聯光電股份有限公司,臺北市中正區八德路1段30號3樓,倉儲行業
24307563,大自然農場股份有限公司,臺北市松山區南京東路4段137號9樓之2,倉儲行業
24307590,大宏航業股份有限公司,臺北市信義區基隆路1段143號10樓之2,倉儲行業
24308731,裕達國際有限公司,臺北市文山區景華街150巷9號,倉儲行業
24309231,有鵬股份有限公司,臺北市大安區信義路3段99巷34號,倉儲行業
24310434,都訊聯合資訊有限公司,臺北市萬華區富民路155巷49號3樓之2,倉儲行業
24312279,諺暘開發有限公司,臺北市大同區太原路117號4樓,倉儲行業
24313559,美善品企業有限公司,臺北市中山區德惠街79巷2號1樓,倉儲行業
24317400,奧寶運通有限公司,臺北市大安區信義路4段6號6樓,倉儲行業
24318180,全博物流股份有限公司,臺北市士林區至誠路2段17號2樓,倉儲行業
24321811,勤裕物業股份有限公司,臺北市中山區民權東路3段58號15樓之2,倉儲行業
24324198,奕誠策略行銷有限公司,臺北市文山區羅斯福路5段35號,倉儲行業
24326225,新港全球物流有限公司,臺北市中山區長安東路2段169號2樓,倉儲行業
24326415,國暉開發股份有限公司,臺北市中正區忠孝西路1段50號11樓之15,倉儲行業
24327189,帝圖科技文化股份有限公司,臺北市內湖區堤頂大道2段297號6樓,倉儲行業
24327596,當代化學股份有限公司,臺北市大安區東豐街52號2樓,倉儲行業
24329308,興律股份有限公司,臺北市松山區民權東路3段178號14樓,倉儲行業
24329623,翡翠森林股份有限公司,臺北市內湖區民權東路6段180巷6號10樓之23,倉儲行業
24332578,雍久有限公司,臺北市信義區忠孝東路5段250號6樓,倉儲行業
24332697,友巧國際貿易有限公司,臺北市中山區復興北路48號3樓,倉儲行業
24333767,璞森國際有限公司,臺北市中山區通北街124號,倉儲行業
24336602,鑫湛國際管理顧問股份有限公司,臺北市中正區忠孝東路2段35號,倉儲行業
24338778,騰順國際有限公司,臺北市中山區復興北路490號2樓,倉儲行業
24342787,廣捷國際運通有限公司,臺北市松山區南京東路4段93號9樓之2,倉儲行業
24343408,世茂重機械股份有限公司,臺北市中山區中山北路3段53之4號3樓之7,倉儲行業
24345898,普騰科技有限公司,臺北市松山區南京東路4段164號6樓之4,倉儲行業
24346215,山水聯合有限公司,臺北市松山區南京東路4段93號12樓,倉儲行業
24347609,台灣萬絡環球物流有限公司,臺北市信義區信義路5段8號14樓,倉儲行業
24347729,馥傳電通有限公司,臺北市大安區安和路2段217巷12號,倉儲行業
24348327,永棠國際股份有限公司,臺北市中山區復興北路48號3樓,倉儲行業
24350630,誠浩股份有限公司,臺北市內湖區成功路4段182巷6弄43號8樓之3,倉儲行業
24375132,育丞國際有限公司,臺北市士林區劍潭路55巷8號,倉儲行業
24413001,探索綜合國際開發股份有限公司,臺北市中山區林森北路487號地下、1樓、2樓,倉儲行業
24438381,如石有限公司,臺北市中山區德惠街92號(1樓),倉儲行業
24451709,首搴股份有限公司,臺北市中山區南京東路3段118號11樓,倉儲行業
24451932,天邁興業有限公司,臺北市大安區東豐街7號,倉儲行業
24452545,綠友國際實業有限公司,臺北市大安區敦化南路1段261號地下1樓,倉儲行業
24452881,德育資訊股份有限公司,臺北市中正區忠孝西路1段50號7樓之3,倉儲行業
24457957,全球綠能科技股份有限公司,臺北市中山區明水路413號,倉儲行業
24457979,台北港埠通商股份有限公司,臺北市內湖區新湖一路8號4樓,倉儲行業
24459189,創業國際物流股份有限公司,臺北市中山區林森北路577號9樓之2,倉儲行業
24462430,酷悠悠網絡有限公司,臺北市中正區公園路26號9樓,倉儲行業
24463938,小吉企業有限公司,臺北市內湖區康寧路3段189巷21弄1號,倉儲行業
24464367,捷森堡國際有限公司,臺北市南港區成功路1段56號,倉儲行業
24465529,捷鑫國際企業有限公司,臺北市中山區龍江路415巷48號1樓,倉儲行業
24465669,公冶企業顧問股份有限公司,臺北市中山區北安路549號3樓,倉儲行業
24466597,浩群國際有限公司,臺北市中山區松江路289之908號,倉儲行業
24467619,時尚家居有限公司,臺北市內湖區新湖二路19號,倉儲行業
24468764,華品文創出版股份有限公司,臺北市中正區重慶南路1段57號13樓之1,倉儲行業
24469736,星榮物流有限公司,臺北市內湖區瑞光路188巷51號,倉儲行業
24470868,怡亞通物流服務有限公司,臺北市中山區南京東路3段201號3樓,倉儲行業
24471228,維凱國際有限公司,臺北市南港區新民街79號,倉儲行業
24471677,賀森國際有限公司,臺北市松山區三民路166巷9號,倉儲行業
24472562,實聯能源科技股份有限公司,臺北市內湖區堤頂大道2段207號9樓,倉儲行業
24472958,開店壹貳參科技有限公司,臺北市松山區復興北路101號5樓之2,倉儲行業
24473181,津詠大實業有限公司,臺北市南港區八德路4段875號3樓,倉儲行業
24473513,上平管理顧問有限公司,臺北市北投區中和街40號2樓之20,倉儲行業
24475293,台灣高力物業股份有限公司,臺北市信義區信義路5段7號49樓之1,倉儲行業
24476069,銀藍企業有限公司,臺北市南港區忠孝東路6段21號14樓之7,倉儲行業
24477692,凱鷗國際有限公司,臺北市士林區社中街412號1樓,倉儲行業
24478518,千翔國際物流有限公司,臺北市南港區忠孝東路6段260號3樓,倉儲行業
24478904,峻越國際有限公司,臺北市中山區建國北路2段103號,倉儲行業
24479328,框起來有限公司,臺北市大同區迪化街1段136號1樓,倉儲行業
24479657,宇通電商股份有限公司,臺北市中山區松江路101號4樓之1,倉儲行業
24487328,旭航國際物流有限公司,臺北市中山區南京東路3段26號7樓,倉儲行業
24487875,波詩麗股份有限公司,臺北市中山區中山北路2段45巷23號6樓,倉儲行業
24488044,玉山倉儲物流股份有限公司,臺北市中山區復興北路2號4樓之11,倉儲行業
24488092,匯德行國際有限公司,臺北市大同區西寧北路128號,倉儲行業
24488564,祥祐全球物流有限公司,臺北市松山區東興路26號11樓,倉儲行業
24488683,傑偉克股份有限公司,臺北市士林區承德路4段220號2樓之1,倉儲行業
24490533,台灣阿特拉斯物流有限公司,臺北市內湖區瑞光路188巷51號,倉儲行業
24491168,鮮洋食品股份有限公司,臺北市中山區民權東路3段2號12樓,倉儲行業
24491266,精彩饗宴股份有限公司,臺北市中山區民權東路3段4號18樓,倉儲行業
24491934,遠東電通股份有限公司,臺北市中正區忠孝東路2段60號1樓,倉儲行業
24492188,有根人力資源股份有限公司,臺北市松山區南京東路5段16號11樓之2,倉儲行業
24499231,華邦國際物流有限公司,臺北市信義區基隆路1段178、180號11樓,倉儲行業
24499942,佳誠國際物流有限公司,臺北市中山區農安街227巷3弄16號7樓,倉儲行業
24503875,新安國際有限公司,臺北市內湖區洲子街151號6樓,倉儲行業
24504972,圓方國際物流股份有限公司,臺北市中山區市民大道3段209號5樓,倉儲行業
24533478,合笙企業有限公司,臺北市信義區信義路4段415號12樓,倉儲行業
24533765,高麥思國際有限公司,臺北市中山區南京東路2段137號14樓(310室),倉儲行業
24534764,駿騰抗震科技有限公司,臺北市大安區和平東路2段118巷4弄19號（1樓）,倉儲行業
24535150,宜展建設股份有限公司,臺北市松山區南京東路4段161號8樓,倉儲行業
24535428,竑拓國際物流有限公司,臺北市中山區建國北路2段66號2樓之1,倉儲行業
24538430,台灣普磊國際事業有限公司,臺北市信義區莊敬路238號7樓,倉儲行業
24538776,微風事業股份有限公司,臺北市大安區忠孝東路4段219號（1樓）,倉儲行業
24539655,美代網路服務有限公司,臺北市信義區信義路5段7號37樓,倉儲行業
24540409,鋐進電子有限公司,臺北市中山區南京東路2段137號14樓,倉儲行業
24540891,活粒有限公司,臺北市松山區敦化北路170號3樓,倉儲行業
24540962,史塔克國際實業有限公司,臺北市中山區民權東路2段148號3樓,倉儲行業
24542602,昇達綠能國際有限公司,臺北市萬華區西藏路164號,倉儲行業
24542841,益尚國際企業有限公司,臺北市信義區基隆路1段163號9樓之2、之3,倉儲行業
24543095,嘉霖貿易有限公司,臺北市大安區忠孝東路4段148號7樓,倉儲行業
24546311,歐克盟國際貿易有限公司,臺北市中山區南京東路3段201號3樓,倉儲行業
24546327,食義興業有限公司,臺北市大安區復興南路1段204號8樓,倉儲行業
24547830,白羊創意股份有限公司,臺北市內湖區瑞光路258巷50號2樓,倉儲行業
24547894,全國鮮果行股份有限公司,臺北市大安區復興南路2段84號9樓之1,倉儲行業
24548508,晟富科技有限公司,臺北市中山區民權東路3段58號3樓之5,倉儲行業
24548676,影響力國際股份有限公司,臺北市大安區忠孝東路4段270號17樓,倉儲行業
24549611,台灣巴生港口國際物流股份有限公司,臺北市信義區信義路4段415號10樓,倉儲行業
24550996,波塞頓國際實業有限公司,臺北市中山區南京東路2段137號14樓,倉儲行業
24551242,泓順源國際物流有限公司,臺北市大同區承德路3段232號3樓,倉儲行業
24552559,回淨國際環保科技有限公司,臺北市中正區羅斯福路1段86號2樓,倉儲行業
24553305,好好立和國際物流股份有限公司,臺北市大同區重慶北路2段243號5樓,倉儲行業
24553522,八采國際有限公司,臺北市中正區新生南路1段126之8號6樓,倉儲行業
24553760,藝達國際有限公司,臺北市信義區莊敬路423巷2弄30號(1樓),倉儲行業
24554846,網盟國際股份有限公司,臺北市松山區南京東路4段197號8樓之2,倉儲行業
24555232,和鉅國際股份有限公司,臺北市中山區松江路261號7樓,倉儲行業
24556128,悅朋實業有限公司,臺北市大同區延平北路1段69巷24號,倉儲行業
24557288,康霆國際有限公司,臺北市中山區南京東路2段137號14樓,倉儲行業
24558982,力榮產業股份有限公司,臺北市中山區新生北路2段31之1號9樓之7,倉儲行業
24560235,均驊有限公司,臺北市北投區文林北路258號5樓,倉儲行業
24560734,三義家具雕刻有限公司,臺北市內湖區舊宗路1段288號,倉儲行業
24560930,天承貿易有限公司,臺北市大安區敦化南路1段205號14樓之8,倉儲行業
24561353,盛泰國際物流有限公司,臺北市中山區復興北路164號9樓,倉儲行業
24561522,益眾電子有限公司,臺北市大安區羅斯福路2段79號10樓之1,倉儲行業
24563248,中國城鎮建設開發股份有限公司,臺北市大安區光復南路102號13樓,倉儲行業
24565077,富達冷氣有限公司,臺北市北投區大業路420號1樓,倉儲行業
24565386,禾盟企業股份有限公司,臺北市中正區鎮江街7號4樓之1,倉儲行業
24565626,元弘茂股份有限公司,臺北市信義區松德路171號3樓之3,倉儲行業
24565891,台灣優質農業科技發展股份有限公司,臺北市大安區光復南路102號13樓,倉儲行業
24569186,江寶殷富有限公司,臺北市內湖區民權東路6段150之5號8樓之1,倉儲行業
24570249,日京通商有限公司,臺北市信義區基隆路2段51號14樓,倉儲行業
24571824,特易購網路有限公司,臺北市士林區延平北路6段47號,倉儲行業
24572627,有嘉農業科技股份有限公司,臺北市大同區重慶北路3段165號3樓,倉儲行業
24572921,卓越先進生技開發有限公司,臺北市中山區松江路283號5樓之1,倉儲行業
24573674,得禾投資股份有限公司,臺北市大同區哈密街59巷78弄10號8樓之2,倉儲行業
24573914,鼎盛材料科技股份有限公司,臺北市大同區西寧北路70號3樓,倉儲行業
24576911,鵬震實業有限公司,臺北市大同區承德路3段232號3樓,倉儲行業
24577931,韓台國際物流有限公司,臺北市松山區復興北路1號12樓之7,倉儲行業
24577995,翔輝國際物流股份有限公司,臺北市內湖區行善路118號,倉儲行業
24635643,呈欣物流有限公司,臺北市信義區福德街177巷15號1樓,倉儲行業
24644848,瓦特米若國際有限公司,臺北市南港區南港路3段130巷2弄2號5樓,倉儲行業
24667449,愛迅國際有限公司,臺北市大安區忠孝東路4段235號11樓,倉儲行業
24692947,動易優企業有限公司,臺北市中正區中山北路1段2號4樓之3,倉儲行業
24721751,台灣新蛋網股份有限公司,臺北市松山區民生東路3段133號14樓,倉儲行業
24732440,耀晟實業有限公司,臺北市大同區承德路3段232號3樓,倉儲行業
24740271,鑫鼎國際股份有限公司,臺北市信義區莊敬路391巷16弄3號4樓,倉儲行業
24740589,陳杉號實業股份有限公司,臺北市內湖區內湖路1段285巷63弄9號3樓,倉儲行業
24742762,安程國際有限公司,臺北市松山區南京東路4段93號9樓之2,倉儲行業
24743848,台灣圓點有限公司,臺北市松山區南京東路4段45號9樓,倉儲行業
24743919,大成世紀股份有限公司,臺北市信義區永吉路180巷66弄29號1樓,倉儲行業
24743994,千鼎資產管理股份有限公司,臺北市內湖區民權東路6段16之1號2樓,倉儲行業
24744115,歐麗芙國際有限公司,臺北市中山區中山北路2段115巷47號2樓,倉儲行業
24745212,和藝顧問有限公司,臺北市松山區基隆路1段26號3樓,倉儲行業
24746182,和融資本有限公司,臺北市信義區松高路9號27樓,倉儲行業
24746726,傑盈國際投資有限公司,臺北市中正區新生南路1段114號7樓,倉儲行業
24747106,盛邦國際物流有限公司,臺北市中山區中山北路2段96號9樓,倉儲行業
24748007,台舟通運股份有限公司,臺北市萬華區東園街51之1號2樓,倉儲行業
24749907,智勤勇實業有限公司,臺北市大同區承德路3段232號3樓,倉儲行業
24750039,永豐商店股份有限公司,臺北市中正區重慶南路2段51號16樓,倉儲行業
24750208,宏廣亞太文教有限公司,臺北市內湖區瑞光路26巷36弄2號5樓,倉儲行業
24751662,海利國際通運有限公司,臺北市中山區南京東路2段66號9樓之1,倉儲行業
24752199,瑪爾海洋國際有限公司,臺北市松山區撫遠街403巷14號1樓,倉儲行業
24752748,品尉有限公司,臺北市內湖區新湖一路87號,倉儲行業
24752888,布林克國際貿易股份有限公司,臺北市松山區民權東路3段144號2樓之1,倉儲行業
24753248,鑫沅貿易有限公司,臺北市北投區中央北路4段540巷5號,倉儲行業
24754957,瑞雲資訊股份有限公司,臺北市信義區信義路5段150巷2號9樓之6,倉儲行業
24755870,臺灣港務國際物流股份有限公司,臺北市松山區復興北路1號3樓,倉儲行業
24755941,捷森國際物流股份有限公司,臺北市中山區長安東路2段169之6號5樓之2,倉儲行業
24756174,捷安得國際物流有限公司,臺北市內湖區瑞光路208號12樓,倉儲行業
24756786,愛買供應鏈有限公司,臺北市士林區文昌路169巷31號,倉儲行業
24758460,台灣便利物流有限公司,臺北市中山區南京東路2段20號8樓,倉儲行業
24758601,兆虹有限公司,臺北市信義區松仁路107號11樓,倉儲行業
24758617,得妍國際有限公司,臺北市信義區松仁路107號11樓,倉儲行業
24761330,佰億律泰國際開發有限公司,臺北市內湖區康樂街186巷31號,倉儲行業
24762669,萊特國際行銷有限公司,臺北市中正區寧波西街97號10樓之2,倉儲行業
24763111,世聯環球實業有限公司,臺北市信義區忠孝東路5段1之7號7樓,倉儲行業
24763323,利安環球物業有限公司,臺北市信義區松智路1號11樓,倉儲行業
24764239,威辰商貿有限公司,臺北市士林區承德路4段190號,倉儲行業
24764603,盛瑋股份有限公司,臺北市信義區松隆路102號19樓,倉儲行業
24766911,驛達國際物流股份有限公司,臺北市中山區復興北路2號10樓之7,倉儲行業
24768093,菁泉國際股份有限公司,臺北市中山區新生北路2段151號2樓,倉儲行業
24768299,翰躍國際有限公司,臺北市大安區忠孝東路4段221號10樓,倉儲行業
24768349,曦澍實業有限公司,臺北市中山區復興北路58號6樓,倉儲行業
24768832,東旭股份有限公司,臺北市松山區八德路3段225號6樓之5,倉儲行業
24768967,好運袋物流事業有限公司,臺北市中山區新生北路3段19巷32之2號,倉儲行業
24769001,富連網股份有限公司,臺北市內湖區基湖路32號2樓,倉儲行業
24769092,台北弘久股份有限公司,臺北市信義區忠孝東路5段770號5樓,倉儲行業
24769396,虎格國際有限公司,臺北市萬華區昆明街30-2號4樓,倉儲行業
24770422,泉碩股份有限公司,臺北市中山區新生北路1段84號12樓,倉儲行業
24770823,君昊事業有限公司,臺北市士林區葫蘆街70巷19號4樓,倉儲行業
24771273,宏盛商業有限公司,臺北市松山區南京東路4段164號12樓,倉儲行業
24771674,立達順貿易股份有限公司,臺北市大同區長安西路342號8樓,倉儲行業
24771956,易友科技股份有限公司,臺北市大安區信義路2段72號地下,倉儲行業
24772081,雲天使科技有限公司,臺北市大安區忠孝東路4段206之1號4樓,倉儲行業
24773080,尚義建設有限公司,臺北市中山區復興北路488巷1弄3號,倉儲行業
24774813,豐禾創意整合行銷有限公司,臺北市中正區羅斯福路1段83巷7號,倉儲行業
24775165,眾城科技服務有限公司,臺北市內湖區洲子街183號2樓,倉儲行業
24775720,恆生國際物業股份有限公司,臺北市中山區農安街198號1樓,倉儲行業
24776538,台灣小野藥品工業股份有限公司,臺北市信義區松高路1號7樓之3,倉儲行業
24777425,國半半導體股份有限公司,臺北市北投區泉源路12號10樓之12,倉儲行業
24779021,運達國際有限公司,臺北市中山區南京西路1之1號6樓,倉儲行業
24780792,程盟有限公司,臺北市大安區忠孝東路4段221號10樓,倉儲行業
24781477,富喜健股份有限公司,臺北市松山區敦化南路1段100巷7弄49號1樓,倉儲行業
24782594,永鑫人文服務事業有限公司,臺北市中山區民權東路1段54號2樓,倉儲行業
24782911,鑫宗富企業股份有限公司,臺北市松山區南京東路4段11號4樓,倉儲行業
24783242,越捷國際有限公司,臺北市中山區復興北路514巷55號1樓,倉儲行業
24783453,小鳩屋有限公司,臺北市松山區八德路4段678號7樓,倉儲行業
24783735,昆鼎運輸有限公司,臺北市信義區忠孝東路4段553巷46弄2號,倉儲行業
24784381,品洋有限公司,臺北市中山區復興北路430巷24號,倉儲行業
24784586,紅色子房資產管理股份有限公司,臺北市大安區敦化南路2段207號16樓,倉儲行業
24784798,捷仕捷國際有限公司,臺北市松山區南京東路5段250巷2弄25號1樓,倉儲行業
24784832,台灣大丸興業股份有限公司,臺北市松山區民權東路3段142號6樓之8,倉儲行業
24785918,德益吉有限公司,臺北市大同區迪化街1段136號,倉儲行業
24786310,伸洋開發股份有限公司,臺北市萬華區莒光路310號5樓,倉儲行業
24786732,復來貿易有限公司,臺北市文山區景興路153巷14弄13號3樓,倉儲行業
24789029,貝里斯商美佳音環球科技有限公司,臺北市內湖區週美里新明路298巷12號10樓,倉儲行業
24794162,貝里斯商泰安國際股份有限公司,臺北市大安區住安里復興南路2段27號10樓之5,倉儲行業
24798250,英商弗凱爾國際有限公司,臺北市松山區南京東路5段405號7樓之4,倉儲行業
24798603,新加坡商陳唱丸美有限公司,臺北市內湖區新明路86巷1號2樓,倉儲行業
24879653,博大國際開發有限公司,臺北市北投區承德路6段335之1號,倉儲行業
24881709,關於家庭生活建材股份有限公司,臺北市松山區南京東路5段40號6樓之7,倉儲行業
24932600,拍付國際資訊股份有限公司,臺北市大安區敦化南路2段105號12樓,倉儲行業
24933158,禾餘麥酒有限公司,臺北市松山區民生東路5段153號4樓之14,倉儲行業
24933713,艾比昇視訊有限公司,臺北市信義區吳興街106巷9號7樓,倉儲行業
24934213,橘子網路行銷有限公司,臺北市中山區南京東路3段201號3樓,倉儲行業
24934369,華貴國際物流有限公司,臺北市萬華區環河南路2段177號7樓,倉儲行業
24936970,愛飛翔數位生活股份有限公司,臺北市信義區東興路63號2樓,倉儲行業
24937133,班達運通股份有限公司,臺北市大同區重慶北路3段96號3樓,倉儲行業
24937252,萊恩開發股份有限公司,臺北市內湖區舊宗路1段68號,倉儲行業
24937577,德軒科技股份有限公司,臺北市大安區羅斯福路3段277之16號,倉儲行業
24938317,華緯國際開發股份有限公司,臺北市信義區松智路1號11樓,倉儲行業
24939189,昶汯能源科技有限公司,臺北市松山區八德路4段660號5樓,倉儲行業
24940637,翔福全球物流有限公司,臺北市大安區忠孝東路4段162號10樓之2,倉儲行業
24941713,台灣琱穻陪迨膝q,臺北市松山區復興北路57號8樓之1,倉儲行業
24943183,禾旭國際有限公司,臺北市北投區中央北路4段577巷15弄15-1號3樓,倉儲行業
24943515,如山實業股份有限公司,臺北市中山區中山北路2段65巷6號2樓,倉儲行業
24946225,杰羿企業有限公司,臺北市信義區莊敬路289巷3弄37號,倉儲行業
24948053,新光行動聯網股份有限公司,臺北市內湖區行愛路128號5樓,倉儲行業
24949187,專誠行銷股份有限公司,臺北市內湖區新湖三路168號3樓之2,倉儲行業
24949742,開發物流國際有限公司,臺北市松山區寶清街31號,倉儲行業
24951508,大邁國際物流有限公司,臺北市中山區長春路17號3樓,倉儲行業
24951752,捷豐國際物流股份有限公司,臺北市中山區民生東路3段9巷9號,倉儲行業
24951893,亞恩斯音樂製作有限公司,臺北市內湖區瑞光路298號8樓,倉儲行業
24952859,御樂食品企業有限公司,臺北市松山區民生東路5段36巷8弄15號1樓,倉儲行業
24953082,永津國際物流有限公司,臺北市南港區昆陽街157巷9號3樓,倉儲行業
24953484,加利特國際商業有限公司,臺北市中正區八德路1段46號9樓,倉儲行業
24954110,達上上國際有限公司,臺北市松山區民生東路5段186號5樓,倉儲行業
24956089,鵬達搬家貨運有限公司,臺北市士林區福榮街40號,倉儲行業
24956665,賦盈企業有限公司,臺北市松山區民族東路767之1號1樓,倉儲行業
24957171,義廷文科技股份有限公司,臺北市萬華區西園路1段256巷10號1樓,倉儲行業
24957355,瓏盈國際有限公司,臺北市萬華區東園街51之1號2樓,倉儲行業
24958328,亞洲資源開發股份有限公司,臺北市中山區松江路50號8樓,倉儲行業
24958376,創其國際有限公司,臺北市中山區南京東路1段34號7樓,倉儲行業
24958684,三零二股份有限公司,臺北市信義區基隆路1段400號9樓之3,倉儲行業
24959298,媽媽樂生活用品有限公司,臺北市松山區民族東路689號,倉儲行業
24959608,亞聯運物流有限公司,臺北市中正區羅斯福路2段136號10樓,倉儲行業
24959754,駿皇實業有限公司,臺北市大同區承德路3段232號3樓,倉儲行業
24960696,富立物業有限公司,臺北市文山區羅斯福路5段35號,倉儲行業
24961843,庭晰國際有限公司,臺北市中山區吉林路199巷2號,倉儲行業
24962842,迦耶實業有限公司,臺北市大安區忠孝東路4段221號10樓,倉儲行業
24965968,合洋開發實業有限公司,臺北市中正區重慶南路1段49號9樓,倉儲行業
24966426,仁達國際物流有限公司,臺北市信義區東興路39號9樓,倉儲行業
24968141,揮達生物科技股份有限公司,臺北市大安區忠孝東路4段59號10樓之2,倉儲行業
24968732,佰摩科技事業股份有限公司,臺北市松山區南京東路4段11號4樓,倉儲行業
24968986,峰潮物流股份有限公司,臺北市內湖區瑞光路513巷30號3樓,倉儲行業
24969922,荷作出版有限公司,臺北市中正區南昌路2段216號5樓,倉儲行業
24970499,玖伍貳柒股份有限公司,臺北市中山區復興北路60號3樓,倉儲行業
24970792,飛迅達物流有限公司,臺北市中山區吉林路24號7樓之1,倉儲行業
24971309,中法興資產股份有限公司,臺北市北投區石牌路1段6號3樓,倉儲行業
24973762,東渝國際通運有限公司,臺北市中山區南京東路1段16號4樓之6,倉儲行業
24974988,君捷有限公司,臺北市大安區和平東路2段295號13樓,倉儲行業
24975071,食貨家有限公司,臺北市大安區和平東路2段295號13樓,倉儲行業
24975380,茂發木業股份有限公司,臺北市松山區八德路2段385號1樓,倉儲行業
24975403,時線創意股份有限公司,臺北市內湖區洲子街88號3樓,倉儲行業
24975889,高寶選品股份有限公司,臺北市內湖區洲子街88號3樓,倉儲行業
24977161,佳翔國際物流有限公司,臺北市中山區農安街227巷3弄16號7樓,倉儲行業
24977752,芙達法利納有限公司,臺北市士林區中山北路7段114巷36弄14號3樓,倉儲行業
25022781,立通國際物流有限公司,臺北市內湖區江南街71巷93弄19號3樓,倉儲行業
25040606,吉鏈物流有限公司,臺北市中山區南京東路1段2號5樓之4,倉儲行業
25062761,晉譔資訊有限公司,臺北市大安區新生南路3段2號10樓,倉儲行業
25069883,久<U+7AD4>有限公司,臺北市大同區民權西路104號12樓之2,倉儲行業
25075745,購明系雲科技股份有限公司,臺北市大同區市民大道1段209號11樓,倉儲行業
25089298,博得供應鏈股份有限公司,臺北市中山區南京東路2段132號11樓,倉儲行業
25101363,弘達流通股份有限公司,臺北市中山區敬業四路33號8樓,倉儲行業
25102124,東方龍騰發展有限公司,臺北市大安區忠孝東路4段285號5樓,倉儲行業
25104333,果子創新國際股份有限公司,臺北市松山區民生東路3段140巷11號1樓,倉儲行業
25104755,凱誠運通有限公司,臺北市中山區松江路131之26號13樓,倉儲行業
25106607,富利保企業股份有限公司,臺北市中山區復興北路48號5樓,倉儲行業
25110124,前穎資訊有限公司,臺北市大安區和平東路2段347號4樓之2,倉儲行業
25110834,見欣實業股份有限公司,臺北市中正區衡陽路51號8樓之2,倉儲行業
25111334,迷你倉有限公司,臺北市大同區西寧北路62號7樓之3,倉儲行業
25112663,熊后航空貨運承攬有限公司,臺北市中山區民生東路1段58號9樓,倉儲行業
25112707,台北馥華商旅南港股份有限公司,臺北市南港區三重路23號1至4樓,倉儲行業
25115818,永星物流有限公司,臺北市松山區八德路3段2號11樓之1,倉儲行業
25116062,醫寶有限公司,臺北市中山區南京東路1段16號5樓之2,倉儲行業
25116725,易宏國際物流有限公司,臺北市松山區八德路2段374號8樓之9,倉儲行業
25118028,搏通運動有限公司,臺北市內湖區行善路59巷20弄2號3樓,倉儲行業
25118435,寺田大中華股份有限公司,臺北市大安區復興南路2段237號9樓之9,倉儲行業
25118478,歐華全球物流有限公司,臺北市松山區南京東路4段77號10樓之2,倉儲行業
25118998,晉翰有限公司,臺北市大同區重慶北路3段96號3樓,倉儲行業
25120994,元昌國際股份有限公司,臺北市中山區南京東路3段101號4樓,倉儲行業
25121234,台鴻速運有限公司,臺北市大安區通化街39巷50弄127號,倉儲行業
25121369,摩爾空間管理顧問有限公司,臺北市中山區南京東路3段77號4樓,倉儲行業
25122634,永大國際運輸有限公司,臺北市松山區復興北路181號7樓之5,倉儲行業
25122769,福輝物流有限公司,臺北市中山區松江路220號4樓之1,倉儲行業
25125111,昕通化工有限公司,臺北市信義區基隆路2段51號6樓之2,倉儲行業
25125338,協力興業有限公司,臺北市南港區忠孝東路6段440號2樓,倉儲行業
25125409,長久興業有限公司,臺北市內湖區堤頂大道2段285號5樓,倉儲行業
25126391,優捷國際運通有限公司,臺北市中山區龍江路96號4樓,倉儲行業
25127069,京雲有限公司,臺北市信義區松德路10號10樓,倉儲行業
25127390,臺灣暢遊旅服中心股份有限公司,臺北市中山區中山北路3段30號8樓之3,倉儲行業
25129735,采鴻國際物流有限公司,臺北市中正區新生南路1段126之8號6樓,倉儲行業
25131021,雲端開發建設股份有限公司,臺北市大安區復興南路2段78巷76號1樓,倉儲行業
25131198,台灣便利倉股份有限公司,臺北市內湖區成功路5段2號地下室,倉儲行業
25131514,信宏生物科技有限公司,臺北市松山區寶清街29號8樓,倉儲行業
25132458,美祺股份有限公司,臺北市大同區延平北路2段202號18樓之3,倉儲行業
25133153,紫色創意科技股份有限公司,臺北市信義區基隆路2段48號7樓之1,倉儲行業
25133490,五花馬物流股份有限公司,臺北市中山區復興北路58號4樓之1,倉儲行業
25133843,鴻基生醫科技有限公司,臺北市南港區三重路19之11號3樓,倉儲行業
25137411,順至有限公司,臺北市中山區松江路204巷2-1號4樓,倉儲行業
25137968,誠保國際有限公司,臺北市中山區林森北路380號6樓之1,倉儲行業
25138256,人大健康事業股份有限公司,臺北市大同區長安西路58號7樓,倉儲行業
25141359,全鳳國際有限公司,臺北市中正區北平西路22號,倉儲行業
25141935,廣祐環保事業有限公司,臺北市松山區寶清街31號7樓,倉儲行業
25142907,<U+664B>旺國際開發有限公司,臺北市中山區中山北路1段121巷29號2樓,倉儲行業
25143878,正伸運通股份有限公司,臺北市松山區南京東路4段126號8樓之3,倉儲行業
25148085,威生堂國際物流有限公司,臺北市松山區復興北路179號9樓之2,倉儲行業
25148418,華軒科技股份有限公司,臺北市南港區園區街3之2號10樓之2,倉儲行業
25148677,亨洋物流科技有限公司,臺北市萬華區康定路98號,倉儲行業
25149280,台灣國際農產運銷股份有限公司,臺北市中山區建國北路2段88號3樓,倉儲行業
25153185,翔揚整合行銷有限公司,臺北市信義區基隆路1段159號18樓之1,倉儲行業
25199529,亞洲聯合物流有限公司,臺北市中山區建國北路3段113巷19弄9號,倉儲行業
27124243,康盛興業股份有限公司,臺北市大安區羅斯福路3段277號3樓,倉儲行業
27216539,和年實業股份有限公司,臺北市信義區基隆路1段333號20樓,倉儲行業
27236839,香港商聯合集運股份有限公司,臺北市信義區忠孝東路5段510號9樓之2,倉儲行業
27252210,美商亞太數位潮流科技有限公司,臺北市大安區敦化南路2段105號23樓,倉儲行業
27310149,舊莊農業科技股份有限公司,臺北市南港區南深路１１號１樓,倉儲行業
27316002,台灣惠航國際物流有限公司,臺北市中山區林森北路111號3樓,倉儲行業
27316170,以樂搬家貨運有限公司,臺北市士林區通河西街2段24號3樓,倉儲行業
27316930,華茂聯運有限公司,臺北市松山區光復北路35號6樓,倉儲行業
27317570,良陽倉儲股份有限公司,臺北市中山區南京東路2段8號5樓之1,倉儲行業
27318352,神微股份有限公司,臺北市大安區仁愛路4段109號15樓,倉儲行業
27319866,維迪易視國際股份有限公司,臺北市內湖區瑞光路４７８巷１８弄３０號２樓,倉儲行業
27320385,四季旅館系統股份有限公司,臺北市中山區民生東路２段１５１之１號,倉儲行業
27320580,喜樂美健康事業有限公司,臺北市文山區興隆路2段130巷17號,倉儲行業
27326830,達曄木器有限公司,臺北市信義區基隆路2段89號10樓,倉儲行業
27327866,文魁數位時尚股份有限公司,臺北市中正區忠孝西路１段５０號１至４樓及地下１至２樓,倉儲行業
27332426,大地盈國際有限公司,臺北市信義區光復南路495號,倉儲行業
27332523,泓霖國際股份有限公司,臺北市大安區復興南路2段84號4樓之1,倉儲行業
27334424,安悅國際股份有限公司,臺北市中山區松江路156之1號8樓,倉儲行業
27334917,米達賽斯股份有限公司,臺北市中正區新生南路1段158號10樓,倉儲行業
27338575,緯漢國際有限公司,臺北市中山區南京東路3段189號8樓,倉儲行業
27339146,亞細亞商務有限公司,臺北市大安區建國南路1段301號13樓,倉儲行業
27341229,霆捷國際運通有限公司,臺北市中山區南京東路2段140號5樓,倉儲行業
27344513,管得實業有限公司,臺北市內湖區成功路3段174巷17弄3號1樓,倉儲行業
27346913,台通物流股份有限公司,臺北市萬華區昆明街222號10樓,倉儲行業
27348187,鼎晟不動產開發股份有限公司,臺北市中正區忠孝西路1段50號13樓之8,倉儲行業
27349714,京潤實業股份有限公司,臺北市信義區松德路161號10樓,倉儲行業
27352055,寰通聯運有限公司,臺北市中山區龍江路１０２號２樓之２,倉儲行業
27358044,鎰豐有限公司,臺北市中山區長春路３２８號８樓,倉儲行業
27358282,金婕妮絲國際科技股份有限公司,臺北市中正區羅斯福路２段１００號２４樓,倉儲行業
27358608,德翔海運股份有限公司,臺北市松山區敦化北路167號6樓,倉儲行業
27360127,錸旺股份有限公司,臺北市大安區仁愛路4段109號15樓,倉儲行業
27363314,綺麗健康生技股份有限公司,臺北市大安區忠孝東路4段49巷2號7樓,倉儲行業
27364019,兆羽科技有限公司,臺北市中山區民生東路３段３１號３樓,倉儲行業
27396413,健豐貿易有限公司,臺北市北投區光明路22號25樓之2,倉儲行業
27401921,直通車科技股份有限公司,臺北市松山區市民大道5段63號,倉儲行業
27452940,網元國際資訊股份有限公司,臺北市中山區復興北路2號5樓之2,倉儲行業
27455215,吉合醫藥有限公司,臺北市大安區敦化南路2段57號4樓之4,倉儲行業
27488200,紘偉室內裝修工程有限公司,臺北市大同區安西街100號3樓,倉儲行業
27504503,喜客喜股份有限公司,臺北市大安區安和路1段35號2樓,倉儲行業
27522376,美旗建設股份有限公司,臺北市中正區新生南路1段50號6樓,倉儲行業
27523446,欣榮物流股份有限公司,臺北市松山區復興北路181號11樓,倉儲行業
27524796,如意國際興業有限公司,臺北市松山區南京東路5段278之1號,倉儲行業
27525541,富基電通股份有限公司,臺北市信義區基隆路1段432號6樓之3,倉儲行業
27527739,偉凌國際有限公司,臺北市大同區承德路3段232號3樓,倉儲行業
27528701,聖嘉興企業股份有限公司,臺北市中山區南京東路1段27號1、2、3、4樓,倉儲行業
27530220,新翔航太股份有限公司,臺北市松山區民權東路３段１０２號１２樓,倉儲行業
27530805,巨航國際聯運有限公司,臺北市中山區遼寧街107之5號1樓,倉儲行業
27531255,禧福國際有限公司,臺北市內湖區新明路355號6樓之13,倉儲行業
27532515,威捷國際物流有限公司,臺北市松山區復興北路35號5樓之1,倉儲行業
27533726,北美和康有限公司,臺北市文山區羅斯福路５段３７號１樓,倉儲行業
27534485,彤達科技股份有限公司,臺北市北投區中央北路4段477號1樓,倉儲行業
27539101,立崧貨運有限公司,臺北市信義區忠孝東路4段553巷46弄2號,倉儲行業
27539799,加多有限公司,臺北市松山區南京東路4段197號11樓之1,倉儲行業
27540276,騰琳國際有限公司,臺北市松山區新中街27號,倉儲行業
27544174,來來物流股份有限公司,臺北市信義區松德路131號地下1樓,倉儲行業
27553644,青杉林有限公司,臺北市中山區北安路573巷2弄12號1樓,倉儲行業
27554025,中浩科技股份有限公司,臺北市大安區忠孝東路４段１９７號１４樓之１,倉儲行業
27557374,中華藥材資源股份有限公司,臺北市中正區金門街23號1樓,倉儲行業
27558726,泰誠開發股份有限公司,臺北市士林區雨農路14號1樓,倉儲行業
27559339,聯威運通股份有限公司,臺北市南港區忠孝東路6段21之5號,倉儲行業
27561095,優海國際有限公司,臺北市中山區長春路368號3樓之1,倉儲行業
27561905,歐特快帝有限公司,臺北市中正區汀州路1段193號2樓,倉儲行業
27564430,金字家俱物流有限公司,臺北市信義區基隆路２段１４９之４９號１０樓之１４,倉儲行業
27570708,兀點滴宅配通路股份有限公司,臺北市大同區民權西路２４３號１樓,倉儲行業
27575106,東展建材有限公司,臺北市信義區福德街２６８巷４弄２２號１樓,倉儲行業
27575247,渤洋國際有限公司,臺北市中山區新生北路2段31之1號6樓,倉儲行業
27576344,華海國際事業有限公司,臺北市北投區大度路3段270巷67號5樓之5,倉儲行業
27578477,台灣威凌克股份有限公司,臺北市中正區羅斯福路2段116號3樓之1,倉儲行業
27579052,久寶綜合物流股份有限公司,臺北市中山區建國北路3段98號9樓,倉儲行業
27648683,罡昱開發有限公司,臺北市中正區中華路2段483之1號,倉儲行業
27712360,世全物流有限公司,臺北市松山區南京東路５段１１８號８樓之２,倉儲行業
27714304,衛斯登科技有限公司,臺北市大安區復興南路2段236號8樓,倉儲行業
27715654,廣聯國際通運有限公司,臺北市中山區天祥路33巷5號1樓,倉儲行業
27720559,裕隆行國際運流股份有限公司,臺北市松山區八德路4段135號4樓,倉儲行業
27721157,泰銓國際運通有限公司,臺北市松山區民權東路3段190號2樓,倉儲行業
27723177,云晟企管顧問股份有限公司,臺北市大安區和平東路2段181號2樓,倉儲行業
27729088,兆太國際物流股份有限公司,臺北市中山區松江路50號11樓,倉儲行業
27729377,漢祺國際展業有限公司,臺北市中正區重慶南路１段１０號１１樓之５,倉儲行業
27734218,嘉陽國際開發有限公司,臺北市中山區林森北路399巷19號13樓,倉儲行業
27734364,阿波羅國際物流股份有限公司,臺北市大安區忠孝東路３段９６號８樓,倉儲行業
27739403,德丸倉儲有限公司,臺北市松山區八德路3段2號7樓之1,倉儲行業
27740345,海寧物流有限公司,臺北市松山區八德路3段199巷4弄8號1樓,倉儲行業
27741301,首特企業有限公司,臺北市中山區南京東路2段95號11樓,倉儲行業
27741787,高見文化行銷股份有限公司,臺北市松山區東興路8號8樓,倉儲行業
27742322,贏贊國際有限公司,臺北市大同區長安西路82號7樓之3,倉儲行業
27743048,鯨捷有限公司,臺北市中正區羅斯福路２段１０２號２４樓,倉儲行業
27743722,誌盛物流股份有限公司,臺北市松山區南京東路5段336號7樓之4,倉儲行業
27744525,台北花園大酒店股份有限公司,臺北市中正區中華路2段1號,倉儲行業
27753517,紀恩有限公司,臺北市松山區民生東路3段128號12樓,倉儲行業
27754522,凱陞企業有限公司,臺北市大安區信義路4段6號6樓,倉儲行業
27755965,達成運通國際有限公司,臺北市中山區南京東路2段174號10樓,倉儲行業
27756346,喜事達企業股份有限公司,臺北市信義區忠孝東路5段396號地下,倉儲行業
27756444,天吉榮實業股份有限公司,臺北市中山區敬業一路128巷39號4樓,倉儲行業
27757231,森林家族股份有限公司,臺北市大同區南京西路203號3樓,倉儲行業
27760432,華威人資股份有限公司,臺北市松山區復興北路1號9樓,倉儲行業
27761018,萬瑞國際有限公司,臺北市中正區漢口街１段１１０號５樓之８,倉儲行業
27768201,台灣佐川急便國際股份有限公司,臺北市中山區民生東路3段1號2樓,倉儲行業
27769068,詮進國際有限公司,臺北市中山區南京東路3段101號7樓,倉儲行業
27770163,雷諾斯亞洲有限公司,臺北市內湖區堤頂大道二段411號3樓,倉儲行業
27783414,東穎國際室內裝修企業有限公司,臺北市文山區忠順街2段85巷25號3樓,倉儲行業
27837066,卡易行銷股份有限公司,臺北市大同區庫倫街3號,倉儲行業
27840203,名冠搬家物流貨運有限公司,臺北市內湖區成功路4段168號10樓之2,倉儲行業
27864963,威昂科技有限公司,臺北市中山區北安路518巷14弄17號,倉儲行業
27872719,紹坤室內裝修有限公司,臺北市萬華區萬大路187巷3弄9號,倉儲行業
27925687,香港商都樂有限公司,臺北市北投區北投路1段5號1樓,倉儲行業
27934200,國光石化科技股份有限公司,臺北市中山區松江路301號8樓之１,倉儲行業
27944495,薩摩亞商寶宏國際實業股份有限公司,臺北市內湖區瑞光路302號4樓之2,倉儲行業
27946233,遠雄巨蛋事業股份有限公司,臺北市信義區松高路1號22樓,倉儲行業
27952348,華樂國際股份有限公司,臺北市中正區懷寧街90號10樓,倉儲行業
27954583,津華國際有限公司,臺北市信義區基隆路2段79巷17弄14號,倉儲行業
27956061,伍六伍爸爸爸網路媒體廣告有限公司,臺北市大安區信義路4段265巷17-1號5樓,倉儲行業
27957300,兆亮國際股份有限公司,臺北市大安區延吉街239號4樓,倉儲行業
27957907,港盛租賃股份有限公司,臺北市中山區吉林路245號3樓,倉儲行業
27958743,米特行銷股份有限公司,臺北市南港區忠孝東路6段21號10樓之2,倉儲行業
27960109,奧黛莉科技股份有限公司,臺北市大同區長安西路３４２號５樓,倉儲行業
27960635,合作金庫資產管理股份有限公司,臺北市大安區忠孝東路4段325號7樓,倉儲行業
27964983,春旭實業有限公司,臺北市信義區光復南路547號3樓之4,倉儲行業
27967335,壹零壹科技管理顧問股份有限公司,臺北市松山區南京東路5段63號9樓,倉儲行業
27968735,台北農特產品貿易股份有限公司,臺北市中山區中山北路2段68號3樓,倉儲行業
27969951,杰廣股份有限公司,臺北市中山區中山北路2段44號5樓,倉儲行業
27974949,峰瑪國際有限公司,臺北市大安區臥龍街195巷13號1樓,倉儲行業
27975807,采科聯運股份有限公司,臺北市士林區大南路415號1樓,倉儲行業
27977495,鼎運物流股份有限公司,臺北市中山區松江路111號3樓之3,倉儲行業
27979613,鼎特科技股份有限公司,臺北市大同區貴德街36巷7號1樓,倉儲行業
27980766,網骨科技娛樂股份有限公司,臺北市內湖區基湖路３９號４樓,倉儲行業
27981815,華康國際事業有限公司,臺北市中正區忠孝西路1段50號12樓之42,倉儲行業
27982286,渥鈞股份有限公司,臺北市中山區中山北路2段44號5樓,倉儲行業
27982379,鴻任整合行銷股份有限公司,臺北市萬華區中華路1段78號11樓之2,倉儲行業
27986446,車迅企業有限公司,臺北市中山區松江路３號６樓,倉儲行業
27987557,倍肯股份有限公司,臺北市士林區福志路14巷17號,倉儲行業
27989859,帝飛運通有限公司,臺北市松山區復興北路101號8樓之11,倉儲行業
27990531,富力交通器材有限公司,臺北市大同區太原路115巷16號1樓,倉儲行業
27992566,韋博國際有限公司,臺北市士林區至誠路2段11號1樓,倉儲行業
27994966,侑睿有限公司,臺北市大安區新生南路1段121號5樓,倉儲行業
27999723,歐航國際物流有限公司,臺北市松山區八德路4段135號2樓,倉儲行業
28004745,葳華國際股份有限公司,臺北市松山區敦化北路201之24號6樓,倉儲行業
28007026,弘馳企業有限公司,臺北市大安區和平東路2段118巷4弄19號,倉儲行業
28007665,聯恆國際股份有限公司,臺北市內湖區瑞光路581號,倉儲行業
28008910,中通國際有限公司,臺北市內湖區新明路211號,倉儲行業
28009994,芯銳有限公司,臺北市士林區德行東路３３１巷５４弄２號地下１樓,倉儲行業
28058805,耀豐國際有限公司,臺北市松山區八德路4段660號3樓之5,倉儲行業
28061479,創鈺國際科技股份有限公司,臺北市松山區南京東路4段1號9樓,倉儲行業
28100509,松果体國際文創有限公司,臺北市大同區民權西路108號2樓之1,倉儲行業
28104890,福鼎國際有限公司,臺北市中山區合江街35之1號1樓,倉儲行業
28126439,星瑋國際股份有限公司,臺北市中正區忠孝西路1段72號4樓之1,倉儲行業
28170244,喜建成建設股份有限公司,臺北市中山區復興北路48號5樓,倉儲行業
28170856,裕利國際貨運有限公司,臺北市松山區寶清街１７號３樓,倉儲行業
28174179,伊麗雅國際有限公司,臺北市中正區衡陽路51號12樓,倉儲行業
28175803,元邦物流股份有限公司,臺北市內湖區內湖路１段３９６號１２樓,倉儲行業
28178652,台灣泰瑞龍科技股份有限公司,臺北市松山區八德路3段200號2樓之2,倉儲行業
28180799,甲邑開發股份有限公司,臺北市北投區珠海路219號,倉儲行業
28182564,尚好呷食品有限公司,臺北市內湖區民權東路6段483號2樓,倉儲行業
28184057,品都開發有限公司,臺北市內湖區堤頂大道2段285號5樓,倉儲行業
28188292,聯運國際貨運有限公司,臺北市松山區民權東路3段142號12樓之2,倉儲行業
28191825,龍飛國際運輸股份有限公司,臺北市中山區松江路148號4樓,倉儲行業
28195168,中央集保儲運有限公司,臺北市中山區長安東路2段163之1號3樓,倉儲行業
28196997,特波汽車股份有限公司,臺北市南港區南港路3段16巷3號,倉儲行業
28198664,億兆京國際股份有限公司,臺北市萬華區萬大路423巷42號,倉儲行業
28199262,穩賺資訊有限公司,臺北市大安區復興南路1段368號13樓,倉儲行業
28203890,迅輝國際貨運股份有限公司,臺北市松山區八德路4段135號7樓之4,倉儲行業
28204201,領威船務代理有限公司,臺北市松山區八德路4段135號4樓,倉儲行業
28209091,益馳京采資通股份有限公司,臺北市大安區安和路2段217巷12號,倉儲行業
28212928,嘉北國際股份有限公司,臺北市中山區中山北路2段96號,倉儲行業
28214123,華信整合公關股份有限公司,臺北市中正區青島東路7號5樓之1,倉儲行業
28216451,鋐騏國際物流有限公司,臺北市內湖區成功路4段70號9樓,倉儲行業
28216939,鼎酆企業有限公司,臺北市信義區光復南路447之2號9樓之4,倉儲行業
28217851,兀點滴股份有限公司,臺北市內湖區潭美街587號,倉儲行業
28219725,藍泰有限公司,臺北市松山區民生東路4段55巷14號3樓,倉儲行業
28220103,智點整合行銷有限公司,臺北市大安區樂利路91號7樓,倉儲行業
28220477,新焦點麗車坊股份有限公司,臺北市內湖區舊宗路1段86號,倉儲行業
28221237,欣碩股份有限公司,臺北市萬華區成都路116之1號,倉儲行業
28222952,瑋倫國際有限公司,臺北市內湖區江南街107巷2號1樓,倉儲行業
28225888,萬事通國際服務網股份有限公司,臺北市中山區南京東路3段61號10樓,倉儲行業
28225917,肯儀實業有限公司,臺北市中山區松江路8號7樓之19,倉儲行業
28226649,八達通貿易有限公司,臺北市大安區復興南路1段137號8樓之1,倉儲行業
28227669,海潤國際物流有限公司,臺北市萬華區昆明街111號12樓之9,倉儲行業
28228718,榮邦國際物流有限公司,臺北市中山區長安東路2段31號6樓,倉儲行業
28228885,金佛國際有限公司,臺北市中山區撫順街23號3樓之2,倉儲行業
28306447,弘溢國際興業有限公司,臺北市士林區延平北路9段92巷1號,倉儲行業
28324058,藍鵲建設股份有限公司,臺北市信義區基隆路1段155號5樓之9,倉儲行業
28378618,翰宇有限公司,臺北市中正區忠孝西路1段50號12樓之22,倉儲行業
28413517,日商好侍食品股份有限公司,臺北市中山區中山北路2段114號9樓,倉儲行業
28423493,薩摩亞商羅亞科技股份有限公司,臺北市文山區辛亥路4段176號1樓,倉儲行業
28438186,藍海氣體工業股份有限公司,臺北市中山區中山北路2段21號6樓,倉儲行業
28441632,大都市搬家貨運有限公司,臺北市大安區樂業街173號1樓,倉儲行業
28442040,崴騰國際通運有限公司,臺北市信義區基隆路1段149號2樓之2,倉儲行業
28442652,拓肯國際顧問有限公司,臺北市大安區安和路2段23巷6號,倉儲行業
28443343,宏合科技有限公司,臺北市大同區重慶北路2段74號8樓,倉儲行業
28446735,台北運通股份有限公司,臺北市大同區民權西路108號8樓之3,倉儲行業
28449070,暐基企業有限公司,臺北市中山區長安東路2段52號8樓之2,倉儲行業
28451379,希代多媒體書版股份有限公司,臺北市內湖區洲子街88號3樓,倉儲行業
28454262,南聯牛乳石鹼國際股份有限公司,臺北市信義區忠孝東路4段560號12樓,倉儲行業
28454679,台灣迪達全球物流有限公司,臺北市大安區忠孝東路4段169號11樓之1,倉儲行業
28457612,鑫元鑫股份有限公司,臺北市大安區忠孝東路4段222號2樓,倉儲行業
28458788,統賀通運有限公司,臺北市信義區忠孝東路4段553巷46弄2號,倉儲行業
28459941,永捷國際物流有限公司,臺北市內湖區新湖一路157號7樓,倉儲行業
28462404,挺順國際股份有限公司,臺北市中山區錦州街298號7樓,倉儲行業
28463023,譽文武企業有限公司,臺北市北投區雙全街48巷3號(1樓),倉儲行業
28463261,鴻億國際運通股份有限公司,臺北市內湖區內湖路1段77號2樓,倉儲行業
28464536,郁氏實業有限公司,臺北市萬華區西藏路199巷43號2樓,倉儲行業
28465444,華康航空貨運承攬有限公司,臺北市南港區八德路4段778號6樓,倉儲行業
28466252,達盟財經股份有限公司,臺北市大同區南京西路366號,倉儲行業
28473845,海鑫貿易有限公司,臺北市大安區忠孝東路4段325號12樓之1,倉儲行業
28475371,高捷郵通有限公司,臺北市內湖區內湖路3段339之1號,倉儲行業
28479496,頂好國際企業有限公司,臺北市文山區景福街54巷5弄18號1樓,倉儲行業
28480310,慧璞國際有限公司,臺北市松山區基隆路1段38號6樓之2,倉儲行業
28481937,中外運空運股份有限公司,臺北市中山區南京東路3段65號5樓,倉儲行業
28482133,億發全球股份有限公司,臺北市松山區南京東路5段296號10樓,倉儲行業
28485103,五零七零社會型企管顧問有限公司,臺北市松山區敦化南路1段3號6樓之1,倉儲行業
28487361,世州國際物流有限公司,臺北市大安區敦化南路2段1號4樓,倉儲行業
28488426,泛邦船務有限公司,臺北市中山區建國北路2段66號4樓之3,倉儲行業
28490106,阿諾立資源企業有限公司,臺北市大同區長安西路78巷3弄1號4樓,倉儲行業
28532990,佑昌海空聯運有限公司,臺北市中山區龍江路235號2樓之2,倉儲行業
28547889,緹陽國際有限公司,臺北市中山區南京東路3段189號8樓,倉儲行業
28565942,中港台光電有限公司,臺北市中山區復興北路66號7樓,倉儲行業
28575224,賽揚實業有限公司,臺北市信義區松德路159號11樓之2,倉儲行業
28576504,伊格斯實業有限公司,臺北市信義區松德路159號11樓之2,倉儲行業
28579565,達迅物流有限公司,臺北市松山區南京東路4段75巷6號1樓,倉儲行業
28585460,品嘉國際企業有限公司,臺北市中山區中山北路2段27巷4號3樓,倉儲行業
28641245,順億科技有限公司,臺北市文山區永安街22巷3號,倉儲行業
28671726,美湖股份有限公司,臺北市大同區延平北路2段202號18樓之2,倉儲行業
28674575,博運通物流管理股份有限公司,臺北市松山區民生東路4段133號3樓,倉儲行業
28678306,三六一度半島國際餐飲有限公司,臺北市松山區八德路3段191號2樓,倉儲行業
28679591,嵐蒂國際股份有限公司,臺北市內湖區民權東路6段123巷24號3樓,倉儲行業
28683363,興瀧開發實業有限公司,臺北市中山區天祥路33巷16號,倉儲行業
28683700,源豐冰溫有限公司,臺北市信義區信義路4段391號7樓之2,倉儲行業
28688281,瀚鏘中國有限公司,臺北市大安區忠孝東路4段142號11樓之2,倉儲行業
28688825,碩格科技有限公司,臺北市中正區林森北路5巷10之1號7樓,倉儲行業
28688888,宏國國際物流有限公司,臺北市中山區南京東路3段189號8樓,倉儲行業
28689140,歐立德國際物流有限公司,臺北市中山區民族東路252巷9號1樓,倉儲行業
28692742,奇豆網路科技有限公司,臺北市萬華區漢中街116號,倉儲行業
28692927,律僑國際物流有限公司,臺北市中山區建國北路2段33號5樓之8,倉儲行業
28694615,冰河森林數位科技股份有限公司,臺北市信義區基隆路2段77號8樓之3,倉儲行業
28696199,威展環保工程有限公司,臺北市萬華區漢中街147巷22號2樓,倉儲行業
28701209,永業物流股份有限公司,臺北市內湖區行愛路100號3樓,倉儲行業
28701340,海學文化事業股份有限公司,臺北市大安區辛亥路1段34巷1號1樓,倉儲行業
28705916,駿耀運通有限公司,臺北市中山區五常街97號1樓,倉儲行業
28708218,快弟郵急有限公司,臺北市松山區光復南路17巷45號,倉儲行業
28710024,有福春股份有限公司,臺北市大安區信義路3段99巷34號,倉儲行業
28710116,力華國際物流股份有限公司,臺北市大安區忠孝東路4段341號3樓之1,倉儲行業
28711419,異客股份有限公司,臺北市大安區敦化南路1段245號5樓,倉儲行業
28713296,新啟成理貨有限公司,臺北市中正區仁愛路1段59號4樓之1,倉儲行業
28713367,惠爾吉寶倉儲股份有限公司,臺北市松山區敦化南路1段2號4樓之1,倉儲行業
28715061,和泰服務行銷股份有限公司,臺北市內湖區新湖一路36巷18號1至4樓,倉儲行業
28715528,中華拾穗有限公司,臺北市士林區葫蘆街108之1號,倉儲行業
28715870,悅家居企業股份有限公司,臺北市內湖區舊宗路1段150巷25號,倉儲行業
28745620,大昇租賃有限公司,臺北市信義區忠孝東路4段553巷46弄2號,倉儲行業
28750101,敬陽股份有限公司,臺北市萬華區中華路1段68號11樓之6,倉儲行業
28797464,翔裕國際開發有限公司,臺北市士林區福壽街12號1樓,倉儲行業
28823189,台灣郵電商務有限公司,臺北市中正區館前路6號6樓之4,倉儲行業
28828939,豪運物流有限公司,臺北市中山區松江路220號4樓,倉儲行業
28829000,申通運通有限公司,臺北市大安區樂業街13號1樓,倉儲行業
28829254,福元影像科技股份有限公司,臺北市大安區忠孝東路4段333號12樓之3,倉儲行業
28830153,昌盛國科技有限公司,臺北市大安區和平東路3段143號3樓之3,倉儲行業
28830338,展鵬聯合股份有限公司,臺北市松山區南京東路5段168號10樓,倉儲行業
28833193,銘倫捷報有限公司,臺北市大同區承德路3段58號12樓之1,倉儲行業
28834405,美捷現代物流科技股份有限公司,臺北市大安區復興南路1段137號14樓之8,倉儲行業
28834931,萬通全球股份有限公司,臺北市南港區永吉路561號2樓,倉儲行業
28836537,沛宸國際股份有限公司,臺北市中山區八德路2段312巷19號1樓,倉儲行業
28837677,勵達國際物流股份有限公司,臺北市中山區南京東路3段77號14樓,倉儲行業
28838922,奇摩建設開發股份有限公司,臺北市信義區信義路5段7號76樓,倉儲行業
28840650,義鵬國際物流股份有限公司,臺北市松山區民生東路3段128號4樓,倉儲行業
28840693,福業國際股份有限公司,臺北市松山區南京東路4段75號4樓之1,倉儲行業
28842496,大人物國際股份有限公司,臺北市中正區忠孝西路1段50號13樓之3,倉儲行業
28842806,合坊有限公司,臺北市萬華區漢中街133號7樓之1,倉儲行業
28842897,虹達國際有限公司,臺北市中山區新生北路2段43號7樓之5,倉儲行業
28845281,華翔資產管理有限公司,臺北市中正區和平西路1段56號2樓之2,倉儲行業
28849097,寶豐隆商旅股份有限公司,臺北市大安區仁愛路4段71巷36號2樓,倉儲行業
28849420,祥貿國際物流有限公司,臺北市中山區長安東路2段6-1號5樓,倉儲行業
28850544,臺灣保麗股份有限公司,臺北市中山區建國北路1段80號8樓,倉儲行業
28852402,偉健科技有限公司,臺北市中山區民生西路30號4樓之3,倉儲行業
28855040,乙城有限公司,臺北市大同區太原路15之1號,倉儲行業
28855626,淮石室內裝修設計有限公司,臺北市中正區林森北路9巷20號1樓,倉儲行業
28855631,維丞有限公司,臺北市中正區重慶南路2段86巷4號,倉儲行業
28857477,傑登興業有限公司,臺北市大同區承德路1段69巷17號4樓,倉儲行業
28857531,鯨崴國際運通有限公司,臺北市中山區南京東路2段140號5樓,倉儲行業
28863105,匯德餐具開發有限公司,臺北市南港區昆陽街140巷21號,倉儲行業
28863344,和帆國際有限公司,臺北市信義區東興路59號10樓,倉儲行業
28864786,華廷國際藝術股份有限公司,臺北市內湖區洲子街77號10樓,倉儲行業
28865693,環球可頌企業有限公司,臺北市文山區下崙路11巷31號地下之3,倉儲行業
28903520,台灣農企開發股份有限公司,臺北市大同區天水路40號8樓,倉儲行業
28929492,棉花田生機園地股份有限公司,臺北市松山區敦化南路1段3號11樓,倉儲行業
28948527,瑞恩生物科技有限公司,臺北市大同區涼州街2號13樓之9,倉儲行業
28986660,燦星網通股份有限公司,臺北市內湖區堤頂大道1段333號6樓,倉儲行業
28989651,新加坡商動極有限公司,臺北市大安區敦化南路2段1號10樓,倉儲行業
28990496,日商森大廈股份有限公司,臺北市松山區民生東路3段156號9樓,倉儲行業
28997619,英屬蓋曼群島商安霸全球股份有限公司,臺北市中正區衡陽路51號10樓之18,倉儲行業
29033917,正正鐵貨運有限公司,臺北市大同區敦煌路3號,倉儲行業
29035817,群瀚國際股份有限公司,臺北市松山區南京東路5段70號5樓之2,倉儲行業
29036674,鴻利國際通運有限公司,臺北市松山區基隆路1段38號6樓之2,倉儲行業
29038173,台灣寰世物流有限公司,臺北市中正區中山北路3段27號7樓之8,倉儲行業
29038384,邦達欣股份有限公司,臺北市中山區新生北路1段41號3樓,倉儲行業
29039089,淶淶生物科技有限公司,臺北市萬華區長順街44號1樓,倉儲行業
29039671,創惠股份有限公司,臺北市信義區基隆路2段189號14樓之2,倉儲行業
29039898,柏科實業有限公司,臺北市中正區博愛路222號9樓,倉儲行業
29041281,白陽天下民生事業有限公司,臺北市南港區玉成街66-12號,倉儲行業
29041395,東禾開發國際股份有限公司,臺北市大安區光復南路404號2樓,倉儲行業
29041867,海威運通股份有限公司,臺北市大安區復興南路1段215號3樓之1,倉儲行業
29044941,生活集市有限公司,臺北市北投區石牌路2段335號1樓,倉儲行業
29046146,鴻憶國際物流有限公司,臺北市信義區忠孝東路5段410號12樓之4,倉儲行業
29046363,聯傑咖啡事業股份有限公司,臺北市中正區羅斯福路2段70號9樓之5,倉儲行業
29047617,世達流通有限公司,臺北市中正區羅斯福路3段126號3樓,倉儲行業
29049517,御住國際股份有限公司,臺北市中正區博愛路100號,倉儲行業
29050387,連美建設股份有限公司,臺北市松山區南京東路4段161號8樓,倉儲行業
29050773,鼎麗工程有限公司,臺北市大同區華陰街167號1樓,倉儲行業
29050921,廣豐國際物流有限公司,臺北市中正區羅斯福路2段150號12樓之6,倉儲行業
29051007,金屋搬家貨運有限公司,臺北市內湖區大湖山莊街183號,倉儲行業
29051822,衣緹國際精品有限公司,臺北市中山區民權東路2段26號8樓之7,倉儲行業
29052266,全球運通國際有限公司,臺北市松山區南京東路3段346之8號10樓,倉儲行業
29055307,築基建築開發股份有限公司,臺北市松山區南京東路5段250巷18弄21號1樓,倉儲行業
29059789,星順工程有限公司,臺北市中山區長安東路2段171號2樓之7,倉儲行業
29059795,金保利國際有限公司,臺北市中山區松江路37巷4號,倉儲行業
29061075,天豪全球物流股份有限公司,臺北市大安區忠孝東路4段285號9樓之3,倉儲行業
29065868,旌旗國際股份有限公司,臺北市中山區松江路28號10樓之3,倉儲行業
29066368,日酩樓食品有限公司,臺北市文山區興隆路2段116號,倉儲行業
29066677,歐斯樂有限公司,臺北市中山區天祥路59號6樓之2,倉儲行業
29067562,偉連有限公司,臺北市大安區忠孝東路4段142號6樓之2,倉儲行業
29068099,太壹國際企業管理顧問有限公司,臺北市松山區復興北路499巷2弄3號,倉儲行業
29070481,昇摯股份有限公司,臺北市中山區南京東路3段118號11樓,倉儲行業
29071073,倍聖有限公司,臺北市內湖區康樂街190號,倉儲行業
29071974,祐強醫療儀器有限公司,臺北市內湖區東湖路160巷10弄28號,倉儲行業
29073522,台灣太平洋星聯物流有限公司,臺北市中山區建國北路2段82號8樓,倉儲行業
29074873,永躍企業有限公司,臺北市中山區龍江路356巷81號1樓,倉儲行業
29079069,金盛世紙業有限公司,臺北市大安區敦化南路2段333號5樓,倉儲行業
29150512,宸欣科技有限公司,臺北市南港區三重路19之2號7樓之1,倉儲行業
29159112,麗揚開發股份有限公司,臺北市中山區復興北路48號3樓,倉儲行業
29176127,亞洲物流股份有限公司,臺北市文山區羅斯福路6段142巷13號,倉儲行業
29528468,王如春股份有限公司,臺北市北投區中央北路4段362巷9號,倉儲行業
30436044,鴻霖航空貨運代理股份有限公司,臺北市內湖區瑞光路360號7樓，7樓之1,倉儲行業
30828837,萬台建設股份有限公司,臺北市士林區延平北路6段475號3樓,倉儲行業
30885793,海灣國際股份有限公司,臺北市松山區民生東路5段165號4樓之4,倉儲行業
30915115,台灣東方海外物流股份有限公司,臺北市中正區濟南路1段15號6樓,倉儲行業
30929883,揚博科技股份有限公司,臺北市信義區松德路171號17樓,倉儲行業
30997930,華納國際音樂股份有限公司,臺北市松山區民生東路4段133號10樓,倉儲行業
30998516,七陽實業股份有限公司,臺北市大安區敦化南路2段97號17樓,倉儲行業
31090408,福詮實業股份有限公司,臺北市北投區文林北路94巷78號1樓,倉儲行業
31110853,一統包裝事業有限公司,臺北市中山區林森北路100號7樓之2,倉儲行業
31209026,華國冷凍乾燥股份有限公司,臺北市大同區安西街100號3樓,倉儲行業
31210662,正順包裝木業有限公司,臺北市士林區文昌路169巷35號1樓,倉儲行業
31238578,富而樂運動器材股份有限公司,臺北市中山區松江路122號5樓,倉儲行業
31304014,通貿交通有限公司,臺北市士林區德行東路266巷8號2樓,倉儲行業
31304605,錫安實業有限公司,臺北市北投區東華街1段360號5樓,倉儲行業
31347626,定記商行股份有限公司,臺北市士林區文林路513號1樓,倉儲行業
33699082,中信股份有限公司,臺北市松山區復興北路333號4樓,倉儲行業
33953062,福泰貨櫃運輸股份有限公司,臺北市中山區林森北路554號8樓,倉儲行業
35960481,堉鑫國際商有限公司,臺北市中山區德惠街42號2樓,倉儲行業
36357849,錢隴工業股份有限公司,臺北市士林區樹林街22巷10號,倉儲行業
36511060,台灣丹馬士環球物流股份有限公司,臺北市松山區敦化南路1段2號11樓,倉儲行業
36526541,源泰特產有限公司,臺北市中正區齊東街34號,倉儲行業
36530171,利峻企業有限公司,臺北市中正區中華路1段95巷2號4樓,倉儲行業
36552907,志峻企業股份有限公司,臺北市中正區中華路1段95巷2號4樓,倉儲行業
38018607,正大尼龍工業股份有限公司,臺北市中山區南京東路1段21號,倉儲行業
40548119,源興國際股份有限公司,臺北市中正區忠孝西路1段41號6樓之17,倉儲行業
42611593,物帝國際有限公司,臺北市信義區忠孝東路5段1之8號12樓,倉儲行業
42612452,群都國際有限公司,臺北市大安區市民大道4段244號,倉儲行業
42612798,聖濟國際物流有限公司,臺北市中山區復興北路172號11樓,倉儲行業
42613889,廟算行銷股份有限公司,臺北市松山區敦化北路145巷9號2樓,倉儲行業
42614276,康普納實業有限公司,臺北市南港區八德路4段768巷1弄16號,倉儲行業
42614374,食際有限公司,臺北市內湖區民權東路6段123巷20弄12號5樓,倉儲行業
42614711,蘋果六點零有限公司,臺北市士林區德行西路36號3樓之14,倉儲行業
42614846,科普拉思有限公司,臺北市內湖區康樂街72巷17弄52號5樓,倉儲行業
42615681,鼎富達股份有限公司,臺北市內湖區民權東路6段160號6樓,倉儲行業
42616400,聯岳物流股份有限公司,臺北市大安區新生南路1段121號5樓,倉儲行業
42617837,伸展國際貿易有限公司,臺北市中正區羅斯福路1段24號11樓,倉儲行業
42618300,海威信息國際有限公司,臺北市松山區南京東路5段343號5樓,倉儲行業
42618890,富鈦國際股份有限公司,臺北市大安區光復南路102號地下1樓,倉儲行業
42619856,飛買家股份有限公司,臺北市中正區衡陽路51號2樓之1,倉儲行業
42620994,彼得綠國際有限公司,臺北市中山區松江路330巷58號,倉儲行業
42621446,中嘉國際實業有限公司,臺北市中山區民權東路3段35號11樓,倉儲行業
42621585,太圓創意空間設計股份有限公司,臺北市中山區中山北路3段27號10樓之4,倉儲行業
42621776,三品市集物流服務有限公司,臺北市大安區光復南路398號2樓,倉儲行業
42621950,尚騰汽車股份有限公司,臺北市內湖區新湖三路168號3樓之2,倉儲行業
42622043,峰傅行動商務股份有限公司,臺北市信義區信義路5段7號37樓,倉儲行業
42622846,伸浩整合行銷股份有限公司,臺北市松山區南京東路4段11號4樓,倉儲行業
42623373,展通國際有限公司,臺北市中山區民生東路1段58號10樓,倉儲行業
42624801,尼斯實創設計有限公司,臺北市中正區汀州路2段127巷8號,倉儲行業
42625359,優喜數位科技有限公司,臺北市大同區伊寧街46之1號,倉儲行業
42627259,藝卓國際開發有限公司,臺北市大同區承德路3段232號3樓,倉儲行業
42627618,捷豹物流有限公司,臺北市大安區忠孝東路4段221號10樓,倉儲行業
42629159,澄意數位股份有限公司,臺北市大安區忠孝東路4段221號10樓,倉儲行業
42630199,亞傑克斯餐飲有限公司,臺北市大安區通化街171巷33號,倉儲行業
42630923,揚勝國際貿易股份有限公司,臺北市信義區永吉路180巷66弄29號,倉儲行業
42631021,國泰產經開發股份有限公司,臺北市松山區八德路4段604號2樓之17,倉儲行業
42632160,艾羅開發有限公司,臺北市中山區民生東路1段29號6樓之2,倉儲行業
42632295,方宇股份有限公司,臺北市士林區延平北路6段477號3樓,倉儲行業
42633674,芝安國際股份有限公司,臺北市萬華區長沙街2段91號6樓之13,倉儲行業
42633837,東營奈米有限公司,臺北市中山區錦州街46號12樓之3,倉儲行業
42634218,中信全球國際物流股份有限公司,臺北市松山區南京東路3段259號11樓,倉儲行業
42634625,鴻大營利事業股份有限公司,臺北市松山區南京東路5段251巷32弄9號2樓,倉儲行業
42634723,頂軒數位科技股份有限公司,臺北市中山區松江路51號8樓之1,倉儲行業
42636285,鉅達國際物流股份有限公司,臺北市中山區復興北路2號10樓之7,倉儲行業
42636341,台灣陳唱寰宇股份有限公司,臺北市中正區忠孝東路2段100號8樓之1,倉儲行業
42637411,飛彼有限公司,臺北市大安區忠孝東路4段59號10樓之2,倉儲行業
42638158,侑祥興業有限公司,臺北市信義區信義路6段73號2樓,倉儲行業
42638410,魔廚有限公司,臺北市松山區復興北路367號8樓,倉儲行業
42639467,弘平商社股份有限公司,臺北市士林區天母東路50巷29號,倉儲行業
42639585,百仲鼎國際物流有限公司,臺北市大安區辛亥路2段127號1樓,倉儲行業
42639656,易必購股份有限公司,臺北市大安區信義路4段184號9樓,倉儲行業
42639902,富茂物流有限公司,臺北市中山區林森北路95號3樓,倉儲行業
42640632,興圖有限公司,臺北市大安區復興南路1段293號3樓之1,倉儲行業
42640680,艾塔森有限公司,臺北市中山區龍江路76巷33號,倉儲行業
42641077,粕石設計工程有限公司,臺北市信義區松山路421號9樓之2,倉儲行業
42641914,易美實業有限公司,臺北市大安區和平東路1段87號10樓,倉儲行業
42645545,兆強投資有限公司,臺北市中正區新生南路1段114號7樓,倉儲行業
42645600,豐凡有限公司,臺北市大安區敦化南路1段205號7樓之5,倉儲行業
42645670,勝隼資產管理顧問有限公司,臺北市中正區重慶南路1段57號13樓之15,倉儲行業
42646312,艾蒂蜜斯有限公司,臺北市中正區羅斯福路4段68號7樓之13,倉儲行業
42646684,自慢生活股份有限公司,臺北市大安區復興南路1段204號8樓,倉儲行業
42646919,安普國際物流有限公司,臺北市松山區復興北路201號6樓之1,倉儲行業
42647305,邁格企管顧問有限公司,臺北市中山區大直街67巷11號1樓,倉儲行業
42647804,小達人創意行銷股份有限公司,臺北市中山區市民大道3段209號5樓,倉儲行業
42647810,爰希國際股份有限公司,臺北市內湖區瑞光路358巷30弄12號,倉儲行業
42648424,普三股份有限公司,臺北市信義區忠孝東路5段508號20樓,倉儲行業
42648472,橙邑數位科技股份有限公司,臺北市中山區南京東路3段201號3樓,倉儲行業
42649205,于翔資產管理顧問有限公司,臺北市中正區南昌路1段16號4樓,倉儲行業
42649562,瑞爾國際物流有限公司,臺北市大安區復興南路1段368號11樓,倉儲行業
42649943,網中店資訊服務股份有限公司,臺北市中山區松江路101號9樓,倉儲行業
42650390,國產新盛股份有限公司,臺北市內湖區新湖一路8號7樓,倉儲行業
42650672,帝葉開發有限公司,臺北市文山區景文街76號,倉儲行業
42651314,紐佩有限公司,臺北市中正區林森南路120號,倉儲行業
42651790,達文星科技股份有限公司,臺北市大安區臥龍街203巷1號,倉儲行業
43137322,佳蘭食品企業股份有限公司,臺北市內湖區新湖一路36巷36號3樓,倉儲行業
43669967,台灣蒂雅克股份有限公司,臺北市中山區民權東路1段45號3、4樓,倉儲行業
43696296,南璋股份有限公司,臺北市松山區民生東路3段134號4樓,倉儲行業
43778070,中國航運股份有限公司,臺北市中正區濟南路1段15號9樓,倉儲行業
46582129,台灣星電股份有限公司,臺北市中山區松江路237號7樓之1,倉儲行業
51015548,嘉里大榮物流股份有限公司,臺北市中正區新生南路1段50號14樓,倉儲行業
53001696,新加坡商德汛亞太股份有限公司,臺北市中山區南京東路3段219號4樓,倉儲行業
53003195,日商日本貨物航空股份有限公司,臺北市松山區民生東路3段156號9樓,倉儲行業
53009748,帛琉商帛琉皇家航空股份有限公司,臺北市中山區松江路182號11樓之1,倉儲行業
53017450,新加坡商樂市股份有限公司,臺北市士林區德行東路266巷8號2樓,倉儲行業
53018471,英屬維京群島商思維樂股份有限公司,臺北市中正區重慶南路2段59號9樓之2,倉儲行業
53019318,香港商寶龍國際物流有限公司,臺北市松山區吉祥里南京東路5段188號9樓之10,倉儲行業
53020595,香港商雨果博斯香港有限公司,臺北市松山區敦化北路168號6樓,倉儲行業
53022088,日商大和房屋工業股份有限公司,臺北市中正區忠孝西路1段6號9樓,倉儲行業
53024831,汶萊商宏杰誠品包裝製品股份有限公司,臺北市大同區長安西路180號6樓之1,倉儲行業
53025304,香港商瑪卡亞米遠東有限公司,臺北市中山區松江路200號11樓之1,倉儲行業
53048691,烏洋國際貿易有限公司,臺北市南港區重陽路263巷3號3樓,倉儲行業
53080328,華酒國際開發股份有限公司,臺北市松山區敦化北路102號7樓,倉儲行業
53081419,采蝶環科有限公司,臺北市大同區南京西路288號11樓之1,倉儲行業
53082183,曜震設計工程有限公司,臺北市中山區合江街130巷13號1樓,倉儲行業
53082640,大羅國際有限公司,臺北市大安區大安路1段51巷9號,倉儲行業
53085793,玖樂國際股份有限公司,臺北市內湖區南京東路6段330巷18弄10號(1樓),倉儲行業
53086836,神鑑股份有限公司,臺北市內湖區內湖路1段396號12樓,倉儲行業
53087151,佰達媒體科技有限公司,臺北市大同區南京西路76號3樓之4,倉儲行業
53090557,花蓮海洋論壇股份有限公司,臺北市中正區衡陽路51號14樓,倉儲行業
53092366,宏星技研材料股份有限公司,臺北市中山區松江路328號6樓,倉儲行業
53092767,承家國際物流股份有限公司,臺北市中山區南京東路3段131號6樓,倉儲行業
53095244,勁飛國際物流有限公司,臺北市中山區松江路111號13樓,倉儲行業
53096948,捷德國際物流股份有限公司,臺北市內湖區洲子街68號2樓,倉儲行業
53097974,挺旺企業有限公司,臺北市大安區復興南路1段126巷1號6樓之2,倉儲行業
53101533,傑力國際實業有限公司,臺北市中正區博愛路25號9樓之10,倉儲行業
53101816,福瑞國際物流股份有限公司,臺北市中山區中山北路1段83巷9號4樓之5,倉儲行業
53103429,勝富航空代理有限公司,臺北市大安區忠孝東路4段181巷50號5樓之1,倉儲行業
53107184,長青航空貨運承攬有限公司,臺北市萬華區開封街2段22號4樓之1,倉儲行業
53108418,宏天有限公司,臺北市中山區松江路3號6樓之2,倉儲行業
53110694,鉦順國際運通有限公司,臺北市大安區敦化南路2段164號5樓之3,倉儲行業
53112243,人宇數位科技有限公司,臺北市中山區合江街188巷14號1樓,倉儲行業
53113398,永富發股份有限公司,臺北市士林區延平北路5段23號2樓,倉儲行業
53115889,巨航國際物流有限公司,臺北市內湖區安泰街139號3樓,倉儲行業
53117155,淞茂生化科技有限公司,臺北市信義區忠孝東路5段412號10樓之5,倉儲行業
53117556,艾維倫國際有限公司,臺北市大安區忠孝東路4段155號3樓之3,倉儲行業
53117697,雅苑傢俱有限公司,臺北市內湖區新湖二路26號(1樓),倉儲行業
53117795,聚僑專業外僑服務有限公司,臺北市松山區南京東路4段164號7樓之3,倉儲行業
53118041,台灣富驛酒店股份有限公司,臺北市中山區南京東路3段131號1樓、地下1樓、10、11、12、13樓,倉儲行業
53118653,元詠有限公司,臺北市內湖區文德路210巷30弄6號6樓之3,倉儲行業
53120757,愛平國際有限公司,臺北市中正區衡陽路51號9樓,倉儲行業
53120807,金醇臻品股份有限公司,臺北市中山區復興南路1段2號13樓,倉儲行業
53121833,賴學禮實業股份有限公司,臺北市中山區吉林路24號12樓之1,倉儲行業
53121910,如苑國際技術服務有限公司,臺北市中山區松江路289-602號,倉儲行業
53125057,宏康事業有限公司,臺北市中山區復興北路48號3樓,倉儲行業
53128982,錢潮國際股份有限公司,臺北市中山區南京西路1-1號10樓,倉儲行業
53178321,傑萊專案顧問股份有限公司,臺北市內湖區文湖街6號2樓,倉儲行業
53208937,全通物流股份有限公司,臺北市南港區重陽路423巷2號2樓,倉儲行業
53217605,嘉實國際有限公司,臺北市松山區光復南路46巷8號,倉儲行業
53221919,健航國際物流有限公司,臺北市信義區基隆路2段189號6樓之3,倉儲行業
53235224,信德生技股份有限公司,臺北市中正區林森南路4之3號2樓,倉儲行業
53309800,麗景豐業有限公司,臺北市內湖區民權東路6段109號7樓之4,倉儲行業
53310187,韓世進國際物流有限公司,臺北市中山區中山北路2段46號7樓之5及7樓之6,倉儲行業
53310686,上慶地產開發有限公司,臺北市中山區民生東路1段51號8樓,倉儲行業
53312235,沃得國際有限公司,臺北市大安區光復南路412號11樓,倉儲行業
53313425,大明國際行銷物流股份有限公司,臺北市松山區南京東路4段51號11樓之3,倉儲行業
53318224,暘森國際有限公司,臺北市大安區和平東路2段339號5樓之1,倉儲行業
53319645,海泰股份有限公司,臺北市松山區復興北路167號10樓之2,倉儲行業
53320853,品安食品有限公司,臺北市士林區大南路419號8樓,倉儲行業
53320869,揚真實業股份有限公司,臺北市松山區八德路4段245巷32弄34號,倉儲行業
53322732,優和國際有限公司,臺北市松山區八德路4段656號4樓,倉儲行業
53322830,以全辰貿易股份有限公司,臺北市信義區基隆路1段141號9樓之7,倉儲行業
53322986,賀茲興業有限公司,臺北市大安區通化街39巷50弄18號,倉儲行業
53323649,台灣倉儲有限公司,臺北市信義區忠孝東路5段1之1號9樓,倉儲行業
53323839,明緯國際商務股份有限公司,臺北市內湖區瑞光路76巷43號5樓,倉儲行業
53323850,收多易股份有限公司,臺北市中山區八德路2段260號11樓,倉儲行業
53323937,無限創意科技工程有限公司,臺北市信義區松德路10號7樓,倉儲行業
53326174,吉晶實業有限公司,臺北市北投區明德路337巷9號1樓,倉儲行業
53326575,東紳有限公司,臺北市內湖區內湖路2段355巷2號4樓,倉儲行業
53327032,茂裕有限公司,臺北市南港區忠孝東路6段325號,倉儲行業
53329664,廣捷物流有限公司,臺北市中山區松江路220號9樓,倉儲行業
53333647,肯力行網科技股份有限公司,臺北市內湖區瑞光路616號8樓,倉儲行業
53335552,台灣瑞廣物流有限公司,臺北市中山區復興北路48號3樓,倉儲行業
53338994,德奧嚴選中古車有限公司,臺北市信義區莊敬路325巷56號9樓之1,倉儲行業
53340470,鳳集河清有限公司,臺北市內湖區內湖路1段120巷18號1樓,倉儲行業
53340921,鄰鄉良食股份有限公司,臺北市大安區泰順街38巷30號,倉儲行業
53341772,英瑟企業有限公司,臺北市信義區松山路465巷29弄11號,倉儲行業
53345284,寰宇國際物流有限公司,臺北市中山區農安街227巷9之1號,倉儲行業
53346100,富葉建設股份有限公司,臺北市大安區光復南路72巷73號(4樓),倉儲行業
53346713,台灣京亮國際貿易股份有限公司,臺北市文山區秀明路1段221之1號,倉儲行業
53348347,聯盛物流有限公司,臺北市松山區復興北路181號8樓之1,倉儲行業
53349606,旺達國際物流股份有限公司,臺北市內湖區陽光街351號2樓之1,倉儲行業
53350188,藍靛紫企業有限公司,臺北市北投區公館路9號,倉儲行業
53350820,宏滔電子商務有限公司,臺北市松山區敦化北路201之18號11樓,倉儲行業
53350981,愛租王有限公司,臺北市文山區興隆路1段161號4樓,倉儲行業
53352799,日昇物流股份有限公司,臺北市松山區南京東路4段186號13樓之8、10,倉儲行業
53353501,城市旅人有限公司,臺北市文山區試院路4巷1-1號1樓,倉儲行業
53355064,鼎燿科技股份有限公司,臺北市中正區中華路1段59號7樓,倉儲行業
53355634,杰摩爾國際有限公司,臺北市大安區信義路3段156號10樓之1,倉儲行業
53356583,馳揚國際有限公司,臺北市中山區中山北路2段45巷23號4樓之3,倉儲行業
53356824,台灣赫那羅國際物流有限公司,臺北市內湖區瑞光路513巷36號4樓,倉儲行業
53357181,台灣新運國際物流有限公司,臺北市中山區南京東路2段111號11樓(1101室),倉儲行業
53414140,鋐騏物流有限公司,臺北市文山區忠順街2段85巷25號3樓,倉儲行業
53421873,醫御股份有限公司,臺北市信義區松德路171號13樓之1,倉儲行業
53422710,赫邁運通有限公司,臺北市大同區南京西路41號3樓之10,倉儲行業
53428117,洋鑫國際物流有限公司,臺北市內湖區洲子街68號2樓,倉儲行業
53434933,百利新物流有限公司,臺北市萬華區萬大路176號2樓,倉儲行業
53439022,超毅國際有限公司,臺北市中山區復興北路62號3樓之1,倉儲行業
53478609,迅行科技股份有限公司,臺北市大同區延平北路2段247巷28號6樓,倉儲行業
53494066,亮日實業有限公司,臺北市大同區承德路3段232號3樓,倉儲行業
53521063,泛星聯運有限公司,臺北市大同區敦煌路146號1樓,倉儲行業
53521227,天之御國際有限公司,臺北市信義區松隆路125號5樓之11,倉儲行業
53521726,逸臣國際有限公司,臺北市中正區臨沂街51-1號1樓,倉儲行業
53522302,鼎峰洋企業有限公司,臺北市中山區南京東路3段91之3號5樓,倉儲行業
53522605,安捷國際物流有限公司,臺北市中山區復興北路178號4樓之5,倉儲行業
53523338,柏域斯浩航物流股份有限公司,臺北市松山區八德路4段135號4樓,倉儲行業
53524131,宏達國際開發事業有限公司,臺北市萬華區西園路1段200號7樓之5,倉儲行業
53525820,順羿股份有限公司,臺北市文山區辛亥路4段166巷5-4號5樓,倉儲行業
53525841,聯凱國際有限公司,臺北市松山區南京東路4段130號12樓之1,倉儲行業
53525906,點居有限公司,臺北市內湖區南京東路6段348號1樓,倉儲行業
53526932,金芳開發科技有限公司,臺北市內湖區新明路298巷8號3樓,倉儲行業
53527165,爾盛股份有限公司,臺北市內湖區民權東路6段150號4樓之1,倉儲行業
53527904,金堡有限公司,臺北市士林區天母西路5巷8號1樓,倉儲行業
53527910,湘城國際實業有限公司,臺北市中山區松江路8號11樓之7,倉儲行業
53528354,新民停車場有限公司,臺北市北投區豐年路2段141號1樓,倉儲行業
53529157,品聯航空貨運股份有限公司,臺北市中山區建國北路2段92號2樓,倉儲行業
53529662,三禾興物流股份有限公司,臺北市中正區紹興北街31巷6號7樓之2,倉儲行業
53530247,萬宏運通有限公司,臺北市大安區敦化南路2段267號14樓之1,倉儲行業
53531219,宇航國際物流有限公司,臺北市中山區南京東路2段88號12樓,倉儲行業
53531999,燕翔國際事業有限公司,臺北市信義區基隆路2段189號21樓之1,倉儲行業
53533820,吉項國際實業有限公司,臺北市大同區承德路3段58號5樓之3,倉儲行業
53537298,台灣世天威物流有限公司,臺北市信義區基隆路1段200號6樓,倉儲行業
53537353,鑫贔國際開發有限公司,臺北市中正區金山北路1號6樓之7,倉儲行業
53539394,立勝倉儲股份有限公司,臺北市中山區吉林路174巷5號,倉儲行業
53539768,柏金科技物流股份有限公司,臺北市中山區南京東路2段178號5樓,倉儲行業
53541722,呈仕豪建設股份有限公司,臺北市南港區中南街46-1號1樓,倉儲行業
53542010,開鴻興業有限公司,臺北市內湖區新湖一路91號,倉儲行業
53543138,瑋中國際有限公司,臺北市內湖區瑞光路258巷55號4樓,倉儲行業
53545059,龍騰商務服務股份有限公司,臺北市大同區鄭州路139號9樓,倉儲行業
53545972,邑升科技有限公司,臺北市信義區忠孝東路5段1-1號9樓,倉儲行業
53546022,大家建材事業股份有限公司,臺北市內湖區陽光街381號1樓,倉儲行業
53547373,清越有限公司,臺北市信義區和平東路3段391巷54號1樓,倉儲行業
53548345,珍和貿易有限公司,臺北市北投區中央北路4段540巷5號,倉儲行業
53548886,臺灣華美嘉物流股份有限公司,臺北市萬華區長沙街2段91號7樓之10,倉儲行業
53549301,六國股份有限公司,臺北市中正區忠孝西路1段41號5樓之17,倉儲行業
53549528,康碩生技有限公司,臺北市信義區基隆路1段155號13樓之6,倉儲行業
53550691,岩武食品實業有限公司,臺北市松山區南京東路5段296號10樓,倉儲行業
53550708,富邦國際物流有限公司,臺北市大安區信義路4段25號4樓之2,倉儲行業
53551755,天進航太股份有限公司,臺北市北投區裕民六路114巷36弄6之1號,倉儲行業
53551827,任意門國際股份有限公司,臺北市士林區忠誠路2段55號12樓,倉儲行業
53552425,泉好企業有限公司,臺北市中山區松江路132巷26號1樓,倉儲行業
53555767,衛鮮食品股份有限公司,臺北市內湖區民善街128號地下2層,倉儲行業
53555909,金良運有限公司,臺北市內湖區民權東路6段56巷7號2樓,倉儲行業
53556098,翔翎運輸有限公司,臺北市南港區南港路3段80巷44號1樓,倉儲行業
53556386,允發國際物流有限公司,臺北市萬華區艋舺大道120巷13弄17號1樓,倉儲行業
53556436,幸福品味實業股份有限公司,臺北市內湖區民善街128號,倉儲行業
53556604,天鈺建設股份有限公司,臺北市大安區敦化南路1段216號9樓,倉儲行業
53557385,台灣磊思科技有限公司,臺北市大同區長安西路150號6樓之1,倉儲行業
53558954,博順國際股份有限公司,臺北市中山區松江路363號10樓,倉儲行業
53559052,劼尼克國際資訊股份有限公司,臺北市內湖區新湖一路36巷36號3樓,倉儲行業
53560023,漢陽國際物流有限公司,臺北市中正區紹興北街3號10樓,倉儲行業
53560945,食銓股份有限公司,臺北市信義區永吉路30巷87號,倉儲行業
53564246,宏璽國際股份有限公司,臺北市文山區福興路62號2樓之6,倉儲行業
53566672,遠東紡織股份有限公司,臺北市大安區敦化南路2段207號34樓,倉儲行業
53567460,光隱日常有限公司,臺北市信義區松信路213號,倉儲行業
53568947,冠全球物流有限公司,臺北市大安區忠孝東路3段205之2號2樓,倉儲行業
53612900,全球鮮物流有限公司,臺北市內湖區行愛路141巷30號2樓,倉儲行業
53653319,華南國際租賃股份有限公司,臺北市中山區正得里5鄰長安東路1段18號5樓,倉儲行業
53660894,元大國際租賃股份有限公司,臺北市中正區寶慶路69號7樓,倉儲行業
53667475,荷蘭商科騰國際化學聚合物有限公司,臺北市信義區松仁路32號11樓,倉儲行業
53668220,新加坡商肯特蘭思博股份有限公司,臺北市信義區信義路5段8號14樓,倉儲行業
53668615,新加坡商路易達孚亞洲金屬商品股份有限公司,臺北市中山區南京東路3段1號4樓,倉儲行業
53673477,英屬維京群島商大地清旅有限公司,臺北市中山區長安東路2段246號5樓,倉儲行業
53673504,馬來西亞商愛康國際企業股份有限公司,臺北市大安區安和路1段29號18樓,倉儲行業
53674709,香港商先達物流有限公司,臺北市內湖區石潭路27號6樓之5,倉儲行業
53682412,勤宇國際有限公司,臺北市萬華區環河南路2段250巷3弄2號1樓,倉儲行業
53683221,淮安動力實業有限公司,臺北市內湖區環山路1段59巷1弄1號1樓,倉儲行業
53698408,佳沛嘉國際有限公司,臺北市大安區安和路2段7號8樓之1,倉儲行業
53717469,天玥整合行銷有限公司,臺北市信義區信義路4段415號14樓之1,倉儲行業
53718164,立馬國際企業股份有限公司,臺北市中正區三元街132號,倉儲行業
53720703,水玉田數位有限公司,臺北市大安區和平東路2段118巷5號2樓,倉儲行業
53725361,海原福雲有限公司,臺北市北投區大度路3段301巷55號1樓,倉儲行業
53731650,中國欣業有限公司,臺北市內湖區舊宗路2段121巷30號1樓,倉儲行業
53731841,宏岡國際股份有限公司,臺北市大安區敦化南路2段267號12樓之3,倉儲行業
53732089,好事一二三股份有限公司,臺北市中山區龍江路93號3樓,倉儲行業
53732243,美麗祕密有限公司,臺北市大安區仁愛路4段314號2樓之1,倉儲行業
53732362,宗國交通有限公司,臺北市內湖區舊宗路2段121巷28號1樓,倉儲行業
53733783,博西家用電器股份有限公司,臺北市內湖區洲子街80號11樓,倉儲行業
53734360,一番海鮮有限公司,臺北市萬華區富民路145巷48號,倉儲行業
53734636,捷羽創意股份有限公司,臺北市中山區民權東路2段26號6樓之3,倉儲行業
53736395,德亞興業有限公司,臺北市萬華區德昌街7巷15號,倉儲行業
53737612,達富利股份有限公司,臺北市松山區敦化北路170號3樓,倉儲行業
53738892,遠企工程顧問有限公司,臺北市中山區長春路184號8樓之5,倉儲行業
53738990,環鷹股份有限公司,臺北市中山區建國北路1段96號3樓之1,倉儲行業
53741691,大弘亞洲文化有限公司,臺北市信義區福德街235號3樓,倉儲行業
53741828,巧思數位行銷股份有限公司,臺北市大安區忠孝東路4段333號11樓之2,倉儲行業
53742235,易儲居企業有限公司,臺北市南港區忠孝東路6段85號7樓,倉儲行業
53742278,宅及科技股份有限公司,臺北市中山區松江路200號12樓之3,倉儲行業
53745057,兆宏國際行銷有限公司,臺北市中正區汀州路2段260號1樓,倉儲行業
53745351,金東蓮國際有限公司,臺北市信義區忠孝東路5段71巷12弄8號4樓之1,倉儲行業
53746823,安捷利國際物流股份有限公司,臺北市中山區中山北路1段64號5樓,倉儲行業
53747415,承賱國際股份有限公司,臺北市松山區南京東路5段38之1號18樓之1,倉儲行業
53751368,好悠付有限公司,臺北市大安區信義路4段6號11樓之3,倉儲行業
53754604,澎盟股份有限公司,臺北市松山區復興北路57號3樓之1,倉儲行業
53754772,榮光國際物流有限公司,臺北市松山區南京東路4段17號5樓之1,倉儲行業
53754864,瑋漢國際有限公司,臺北市內湖區瑞光路258巷55號4樓,倉儲行業
53755168,萬實達國際物流有限公司,臺北市南港區八德路4段778號6樓,倉儲行業
53756080,最優貸有限公司,臺北市大同區民權西路104號12樓之2,倉儲行業
53756687,飛倫國際航運有限公司,臺北市士林區承德路4段33巷10號2樓,倉儲行業
53757308,奭霈實業有限公司,臺北市萬華區西園路2段285號1樓,倉儲行業
53758518,捷優資訊有限公司,臺北市信義區信義路5段150巷342弄43號,倉儲行業
53760280,萬里酒品事業股份有限公司,臺北市信義區松智路1號19樓,倉儲行業
53760660,梭羅咖啡事業股份有限公司,臺北市中正區襄陽路35號,倉儲行業
53760922,世悅天國際股份有限公司,臺北市大安區敦化南路2段57號9樓,倉儲行業
53761197,源紡有限公司,臺北市士林區承德路4段218號3樓,倉儲行業
53761513,食在舒活股份有限公司,臺北市中山區德惠街19號2樓,倉儲行業
53765519,世煌國際物流有限公司,臺北市中山區松江路206號6樓之5,倉儲行業
53765588,保物必達物流股份有限公司,臺北市大安區新生南路1段97巷27號,倉儲行業
53766051,凌凱國際物流股份有限公司,臺北市松山區南京東路4段152號8樓,倉儲行業
53769070,東建有限公司,臺北市大安區忠孝東路4段142號7樓之4,倉儲行業
53769521,台灣美麗趨勢股份有限公司,臺北市大安區仁愛路4段314號2樓之1,倉儲行業
53772096,台灣樂菲股份有限公司,臺北市大安區仁愛路4段418號,倉儲行業
53773139,達宬有限公司,臺北市萬華區環河南路2段250巷3弄2號1樓,倉儲行業
53774382,氫水新能源有限公司,臺北市南港區三重路19之13號E棟3樓366室,倉儲行業
53774691,國際先進股份有限公司,臺北市大同區民權西路108號8樓之3,倉儲行業
53775093,台灣嘉里投資股份有限公司,臺北市中正區新生南路1段50號14樓,倉儲行業
53776776,台驊國際物流股份有限公司,臺北市信義區忠孝東路4段563號12樓,倉儲行業
53778325,桓山國際資產管理股份有限公司,臺北市中正區襄陽路9號15樓,倉儲行業
53778681,五鐵秋葉原股份有限公司,臺北市中正區黎明里忠孝西路1段50號地下1層至地下3層、1樓至5樓及7樓,倉儲行業
53809925,賽博貿易股份有限公司,臺北市中山區新生北路1段41號3樓,倉儲行業
53838153,宅流通事業開發有限公司,臺北市信義區松智路1號11樓,倉儲行業
53909987,得士派資產管理股份有限公司,臺北市內湖區新明路460巷12號,倉儲行業
53912218,由誠有限公司,臺北市大安區忠孝東路4段183號5樓,倉儲行業
53913954,興又昌股份有限公司,臺北市內湖區內湖路1段388號8樓之2,倉儲行業
53914877,旭東國際通運有限公司,臺北市內湖區舊宗路2段181巷8號4樓,倉儲行業
53915637,康博世國際物流有限公司,臺北市信義區松德路65號10樓之5,倉儲行業
53915952,訊捷國際有限公司,臺北市大安區忠孝東路4段169號11樓之1,倉儲行業
53917522,寰盟國際物流有限公司,臺北市大安區忠孝東路3段303號6樓 之4,倉儲行業
53918228,聚美地健康促進股份有限公司,臺北市大同區環河北路1段73號3樓之4,倉儲行業
53918640,怡盛國際企業股份有限公司,臺北市中正區中華路1段59號7樓,倉儲行業
53920651,納百福國際有限公司,臺北市萬華區和平西路3段109巷11號3樓,倉儲行業
53921309,台北花園開發股份有限公司,臺北市大同區太原路57號,倉儲行業
53921552,台灣偌亞奧國際航空貨運承攬股份有限公司,臺北市大安區復興南路1段203號8樓,倉儲行業
53922320,統一國際策略有限公司,臺北市中山區合江街180巷7號1樓,倉儲行業
53923051,薇安股份有限公司,臺北市中正區中華路1段59號7樓,倉儲行業
53923307,鈺泰達科技股份有限公司,臺北市南港區園區街36號2樓之1,倉儲行業
53923329,山好物業管理顧問有限公司,臺北市中正區重慶南路3段146巷5號1樓,倉儲行業
53923469,南國屋股份有限公司,臺北市中正區衡陽路51號13樓之3,倉儲行業
53923854,福斯特興業有限公司,臺北市中正區南昌路1段108號6樓,倉儲行業
53923876,明杰國際股份有限公司,臺北市大安區信義路3段106號9樓之2,倉儲行業
53926000,尊盈投資開發股份有限公司,臺北市大安區安和路1段141巷15號,倉儲行業
53926374,膜登翊家有限公司,臺北市北投區公館路160號1樓,倉儲行業
53929479,冠鵬全球物流股份有限公司,臺北市松山區民生東路3段128號4樓之1,倉儲行業
53930258,忠誠物流有限公司,臺北市中山區龍江路46巷2號,倉儲行業
53930412,邁輝國際物流有限公司,臺北市中山區南京東路3段65號10樓1002室,倉儲行業
53930428,車百匯股份有限公司,臺北市內湖區新湖一路36巷36號,倉儲行業
53930742,華創生命工學有限公司,臺北市中山區民權西路27號8樓,倉儲行業
53931186,台灣緹堡股份有限公司,臺北市內湖區文湖街8號,倉儲行業
53931242,產聯國際股份有限公司,臺北市信義區東興路51號10樓,倉儲行業
53933683,方原開發股份有限公司,臺北市大安區忠孝東路4段285號5樓,倉儲行業
53934640,台灣朗升國際物流有限公司,臺北市中山區松江路220號2樓,倉儲行業
53934923,禮福物流有限公司,臺北市中山區林森北路372號5樓,倉儲行業
53936669,恆至國際行銷事業有限公司,臺北市中正區忠孝西路1段33號7樓,倉儲行業
53937457,和滿有限公司,臺北市松山區民生東路4段55巷10號3樓,倉儲行業
53938408,蘭陽海洋大飯店股份有限公司,臺北市松山區復興北路181號15樓之3,倉儲行業
53940538,台灣冷鏈集成股份有限公司,臺北市信義區基隆路1段159號11樓之1,倉儲行業
53941071,鑽石糖創意行銷有限公司,臺北市大安區光復南路102號8樓,倉儲行業
53941939,綠林生活有限公司,臺北市中正區晉江街31號,倉儲行業
53942846,仰勝有限公司,臺北市內湖區內湖路1段250號12樓,倉儲行業
53943850,台灣準時達國際物流股份有限公司,臺北市內湖區基湖路32號3樓,倉儲行業
53945196,金世達國際物流有限公司,臺北市中山區松江路200號5樓之4,倉儲行業
53945941,飛斯尼克實業有限公司,臺北市信義區虎林街212巷31號1樓,倉儲行業
53948004,航順國際運通有限公司,臺北市松山區復興南路1段1號5樓,倉儲行業
53948551,古氏國際有限公司,臺北市士林區中山北路5段709號,倉儲行業
53950021,復興資產開發股份有限公司,臺北市大同區鄭州路139號9樓,倉儲行業
53950042,宜展公關顧問有限公司,臺北市文山區興隆路1段90號,倉儲行業
53950198,凱特霖國際有限公司,臺北市中山區長安東路1段16號8樓之6,倉儲行業
53950401,豐運有限公司,臺北市松山區民生東路4段54號10樓之10,倉儲行業
53951393,吉致商業有限公司,臺北市大同區重慶北路3段363號(1樓),倉儲行業
53952800,弘強多媒體有限公司,臺北市松山區南京東路5段2號3樓,倉儲行業
53952941,奇祐實業有限公司,臺北市大同區延平北路3段156號1樓,倉儲行業
53953174,香軒國際有限公司,臺北市松山區南京東路5段286巷2號,倉儲行業
53953738,驛林交通股份有限公司,臺北市大安區羅斯福路3段309號3樓之3,倉儲行業
53954271,富瑞行銷管理顧問有限公司,臺北市大安區光復南路630號3樓,倉儲行業
53954568,華建國際物流有限公司,臺北市松山區南京東路4段103號11樓,倉儲行業
53954770,大聯通倉儲設備有限公司,臺北市文山區羅斯福路5段88-7號,倉儲行業
53957621,啟錸資通股份有限公司,臺北市大同區南京西路41號11樓之5,倉儲行業
53958327,宜農興業股份有限公司,臺北市信義區松德路65號7樓之1,倉儲行業
53958380,捷迅物流有限公司,臺北市信義區信義路4段391號12樓之7,倉儲行業
54045356,守盛事業有限公司,臺北市信義區松德路65號11樓之1,倉儲行業
54092548,冠亨國際物流有限公司,臺北市中山區吉林路360號1樓,倉儲行業
54111947,達伯斯有限公司,臺北市中山區南京東路2段137號14樓(301室),倉儲行業
54137088,捷丞科技有限公司,臺北市中正區中山北路1段2號4樓之2,倉儲行業
54139895,神助物流設備有限公司,臺北市松山區民權東路3段160巷1之1號1樓,倉儲行業
54140416,大正有限公司,臺北市中山區新生北路1段54號7樓之3,倉儲行業
54140437,壬友有限公司,臺北市大安區忠孝東路3段247之1號9樓,倉儲行業
54151497,韓油股份有限公司,臺北市大安區忠孝東路3段207之6號,倉儲行業
54153100,互利邦股份有限公司,臺北市中正區襄陽路9號15樓,倉儲行業
54154163,神行搬家貨運有限公司,臺北市內湖區舊宗路2段121巷28號1樓,倉儲行業
54154234,勤翌國際有限公司,臺北市松山區南京東路4段25號9樓之1,倉儲行業
54155727,世運物流有限公司,臺北市中山區復興北路2號5樓之6,倉儲行業
54157507,方記樂活有限公司,臺北市中山區民權東路3段58號5樓之7,倉儲行業
54158421,雿霆國際物流股份有限公司,臺北市士林區後街21巷13號地下,倉儲行業
54158560,飛帆國際物流有限公司,臺北市中山區龍江路412巷32號1樓,倉儲行業
54158581,百佳食品實業有限公司,臺北市中山區新生北路2段31之1號12樓,倉儲行業
54158647,<U+73F9>偉有限公司,臺北市松山區民生東路5段245號1樓,倉儲行業
54159940,富豪室內裝修設計科技股份有限公司,臺北市中正區羅斯福路3段100號8樓之8,倉儲行業
54160989,拓點商用不動產投資顧問股份有限公司,臺北市中山區建國北路2段84號4樓,倉儲行業
54161256,哈維國際物流有限公司,臺北市南港區富康街33號4樓,倉儲行業
54161663,環球<U+6ED9>宇國際物流股份有限公司,臺北市大安區敦化南路2段5號11樓之1,倉儲行業
54162614,橡園國際股份有限公司,臺北市中山區長安東路2段246號5樓,倉儲行業
54163037,海喬健康事業股份有限公司,臺北市大同區重慶北路3段276號9樓,倉儲行業
54164887,諾亞運通有限公司,臺北市松山區八德路3段164號10樓之3,倉儲行業
54164937,三商立泰股份有限公司,臺北市中山區建國北路2段145號11樓,倉儲行業
54166267,燦星文創股份有限公司,臺北市內湖區堤頂大道1段331號6樓,倉儲行業
54167104,悅曜國際股份有限公司,臺北市大同區重慶北路3段276號10樓,倉儲行業
54168650,金寶國際物流有限公司,臺北市中山區中山北路2段46號8樓,倉儲行業
54169412,紘紀實業有限公司,臺北市中山區樂群二路297號10樓之3,倉儲行業
54169525,友友資產開發有限公司,臺北市中山區南昌路2段70號3樓之1,倉儲行業
54169813,義高生技股份有限公司,臺北市中正區北平東路30號16樓之1,倉儲行業
54170086,啤瓦多創意行銷有限公司,臺北市中正區金門街24巷35號,倉儲行業
54170847,熱點數位科技有限公司,臺北市大安區忠孝東路4段142號8樓之10,倉儲行業
54173035,福德滿股份有限公司,臺北市中山區南京東路1段13巷7弄2之2號1樓,倉儲行業
54174885,學創科技有限公司,臺北市萬華區雙園街2號1樓,倉儲行業
54175786,富豪國際運通有限公司,臺北市信義區基隆路1段25號3樓,倉儲行業
54177975,怡捷國際物流股份有限公司,臺北市松山區復興北路179號12樓之5,倉儲行業
54179018,台灣大數位服務股份有限公司,臺北市大安區敦化南路2段206號7樓,倉儲行業
54179431,宏盛國際商業管理顧問有限公司,臺北市松山區八德路4段465號7樓,倉儲行業
54179811,展岳開發有限公司,臺北市文山區景隆街111號,倉儲行業
54181725,港鑫物流股份有限公司,臺北市松山區民生東路4段97巷2弄9號,倉儲行業
54183596,百俊事業股份有限公司,臺北市內湖區洲子街106號6樓之1,倉儲行業
54184027,南海聯合石油股份有限公司,臺北市中正區濟南路1段15號9樓,倉儲行業
54184223,河馬國際貿易有限公司,臺北市萬華區中華路1段180號1樓,倉儲行業
54184292,台灣浩天實業有限公司,臺北市中山區林森北路413號5樓之8,倉儲行業
54184878,萬物達國際有限公司,臺北市松山區敦化北路222巷2號5樓,倉儲行業
54185617,優安股份有限公司,臺北市中正區忠孝東路1段85號12樓,倉儲行業
54185861,靡風科技有限公司,臺北市大安區信義路4段279號11樓,倉儲行業
54186502,永大貿易股份有限公司,臺北市內湖區石潭路27號3樓之6,倉儲行業
54187018,倉笙聯網有限公司,臺北市中正區中華路1段59號7樓,倉儲行業
54187024,昱亮聯網有限公司,臺北市內湖區瑞光路258巷56號6樓,倉儲行業
54188121,立和國際物流股份有限公司,臺北市大同區民生西路288號9樓,倉儲行業
54188234,萌碩企業經營顧問有限公司,臺北市內湖區內湖路1段120巷18號1樓,倉儲行業
54188712,皇家國際綜合股份有限公司,臺北市松山區南京東路4段53巷10弄19號1樓,倉儲行業
54188972,嘉昇建設股份有限公司,臺北市中山區中山北路2段96號,倉儲行業
54230649,士騰國際有限公司,臺北市中正區忠孝西路1段45號12樓之9,倉儲行業
54238473,巨富實業有限公司,臺北市信義區松德路25巷25號6樓,倉儲行業
54270873,鼎興石材有限公司,臺北市內湖區瑞光路607號4樓,倉儲行業
54275589,宸宇國際企業有限公司,臺北市松山區健康路226之1號1樓,倉儲行業
54279207,黑市音樂有限公司,臺北市松山區南京東路4段130號2樓之1,倉儲行業
54319475,德利貿易有限公司,臺北市內湖區成功路4段294巷5號3樓,倉儲行業
54320326,騰顥資產管理股份有限公司,臺北市中山區民權東路2段146號3樓,倉儲行業
54321802,台北生活讀書新知三聯書店有限公司,臺北市中正區重慶南路1段99號7樓,倉儲行業
54322886,宏育國際物流有限公司,臺北市信義區基隆路1段398號11樓之5,倉儲行業
54323301,台灣歐薩克斯有限公司,臺北市中山區南京東路2段101號10樓,倉儲行業
54323392,馳利國際有限公司,臺北市大安區復興南路2段288號5樓,倉儲行業
54325770,新達貨運有限公司,臺北市南港區南港路3段130巷2弄2號5樓,倉儲行業
54331029,匯遠國際有限公司,臺北市中正區忠孝西路1段7號7樓之2,倉儲行業
54331506,威睿影像設計有限公司,臺北市內湖區南京東路6段459號1樓,倉儲行業
54332765,虹頂開發股份有限公司,臺北市中山區北安路608巷12之1號1樓,倉儲行業
54333005,東鼎物流有限公司,臺北市松山區復興北路1號11樓,倉儲行業
54333048,駿宇大飯店股份有限公司,臺北市內湖區民權東路6段123巷34弄1號,倉儲行業
54333912,保時達國際物流股份有限公司,臺北市中山區錦州街36號4樓,倉儲行業
54336158,敦航國際物流有限公司,臺北市中正區忠孝東路2段130號12樓之8,倉儲行業
54341125,博智策略行銷有限公司,臺北市大安區安和路2段64號11樓之1,倉儲行業
54343708,宇博國際漁業股份有限公司,臺北市中山區龍江路328巷16號,倉儲行業
54345396,愛維根社會企業股份有限公司,臺北市文山區萬隆街62巷4號地下,倉儲行業
54345419,源展國際貿易有限公司,臺北市內湖區文德路22巷24號2樓,倉儲行業
54345585,大人物綜合企業股份有限公司,臺北市松山區八德路4段520號2樓,倉儲行業
54346655,安馳企業股份有限公司,臺北市中正區中華路1段93號13樓,倉儲行業
54346819,晟洋海運承攬運送股份有限公司,臺北市信義區虎林街202巷48號1樓,倉儲行業
54347459,全台郵通股份有限公司,臺北市南港區新民街77號1樓,倉儲行業
54347845,明乾國際物流有限公司,臺北市中山區松江路146號5樓之4,倉儲行業
54348529,獵豹娛樂科技股份有限公司,臺北市大安區敦化南路2段40號10樓之1,倉儲行業
54349914,艾沃岢國際行銷有限公司,臺北市中山區長安東路2段169號4樓,倉儲行業
54350622,台灣美佳音科技有限公司,臺北市中山區吉林路144巷12號,倉儲行業
54350947,夢想屋國際有限公司,臺北市士林區忠義街97號1樓,倉儲行業
54351431,亞威能源科技有限公司,臺北市松山區八德路4段660號10樓之6,倉儲行業
54352207,東洋國際能源股份有限公司,臺北市大同區市民大道1段211號15樓之16,倉儲行業
54352332,特豪環保科技有限公司,臺北市南港區南港路3段203號,倉儲行業
54352945,萬泰神通國際物流有限公司,臺北市中山區八德路2段308號5樓,倉儲行業
54354795,現代久藏有限公司,臺北市內湖區行善路48巷56號4樓,倉儲行業
54354866,旺得福餐飲事業股份有限公司,臺北市中山區民生東路3段25號地下及27號1樓,倉儲行業
54355133,瀚世科技有限公司,臺北市南港區忠孝東路6段467號2樓,倉儲行業
54355632,天鼎股份有限公司,臺北市中山區建國北路2段33號12樓,倉儲行業
54357110,富本國際有限公司,臺北市大安區復興南路1段313巷10之1號1樓,倉儲行業
54357630,我思有限公司,臺北市中正區八德路1段5-2號,倉儲行業
54360699,邦琪實業有限公司,臺北市信義區忠孝東路5段510號25樓,倉儲行業
54360797,久藏有限公司,臺北市中山區中山北路3段31號地下1層,倉儲行業
54360993,歐得顧問有限公司,臺北市大同區南京西路36號11樓之1,倉儲行業
54361655,和築生活股份有限公司,臺北市大安區復興南路2段12巷25號1樓,倉儲行業
54361803,宏融國際有限公司,臺北市大安區仁愛路3段127號8樓,倉儲行業
54362182,鋐達實業有限公司,臺北市信義區基隆路1段155號5樓之9,倉儲行業
54363529,冠洋貿易有限公司,臺北市信義區基隆路1段155號13樓之5,倉儲行業
54363892,正方倉儲實業股份有限公司,臺北市士林區忠誠路2段166巷28弄3之1號,倉儲行業
54364787,台灣嘉品有限公司,臺北市大安區復興南路1段321號10樓之2,倉儲行業
54364962,井治實業有限公司,臺北市信義區福德街235號3樓,倉儲行業
54365006,捷冠物流有限公司,臺北市南港區向陽路185號13樓,倉儲行業
54365195,合發昌業有限公司,臺北市中山區新生北路1段46號8樓,倉儲行業
54368566,惠良行有限公司,臺北市大同區迪化街1段205號1樓,倉儲行業
54370985,英屬維京群島商辰豪國際股份有限公司,臺北市內湖區舊宗路1段150巷25號,倉儲行業
54372196,韓商浦鐵重工股份有限公司,臺北市內湖區西湖里瑞光路583巷21號5樓之5,倉儲行業
54373250,新加坡商捷安中華有限公司,臺北市松山區民生東路3段156號13樓,倉儲行業
54379276,香港商宏廣亞太有限公司,臺北市內湖區瑞光路26巷36弄2號5樓,倉儲行業
54381287,新加坡商派德有限公司,臺北市松山區八德路4段111號7樓,倉儲行業
54391095,日商車信條股份有限公司,臺北市內湖區瑞光路358巷30弄3號2樓,倉儲行業
54392849,新加坡商卡樂康亞太股份有限公司,臺北市大安區忠孝東路4段270號7樓之1,倉儲行業
54393241,香港商寶欽國際有限公司,臺北市內湖區港墘里洲子街102號2樓,倉儲行業
54395607,香港商有棵樹空運服務有限公司,臺北市松山區民生東路4段112巷7弄3號1樓,倉儲行業
54396599,新加坡商空塵計科技有限公司,臺北市信義區基隆路1段159號13樓之1,倉儲行業
54396887,香港商才華貿易有限公司,臺北市大同區南京西路161號1樓,倉儲行業
54397056,薩摩亞商澍雨有限公司,臺北市松山區南京東路5段239號9樓之3,倉儲行業
54397181,三商行股份有限公司,臺北市中山區建國北路2段145號地下1樓及1~18樓,倉儲行業
54398371,英屬開曼群島商金福聯汽車興業股份有限公司,臺北市中正區館前路49號6樓,倉儲行業
54398604,新加坡商派印亞太諮詢有限公司,臺北市信義區信義路4段391號12樓,倉儲行業
54533833,一品三和搬家貨運有限公司,臺北市中正區中華路2段441巷9之1號3樓,倉儲行業
54615428,天揚昇企業有限公司,臺北市萬華區東園街207號,倉儲行業
54639548,榮星有限公司,臺北市松山區南京東路4段164號12樓,倉儲行業
54639940,建京興業有限公司,臺北市萬華區西藏路270號2樓,倉儲行業
54640714,得士派聯合服務事業股份有限公司,臺北市內湖區新明路460巷12號1樓,倉儲行業
54641474,華豐隆股份有限公司,臺北市大同區迪化街1段46巷27號,倉儲行業
54642023,宏壽綜合實業有限公司,臺北市中山區建國北路2段139號地下一層,倉儲行業
54642712,永聯物流開發股份有限公司,臺北市內湖區瑞光路258巷37、39號2樓,倉儲行業
54643923,金碧能源科技股份有限公司,臺北市大安區羅斯福路2段33號9樓之5,倉儲行業
54645020,網標屋股份有限公司,臺北市信義區信義路5段7號37樓,倉儲行業
54645892,天心鳳凰企業股份有限公司,臺北市中正區南海路116號,倉儲行業
54646978,富恆物業開發有限公司,臺北市文山區景興路42巷6弄7號,倉儲行業
54647499,漢華科際整合有限公司,臺北市中山區龍江路23號6樓,倉儲行業
54648321,百儷得生物科技有限公司,臺北市萬華區永福街50號5樓,倉儲行業
54648589,逢麟國際有限公司,臺北市中山區松江路220號9樓,倉儲行業
54651697,誠盟股份有限公司,臺北市松山區復興北路57號3樓之1,倉儲行業
54652437,開店一二三網路科技股份有限公司,臺北市松山區復興北路101號5樓,倉儲行業
54653576,鎮宸有限公司,臺北市中山區錦州街159號5樓之5,倉儲行業
54653739,富浴室內裝修有限公司,臺北市內湖區行忠路28巷1號1樓,倉儲行業
54654006,探索廚房股份有限公司,臺北市大安區忠孝東路4段162號12樓之2,倉儲行業
54654575,神行快遞有限公司,臺北市內湖區舊宗路2段121巷28號1樓,倉儲行業
54654982,昶恆科技股份有限公司,臺北市松山區八德路4段660號5樓,倉儲行業
54655504,萊迦拿有限公司,臺北市信義區信義路4段456號17樓之1,倉儲行業
54656291,三立物流股份有限公司,臺北市大同區西寧北路70號7樓,倉儲行業
54657284,界轉摺股份有限公司,臺北市松山區富錦街79號,倉儲行業
54657398,聿品國際股份有限公司,臺北市大安區復興南路1段279巷10號7樓,倉儲行業
54657637,弘將有限公司,臺北市中山區長安東路2段110號11樓之2,倉儲行業
54657664,宜萌國際有限公司,臺北市大安區信義路4段279號8樓,倉儲行業
54658397,崑達國際股份有限公司,臺北市中正區杭州南路1段115號地下1樓,倉儲行業
54658805,興利通物流股份有限公司,臺北市信義區基隆路1段131號,倉儲行業
54658875,華堂有限公司,臺北市內湖區內湖路1段323巷4弄20號2樓,倉儲行業
54659419,鴻冶實業有限公司,臺北市信義區永吉路491巷5弄32號,倉儲行業
54659950,和佳事業有限公司,臺北市內湖區民權東路6段123巷16號9樓之1,倉儲行業
54660289,亞商卓盛華閣股份有限公司,臺北市信義區忠孝東路5段31巷18弄3號,倉儲行業
54661533,光品企業有限公司,臺北市文山區永安街22巷3號,倉儲行業
54662006,佳昇開發股份有限公司,臺北市內湖區大湖街131巷2弄2號1樓,倉儲行業
54662076,睿格國際有限公司,臺北市大安區仁愛路3段123巷11之2號,倉儲行業
54664004,騰飛管理顧問有限公司,臺北市中正區中華路1段59號10樓,倉儲行業
54665587,東方超捷國際物流股份有限公司,臺北市中山區南京東路2段90號18樓,倉儲行業
54668135,探索國際開發股份有限公司,臺北市中山區南京東路3段91號8樓,倉儲行業
54668509,威航航空運輸股份有限公司,臺北市大同區鄭州路139號11樓,倉儲行業
54668775,富春國際物流有限公司,臺北市萬華區康定路82號6樓之1,倉儲行業
54669845,台灣瀚洋航空貨運代理有限公司,臺北市中山區建國北路2段82號8樓,倉儲行業
54670527,遠騰國際有限公司,臺北市中山區龍江路149巷7之1號1樓,倉儲行業
54670603,雲飛企業有限公司,臺北市信義區信義路5段8號14樓,倉儲行業
54670863,美麗華企業股份有限公司,臺北市中山區敬業一路160號3樓,倉儲行業
54672193,達司泰國際物流有限公司,臺北市松山區敦化北路155巷3號2樓,倉儲行業
54674381,永利優國際股份有限公司,臺北市松山區南京東路5段393號3樓,倉儲行業
54674798,盛大國際物流股份有限公司,臺北市中山區松江路100巷1號2樓,倉儲行業
54677628,日盛商務有限公司,臺北市松山區八德路3段106巷63號1樓,倉儲行業
54679127,誠運國際物流股份有限公司,臺北市松山區復興北路1號7樓之2,倉儲行業
54681236,東億國際事業有限公司,臺北市內湖區新湖一路90號,倉儲行業
54681812,誼展國際物流有限公司,臺北市松山區復興北路181號5樓之1,倉儲行業
54683086,馬吉視覺創藝有限公司,臺北市大安區信義路2段72號地下,倉儲行業
54683136,小南國國際股份有限公司,臺北市松山區光復北路11巷99號地下,倉儲行業
54684135,海叢冷凍食品有限公司,臺北市大安區忠孝東路4段148號7樓,倉儲行業
54685140,源起國際有限公司,臺北市信義區忠孝東路5段482號5樓之5,倉儲行業
54685394,台灣線上聯合有限公司,臺北市萬華區水源路207-6號5樓,倉儲行業
54685520,宇通物聯股份有限公司,臺北市大安區復興南路1段135巷17號10樓之2,倉儲行業
54685747,宇博股份有限公司,臺北市中山區長安東路2段246號9樓之8,倉儲行業
54686204,昇洋物流股份有限公司,臺北市中山區南京東路3段103號7樓,倉儲行業
54688569,易通國際貿易有限公司,臺北市大同區涼州街124號,倉儲行業
54688815,凱鑫國際資產管理股份有限公司,臺北市大安區敦化南路2段38號8樓,倉儲行業
54691190,鴻逸物流有限公司,臺北市大安區忠孝東路4段148號7樓,倉儲行業
54724782,泓瑄有限公司,臺北市信義區基隆路2段15號12樓,倉儲行業
54729999,廣陽照科技有限公司,臺北市大同區承德路3段232號3樓,倉儲行業
55218805,生邦物流股份有限公司,臺北市中山區松江路220號4樓之1,倉儲行業
63108747,利臺國際股份有限公司,臺北市內湖區新湖三路23號5樓,倉儲行業
69568009,燦坤實業股份有限公司,臺北市內湖區堤頂大道1段331號3樓,倉儲行業
70350606,捷友商網股份有限公司,臺北市內湖區瑞光路66巷36號3樓,倉儲行業
70358712,集保股份有限公司,臺北市松山區民權東路3段142號12樓之1,倉儲行業
70361961,浩廷企業股份有限公司,臺北市松山區南京東路3段248號13樓之1,倉儲行業
70365761,瓦克新鮮屋有限公司,臺北市大安區建國南路2段296號,倉儲行業
70365869,台灣康納格貿易有限公司,臺北市大安區復興南路1段390號7樓,倉儲行業
70367711,汎亞國際人事顧問股份有限公司,臺北市大安區和平東路2段295號9樓,倉儲行業
70369767,鑫元國際有限公司,臺北市松山區南京東路3段258號3樓,倉儲行業
70370954,新視紀整合行銷傳播股份有限公司,臺北市南港區忠孝東路6段465號11樓,倉儲行業
70373039,長快物流有限公司,臺北市中正區辛亥路1段33號2樓,倉儲行業
70374543,至福實業有限公司,臺北市信義區基隆路1段109之6號3樓,倉儲行業
70374895,君匯企業股份有限公司,臺北市大安區大安路1段157巷1號5樓,倉儲行業
70375634,擎陽生物科技股份有限公司,臺北市大安區和平東路１段５５巷１弄２號７樓,倉儲行業
70376253,森燦國際開發有限公司,臺北市萬華區洛陽街55號6樓之6,倉儲行業
70377859,華科聯合科技股份有限公司,臺北市松山區敦化南路１段２５號１２樓,倉儲行業
70383938,柏邑有限公司,臺北市中山區民權東路1段72號7樓之2,倉儲行業
70384248,台灣家樂福股份有限公司,臺北市中山區樂群三路218號4樓之1,倉儲行業
70384459,瀚皇麟有限公司,臺北市大安區信義路４段２３７號１樓,倉儲行業
70394127,台灣寬頻通訊顧問股份有限公司,臺北市中山區中山北路2段44號5樓,倉儲行業
70397659,新堡科技股份有限公司,臺北市內湖區行愛路128號1樓,倉儲行業
70398073,富格國際股份有限公司,臺北市中正區許昌街42-1號10樓,倉儲行業
70398453,泛豐企業股份有限公司,臺北市中山區松江路220號7樓之1,倉儲行業
70399609,鴻新運通股份有限公司,臺北市中山區中山北路2段96號9樓,倉儲行業
70436822,台灣東方海外股份有限公司,臺北市中正區濟南路1段15號1樓,倉儲行業
70442768,宏亮娛樂股份有限公司,臺北市大安區敦化南路2段76號8樓,倉儲行業
70444626,偉茗彩色印刷有限公司,臺北市士林區後港街167號,倉儲行業
70449354,光英實業有限公司,臺北市中正區南昌路1段25號4樓,倉儲行業
70452126,海鷹通運有限公司,臺北市松山區南京東路３段２６１號７樓,倉儲行業
70456002,康朝實業股份有限公司,臺北市中山區松江路220號2樓,倉儲行業
70456740,欣鼎益事業股份有限公司,臺北市內湖區內湖路1段512號3樓,倉儲行業
70466347,智高物流股份有限公司,臺北市松山區民生東路4段54號7樓之12,倉儲行業
70469864,伸財行有限公司,臺北市中山區民權西路11號10樓,倉儲行業
70471117,雅笠股份有限公司,臺北市中山區長安東路2段173號4樓,倉儲行業
70474727,無線通商股份有限公司,臺北市松山區敦化南路１段２５號１２樓,倉儲行業
70479265,遠音聯合業務股份有限公司,臺北市文山區景文街41號3樓,倉儲行業
70481966,亞太世紀冷藏股份有限公司,臺北市士林區延平北路6段475號3樓,倉儲行業
70482199,新軸資訊股份有限公司,臺北市中山區合江街１０２巷１８號,倉儲行業
70485029,賀氏自學系統有限公司,臺北市萬華區西寧南路11號11樓之4,倉儲行業
70489685,芃達交通企業有限公司,臺北市南港區中南街142號5樓,倉儲行業
70512264,中台油實業股份有限公司,臺北市中山區南京東路2段137號5樓,倉儲行業
70523522,怡東人事顧問股份有限公司,臺北市松山區復興北路101號9樓,倉儲行業
70533042,金煌國際行銷股份有限公司,臺北市大同區承德路３段２３０號１３樓,倉儲行業
70535180,捷登物流有限公司,臺北市大同區迪化街1段345號,倉儲行業
70536913,集聚科技興業有限公司,臺北市中正區南昌路2段112號5樓之11,倉儲行業
70537976,台灣吉晶科技股份有限公司,臺北市中正區忠孝東路２段１１８號４樓,倉儲行業
70538757,寬達國際股份有限公司,臺北市中山區敬業一路162號2樓,倉儲行業
70539658,世順國際有限公司,臺北市中山區長春路368號3樓之1,倉儲行業
70541649,美德向邦股份有限公司,臺北市信義區松高路9號29樓,倉儲行業
70542909,帛詮國際開發有限公司,臺北市大同區承德路3段51巷22號1樓,倉儲行業
70544316,全球網國際股份有限公司,臺北市大安區忠孝東路4段148號8樓之2、之3,倉儲行業
70546308,錦洲醫院管理顧問股份有限公司,臺北市大同區重慶北路2段30號1樓,倉儲行業
70553004,優勢紀股份有限公司,臺北市大安區安和路２段２１７巷３號,倉儲行業
70557846,逢運物流股份有限公司,臺北市內湖區成功路4段182巷6弄37號5樓,倉儲行業
70558541,永昌聯運有限公司,臺北市松山區敦化北路155巷1號2樓,倉儲行業
70561433,皇爵國際物流有限公司,臺北市內湖區民權東路6段180巷42弄2之1號1樓,倉儲行業
70564522,台灣棧板租賃股份有限公司,臺北市大安區安和路1段29號15樓,倉儲行業
70568914,侖赫國際有限公司,臺北市內湖區環山路1段136巷7號1樓,倉儲行業
70570405,台灣三菱商事物流股份有限公司,臺北市中山區松江路87號14樓,倉儲行業
70572298,世居資產管理股份有限公司,臺北市大安區忠孝東路4段329號8樓,倉儲行業
70574676,正瑞環保工程有限公司,臺北市文山區辛亥路4段99號2樓,倉儲行業
70574789,立茲實業股份有限公司,臺北市松山區敦化北路６號１１樓,倉儲行業
70577771,吉士達商務科技股份有限公司,臺北市信義區松仁路107號11樓,倉儲行業
70578954,駿通環保工程有限公司,臺北市文山區下崙街30巷2號2樓,倉儲行業
70579898,世達發科技股份有限公司,臺北市內湖區基湖路32號2樓,倉儲行業
70583210,智力基因股份有限公司,臺北市中山區明水路636號3樓之8,倉儲行業
70583936,全家書報股份有限公司,臺北市文山區羅斯福路５段２５７號１樓,倉儲行業
70606190,宅急修國際股份有限公司,臺北市中山區民生東路2段115巷4號5樓,倉儲行業
70606797,全超實業有限公司,臺北市大安區忠孝東路3段251巷3弄18之3號,倉儲行業
70611665,世倉國際股份有限公司,臺北市信義區基隆路1段159號13樓之1,倉儲行業
70632660,力可得股份有限公司,臺北市松山區塔悠路３４０號,倉儲行業
70638313,尼希米國際有限公司,臺北市大安區新生南路1段165巷14號1樓,倉儲行業
70658582,好好國際物流股份有限公司,臺北市大同區重慶北路2段243號4樓、5樓,倉儲行業
70675597,普健生物科技股份有限公司,臺北市中山區南京東路2段72號3樓,倉儲行業
70692097,禾瑞興業有限公司,臺北市中山區民生東路3段36號5樓之12,倉儲行業
70693589,鹿野鼎開發股份有限公司,臺北市大安區復興南路1段342號11樓之1,倉儲行業
70747570,台灣安捷倫科技股份有限公司,臺北市中山區復興南路1段2號7樓,倉儲行業
70761967,美商世聯運通股份有限公司,臺北市大安區忠孝東路三段一００號十樓,倉儲行業
70790317,弘運科技股份有限公司,臺北市內湖區洲子街79號6樓,倉儲行業
70790323,香港商國際濟豐股份有限公司,臺北市中山區復興北路一五０號十三樓之八,倉儲行業
70800053,英屬蓋曼群島商絡捷物流網股份有限公司,臺北市松山區民生東路３段７１號５樓,倉儲行業
70803988,百慕達商泰科資訊科技有限公司,臺北市信義區東興路45號3樓,倉儲行業
70804425,英屬維京群島商網豐國際物流資訊有限公司,臺北市內湖區新湖一路88號7樓,倉儲行業
70812380,英屬蓋曼群島商鴻霖物流股份有限公司,臺北市大安區仁愛路4段25之1號3樓,倉儲行業
70820380,香港商昂瑞科技有限公司,臺北市士林區社中街434號,倉儲行業
70824858,台灣大昌華嘉股份有限公司,臺北市內湖區堤頂大道2段407巷20弄1、3、5、7號10樓，及407巷22、24、26號10樓及407巷22號10樓之1,倉儲行業
70828453,掌方軟體股份有限公司,臺北市大安區復興南路2段45號3樓,倉儲行業
70828475,迅益企業有限公司,臺北市信義區基隆路2段23號8樓之2,倉儲行業
70829381,昌辰興業有限公司,臺北市大安區辛亥路2段167號15樓,倉儲行業
70831844,大福歐國際股份有限公司,臺北市士林區通河西街1段131號1樓,倉儲行業
70835736,漢諾威國際育樂股份有限公司,臺北市大同區承德路2段193號6樓之1,倉儲行業
70836806,泰強科技股份有限公司,臺北市萬華區環河南路2段250巷28弄28號1樓,倉儲行業
70840013,聚力聯網股份有限公司,臺北市大安區羅斯福路３段２９號１０樓,倉儲行業
70840294,世翔國際運通有限公司,臺北市松山區南京東路4段164號7樓,倉儲行業
70842841,世華環保工程有限公司,臺北市松山區興安街204號,倉儲行業
70844685,卡娃依股份有限公司,臺北市大安區復興南路2段320號,倉儲行業
70846121,實力貿易有限公司,臺北市中正區羅斯福路2段102號22樓,倉儲行業
70847682,唯昇環球科技股份有限公司,臺北市文山區景興路274號2樓之5,倉儲行業
72054671,慶洲股份有限公司,臺北市大同區民生西路288號9樓之1,倉儲行業
75094900,中華工程股份有限公司,臺北市松山區新聚里東興路12號6樓,倉儲行業
79971697,騰騏實業有限公司,臺北市北投區實踐街56巷2號1樓,倉儲行業
79983011,生群生技股份有限公司,臺北市中正區林森南路10號3樓之1,倉儲行業
80014147,中華醫藥產業股份有限公司,臺北市中山區中山北路3段22號(設工北樓),倉儲行業
80035092,嘉新資產管理開發股份有限公司,臺北市中山區中山北路2段96號,倉儲行業
80040216,世圓科技股份有限公司,臺北市中山區長春路19號9樓,倉儲行業
80059410,毅凡資訊管理有限公司,臺北市中山區南京東路2段137號14樓,倉儲行業
80082741,遠鵬運通國際有限公司,臺北市松山區八德路4段135號4樓,倉儲行業
80149877,昇宏國際事業有限公司,臺北市中山區南京東路2段174號10樓,倉儲行業
80150178,宏業國際有限公司,臺北市中正區八德路1段43巷2號2樓,倉儲行業
80150775,中日店舖設備股份有限公司,臺北市信義區基隆路1段147巷54號1樓,倉儲行業
80151090,昱昇藥業有限公司,臺北市中山區松江路309號11樓之3,倉儲行業
80154688,瑋杰貿易有限公司,臺北市大同區延平北路２段２４７巷２８號９樓之１,倉儲行業
80154759,尚宇國際實業股份有限公司,臺北市大安區信義路４段５５號２樓,倉儲行業
80156258,翔輝運通有限公司,臺北市內湖區行善路128號1樓,倉儲行業
80158729,大宗國際海洋股份有限公司,臺北市松山區南京東路４段１３３巷６弄４０號１樓,倉儲行業
80161604,佳薪科技有限公司,臺北市松山區南京東路5段250巷18弄11-3號1樓,倉儲行業
80164216,卉利國際股份有限公司,臺北市松山區長安東路2段189號3樓之2,倉儲行業
80164546,全龍國際有限公司,臺北市信義區松山路１３０號１１樓之２,倉儲行業
80165691,快立企業有限公司,臺北市大安區信義路４段１８７號７樓,倉儲行業
80165828,中美聯運有限公司,臺北市松山區復興北路1號9樓之5,倉儲行業
80170548,長運運通股份有限公司,臺北市中山區南京東路１段１２０號５樓,倉儲行業
80174447,巨航物流有限公司,臺北市中山區遼寧街107之5號1樓,倉儲行業
80174832,速運有限公司,臺北市中山區建國北路3段87號,倉儲行業
80175558,臺灣生活聯網有限公司,臺北市中山區林森北路131號5樓之2,倉儲行業
80175733,優品事業有限公司,臺北市士林區大南路384號,倉儲行業
80178133,瑞士美德股份有限公司,臺北市大安區復興南路1段368號13樓,倉儲行業
80183570,聖維斯國際股份有限公司,臺北市中正區懷寧街17號3樓之1,倉儲行業
80183781,宥富貿易股份有限公司,臺北市松山區南京東路3段346號12樓之3,倉儲行業
80185036,朋友運通股份有限公司,臺北市中山區長春路328號3樓之1,倉儲行業
80185113,永利東方國際物流股份有限公司,臺北市中山區南京東路2段216號10樓,倉儲行業
80185710,醫邁實業有限公司,臺北市大安區敦化南路１段２５９號７樓,倉儲行業
80186605,強貿國際物流股份有限公司,臺北市中山區長春路172號5樓之3,倉儲行業
80187652,一零四人力資源顧問股份有限公司,臺北市松山區南京東路3段248號3樓,倉儲行業
80188569,維爾食品股份有限公司,臺北市信義區和平東路3段315號10樓,倉儲行業
80188940,渝安有限公司,臺北市北投區公館路160號1樓,倉儲行業
80189498,金讚商務開發股份有限公司,臺北市中正區和平西路1段159號5樓,倉儲行業
80189997,慶成國際有限公司,臺北市內湖區金龍路202號3樓之1,倉儲行業
80194112,豪揚科技有限公司,臺北市中正區廈門街１３１巷４之１號１樓,倉儲行業
80197265,利昂國際股份有限公司,臺北市大安區信義路４段１７９號６樓,倉儲行業
80199046,達豐國際企業有限公司,臺北市中山區南京東路2段206號9樓之2,倉儲行業
80199475,台灣普睿德有限公司,臺北市中山區長安東路2段178號4樓,倉儲行業
80204054,古坑鄉竹筍批發市場有限公司,臺北市北投區西安街1段367號2樓之5,倉儲行業
80228801,海山貨櫃股份有限公司,臺北市中正區忠孝西路1段7號6樓之1,倉儲行業
80258522,得運運通有限公司,臺北市大安區復興南路1段204號4樓之1及4樓之2,倉儲行業
80262130,文揚資訊股份有限公司,臺北市內湖區內湖路1段91巷28號,倉儲行業
80262981,睿高國際有限公司,臺北市松山區八德路3段230號4樓之1,倉儲行業
80263715,<U+6ED9>宇物流倉儲有限公司,臺北市大安區敦化南路2段5號11樓之1,倉儲行業
80268351,聯天科技股份有限公司,臺北市中山區中山北路2段84巷1號9樓,倉儲行業
80273896,思創系統股份有限公司,臺北市中山區新生北路2段108號14樓之18,倉儲行業
80274298,拓亞物流股份有限公司,臺北市內湖區堤頂大道2段301號6樓,倉儲行業
80277534,中國興業股份有限公司,臺北市中山區南京東路3段101號4樓,倉儲行業
80277540,世華商貿發展股份有限公司,臺北市中山區民生東路3段69號6樓,倉儲行業
80278647,松鈞行實業有限公司,臺北市松山區寶清街１０號地下１樓,倉儲行業
80279569,展誌實業有限公司,臺北市信義區信義路4段458號16樓,倉儲行業
80280334,清雲實業有限公司,臺北市大安區忠孝東路4段223巷77號2樓,倉儲行業
80289665,夢想何不股份有限公司,臺北市中正區新生南路1段158號10樓,倉儲行業
80290277,東渝國際有限公司,臺北市松山區健康路325巷6弄7號,倉儲行業
80292768,來普利國際企業股份有限公司,臺北市松山區民生東路5段245號,倉儲行業
80293128,羅賓昇國際聯運股份有限公司,臺北市中山區民生東路2段145號4樓,倉儲行業
80297763,大宗國際開發股份有限公司,臺北市中山區民生東路3段28號7樓,倉儲行業
80299642,定航空運股份有限公司,臺北市中山區民生東路2段143號4樓,倉儲行業
80300325,力偉家飾有限公司,臺北市內湖區舊宗路1段288號2樓,倉儲行業
80300697,傑瑞聯運股份有限公司,臺北市中正區忠孝東路1段83號6樓之2,倉儲行業
80300916,東億物流有限公司,臺北市中山區農安街20號4樓之7,倉儲行業
80302098,安盛貿易有限公司,臺北市大安區復興南路1段390號7樓及7樓之1,倉儲行業
80303110,高信租賃股份有限公司,臺北市大安區復興南路１段３２３號６樓,倉儲行業
80304048,伊瑪科技股份有限公司,臺北市士林區德行東路267號5樓,倉儲行業
80304510,凱運全球股份有限公司,臺北市信義區光復南路521號9樓之6,倉儲行業
80307951,九陽起重工程有限公司,臺北市大安區和平東路3段308巷49號,倉儲行業
80321911,憶鴻國際企業有限公司,臺北市中山區松江路1號6樓之1,倉儲行業
80334444,英屬維京群島商佺格研發控股股份有限公司,臺北市信義區忠孝東路5段1-1號8樓,倉儲行業
80339807,美商邁捷亞太股份有限公司,臺北市八德路四段七六０號八樓之一,倉儲行業
80352441,翔鷹國際實業股份有限公司,臺北市信義區松高路9號29樓,倉儲行業
80352786,濱江農產股份有限公司,臺北市大安區復興南路１段３９０號１５樓,倉儲行業
80356869,香港商年來股份有限公司,臺北市信義區忠孝東路四段五六０號十二樓,倉儲行業
80434443,綠吉健康股份有限公司,臺北市南港區八德路4段768巷5號4樓之1,倉儲行業
80490872,貿鈞國際有限公司,臺北市中山區長安東路2段108號7樓之6,倉儲行業
80491231,平帆國際有限公司,臺北市信義區東興路59號10樓,倉儲行業
80494639,安普特實業有限公司,臺北市大安區忠孝東路4段126之15號3樓,倉儲行業
80495031,鼎欣國際運通有限公司,臺北市信義區松山路130號11樓之1,倉儲行業
80495187,鉅翔工程有限公司,臺北市中山區南京東路3段118號6樓之2,倉儲行業
80499108,飛揚國際企業有限公司,臺北市中正區忠孝東路２段１２２號１１樓,倉儲行業
80500392,聯協運通有限公司,臺北市內湖區瑞湖街103號5樓之3,倉儲行業
80506311,迅傳運通股份有限公司,臺北市中山區南京東路3段91號11樓,倉儲行業
80511715,英仁國際股份有限公司,臺北市大安區羅斯福路３段２９７之１號５樓,倉儲行業
80512051,三六九素食有限公司,臺北市北投區裕民一路16號1樓,倉儲行業
80512073,合祐貿易有限公司,臺北市中山區民權東路2段114號2樓,倉儲行業
80513571,達仲國際有限公司,臺北市內湖區行愛路77巷56號,倉儲行業
80514641,台灣泰昌全球物流股份有限公司,臺北市松山區南京東路5段16號8樓,倉儲行業
80515607,尊勝建設開發股份有限公司,臺北市內湖區內湖路1段512號3樓,倉儲行業
80516660,松村豐資產管理有限公司,臺北市松山區民生東路3段107巷6號3樓B室,倉儲行業
80518421,百懿建設股份有限公司,臺北市內湖區內湖路1段512號3樓,倉儲行業
80520968,環輝國際開發有限公司,臺北市松山區健康路141號1樓,倉儲行業
80524578,長野車業有限公司,臺北市大同區承德路3段58號,倉儲行業
80524922,懋華國際企業有限公司,臺北市中正區忠孝西路1段72號8樓之17,倉儲行業
80526294,永岱國際貿易有限公司,臺北市士林區文昌路102號,倉儲行業
80526371,亞諾士物流有限公司,臺北市內湖區舊宗路2段171巷12號,倉儲行業
80527168,浩博國際開發股份有限公司,臺北市中山區南京東路1段16號3樓,倉儲行業
80528693,特易行國際物流股份有限公司,臺北市中山區南京東路1段16號3樓,倉儲行業
80528700,羅杰斯環球有限公司,臺北市中山區復興北路2號7樓,倉儲行業
80531183,車櫃股份有限公司,臺北市大同區承德路３段５８號,倉儲行業
80533886,彩雲醫院管理顧問股份有限公司,臺北市大安區羅斯福路３段２９７之１號５樓,倉儲行業
80534007,浩業科技股份有限公司,臺北市中正區林森南路12號4樓,倉儲行業
80534533,盛世文化股份有限公司,臺北市大安區敦化南路1段261號B1,倉儲行業
80535033,希提司國際股份有限公司,臺北市松山區南京東路５段７０號６樓之１,倉儲行業
80536758,長捷國際開發股份有限公司,臺北市中山區南京東路1段16號3樓,倉儲行業
80536906,板建開發股份有限公司,臺北市中正區漢口街1段82號7樓,倉儲行業
80539713,丞瑀有限公司,臺北市大安區信義路４段６號１３樓之１１,倉儲行業
80539848,福宣企業有限公司,臺北市士林區中山北路７段７２號１樓,倉儲行業
80540752,宇志物業管理有限公司,臺北市大同區萬全街11號3樓,倉儲行業
80540985,七田真超右腦科技股份有限公司,臺北市信義區信義路4段415號2樓之1,倉儲行業
80541696,成通物流有限公司,臺北市中山區民權東路２段１３３號２樓,倉儲行業
80541788,躍進農特產銷物流有限公司,臺北市松山區南京東路４段１３３巷５弄９號１樓,倉儲行業
80542610,宅速配搬家貨運有限公司,臺北市士林區通河西街2段24號3樓,倉儲行業
80543977,全貿興業有限公司,臺北市士林區德行東路190巷31弄5號2樓,倉儲行業
80614493,實現家企業有限公司,臺北市大同區重慶北路3段223巷9號1樓,倉儲行業
80623275,鋐源企業有限公司,臺北市信義區基隆路1段155號8樓之8,倉儲行業
80643672,嘉利姆工程股份有限公司,臺北市中山區新生北路2段31之1號5樓之3,倉儲行業
80650693,廷升實業有限公司,臺北市中正區衡陽路８５號１０樓之５,倉儲行業
80652123,商喬企業有限公司,臺北市信義區東興路51號9樓,倉儲行業
80652735,全球人資管理顧問股份有限公司,臺北市中山區長安東路２段１６２號１樓,倉儲行業
80653002,新世紀公共事務有限公司,臺北市松山區南京東路5段63號7樓,倉儲行業
80653489,富群物流有限公司,臺北市大安區復興南路1段129號6樓之1,倉儲行業
80655114,華民科技股份有限公司,臺北市大同區承德路１段４０號５樓,倉儲行業
80655753,優勢活國際藝術開發有限公司,臺北市大安區仁愛路4段316之3號,倉儲行業
80657020,雅可傢俱有限公司,臺北市信義區莊敬路３２５巷２５號７樓,倉儲行業
80659168,北歐先進國際股份有限公司,臺北市信義區光復南路４９５號１１樓之３,倉儲行業
80659961,茂業興業有限公司,臺北市南港區向陽路106號,倉儲行業
80661050,城邑食品股份有限公司,臺北市中山區龍江路63之2號2樓之1,倉儲行業
80661538,捷迪實業有限公司,臺北市中山區中山北路2段162號7樓之1,倉儲行業
80663276,裕明興業股份有限公司,臺北市南港區重陽路263巷5號,倉儲行業
80666549,翰詮數位科技有限公司,臺北市中山區南京東路3段101號7樓,倉儲行業
80666668,台灣商業有限公司,臺北市中山區南京東路1段25號10樓之2,倉儲行業
80668080,海亨國際物流有限公司,臺北市中山區吉林路433巷22號1樓,倉儲行業
80670522,吉多醫藥有限公司,臺北市中山區松江路309號11樓之4,倉儲行業
80671698,飛思卡爾半導體股份有限公司,臺北市南港區三重路66號6樓之3、6樓之5及6樓之6,倉儲行業
80672486,怡東冷凍食品有限公司,臺北市中山區長春路81號2樓,倉儲行業
80676878,利通藥品股份有限公司,臺北市松山區南京東路4段126號12樓之1,倉儲行業
80676997,裕翔藥品股份有限公司,臺北市中山區敬業一路182號6樓,倉儲行業
80677855,倢勝股份有限公司,臺北市大同區長安西路303號7樓,倉儲行業
80678910,驛崴有限公司,臺北市中正區汀州路1段125巷11號1樓,倉儲行業
80679636,立躍企業有限公司,臺北市中山區林森北路399巷22號3樓,倉儲行業
80683343,祥富國際物流有限公司,臺北市中山區長安東路2段6之1號4樓,倉儲行業
80684954,嘉里通運股份有限公司,臺北市中正區新生南路1段50號14樓之3,倉儲行業
80685291,十二籃搬家貨運有限公司,臺北市中山區松江路206號8樓之4,倉儲行業
80685686,源大進企業有限公司,臺北市信義區松隆路３２７號１樓,倉儲行業
80685911,長穩國際有限公司,臺北市南港區福德街310巷24弄1號3樓,倉儲行業
80688277,享迪有限公司,臺北市內湖區新湖一路91號,倉儲行業
80692568,迅捷運通股份有限公司,臺北市中山區南京東路3段91號11樓,倉儲行業
80693047,高達數位媒體有限公司,臺北市北投區行義路186巷30號1樓,倉儲行業
80693222,鉅龍建設有限公司,臺北市松山區南京東路4段45號6樓,倉儲行業
80695312,松崗電腦圖書有限公司,臺北市中正區忠孝西路１段５０號地下３樓,倉儲行業
80696972,巨海國際有限公司,臺北市中山區松江路28號11樓之3,倉儲行業
80704712,台灣行銷物流股份有限公司,臺北市萬華區大理街132號3樓,倉儲行業
81069921,精成科技股份有限公司,臺北市信義區松智路1號24樓,倉儲行業
81074157,海霸王股份有限公司,臺北市大同區西寧北路62號8樓之6,倉儲行業
83394521,見龍實業股份有限公司,臺北市中正區衡陽路51號8樓之2,倉儲行業
84111563,智邦知行國際股份有限公司,臺北市松山區南京東路5段163號7樓,倉儲行業
84115322,嘉鴻紡織股份有限公司,臺北市信義區松德路171號5樓之7,倉儲行業
84124119,山固國際股份有限公司,臺北市中正區忠孝東路２段１３０號１２樓之５,倉儲行業
84131836,民興石化股份有限公司,臺北市大安區仁愛路4段25之1號11樓,倉儲行業
84134502,鼎大藝術建材有限公司,臺北市內湖區康寧路3段249號1樓,倉儲行業
84146768,三恩國際股份有限公司,臺北市大安區敦化南路1段205號12樓之4,倉儲行業
84174763,傑將有限公司,臺北市中山區一江街45號3樓,倉儲行業
84296750,通順國際股份有限公司,臺北市南港區成功路1段32號5樓,倉儲行業
84307412,奇異亞洲醫療設備股份有限公司,臺北市中山區南京東路3段68及70號11樓,倉儲行業
84307709,台灣嘉士伯貿易股份有限公司,臺北市松山區民生東路3段129號6樓,倉儲行業
84419465,中鼎鋁業有限公司,臺北市南港區忠孝東路6段269巷3弄3號1樓,倉儲行業
84447589,和協工程股份有限公司,臺北市中山區南京東路2段206號14樓,倉儲行業
84447835,鑫湛國際科技農業行銷股份有限公司,臺北市中正區忠孝東路2段35號,倉儲行業
84466071,陸海豐貿易股份有限公司,臺北市內湖區瑞光路548巷15號4樓,倉儲行業
84469823,唐祥國際有限公司,臺北市中山區長安東路2段52號9樓之1,倉儲行業
84481164,仁林文化出版企業股份有限公司,臺北市大安區信義路2段72號2樓,倉儲行業
84501534,南方安吉隆運通股份有限公司,臺北市中山區松江路363號10樓,倉儲行業
84764091,逸樵國際企業有限公司,臺北市大安區和平東路3段280號2樓之1,倉儲行業
84773774,特懋實業有限公司,臺北市松山區延壽街371號1樓,倉儲行業
84775962,中國開發股份有限公司,臺北市松山區光復南路13巷41號1樓,倉儲行業
84776483,台灣標準電信股份有限公司,臺北市中山區新生北路1段67號1樓,倉儲行業
84778399,生群物流有限公司,臺北市中山區松江路220號4樓之1,倉儲行業
84782437,日喜建設股份有限公司,臺北市中山區南京東路1段16號9樓之7,倉儲行業
84788312,辛泓交通有限公司,臺北市信義區嘉興街304號(1樓),倉儲行業
84829221,南陞企業有限公司,臺北市中山區撫順街35號4樓,倉儲行業
84896656,力特國際股份有限公司,臺北市內湖區新湖三路23號5樓,倉儲行業
84899112,台灣三星電子股份有限公司,臺北市內湖區瑞光路399號10樓之1,倉儲行業
84902257,夆洲國際開發有限公司,臺北市大安區仁愛路4段71巷8號2樓,倉儲行業
84917836,紅利食品股份有限公司,臺北市大安區敦化南路2段57號16樓之2,倉儲行業
84923247,貝爾敦股份有限公司,臺北市中正區重慶南路2段51號11樓,倉儲行業
84925879,銓營股份有限公司,臺北市中山區中山北路2段99號5樓之2,倉儲行業
84948346,廣松有限公司,臺北市中山區民權西路１１號１０樓,倉儲行業
86003245,環中國際股份有限公司,臺北市中山區南京東路2段125號10樓,倉儲行業
86017682,朗森國際有限公司,臺北市松山區復興北路1號7樓,倉儲行業
86028415,謳馨事業股份有限公司,臺北市大安區信義路2段72號2樓,倉儲行業
86034508,福斯倉儲股份有限公司,臺北市內湖區行愛路100號3樓,倉儲行業
86116395,伽運有限公司,臺北市中山區松江路328號11樓之7,倉儲行業
86128771,上友有限公司,臺北市中山區松江路313巷13號1樓,倉儲行業
86137379,同同企業股份有限公司,臺北市松山區八德路4段106巷8弄11號1樓,倉儲行業
86150301,天諾股份有限公司,臺北市中山區松江路363號8樓,倉儲行業
86275359,盈發裝潢工程企業有限公司,臺北市文山區木新路3段77號1樓,倉儲行業
86279778,翔通運通有限公司,臺北市南港區重陽路316號2樓之5,倉儲行業
86298085,精英人力資源股份有限公司,臺北市松山區敦化南路1段3號6樓之1,倉儲行業
86301639,偉永股份有限公司,臺北市松山區民權東路3段170號12樓之1,倉儲行業
86340112,笙暘實業股份有限公司,臺北市信義區基隆路2段51號8樓,倉儲行業
86378307,荷蘭商天遞股份有限公司,臺北市松山區八德路4段765號2之8,倉儲行業
86381788,夏普光電股份有限公司,臺北市松山區南京東路4段16號8樓,倉儲行業
86383110,台灣會通華聯物流股份有限公司,臺北市中山區民生東路3段71號5樓,倉儲行業
86384960,台灣通用磨坊股份有限公司,臺北市信義區忠孝東路4段550號7樓,倉儲行業
86423942,萬家福股份有限公司,臺北市內湖區內湖路1段392號12樓,倉儲行業
86472680,強太實業股份有限公司,臺北市中正區八德路1段54號2樓,倉儲行業
86517650,九昱建設股份有限公司,臺北市松山區南京東路3段248號10樓之2,倉儲行業
86705196,飛馳物流管理有限公司,臺北市中正區羅斯福路2段136號10樓,倉儲行業
86709720,鎮齊資產管理股份有限公司,臺北市內湖區新湖二路128號2樓之3,倉儲行業
86723618,西恩斯國際有限公司,臺北市士林區克強路12號,倉儲行業
86737774,創值整合設計股份有限公司,臺北市大安區仁愛路3段123巷9弄5號1樓,倉儲行業
86839483,伍和機械工程股份有限公司,臺北市內湖區成功路4段182巷6弄37號5樓,倉儲行業
86848645,皆喜企業有限公司,臺北市大安區大安路１段１５７巷１號５樓,倉儲行業
86850682,雷富通運有限公司,臺北市中山區南京東路2段88號16樓,倉儲行業
86862532,日通欣運股份有限公司,臺北市中山區建國北路1段35號之1，1樓,倉儲行業
86863531,美德耐股份有限公司,臺北市大安區延吉街239號3樓,倉儲行業
86866621,達優利海運承攬運送有限公司,臺北市松山區八德路4段135號2樓之1,倉儲行業
86869893,佳協企業有限公司,臺北市松山區南京東路5段66巷3弄21號,倉儲行業
86871981,潤泰精密材料股份有限公司,臺北市中山區八德路2段308號10樓,倉儲行業
89321602,豐鼎光波奈米科技股份有限公司,臺北市中山區林森北路554號5樓,倉儲行業
89390488,特力屋股份有限公司,臺北市內湖區湖元里新湖三路23號1、2、5樓,倉儲行業
89393719,嘉柏國際企業有限公司,臺北市松山區復興北路333號7樓,倉儲行業
89400818,昇琠鱆悒鬫陪迨膝q,臺北市中山區江寧里民權東路3段60巷1號,倉儲行業
89405911,安富利科技股份有限公司,臺北市南港區園區街3號5樓,倉儲行業
89442155,福昌晒圖有限公司,臺北市大安區基隆路3段141號1樓,倉儲行業
89443295,薈豐企業有限公司,臺北市松山區東興路26號16樓,倉儲行業
89443555,鎮海海事工程有限公司,臺北市中正區忠孝西路1段41號14樓之12,倉儲行業
89456410,佳展生物科技股份有限公司,臺北市南港區園區街3號13樓,倉儲行業
89461666,富捷企業有限公司,臺北市大安區通化街143巷46弄6號1樓,倉儲行業
89463019,浩翔國際運通有限公司,臺北市松山區南京東路4段164號7樓,倉儲行業
89477034,亞旺實業有限公司,臺北市松山區南京東路5段163號7樓,倉儲行業
89485344,三瑞企業有限公司,臺北市中山區民族東路12號4樓之1,倉儲行業
89496996,易達通運有限公司,臺北市中山區松江路25巷1之3號1樓,倉儲行業
89516254,以薩迦企業有限公司,臺北市北投區自強街61巷5弄4號,倉儲行業
89591696,聯捷運輸股份有限公司,臺北市南港區南港路1段209號A棟8樓,倉儲行業
89603953,美力欣建設有限公司,臺北市松山區光復南路1號11樓之2,倉儲行業
89617921,台騑聯運股份有限公司,臺北市松山區南京東路5段46號11樓,倉儲行業
89626196,吉程股份有限公司,臺北市中山區敬業一路139號5樓之7,倉儲行業
89638025,金福田才華農糧興業股份有限公司,臺北市大同區南京西路163號2樓之31,倉儲行業
89738903,喜博宅配通路事業股份有限公司,臺北市內湖區洲子街83號9樓,倉儲行業
89753538,亞仕國際物流有限公司,臺北市松山區撫遠街249巷33號,倉儲行業
89941407,勝開貿易有限公司,臺北市內湖區行愛路141巷32號4樓,倉儲行業
89948801,金青科技股份有限公司,臺北市內湖區洲子街58號10樓,倉儲行業
89951474,天濠物流運通股份有限公司,臺北市中山區林森北路413號6樓,倉儲行業
89952327,台灣千像有限公司,臺北市信義區嘉興街256巷4號6樓,倉儲行業
89961374,偉而適國際股份有限公司,臺北市中山區松江路87號10樓之2,倉儲行業
89970710,和泰工程有限公司,臺北市南港區舊莊街1段80號1樓,倉儲行業
89972908,法寶國際事業股份有限公司,臺北市萬華區西藏路１９９巷４３號２樓,倉儲行業
89973879,金士盟實業股份有限公司,臺北市中正區汀州路3段160巷4號1樓,倉儲行業
91729134,臺芳開發股份有限公司,臺北市中山區松江路220號3樓之4,倉儲行業
94720903,坤智通運股份有限公司,臺北市信義區虎林街164巷60弄26號,倉儲行業
96932380,馳航有限公司,臺北市松山區八德路2段374號9樓之8,倉儲行業
96933183,葉珈伶國際開發有限公司,臺北市士林區磺溪街36號7樓,倉儲行業
96937955,佑餘股份有限公司,臺北市大安區金山南路2段218號3樓,倉儲行業
96953928,泰宣企業股份有限公司,臺北市南港區園區街3之2號6樓之2,倉儲行業
96954139,新系統物流股份有限公司,臺北市南港區忠孝東路6段6號3樓之2,倉儲行業
96964354,聯發運通股份有限公司,臺北市松山區南京東路5段188號2樓,倉儲行業
96970948,樺汭化學纖維股份有限公司,臺北市大同區長安西路239號10樓之1,倉儲行業
96979048,艾斯艾姆開股份有限公司,臺北市中山區松江路87號12樓之2,倉儲行業
96995700,亞泰物業綜合管理顧問有限公司,臺北市士林區福華路139號2樓,倉儲行業
97080227,銳馳國際物流股份有限公司,臺北市內湖區堤頂大道2段285號3樓,倉儲行業
97086714,欣融興業有限公司,臺北市中正區同安街28巷14號1樓,倉儲行業
97087214,名星印刷廠有限公司,臺北市南港區向陽路104號,倉儲行業
97095988,禾天企業有限公司,臺北市大安區延吉街239號2樓,倉儲行業
97096446,常舜企業有限公司,臺北市南港區南港路2段141號1樓,倉儲行業
97097439,登峰國際股份有限公司,臺北市中山區建國北路2段66號地下,倉儲行業
97098922,永勝交通企業有限公司,臺北市南港區忠孝東路6段70巷5弄1號5樓,倉儲行業
97105579,和新化學工業股份有限公司,臺北市中山區德惠街9號8樓之2,倉儲行業
97109152,大躍海空物流股份有限公司,臺北市中山區松江路66號7樓,倉儲行業
97111946,亞洲上線資訊股份有限公司,臺北市南港區南港路3段52號9樓,倉儲行業
97115680,亞邁國際物流有限公司,臺北市中山區復興北路58號9樓,倉儲行業
97125097,大知國際航空貨運承攬有限公司,臺北市中正區館前路34號11樓,倉儲行業
97139254,寬達國際事業股份有限公司,臺北市中山區敬業一路162號2樓,倉儲行業
97164485,優盛興業股份有限公司,臺北市萬華區莒光路310號3樓,倉儲行業
97165800,睿信建設股份有限公司,臺北市內湖區新湖一路8號7樓,倉儲行業
97166717,泰鑫建設股份有限公司,臺北市士林區雨農路14號1樓,倉儲行業
97168953,昭和特殊氣體股份有限公司,臺北市中山區南京東路2段125號14樓,倉儲行業
97170634,京華城股份有限公司,臺北市松山區八德路4段138號、138號7樓，138號12樓、138號地下1樓、138號地下2樓、138號地下3樓、138號地下4樓,倉儲行業
97172133,多聯科技股份有限公司,臺北市大安區復興南路1段390號5樓之3,倉儲行業
97176399,台灣三菱商事股份有限公司,臺北市中山區松江路87號14樓,倉儲行業
97280864,運廣通股份有限公司,臺北市中山區長春路100號5樓之2,倉儲行業
97283784,宜眾資訊股份有限公司,臺北市南港區園區街3之2號6樓之3,倉儲行業
97288802,銀色快手國際有限公司,臺北市大同區重慶北路3段313巷17號,倉儲行業
97290286,崇神開發實業股份有限公司,臺北市中山區民生東路3段51號16樓,倉儲行業
97298288,東鼎液化瓦斯興業股份有限公司,臺北市中山區復興北路356號12樓,倉儲行業
97308574,誠宇科技有限公司,臺北市中山區朱崙街28號,倉儲行業
97309807,達榮國際物流股份有限公司,臺北市中山區南京東路2段150號11樓,倉儲行業
97319256,臺灣金醇洋酒股份有限公司,臺北市中正區新生南路1段50號11樓,倉儲行業
97326138,杏光展業股份有限公司,臺北市松山區光復南路46巷10之1號2樓,倉儲行業
97430717,大江國際股份有限公司,臺北市大安區仁愛路4段109號15樓,倉儲行業
97431498,鑫寬倉儲有限公司,臺北市松山區民權東路5段39號3樓,倉儲行業
97438339,真言生技國際有限公司,臺北市中正區衡陽路51號9樓,倉儲行業
97441524,正展企業有限公司,臺北市中山區松江路226巷7號,倉儲行業
97446128,松崗資產管理股份有限公司,臺北市中正區忠孝西路1段50號1樓、5樓、11樓之6,倉儲行業
97446485,大川大立數位影音股份有限公司,臺北市內湖區瑞光路258巷2號4樓,倉儲行業
97447766,飛斯特運通股份有限公司,臺北市士林區大南路415號1樓,倉儲行業
97466566,大吉國際起重工程有限公司,臺北市南港區成功路1段19號,倉儲行業
97472687,昱臺航空貨運承攬有限公司,臺北市中山區南京東路3段28號4樓,倉儲行業
97478872,世邦國際物流股份有限公司,臺北市中山區南京東路3段200號10樓,倉儲行業
97487696,惠盟電腦股份有限公司,臺北市內湖區新湖三路126號4樓,倉儲行業
