03195514,ЩミΤそq,O_カず打跋风隔192腹9加,28.恨zt参喷靡A叭
05051822,ミM承sΤそq,O_カいs跋wF隔1q16腹8加ぇ3,28.恨zt参喷靡A叭
07568009,吏y舄d靴鳓抄そq,O_カいs跋nㄊF隔2q125腹10加,28.恨zt参喷靡A叭
11633903,瓣悔MQいみ靴鳓抄そq,O_カjP跋y_隔1q67腹3加,28.恨zt参喷靡A叭
12172317,@A龊瘭抄そq,O_カQs跋_砍_隔181腹3加ぇ1,28.恨zt参喷靡A叭
12193538,sㄎ靴鳓抄そq,O_カいs跋_砍_隔86腹9加,28.恨zt参喷靡A叭
12369971,瓣そ靡浪喷靴鳓抄そq,O_カず打跋风隔417腹5加の6加419腹8加ぇ1B9加ぇ1B10加ぇ1B11加ぇ1B12加ぇ1B13加ぇ1B419腹423腹ぇ5加B6加B8加B9加B10加B11加B12加B13加,28.恨zt参喷靡A叭
12407026,淮浒鹰xWl莳靴鳓抄そq,O_カいs跋いs_隔3q31腹10加,28.恨zt参喷靡A叭
12414455,腹BΤそq,O_カいs跋wF隔2q181腹9加ぇ1,28.恨zt参喷靡A叭
12461442,啾稻si靴鳓抄そq,O_カいs跋匕辚_隔3q79腹7加,28.恨zt参喷靡A叭
12489201,饭pqt参歆蕈抄そq,O_カいs跋いs_隔2q273ぇ3腹3加,28.恨zt参喷靡A叭
12666120,材@Wカ靴鳓抄そq,O_カQs跋nㄊF隔4q1腹,28.恨zt参喷靡A叭
12682114,x浪喷歆蕈抄そq,O_カず打跋チvF隔6q160腹5加,28.恨zt参喷靡A叭
12683768,港w借q浪喷靴鳓抄そq,O_カず打跋s打T隔23腹5加,28.恨zt参喷靡A叭
12684176,fQ吏O龟~Τそq,O_カHq跋膀订隔1q147546腹4加,28.恨zt参喷靡A叭
12687672,uw砍~Τそq,O_カhL跋いs_隔7q56腹,28.恨zt参喷靡A叭
12692247,垂b歆蕺靴鳓抄そq,O_カQs跋窗てn隔1q5腹9加,28.恨zt参喷靡A叭
12851119,xWッ尿u{U拜Τそq,O_カQs跋nㄊF隔5q198腹4加ぇ1,28.恨zt参喷靡A叭
12856607,Qh瓣悔}oΤそq,O_カいs跋チネF隔⒉q阿父耿奔,28.恨zt参喷靡A叭
12857747,s兢u{歆蕺靴鳓抄そq,O_カjw跋┚УF隔3q52腹2加,28.恨zt参喷靡A叭
12867013,p动胺dㄆ~靴鳓抄そq,O_カjw跋_n隔102腹5加,28.恨zt参喷靡A叭
12899177,Y瓣悔~恨zU拜靴鳓抄そq,O_カいs跋チvF隔2q148腹3加,28.恨zt参喷靡A叭
12933554,痴a瓣悔U拜靴鳓抄そq,O_カjw跋ǒヨ隔2q17164腹6加,28.恨zt参喷靡A叭
12933766,xx醇zt参靴鳓抄そq,O_カいs跋チネF隔1q43腹4加,28.恨zt参喷靡A叭
12954179,瓣悔风醇ゅて歆蕺靴鳓抄そq,O_カjw跋_砍n隔1q1261腹2加ぇ31,28.恨zt参喷靡A叭
12956129,lò瓣悔}o靴鳓抄そq,O_カjw跋霉吹褐隔3q245腹7加ぇ1,28.恨zt参喷靡A叭
12965099,タM歆蕙~Τそq,O_カゅs跋春砍隔20215腹1加,28.恨zt参喷靡A叭
12966196,@谨瓣悔~Τそq,O_カず打跋吏s隔3q1613腹1加,28.恨zt参喷靡A叭
12968167,I|戈玻恨z靴鳓抄そq,O_カQs跋nㄊF隔4q51ぇ2腹10加,28.恨zt参喷靡A叭
12970213,Νtネ玻卜sΤそq,O_カ_щ跋郾j刁164腹,28.恨zt参喷靡A叭
12971135,愀吱Uㄠ瓣悔Τそq,O_カHq跋膀订隔2q189腹4加ぇ7,28.恨zt参喷靡A叭
12972275,ヲa瓣悔恨zU拜靴鳓抄そq,O_カjw跋w~刁12418腹2加,28.恨zt参喷靡A叭
12974421,ㄈ空kネм靴鳓抄そq,O_カず打跋璐颞浆wl刁108腹9加,28.恨zt参喷靡A叭
12977898,C稻u{Τそq,O_カQs跋nㄊF隔5q123122腹3加,28.恨zt参喷靡A叭
12978469,炊F瓣悔~Τそq,O_カず打跋娣R隔51腹4加,28.恨zt参喷靡A叭
13043158,Yx瓣悔Τそq,O_カ_щ跋j~隔637腹,28.恨zt参喷靡A叭
13083263,い瓣花娄抄そq,O_カいs跋チvF隔2q64腹,28.恨zt参喷靡A叭
13090834,pw瓣悔U拜Τそq,O_カjw跋MキF隔3q89191腹1加,28.恨zt参喷靡A叭
13097702,嘲x瓣悔Τそq,O_カQs跋nㄊF隔5q40腹17加ぇ7,28.恨zt参喷靡A叭
13104318,供u瓣悔靴鳓抄そq,O_カず打跋s隔4601819腹1加,28.恨zt参喷靡A叭
13105935,ら喘吏挂u{Τそq,O_カゅs跋ǒヨ隔4q10185ぇ8腹2加,28.恨zt参喷靡A叭
13107173,f肚冀靴鳓抄そq,O_カいタ跋┚У韪1q72腹8加ぇ16,28.恨zt参喷靡A叭
13115883,OWぇ到吏u歆蕺靴鳓抄そq,O_カHq跋膀订隔2q189腹4加,28.恨zt参喷靡A叭
13118208,蛾A瓣悔靴鳓抄そq,O_カHq跋Hq隔5q7腹37加,28.恨zt参喷靡A叭
13126214,ネ〃螃P恨Τそq,O_カいs跋K隔阿雹父耿奔婴Б,28.恨zt参喷靡A叭
13136212,b壤艚冒昊讦抄そq,O_カいs跋sネ_隔3q6216腹1加,28.恨zt参喷靡A叭
16058885,E芒ネ洛厩мN}o靴鳓抄そq,O_カjw跋くR隔4q2731腹1加,28.恨zt参喷靡A叭
16143433,みQㄆΘU拜Τそq,O_カいタ跋ヅw隔1q48腹1加,28.恨zt参喷靡A叭
16146255,μa集焊龟~Τそq,O_カHq跋┚УF隔4q553463腹1加,28.恨zt参喷靡A叭
16149470,O霉瓣悔~恨zU拜Τそq,O_カいs跋K隔378腹6加,28.恨zt参喷靡A叭
16162965,xW集}瓣悔Τそq,O_カHq跋ゅ鞯316腹3加,28.恨zt参喷靡A叭
16181180,舳VHネ恨U拜靴鳓抄そq,O_カQs跋チネF隔5q69216腹,28.恨zt参喷靡A叭
16195396,式n吏挂U拜Τそq,O_カいs跋X康14419腹4加,28.恨zt参喷靡A叭
16311043,yミ乜vそ@w浪dΤそq,O_カいタ跋残砍_刁8腹5加,28.恨zt参喷靡A叭
16320346,圣[靴鳓抄そq,O_カHq跋Hq隔4q415腹3加ぇ1,28.恨zt参喷靡A叭
16327684,瓣悔夹非喷靡Τそq,O_カいs跋wF隔1q67腹2加,28.恨zt参喷靡A叭
16341948,|q戈T靴鳓抄そq,O_カいs跋いs_隔2q112腹6加,28.恨zt参喷靡A叭
16392657,q恨U拜Τそq,O_カいタ跋n鞲1q16腹4加,28.恨zt参喷靡A叭
16433670,^坝骋ん浪喷靴鳓抄そq,O_カQs跋チネF隔3q129腹11加,28.恨zt参喷靡A叭
16473659,i醇z靴鳓抄そq,O_カQs跋nㄊF隔⒊q阿储腹⒈加,28.恨zt参喷靡A叭
16581307,xм艚枥臬O歆蘩伺绐靴鳓抄そq,O_カhL跋いs_隔5q685腹11加,28.恨zt参喷靡A叭
16581762,肀du{U拜靴鳓抄そq,O_カHq跋膀订隔1q135ぇ2腹2加,28.恨zt参喷靡A叭
16595695,hb恨zU拜Τそq,O_カゅs跋s隔1q6524腹9加,28.恨zt参喷靡A叭
16598567,OW醇]歆蕺靴鳓抄そq,O_カいタ跋霉吹褐隔2q70腹12加ぇ9,28.恨zt参喷靡A叭
16616093,洛びn呼歆蕺靴鳓抄そq,O_カjw跋窗てn隔艾q⒈⒋⒏腹⒍加,28.恨zt参喷靡A叭
16621053,古褐瓣悔靴鳓抄そq,O_カjw跋Hq隔⒉q⒈⒍ぇ⒊腹,28.恨zt参喷靡A叭
16623670,い而瓣悔靴鳓抄そq,O_カjw跋_砍n隔艾q⒈⒋⒏腹⒎加ぇ,28.恨zt参喷靡A叭
16695907,萋惩瓣悔浪喷歆蕺靴鳓抄そq,O_カず打跋ず打隔1q1201528腹,28.恨zt参喷靡A叭
16705778,}nQ吏O歆蕈抄そq,O_カjw跋霉吹褐隔2q33腹5加ぇ1,28.恨zt参喷靡A叭
16731570,xW厚_砍~靴鳓抄そq,O_カいs跋wF隔2q178ぇ5腹8加ぇ2,28.恨zt参喷靡A叭
16750529,稼p砍靴鳓抄そq,O_カHq跋Lf刁100腹1加,28.恨zt参喷靡A叭
16755812,@砂荧艾歆蕺靴鳓抄そq,O_カHq跋┚УF隔⒋q⒋⒎腹阿都,28.恨zt参喷靡A叭
16759508,蔼此u{U拜靴鳓抄そq,O_カn翠跋n翠隔3q5011腹3加,28.恨zt参喷靡A叭
16760266,方戈瓣悔靴鳓抄そq,O_カjw跋wM隔1q1417腹1加,28.恨zt参喷靡A叭
16765537,^伙瓣悔歆蕺靴鳓抄そq,O_カHq跋膀订隔2q189腹14加ぇ11,28.恨zt参喷靡A叭
16777457,い地瓣チd靴鳓抄そq,O_カjw跋R瓣F隔75腹2加,28.恨zt参喷靡A叭
16778189,_エU拜Τそq,O_カいタ跋残砍_刁21腹4加,28.恨zt参喷靡A叭
16780501,抖エU拜Τそq,O_カいタ跋残砍_刁21腹4加,28.恨zt参喷靡A叭
16780805,エp醇wU拜Τそq,O_カいタ跋残砍_刁21腹4加,28.恨zt参喷靡A叭
16781353,瓣くぃ笆玻挪wU拜Τそq,O_カjw跋贾~刁⒍⒌腹凹,28.恨zt参喷靡A叭
16783253,抄癃台品~Τそq,O_カjw跋Hq隔4q2652126腹1加,28.恨zt参喷靡A叭
16810337,草方戈T靴鳓抄そq,O_カず打跋チvF隔6q160腹7加ぇ2,28.恨zt参喷靡A叭
16835822,xW泉A靴鳓抄そq,O_カjw跋┚УF隔4q126ぇ3腹,28.恨zt参喷靡A叭
20816039,ミ靴鳓抄そq,O_カQs跋__隔109腹3加,28.恨zt参喷靡A叭
20817282,い供u{靴鳓抄そq,O_カhL跋いs_隔6q89腹,28.恨zt参喷靡A叭
20889953,Π地瑾懦fB┯朋Τそq,O_カいs跋チvF隔3q7511腹,28.恨zt参喷靡A叭
21244116,键吭歆蕺靴鳓抄そq,O_カず打跋风隔2腹5加,28.恨zt参喷靡A叭
22000813,淮浒鹰呒w瓣悔坝~刚喷Τそq,O_カ_щ跋いァn隔2q37腹B37腹5加B37腹6加ぇ7,28.恨zt参喷靡A叭
22031935,邾效蕹NU拜Τそq,O_カHq跋Qw隔301腹1加,28.恨zt参喷靡A叭
22102327,xWw瓣弟]мN菏@U拜靴鳓抄そq,O_カQs跋Kw隔4q758腹11加,28.恨zt参喷靡A叭
22102494,wJ~恨z靴鳓抄そq,O_カHq跋Hq隔5q7腹68加,28.恨zt参喷靡A叭
22159812,さ脖~Τそq,O_カQs跋nㄊF隔4q197腹5加,28.恨zt参喷靡A叭
22293780,弘L龟~靴鳓抄そq,O_カhL跋褐瓣隔95腹7加ぇ13,28.恨zt参喷靡A叭
22298119,ッ港ㄆ~Τそq,O_カQs跋nㄊF隔4q103腹7加ぇ3,28.恨zt参喷靡A叭
22467923,xW暴狠Τそq,O_カず打跋Θ\隔4q58腹7加,28.恨zt参喷靡A叭
22555003,参@W坝靴鳓抄そq,O_カQs跋F砍隔8腹8加,28.恨zt参喷靡A叭
22652384,F惬HW靴鳓抄そq,O_カず打跋锭刁36537腹B1加,28.恨zt参喷靡A叭
22719006,ㄊ啦扦焊谁爪抄そq,O_カず打跋チvF隔6q1806腹5加ぇ3,28.恨zt参喷靡A叭
22735890,びキvqH靴鳓抄そq,O_カず打跋出郴jD2q475腹6加,28.恨zt参喷靡A叭
22762328,いpぃ笆玻щ戈U拜靴鳓抄そq,O_カいタ跋Q扛152腹13加,28.恨zt参喷靡A叭
22853565,ㄓㄓW坝靴鳓抄そq,O_カHq跋Qw隔131腹aU1加,28.恨zt参喷靡A叭
22957554,いtl嗫撤~靴鳓抄そq,O_カHq跋Hq隔6q76222腹2加,28.恨zt参喷靡A叭
23030569,古鲁闽Τそq,O_カいs跋wF隔2q181腹9加ぇ2,28.恨zt参喷靡A叭
23060248,aKQ坝┍靴鳓抄そq,O_カいs跋いs_隔2q61腹7加,28.恨zt参喷靡A叭
23131763,_河]叭歆蕺靴鳓抄そq,O_カQs跋Kw隔2q358腹6加ぇ1,28.恨zt参喷靡A叭
23134543,倍じ靴鳓抄そq,O_カず打跋风隔6636腹,28.恨zt参喷靡A叭
23221390,淮浒雍~wмN菏服A叭ㄈびΤそq,O_カjw跋窗てn隔2q333腹9加,28.恨zt参喷靡A叭
23420861,悚OS歆蕈抄そq,O_カいs跋sネ_隔2q4144腹2加,28.恨zt参喷靡A叭
23422880,城L戈T靴鳓抄そq,O_カjw跋霉吹褐隔2q105腹9加,28.恨zt参喷靡A叭
23446709,E瓜u{靴鳓抄そq,O_カjw跋_n隔458腹5加ぇ3,28.恨zt参喷靡A叭
23447756,x砍恨U拜Τそq,O_カいタ跋┚УF隔1q152腹10加ぇ6,28.恨zt参喷靡A叭
23458211,い地CQ歆蕺靴鳓抄そq,O_カいs跋Q扛50腹11加,28.恨zt参喷靡A叭
23622424,ㄎ浪喷歆蕺靴鳓抄そq,O_カず打跋风隔302腹9加,28.恨zt参喷靡A叭
23625631,环Fネ歆蕺靴鳓抄そq,O_カn翠跋堕跋刁3腹13加,28.恨zt参喷靡A叭
23641999,k坝kミwそ靡Τそq,O_カQs跋nㄊF隔4q16腹3加B6加,28.恨zt参喷靡A叭
23742856,N霎i~靴鳓抄そq,O_カjw跋┑N刁239腹3加,28.恨zt参喷靡A叭
23788698,嘲模T靓抄そq,O_カいs跋舾3971922腹(1加),28.恨zt参喷靡A叭
23882053,らる瓣悔歆蕺靴鳓抄そq,O_カHq跋┚УF隔5q386腹9加,28.恨zt参喷靡A叭
23929424,美d~靴鳓抄そq,O_カhL跋┯w隔4q172腹10加の174腹10加,28.恨zt参喷靡A叭
24215641,剧ネ歆蕈抄そq,O_カHq跋褐w刁1371腹,28.恨zt参喷靡A叭
24249163,什贝厚嗒靴鳓抄そq,O_カQs跋nㄊF隔5q46腹12加,28.恨zt参喷靡A叭
24297523,sT瓣悔}o靴鳓抄そq,O_カいタ跋霉吹褐隔2q150腹11加ぇ2,28.恨zt参喷靡A叭
24303980,风wネ歆蕈抄そq,O_カいs跋狂圭刁20922-1腹4加,28.恨zt参喷靡A叭
24304046,Аu戈TΤそq,O_カいタ跋h圭刁92-1腹7加,28.恨zt参喷靡A叭
24306327,R伦吏矫靴鳓抄そq,O_カいs跋L此_隔627腹3加,28.恨zt参喷靡A叭
24306537,ㄉ河U拜Τそq,O_カU地跋Θ常隔167腹7加,28.恨zt参喷靡A叭
24309921,^空蝴此恨U拜Τそq,O_カいタ跋h圭刁62腹3加ぇ3,28.恨zt参喷靡A叭
24310820,吏砍歆蕺靴鳓抄そq,O_カQs跋nㄊF隔5q171腹12加,28.恨zt参喷靡A叭
24311243,骺ホ歆蕈抄そq,O_カjP跋チv韪104腹12加ぇ1,28.恨zt参喷靡A叭
24311659,jRPΜ歆蕺靴鳓抄そq,O_カず打跋wl刁69腹2加,28.恨zt参喷靡A叭
24311742,把计底^靴鳓抄そq,O_カHq跋_n隔505腹10加ぇ5,28.恨zt参喷靡A叭
24312904,醅P辰龟~Τそq,O_カU地跋Uj隔323腹7加,28.恨zt参喷靡A叭
24315727,间洮Τそq,O_カjw跋┚УF隔4q112腹4加ぇ10,28.恨zt参喷靡A叭
24316155,R浆ネм靴鳓抄そq,O_カいタ跋n锭刁13腹9加,28.恨zt参喷靡A叭
24316351,I花戈TΤそq,O_カU地跋F刁2q76腹3加ぇ5,28.恨zt参喷靡A叭
24320171,呼蹈姘尸歆蕈抄そq,O_カいタ跋L此n隔142腹7加,28.恨zt参喷靡A叭
24321538,KぱhC砰Τそq,O_カいタ跋┑キn隔61腹9加ぇ5,28.恨zt参喷靡A叭
24323120,Y辰俱X婢PΤそq,O_カjw跋Hq隔2q208腹8加ぇ3,28.恨zt参喷靡A叭
24327391,龌Tネ歆蕈抄そq,O_カHq跋Q订隔102腹16加,28.恨zt参喷靡A叭
24327821,い地郸菠oiU拜Τそq,O_カいタ跋┚У韪1q33腹7加,28.恨zt参喷靡A叭
24329807,Hwu{U拜靴鳓抄そq,O_カHq跋Qw隔65腹11加ぇ2,28.恨zt参喷靡A叭
24333921,ガBBΤそq,O_カQs跋那e刁140腹,28.恨zt参喷靡A叭
24334935,w屎薏zU拜Τそq,O_カいs跋NL隔⒈⒊腹⒌加ぇ⒈,28.恨zt参喷靡A叭
24336602,蚀锇昊诤薏zU拜靴鳓抄そq,O_カいタ跋┚УF隔2q35腹,28.恨zt参喷靡A叭
24337481,dㄓh歆夼U拜靴鳓抄そq,O_カず打跋wl刁79腹3加,28.恨zt参喷靡A叭
24339663,I供坝~靴鳓抄そq,O_カQs跋窗て_隔102腹7加,28.恨zt参喷靡A叭
24340556,uR瓣悔靴鳓抄そq,O_カjw跋wM隔2q7腹10加ぇ2,28.恨zt参喷靡A叭
24342702,T砍~Τそq,O_カいタ跋yn隔3q40腹5加,28.恨zt参喷靡A叭
24343364,币D瓣悔Τそq,O_カいタ跋n鞲1q7ぇ1腹8加ぇ2,28.恨zt参喷靡A叭
24345258,嘱歆蕈抄そq,O_カjw跋┚УF隔4q169腹11加ぇ1,28.恨zt参喷靡A叭
24346550,xWp爵恨zU拜Τそq,O_カjw跋┚УF隔4q162腹5加ぇ5,28.恨zt参喷靡A叭
24347690,┬ら扦焊谁爪抄そq,O_カjP跋y_隔3q11325腹,28.恨zt参喷靡A叭
24437398,_o戈玻恨zU拜Τそq,O_カjw跋_砍n隔1q239腹15加,28.恨zt参喷靡A叭
24442842,瓣棚U拜Τそq,O_カHq跋Q醇隔1腹11加,28.恨zt参喷靡A叭
24445067,ぱZ瓣悔靴鳓抄そq,O_カQs跋_n隔65腹10加,28.恨zt参喷靡A叭
24450504,グ庇喾浆歆蕈抄そq,O_カQs跋nㄊF隔5q50腹12加,28.恨zt参喷靡A叭
24453066,Rw歆蕈抄そq,O_カHq跋┚УF隔5q1腹12加,28.恨zt参喷靡A叭
24453122,ss郸菠婢PΤそq,O_カいs跋Q扛185腹6加ぇ1,28.恨zt参喷靡A叭
24454234,xW@丢i愕o靴鳓抄そq,O_カHq跋┚УF隔4q500腹8加ぇ5,28.恨zt参喷靡A叭
24461039,gT爻]}o靴鳓抄そq,O_カいs跋sネ_隔2q6010腹,28.恨zt参喷靡A叭
24462446,风O@瓣悔Τそq,O_カhL跋qeF刁1q171腹3加,28.恨zt参喷靡A叭
24462500,Π倍u{歆蕈抄そq,O_カHq跋膀订隔1q141腹3加ぇ1,28.恨zt参喷靡A叭
24466111,尺nヰ盯ㄆ~Τそq,O_カず打跋风隔111腹,28.恨zt参喷靡A叭
24466169,トヲ~Τそq,O_カQs跋_砍_隔167腹14加B14加ぇ4,28.恨zt参喷靡A叭
24467759,ぱホ承sΤそq,O_カいs跋L此_隔356腹5加,28.恨zt参喷靡A叭
24468928,Bwql靴鳓抄そq,O_カず打跋ず打隔1q388腹4加,28.恨zt参喷靡A叭
24469659,抖R戈T}oΤそq,O_カhL跋┯w隔4q4050腹3加ぇ3,28.恨zt参喷靡A叭
24471199,wJ繁焙薏zU拜靴鳓抄そq,O_カHq跋Hq隔5q7腹68加,28.恨zt参喷靡A叭
24471212,wJ戈T恨zU拜靴鳓抄そq,O_カHq跋Hq隔5q7腹68加,28.恨zt参喷靡A叭
24471698,Iバ肚C靴鳓抄そq,O_カず打跋锭刁32126腹8加ぇ13,28.恨zt参喷靡A叭
24472319,M砍洛厩ネм靴鳓抄そq,O_カQs跋nㄊF隔4q164腹12加ぇ1,28.恨zt参喷靡A叭
24472394,蹲P瓣悔坝叭Τそq,O_カHq跋戟L刁20244腹1加,28.恨zt参喷靡A叭
24473181,z碟j龟~Τそq,O_カn翠跋Kw隔4q875腹3加,28.恨zt参喷靡A叭
24473513,Wキ恨zU拜Τそq,O_カ_щ跋いM刁40腹2加ぇ20,28.恨zt参喷靡A叭
24473730,垂港吏O歆蕈抄そq,O_カず打跋Rs刁32841腹3加,28.恨zt参喷靡A叭
24474920,wM今BΤそq,O_カゅs跋い[隔252腹,28.恨zt参喷靡A叭
24475511,s对歆蕈抄そq,O_カず打跋チvF隔6q268腹2加,28.恨zt参喷靡A叭
24477996,古n瓣悔哺瞠靴鳓抄そq,O_カず打跋风隔111腹,28.恨zt参喷靡A叭
24478778,菌s胺d歆蕺靴鳓抄そq,O_カいタ跋颗锭隔10腹12加,28.恨zt参喷靡A叭
24478931,scΤそq,O_カjw跋┚УF隔4q303腹4加,28.恨zt参喷靡A叭
24479657,tqq坝靴鳓抄そq,O_カいs跋Q扛101腹4加ぇ1,28.恨zt参喷靡A叭
24479663,此趵臬O}oㄆ~Τそq,O_カいs跋チ壁F隔25212腹,28.恨zt参喷靡A叭
24480036,KX戈T歆蕺靴鳓抄そq,O_カいs跋Q扛152腹11加ぇ11,28.恨zt参喷靡A叭
24480042,丽计歃抄そq,O_カjw跋jw隔1q17612腹1加,28.恨zt参喷靡A叭
24480161,y郴y瓣悔{靡Τそq,O_カいs跋nㄊF隔2q176腹2加,28.恨zt参喷靡A叭
24480303,爱[恨zU拜靴鳓抄そq,O_カjw跋┚УF隔4q155腹11加ぇ4,28.恨zt参喷靡A叭
24480471,计X醇w靴鳓抄そq,O_カず打跋姗靖662腹4加,28.恨zt参喷靡A叭
24480599,承方歆藓薏zU拜Τそq,O_カjw跋窗てn隔2q71腹18加,28.恨zt参喷靡A叭
24482512,G龟官癃靴鳓抄そq,O_カず打跋ず打隔1q314腹12加,28.恨zt参喷靡A叭
24482750,yΤそq,O_カいs跋Aw刁77924腹1加,28.恨zt参喷靡A叭
24482800,qゴ冬歆蕈抄そq,O_カHq跋┚УF隔5q669腹2加ぇ2,28.恨zt参喷靡A叭
24484384,ぺL靴鳓抄そq,O_カHq跋ッN隔18717腹12加,28.恨zt参喷靡A叭
24484639,ü砭鞴q]称мNΤそq,O_カU地跋F堕刁679B11腹1加,28.恨zt参喷靡A叭
24484716,xW戈方てBzΤそq,O_カU地跋い地隔2q364224腹,28.恨zt参喷靡A叭
24485187,wd~Τそq,O_カいs跋j降575腹1加,28.恨zt参喷靡A叭
24486405,ポx歆蕈抄そq,O_カいs跋_砍n隔1q40腹5加ぇ1,28.恨zt参喷靡A叭
24486566,ㄈ龟歆蕈抄そq,O_カjw跋窗てn隔1q205腹10加ぇ2,28.恨zt参喷靡A叭
24489260,Tq瓣悔吭高靴鳓抄そq,O_カいs跋いs_隔2q112腹6加ぇ6,28.恨zt参喷靡A叭
24490870,ポ戈T歆蕺靴鳓抄そq,O_カいタ跋\鞯42-1腹7加,28.恨zt参喷靡A叭
24491929,s将T霭昊讦抄そq,O_カいs跋Q扛42腹12加ぇ12,28.恨zt参喷靡A叭
24494123,缠o歆蕈抄そq,O_カ_щ跋いァ_隔4q416腹4加,28.恨zt参喷靡A叭
24497493,瑭莠歆蕈抄そq,O_カjw跋Hq隔4q380腹7加,28.恨zt参喷靡A叭
24498325,┥d戈TΤそq,O_カU地跋Uj隔323腹7加,28.恨zt参喷靡A叭
24499513,倍wネ洛Τそq,O_カいs跋_砍_隔290腹12加ぇ1,28.恨zt参喷靡A叭
24532203,框肚y格靴鳓抄そq,O_カいs跋チネ韪39腹9加,28.恨zt参喷靡A叭
24533131,~届呼隔靴鳓抄そq,O_カず打跋wl刁77腹5加ぇ1,28.恨zt参喷靡A叭
24534912,叮~Τそq,O_カjw跋┚УF隔4q169腹11加ぇ1,28.恨zt参喷靡A叭
24535089,灿M旱Τそq,O_カいs跋nㄊF隔2q137腹14加,28.恨zt参喷靡A叭
24535807,冰セ~Τそq,O_カHq跋┚УF隔5q363腹7加ぇ2,28.恨zt参喷靡A叭
24535877,uQNΤそq,O_カいs跋Aw刁71腹,28.恨zt参喷靡A叭
24536453,薄q瓣悔v~靴鳓抄そq,O_カjw跋_砍n隔1q287腹6加ぇ2,28.恨zt参喷靡A叭
24537185,jv戈TΤそq,O_カいタ跋yn隔1q43腹3加ぇ1,28.恨zt参喷靡A叭
24537349,厚エ啾KXネм靴鳓抄そq,O_カいs跋sネ_隔1q90腹2加ぇ1,28.恨zt参喷靡A叭
24541532,fJ恨zU拜靴鳓抄そq,O_カjw跋┚УF隔4q148腹7加,28.恨zt参喷靡A叭
24542814,阑ホ计飕歆蕺靴鳓抄そq,O_カQs跋┑关刁42腹1加,28.恨zt参喷靡A叭
24547711,zも歆蕈抄そq,O_カjw跋_砍n隔2q2101ぇ1腹1加,28.恨zt参喷靡A叭
24548042,蝗轭歆蕺靴鳓抄そq,O_カQs跋_砍_隔191腹10加ぇ2,28.恨zt参喷靡A叭
24548388,~空B笆婢PΤそq,O_カいs跋_砍_隔86腹9加,28.恨zt参喷靡A叭
24548508,言I歆蕈抄そq,O_カいs跋チvF隔3q58腹3加ぇ5,28.恨zt参喷靡A叭
24548556,きó戈T歆蕺靴鳓抄そq,O_カjw跋霉吹褐隔2q41腹7加ぇ1,28.恨zt参喷靡A叭
24550068,w地ネмΤそq,O_カjw跋┚УF隔4q148腹7加,28.恨zt参喷靡A叭
24550623,ü供瓣悔龟~Τそq,O_カいタ跋ヅ{隔1q48腹2加,28.恨zt参喷靡A叭
24551117,T碟歆蕺靴鳓抄そq,O_カQs跋_砍_隔1腹13加ぇ1,28.恨zt参喷靡A叭
24551545,坚币靴鳓抄そq,O_カQs跋_砍_隔167腹14加,28.恨zt参喷靡A叭
24551778,t磕歆蕺靴鳓抄そq,O_カいs跋Q扛200腹12加ぇ2,28.恨zt参喷靡A叭
24553184,J@o戈TΤそq,O_カQs跋nㄊF隔5q8腹5加,28.恨zt参喷靡A叭
24554971,愦弹喾浆歆蕺靴鳓抄そq,O_カjw跋奸{刁553ぇ1腹,28.恨zt参喷靡A叭
24559032,I呼Τそq,O_カいs跋Q扛129腹11加ぇ4,28.恨zt参喷靡A叭
24560018,ポI~恨zU拜Τそq,O_カいタ跋yn隔1q57腹5加ぇ1,28.恨zt参喷靡A叭
24561038,ζt承sΤそq,O_カHq跋Q醇隔1腹11加,28.恨zt参喷靡A叭
24561207,戈|靴鳓抄そq,O_カjw跋Hq隔3q149腹13加,28.恨zt参喷靡A叭
24563417,エ骰{靡歆蕈抄そq,O_カいs跋い斓22腹6加ぇ11,28.恨zt参喷靡A叭
24564020,W呼U拜靴鳓抄そq,O_カいタ跋}实1q105腹2加ぇ6,28.恨zt参喷靡A叭
24564231,オ福k福俱X]pΤそq,O_カjw跋Hq隔4q279腹6加ぇ1,28.恨zt参喷靡A叭
24564247,胺d撅猊]]歆蕺靴鳓抄そq,O_カQs跋_砍_隔201腹11加ぇ1,28.恨zt参喷靡A叭
24566456,dQ歆蕺A叭Τそq,O_カいs跋Q扛318腹12加ぇ2,28.恨zt参喷靡A叭
24567700,LP碌歆蕺靴鳓抄そq,O_カず打跋wl刁81腹2加,28.恨zt参喷靡A叭
24567722,承y姘十T贾Τそq,O_カいs跋nㄊF隔2q137腹14加,28.恨zt参喷靡A叭
24567981,いHp旄臧Tt参w杆Τそq,O_カQs跋nㄊF隔4q186腹12加ぇ8,28.恨zt参喷靡A叭
24568095,^炊和洮歆蕈抄そq,O_カjw跋_n隔72236腹1加,28.恨zt参喷靡A叭
24569475,L者靴鳓抄そq,O_カゅs跋砍订隔3q2071415腹5加,28.恨zt参喷靡A叭
24570769,惩财Τそq,O_カjw跋┚УF隔4q183腹10加ぇ7,28.恨zt参喷靡A叭
24571612,d圭瓣悔oi靴鳓抄そq,O_カjw跋窗てn隔1q283腹2加,28.恨zt参喷靡A叭
24572345,亩Ff掸亩Τそq,O_カjw跋┚УF隔4q208腹3加,28.恨zt参喷靡A叭
24572979,地肝瓣悔坝~Τそq,O_カず打跋ゅw隔2103021腹,28.恨zt参喷靡A叭
24573029,jQ]pu{Τそq,O_カいs跋チネF隔2q83腹6加ぇ14,28.恨zt参喷靡A叭
24574316,xW旒hΤそq,O_カjw跋MキF隔1q14腹11加,28.恨zt参喷靡A叭
24576742,冻笆歆蕺靴鳓抄そq,O_カず打跋风隔423腹4加,28.恨zt参喷靡A叭
24577572,вXTЕ抄そq,O_カず打跋ず打隔1q240腹2加,28.恨zt参喷靡A叭
24712633,_绽舨yщ戈Τそq,O_カいs跋sネ_隔2q586腹,28.恨zt参喷靡A叭
24730718,w瓒澈荭抄そq,O_カいタ跋いs_隔1q2腹4加ぇ2,28.恨zt参喷靡A叭
24738280,贾bㄤい俱X婢PΤそq,O_カHq跋戟L刁13224腹1加,28.恨zt参喷靡A叭
24739555,a古瓣悔Τそq,O_カQs跋nㄊF隔5q200腹5加ぇ7,28.恨zt参喷靡A叭
24740271,使┌昊讵靴鳓抄そq,O_カHq跋缠q隔391163腹4加,28.恨zt参喷靡A叭
24740390,钢qeēΤそq,O_カjw跋vj隔137ぇ1腹,28.恨zt参喷靡A叭
24740883,jい地y呼隔{靡歆蕈抄そq,O_カいタ跋┚У韪1q41腹9加ぇ4,28.恨zt参喷靡A叭
24741026,啾鞲臧T靴鳓抄そq,O_カjw跋┚УF隔4q148腹6加ぇ3,28.恨zt参喷靡A叭
24741969,叮美歆蕺靴鳓抄そq,O_カいs跋nㄊF隔2q50腹12加ぇ1,28.恨zt参喷靡A叭
24741980,ZP瓣悔Τそq,O_カhL跋いs_隔6q172228腹1加,28.恨zt参喷靡A叭
24743312,G言歆蕈抄そq,O_カいタ跋Mキ韪1q59腹3加ぇ12,28.恨zt参喷靡A叭
24744852,矬喾a呼隔]p靴鳓抄そq,O_カいs跋Q扛22腹5加ぇ2,28.恨zt参喷靡A叭
24745212,M美U拜Τそq,O_カQs跋膀订隔1q26腹3加,28.恨zt参喷靡A叭
24745677,Aa戈T俱X靴鳓抄そq,O_カいタ跋sネn隔1q126-6腹2加ぇ1,28.恨zt参喷靡A叭
24746612,}惊靴鳓抄そq,O_カn翠跋悒s|隔2q7023腹1加,28.恨zt参喷靡A叭
24746633,Qo瓣悔~Τそq,O_カず打跋Θ\隔5q79腹6加,28.恨zt参喷靡A叭
24747540,愫抚飘娆歆蕺靴鳓抄そq,O_カn翠跋T隔19ぇ11腹3加,28.恨zt参喷靡A叭
24747871,坚~Τそq,O_カHq跋┚УF隔5q1ぇ3腹10加,28.恨zt参喷靡A叭
24747963,ガ|īJ歆蕈抄そq,O_カいs跋いs_隔2q170腹12加,28.恨zt参喷靡A叭
24748040,淞讪啾楔|U拜Τそq,O_カHq跋d砍刁362腹7加,28.恨zt参喷靡A叭
24748111,阁涩歆蕈抄そq,O_カQs跋nㄊF隔5q2512420-1腹2加,28.恨zt参喷靡A叭
24748169,N吕\都ㄆ~靴鳓抄そq,O_カいs跋q~G隔6951腹2加,28.恨zt参喷靡A叭
24748386,痕痕歆蕈婢P靴鳓抄そq,O_カjw跋Hq隔4q184腹9加,28.恨zt参喷靡A叭
24748457,<U+6667>喘吏挂歆蕈抄そq,O_カjw跋霉吹褐隔2q79腹10加ぇ5,28.恨zt参喷靡A叭
24749250,承UCX吭坝Τそq,O_カjw跋┚УF隔4q107腹12加ぇ3,28.恨zt参喷靡A叭
24750100,Τチ\都ㄆ~靴鳓抄そq,O_カいs跋q~G隔6951腹2加,28.恨zt参喷靡A叭
24750729,隔ρ馏Τそq,O_カjw跋┚УF隔4q270腹17加,28.恨zt参喷靡A叭
24751699,营v恨zU拜Τそq,O_カいタ跋そ堕隔32腹3加,28.恨zt参喷靡A叭
24752374,sAΤそq,O_カQs跋_砍_隔2316腹2加,28.恨zt参喷靡A叭
24752732,吏yL摩靴鳓抄そq,O_カいタ跋┚УF隔2q130腹5加ぇ3,28.恨zt参喷靡A叭
24752867,zq靴鳓抄そq,O_カjw跋_n隔102腹8加,28.恨zt参喷靡A叭
24752888,ガLJ瓣悔T霆靴鳓抄そq,O_カQs跋チvF隔3q144腹2加ぇ1,28.恨zt参喷靡A叭
24753535,醇喙q呼瓣悔靴鳓抄そq,O_カず打跋风隔618腹2加ぇ1,28.恨zt参喷靡A叭
24755533,吏yó进浪代靴鳓抄そq,O_カ_щ跋いァn隔2q125腹,28.恨zt参喷靡A叭
24756152,肝倍Τそq,O_カjw跋ǒヨ隔2q137腹5加,28.恨zt参喷靡A叭
24757716,ポ厩歆蕺靴鳓抄そq,O_カhL跋┑キ_隔5q154腹,28.恨zt参喷靡A叭
24757764,ポ歆蕺靴鳓抄そq,O_カhL跋┑キ_隔5q154腹,28.恨zt参喷靡A叭
24758102,G龟戈TΤそq,O_カjw跋_砍n隔2q237腹13加,28.恨zt参喷靡A叭
24758118,i鳐童喾姜A叭靴鳓抄そq,O_カず打跋s打G隔257腹6加,28.恨zt参喷靡A叭
24758757,螬Ms媚靴鳓抄そq,O_カQs跋窗てn隔1q3腹4加ぇ1,28.恨zt参喷靡A叭
24758829,nGㄆ]pΤそq,O_カjw跋Hq隔2q72腹12加,28.恨zt参喷靡A叭
24760661,ポN歆蕺靴鳓抄そq,O_カいs跋いs_隔2q12865腹3加ぇ5,28.恨zt参喷靡A叭
24760846,创oμ胺d歆蕈抄そq,O_カQs跋_砍_隔201腹11加ぇ1,28.恨zt参喷靡A叭
24760923,ポ美歆蕺靴鳓抄そq,O_カいs跋ぱz刁51腹4加,28.恨zt参喷靡A叭
24761015,冻乃戈TΤそq,O_カいs跋nㄊF隔2q137腹14加,28.恨zt参喷靡A叭
24764857,坚f吏挂W购U拜Τそq,O_カjw跋|蝴隔1983010腹2加ぇ1,28.恨zt参喷靡A叭
24765130,Hq炊ネ歆蕺靴鳓抄そq,O_カjP跋チネ韪161腹2加,28.恨zt参喷靡A叭
24765217,方洮歆蕺靴鳓抄そq,O_カいタ跋┚УF隔1q85腹18加,28.恨zt参喷靡A叭
24766193,ぱai嫂|美NゅてΤそq,O_カjP跋w鄣51-5腹,28.恨zt参喷靡A叭
24766905,d地计欷灞歇靴鳓抄そq,O_カjw跋鳏sn隔2q138腹2加,28.恨zt参喷靡A叭
24767881,戈港ッ尿oiA叭靴鳓抄そq,O_カHq跋膀订隔1q333腹27加,28.恨zt参喷靡A叭
24768299,揩D瓣悔Τそq,O_カjw跋┚УF隔4q221腹10加,28.恨zt参喷靡A叭
24768690,鳘BΤそq,O_カjw跋┚УF隔4q221腹10加,28.恨zt参喷靡A叭
24768919,xWd柏抄A~靴鳓抄そq,O_カjw跋┚УF隔4q230腹7加,28.恨zt参喷靡A叭
24769608,倍霾备`喱歆蕈抄そq,O_カHq跋Hq隔6q335腹2加ぇ1,28.恨zt参喷靡A叭
24770302,供M舾攴浆歆蕈抄そq,O_カHq跋Hq隔4q456腹11加,28.恨zt参喷靡A叭
24772012,IF吏y瓣悔Τそq,O_カいタ跋CqF隔5腹6加,28.恨zt参喷靡A叭
24774784,xWQ绊喷差Τそq,O_カいs跋Q扛146腹3加,28.恨zt参喷靡A叭
24775783,xWvg蕾Τそq,O_カHq跋┚УF隔5q510腹15加,28.恨zt参喷靡A叭
24777092,淅含歆蕈抄そq,O_カいタ跋yn隔1q43腹3加ぇ1,28.恨zt参喷靡A叭
24777641,Qㄓ瓣悔ネ歆蕈抄そq,O_カいs跋_砍_隔40腹6加,28.恨zt参喷靡A叭
24777831,wt戈TΤそq,O_カU地跋蛮堕刁154腹,28.恨zt参喷靡A叭
24778873,贾u{Τそq,O_カず打跋Θ\隔5q460腹11加,28.恨zt参喷靡A叭
24780358,ヮ訾[歆蕈抄そq,O_カjw跋┚УF隔4q333腹12加ぇ3,28.恨zt参喷靡A叭
24780890,QW计飕歆蕺靴鳓抄そq,O_カず打跋出郴jD2q293腹5加ぇ1,28.恨zt参喷靡A叭
24781737,N戡歆蕈抄そq,O_カn翠跋侣缠刁1q330腹2加ぇ5,28.恨zt参喷靡A叭
24782335,秃y靴鳓抄そq,O_カjP跋ヌé刁24腹4加,28.恨zt参喷靡A叭
24783398,_I愠笑抄そq,O_カHq跋膀订隔1q155腹13加ぇ5,28.恨zt参喷靡A叭
24785635,Τ方\都ㄆ~Τそq,O_カいs跋q~G隔6951腹2加,28.恨zt参喷靡A叭
24785712,~Z~Τそq,O_カjP跋カチjD1q203腹16加ぇ13,28.恨zt参喷靡A叭
24786199,`寻昊诤薏zU拜Τそq,O_カjw跋MキF隔1q200腹4加,28.恨zt参喷靡A叭
24787113,ezΤそq,O_カjw跋ǒヨ隔2q137腹5加,28.恨zt参喷靡A叭
24787731,嘛j瓣悔喷靡Τそq,O_カn翠跋ドΘ刁40腹5加,28.恨zt参喷靡A叭
24787795,谋み犁靴鳓抄そq,O_カjw跋┚УF隔4q169腹6加ぇ1,28.恨zt参喷靡A叭
24787970,Rㄆ~靴鳓抄そq,O_カjw跋MキF隔2q49-1腹1加,28.恨zt参喷靡A叭
24790095,淮浒蝇於迁t参Τそq,O_カQs跋チネF隔3q121腹6加,28.恨zt参喷靡A叭
24790172,坝额~歆蕈抄そq,O_カHq跋Hq隔5q1502腹15加,28.恨zt参喷靡A叭
24795346,淮浒恿赡_浪代A叭Τそq,O_カず打跋出郴jD2q283腹4加,28.恨zt参喷靡A叭
24798168,淮浒莹渐dhΤそq,O_カn翠跋┚УF隔6q21腹5加,28.恨zt参喷靡A叭
24928275,味辘笆]pΤそq,O_カいタ跋yn隔1q75腹6加,28.恨zt参喷靡A叭
24928423,@膀ネм靴鳓抄そq,O_カn翠跋┚УF隔5q815腹10加,28.恨zt参喷靡A叭
24928606,姚h计飕歆蕈抄そq,O_カjw跋┚УF隔4q221腹10加,28.恨zt参喷靡A叭
24929318,毫瓣悔Τそq,O_カいs跋X康1885腹7加,28.恨zt参喷靡A叭
24930722,承承计飕歆蕺靴鳓抄そq,O_カhL跋qeF刁1q97腹1加,28.恨zt参喷靡A叭
24931412,W铆歆蕈抄そq,O_カhL跋いs_隔7q56腹,28.恨zt参喷靡A叭
24931638,ぱW歆蕈抄そq,O_カQs跋Kw隔4q123腹3加,28.恨zt参喷靡A叭
24931736,ポv计沮だR靴鳓抄そq,O_カいs跋いs_隔2q8515腹,28.恨zt参喷靡A叭
24931898,sw瓣悔}oΤそq,O_カQs跋nㄊF隔4q197腹9加ぇ1,28.恨zt参喷靡A叭
24933903,@_呼隔歆蕈抄そq,O_カjw跋┚УF隔4q107腹12加ぇ4,28.恨zt参喷靡A叭
24933919,拨皑掳]叭吭高靴鳓抄そq,O_カHq跋Hq隔5q7腹68加,28.恨zt参喷靡A叭
24934760,sI歆蕺靴鳓抄そq,O_カ_щ跋隔240ぇ14腹2加,28.恨zt参喷靡A叭
24935162,|QG歆蕈抄そq,O_カn翠跋砍い隔569腹13加ぇ1,28.恨zt参喷靡A叭
24939266,蹲d歆蕈抄そq,O_カQs跋nㄊF隔4q133723腹1加,28.恨zt参喷靡A叭
24940209,ら计飕歆蕈抄そq,O_カいs跋A{刁46腹12加ぇ3,28.恨zt参喷靡A叭
24941283,p鼍悝X婢PΤそq,O_カHq跋ゅ鞯316腹4加ぇ2,28.恨zt参喷靡A叭
24942065,ポバ昆靴鳓抄そq,O_カいs跋ぱz刁51腹4加,28.恨zt参喷靡A叭
24942608,R浯集嗒靴鳓抄そq,O_カず打跋风隔7659腹4加,28.恨zt参喷靡A叭
24942972,U_Sネмs媚靴鳓抄そq,O_カいタ跋┚УF隔1q85腹6加ぇ3,28.恨zt参喷靡A叭
24943424,斧H戈T靴鳓抄そq,O_カjw跋_砍n隔2q27腹9加ぇ10,28.恨zt参喷靡A叭
24944248,OW~Poi靴鳓抄そq,O_カQs跋_M刁31腹8加,28.恨zt参喷靡A叭
24946631,З歆蕈抄そq,O_カいタ跋霉吹褐隔2q150腹11加ぇ2,28.恨zt参喷靡A叭
24947619,fǔ戈TΤそq,O_カいタ跋n鞲2q200腹10加,28.恨zt参喷靡A叭
24950901,鞣绾一摩抄そq,O_カn翠跋Θ褐隔17130腹,28.恨zt参喷靡A叭
24951373,お冀|ゅ承歆蕈抄そq,O_カいs跋X康414腹,28.恨zt参喷靡A叭
24951704,币w砍~Τそq,O_カhL跋ぱダ韪5043腹10加,28.恨zt参喷靡A叭
24951970,w~歆蕺靴鳓抄そq,O_カjw跋MキF隔2q49ぇ1腹7加,28.恨zt参喷靡A叭
24952268,gPΤそq,O_カjw跋_砍n隔1q2532腹2加,28.恨zt参喷靡A叭
24952555,GM靴鳓抄そq,O_カず打跋ず打隔1q314腹12加,28.恨zt参喷靡A叭
24954012,ㄈ货ゅ承Τそq,O_カhL跋hF隔21123腹1加,28.恨zt参喷靡A叭
24956243,计欹绩营靴鳓抄そq,O_カず打跋风隔608腹8加,28.恨zt参喷靡A叭
24957480,对~渤H防I恨z吭高靴鳓抄そq,O_カQs跋チネF隔3q156腹15加,28.恨zt参喷靡A叭
24957518,ぱ方q靴鳓抄そq,O_カいs跋nㄊF隔3q189腹10加,28.恨zt参喷靡A叭
24957828,此蝴歆蕙~Τそq,O_カjw跋_砍n隔1q368腹13加,28.恨zt参喷靡A叭
24957947,而财瓣悔Τそq,O_カjw跋_砍n隔1q1261腹2加ぇ12,28.恨zt参喷靡A叭
24958360,p矢臧T靴鳓抄そq,O_カゅs跋┚抖刁1q102腹2加,28.恨zt参喷靡A叭
24960393,ㄈ}S俱X婢PΤそq,O_カjw跋_n隔102腹8加,28.恨zt参喷靡A叭
24960416,エN俱X婢PΤそq,O_カjw跋┚УF隔3q6腹6加ぇ2,28.恨zt参喷靡A叭
24960598,e倡Τそq,O_カjw跋Hq隔4q208腹9加,28.恨zt参喷靡A叭
24960696,Iミ~Τそq,O_カゅs跋霉吹褐隔5q35腹,28.恨zt参喷靡A叭
24961105,趵ΥC砰戈TΤそq,O_カQs跋_砍_隔477腹2加,28.恨zt参喷靡A叭
24961203,L稼歃抄そq,O_カjw跋sネn隔3q2腹10加,28.恨zt参喷靡A叭
24962224,Ё河Τそq,O_カず打跋出郴jD2q285腹10加,28.恨zt参喷靡A叭
24963814,Q枚娅扦焊谁驻u{Τそq,O_カゅs跋M砍隔69腹,28.恨zt参喷靡A叭
24964102,WF承Nネ―靴鳓抄そq,O_カいタ跋n隔46腹,28.恨zt参喷靡A叭
24964314,f渤歆蕺A叭Τそq,O_カjw跋jw隔2q102腹2加,28.恨zt参喷靡A叭
24964948,~坎pXt参靴鳓抄そq,O_カHq跋┚УF隔5q1ぇ3腹14加,28.恨zt参喷靡A叭
24965313,承尺歆蕈抄そq,O_カゅs跋恁刁8ぇ1腹1加,28.恨zt参喷靡A叭
24965334,港q恨zU拜Τそq,O_カず打跋チvF隔6q29620腹4加ぇ11,28.恨zt参喷靡A叭
24965382,~河诀q歆蕈抄そq,O_カjw跋┚УF隔4q169腹5加ぇ5,28.恨zt参喷靡A叭
24967537,Qよ瓣悔M缀薏zU拜靴鳓抄そq,O_カ_щ跋w隔219腹1加,28.恨zt参喷靡A叭
24968613,空城靴鳓抄そq,O_カず打跋风隔392腹4加,28.恨zt参喷靡A叭
24969578,裁熏歆蕺靴鳓抄そq,O_カjw跋_砍n隔2q86腹3加ぇ1,28.恨zt参喷靡A叭
24970940,I@ゑ瓣悔Τそq,O_カいs跋チvF隔3q35腹15加,28.恨zt参喷靡A叭
24971429,タ萋戈TU拜Τそq,O_カQs跋Kw隔4q10662腹1加,28.恨zt参喷靡A叭
24973236,g环歆蕺靴鳓抄そq,O_カQs跋_n隔65腹12加,28.恨zt参喷靡A叭
24974002,痴歆蕈抄そq,O_カjw跋窗てn隔1q205腹5加,28.恨zt参喷靡A叭
24974360,倍浍录痞飕歆蕺靴鳓抄そq,O_カHq跋Hq隔4q460腹18加,28.恨zt参喷靡A叭
24975255,tL戈TΤそq,O_カjw跋MキF隔2q181311ぇ1腹2加,28.恨zt参喷靡A叭
24975277,ぱU瓣悔婢PU拜Τそq,O_カjw跋┚УF隔4q221腹8加,28.恨zt参喷靡A叭
24977388,み鸠}靴鳓抄そq,O_カjw跋_n隔578腹7加ぇ1,28.恨zt参喷靡A叭
25021690,I谨瓣悔喷靡Τそq,O_カいタ跋圭iF刁1腹1加,28.恨zt参喷靡A叭
25022966,龆楗秃A喷靡Τそq,O_カQs跋_砍_隔1腹6加ぇ6,28.恨zt参喷靡A叭
25023938,宅飒xQ靴鳓抄そq,O_カQs跋チネF隔4q133腹4加,28.恨zt参喷靡A叭
25041751,Θa歆蕈抄そq,O_カQs跋nㄊF隔4q51ぇ2腹9加,28.恨zt参喷靡A叭
25051589,地dネм靴鳓抄そq,O_カいs跋チvF隔1q53腹8加,28.恨zt参喷靡A叭
25063065,┯w歆蕈抄そq,O_カいタ跋霉吹褐隔3q76腹7加,28.恨zt参喷靡A叭
25070761,}d靴鳓抄そq,O_カいs跋Q扛842腹2加,28.恨zt参喷靡A叭
25076028,C栏Ul计飕歆蕈抄そq,O_カず打跋姗靖42腹5加,28.恨zt参喷靡A叭
25100131,ζ俱X龟~Τそq,O_カゅs跋砍订隔2q15341腹1加,28.恨zt参喷靡A叭
25101407,μ厕~靴鳓抄そq,O_カQs跋nㄊF隔4q130腹10加,28.恨zt参喷靡A叭
25102433,m幅计飕歆蕈抄そq,O_カn翠跋褐w刁348腹2加,28.恨zt参喷靡A叭
25102449,xWvg蕾歆蕈抄そq,O_カHq跋┚УF隔5q510腹15加,28.恨zt参喷靡A叭
25103593,[w瓣悔Τそq,O_カjP跋地潮刁91腹11加ぇ5,28.恨zt参喷靡A叭
25104299,膀锋浒昊诎踊拨抄そq,O_カjP跋y_隔1q22腹11加ぇ1,28.恨zt参喷靡A叭
25104376,J锭戈TΤそq,O_カjw跋┚УF隔4q333腹7加ぇ1,28.恨zt参喷靡A叭
25104431,fa歆蕺靴鳓抄そq,O_カいs跋L此_隔3102腹7加ぇ4,28.恨zt参喷靡A叭
25105109,煞飒靴鳓抄そq,O_カいタ跋}实1q11腹3加,28.恨zt参喷靡A叭
25106894,城霉戈TΤそq,O_カいs跋NL隔12ぇ3腹5加ぇ2,28.恨zt参喷靡A叭
25107198,q呼瓣悔靴鳓抄そq,O_カいs跋nㄊF隔1q2腹4加ぇ2,28.恨zt参喷靡A叭
25108350,じ戈T歆蕈抄そq,O_カjw跋窗てn隔2q99腹27加ぇ1,28.恨zt参喷靡A叭
25111215,y鞍昊诳撤~靴鳓抄そq,O_カいs跋L此_隔8531腹,28.恨zt参喷靡A叭
25111236,E证u{мNU拜Τそq,O_カいs跋砍w刁112腹2加ぇ3,28.恨zt参喷靡A叭
25113570,xW歆蕺A叭靴鳓抄そq,O_カQs跋nㄊF隔4q186腹6加ぇ7,28.恨zt参喷靡A叭
25115520,N浞З捆抄そq,O_カHq跋膀订隔1q149腹,28.恨zt参喷靡A叭
25115747,い地布A呼隔靴鳓抄そq,O_カいタ跋n隔20腹6加,28.恨zt参喷靡A叭
25118505,H超飕悝抄そq,O_カQs跋胺d隔87腹6加,28.恨zt参喷靡A叭
25119477,d痴醅歆蕈抄そq,O_カいタ跋yn隔2q59腹12加ぇ1,28.恨zt参喷靡A叭
25120306,蛾ㄥ瓣悔Τそq,O_カQs跋nㄊF隔4q170腹2加ぇ3,28.恨zt参喷靡A叭
25120431,FeΤそq,O_カ_щ跋犊车5腹1加,28.恨zt参喷靡A叭
25123107,cЩiΤそq,O_カいs跋nㄊF隔3q189腹8加,28.恨zt参喷靡A叭
25123681,吏y痴m悒sいみ靴鳓抄そq,O_カず打跋wl刁181腹3加,28.恨zt参喷靡A叭
25125920,い地u~мN挪w靴鳓抄そq,O_カHq跋┚УF隔5q5244腹3加,28.恨zt参喷靡A叭
25128095,奸呼歆蕺靴鳓抄そq,O_カず打跋チvF隔6q146腹5加ぇ24,28.恨zt参喷靡A叭
25128200,B尸歆蕈抄そq,O_カQs跋nㄊF隔5q106腹6加,28.恨zt参喷靡A叭
25128341,よk斐笑抄そq,O_カいs跋K隔318腹2加,28.恨zt参喷靡A叭
25130016,瓣p坝叭ㄆ~Τそq,O_カいs跋チネF隔1q66-1腹,28.恨zt参喷靡A叭
25132056,Uw歆蕺靴鳓抄そq,O_カjw跋qて刁3腹,28.恨zt参喷靡A叭
25132669,v醇恨zU拜Τそq,O_カjw跋匕戢n隔2q19腹,28.恨zt参喷靡A叭
25133034,NP付澈莠歆蕺靴鳓抄そq,O_カjw跋┚УF隔4q333腹12加ぇ3,28.恨zt参喷靡A叭
25133843,E膀ネ洛歆蕈抄そq,O_カn翠跋T隔19ぇ11腹3加,28.恨zt参喷靡A叭
25135103,睛姗霭昊冥澶痞抄そq,O_カjw跋wM隔2q70腹9加ぇ2,28.恨zt参喷靡A叭
25135785,きれm承NΤそq,O_カHq跋膀订隔1q163腹11加,28.恨zt参喷靡A叭
25136736,T承计飒靴鳓抄そq,O_カいタ跋カチjDTq2腹,28.恨zt参喷靡A叭
25136757,妾LBw歆蕺靴鳓抄そq,O_カいs跋Q扛152腹6加ぇ4,28.恨zt参喷靡A叭
25138256,Hj胺dㄆ~靴鳓抄そq,O_カjP跋w韪58腹7加,28.恨zt参喷靡A叭
25138967,龉└臧TU拜靴鳓抄そq,O_カQs跋Tチ隔10721腹,28.恨zt参喷靡A叭
25139142,和旌舾衄歆蕈抄そq,O_カn翠跋T隔66腹6加,28.恨zt参喷靡A叭
25139797,吏林歆蕺靴鳓抄そq,O_カjw跋┚УF隔4q310腹4加,28.恨zt参喷靡A叭
25140817,t哎q歆蕈抄そq,O_カゅs跋霉吹褐隔5q211261腹1加,28.恨zt参喷靡A叭
25141914,]oW单弘K歆蕺靴鳓抄そq,O_カhL跋w妾F隔261腹1加,28.恨zt参喷靡A叭
25142097,きP瓣悔Τそq,O_カず打跋ず打隔1q35118腹1加,28.恨zt参喷靡A叭
25142300,厚‖歆蕺靴鳓抄そq,O_カjw跋wM隔2q7腹9加ぇ1,28.恨zt参喷靡A叭
25142364,ぱX计飕歆蕈抄そq,O_カU地跋Θ常隔135腹6加ぇ1,28.恨zt参喷靡A叭
25144665,@M瓣悔龟~靴鳓抄そq,O_カいタ跋霉吹褐隔2q126腹2加ぇ1,28.恨zt参喷靡A叭
25146559,卷éネA]pΤそq,O_カいタ跋ヅw隔1q3067腹4加,28.恨zt参喷靡A叭
25147760,隽pさ戈TA叭Τそq,O_カjP跋w韪180腹10加ぇ1,28.恨zt参喷靡A叭
25148613,稼风]靴鳓抄そq,O_カず打跋风隔582腹7加ぇ1,28.恨zt参喷靡A叭
25148803,和o龟~Τそq,O_カjw跋_砍n隔1q368腹11加,28.恨zt参喷靡A叭
25149747,s|恨zU拜Τそq,O_カjw跋MキF隔1q192腹5加,28.恨zt参喷靡A叭
25150693,lㄢ─胺d恨zU拜Τそq,O_カいタ跋残砍_刁5腹9加,28.恨zt参喷靡A叭
25189347,T@瓣悔WC砰靴鳓抄そq,O_カず打跋s打@隔95腹1加,28.恨zt参喷靡A叭
27240708,淮浒荧轮驻@吏yA叭Τそq,O_カいタ跋い地隔1q77腹9加,28.恨zt参喷靡A叭
27310154,M伦戈玻恨zΤそq,O_カゅs跋ǒヨ隔4q1019340腹,28.恨zt参喷靡A叭
27312104,ㄎh倍Τそq,O_カいs跋L此_隔50腹4加ぇ3,28.恨zt参喷靡A叭
27314736,い}oΤそq,O_カjP跋Ow刁1ぇ16腹1加,28.恨zt参喷靡A叭
27316875,吏y蝴w歆薰攴~Τそq,O_カQs跋IA刁503腹1加,28.恨zt参喷靡A叭
27317522,Qポ痴靴鳓抄そq,O_カHq跋Hq隔4q458腹3加,28.恨zt参喷靡A叭
27324354,炊<U+5803>`μq歼歆蕺靴鳓抄そq,O_カいタ跋_キF隔16腹6加ぇ3,28.恨zt参喷靡A叭
27332782,Qi栋Θ歆蓼u{靴鳓抄そq,O_カず打跋风打刁17823腹5加,28.恨zt参喷靡A叭
27337105,┚V瓣悔靴鳓抄そq,O_カQs跋nㄊF隔4q1腹5加,28.恨zt参喷靡A叭
27337816,风才Τそq,O_カjw跋┚УF隔⒊q⒈⒈⒈腹⒊加,28.恨zt参喷靡A叭
27341635,开l歆蕺靴鳓抄そq,O_カQs跋_n隔⒌⒋腹⒉加,28.恨zt参喷靡A叭
27343330,xW玻aA寒~~借{靡靴鳓抄そq,O_カQs跋nㄊF隔4q17腹4加,28.恨zt参喷靡A叭
27363314,忽R胺dネм靴鳓抄そq,O_カjw跋┚УF隔4q492腹7加,28.恨zt参喷靡A叭
27365679,萋港瓣悔喷靡靴鳓抄そq,O_カず打跋锭刁351腹7加,28.恨zt参喷靡A叭
27375135,d佻歆蕺靴鳓抄そq,O_カjw跋┚УF隔⒊q⒍⒌腹⒍加,28.恨zt参喷靡A叭
27402581,pネ戈セ靴鳓抄そq,O_カn翠跋T隔19ぇ11腹E瓷5加545,28.恨zt参喷靡A叭
27409873,ミ皇歆蕈抄そq,O_カず打跋チvF隔6q1232025腹8加ぇ6,28.恨zt参喷靡A叭
27527956,R┯t参Τそq,O_カjP跋び旄簪涪东癣尝腹,28.恨zt参喷靡A叭
27531430,xW材@s媚靴鳓抄そq,O_カず打跋翠Y隔189腹8加,28.恨zt参喷靡A叭
27543787,jW弘~Τそq,O_カU地跋韫绔n隔4腹1加1088,28.恨zt参喷靡A叭
27546124,划ホ歆蕺靴鳓抄そq,O_カHq跋膀订隔⒈q⒉⒏癣阿案耿臣,28.恨zt参喷靡A叭
27546953,酹@瓣悔мNU拜Τそq,O_カいタ跋Hq隔⒈q阿案耿臣婴Б,28.恨zt参喷靡A叭
27550105,i模ネм靴鳓抄そq,O_カQs跋nㄊF隔5q343腹9加,28.恨zt参喷靡A叭
27551293,吏~瓣悔U拜Τそq,O_カU地跋dw隔⒌⒈腹⒋加,28.恨zt参喷靡A叭
27557310,d_歆蕈抄そq,O_カず打跋チvF隔6q109腹7加ぇ5,28.恨zt参喷靡A叭
27559062,痴J吹俱X婢P靴鳓抄そq,O_カjw跋wM隔艾q⒍腹⒋加,28.恨zt参喷靡A叭
27560595,MㄎΤそq,O_カいタ跋vj隔171腹2加,28.恨zt参喷靡A叭
27562159,吹Kd瓣悔靴鳓抄そq,O_カjP跋┯w隔1q17腹12加ぇ6,28.恨zt参喷靡A叭
27570783,タ^瓣悔Τそq,O_カ_щ跋j~隔⒈⒎癣并揣刷阿筏Б案耿凹,28.恨zt参喷靡A叭
27571333,划a歆蕺靴鳓抄そq,O_カHq跋膀订隔2q3911腹6加,28.恨zt参喷靡A叭
27575838,供B戈TΤそq,O_カゅs跋Uw刁71ぇ6腹1加,28.恨zt参喷靡A叭
27579378,wy醇pΤそq,O_カjP跋nㄊ韪165腹10加ぇ11,28.恨zt参喷靡A叭
27636357,━货龟~靴鳓抄そq,O_カいタ跋sネn隔1q122腹3加,28.恨zt参喷靡A叭
27713537,エ卡兢醅歆蕺靴鳓抄そq,O_カjw跋匕戢n隔2q1117腹2加,28.恨zt参喷靡A叭
27715660,嚎q瓣悔]I恨z靴鳓抄そq,O_カいs跋チvF隔⒉q⒌腹阿加,28.恨zt参喷靡A叭
27715726,iY]I恨z靴鳓抄そq,O_カjw跋Hq隔⒉q阿盯犯耿醇,28.恨zt参喷靡A叭
27716555,j龆┈歆蕈抄そq,O_カjw跋霉吹褐隔2q79腹11加ぇ2,28.恨zt参喷靡A叭
27718809,Iq瓣悔]I恨z靴鳓抄そq,O_カいs跋Q扛簪阿雹备耿导,28.恨zt参喷靡A叭
27718879,吏欷u{U拜靴鳓抄そq,O_カjw跋┚УF隔4q280腹8加,28.恨zt参喷靡A叭
27720517,地A歆蕙~靴鳓抄そq,O_カjw跋窗てn隔艾q⒈⒋腹⒏加ぇ⒍,28.恨zt参喷靡A叭
27721810,钰方龟~Τそq,O_カhL跋┑キ_隔9q921腹,28.恨zt参喷靡A叭
27721852,祸波痊wΤそq,O_カjP跋カチjD1q211腹8加ぇ15,28.恨zt参喷靡A叭
27723057,而w风瓣悔Τそq,O_カゅs跋砍订隔2q3016ぇ4腹2加,28.恨zt参喷靡A叭
27732422,城腐S歆蕺靴鳓抄そq,O_カU地跋F刁2q70腹4加,28.恨zt参喷靡A叭
27732577,Xu{靴鳓抄そq,O_カいタ跋霉吹褐隔2q18腹5加,28.恨zt参喷靡A叭
27733105,撮±衾爽歆蕈抄そq,O_カjP跋y_隔⒉q阿雹癣雹父耿凹,28.恨zt参喷靡A叭
27737101,wJ瓣悔]叭U拜靴鳓抄そq,O_カHq跋Hq隔5q7腹68加,28.恨zt参喷靡A叭
27742857,x砍歆蕺靴鳓抄そq,O_カず打跋wd隔142腹1加,28.恨zt参喷靡A叭
27743321,俱Xq隔Τそq,O_カQs跋__隔阿尝案耿奔,28.恨zt参喷靡A叭
27743504,l{瓣悔歆蕺靴鳓抄そq,O_カいタ跋yn隔艾q⒋⒍腹阿布婴Б阿,28.恨zt参喷靡A叭
27745587,也w恨zU拜Τそq,O_カU地跋}实2q81腹9加ぇ5,28.恨zt参喷靡A叭
27746381,ypoΤそq,O_カいs跋K隔⒈⒌⒍腹⒉加,28.恨zt参喷靡A叭
27753973,撼Iゑ靴鳓抄そq,O_カjP跋⒈K刁593138腹,28.恨zt参喷靡A叭
27754993,UЩH靴鳓抄そq,O_カQs跋nㄊF隔4q171腹10加ぇ4,28.恨zt参喷靡A叭
27756922,s隼艄椰歆蕈抄そq,O_カず打跋Θ\隔4q68腹5加ぇ4,28.恨zt参喷靡A叭
27762620,栗XS靴鳓抄そq,O_カいタ跋颗锭隔⒋案耿阿奔婴Б,28.恨zt参喷靡A叭
27762683,醇v簿笆歆蕺靴鳓抄そq,O_カいs跋Q扛152腹11加ぇ11,28.恨zt参喷靡A叭
27767028,Yw恨zU拜Τそq,O_カU地跋}实2q80腹4加ぇ3,28.恨zt参喷靡A叭
27767250,吏肝戈方歆蕈抄そq,O_カHq跋Qs隔479腹2加,28.恨zt参喷靡A叭
27798198,撼尺q歆蕈抄そq,O_カjw跋sネn隔1q14320腹3加,28.恨zt参喷靡A叭
27804712,┯苍歆蕺靴鳓抄そq,O_カゅs跋匪w刁67腹3加,28.恨zt参喷靡A叭
27844876,师w瓣悔i~Τそq,O_カいタ跋残砍_刁35腹5加ぇ8,28.恨zt参喷靡A叭
27885186,计斐s滁呼隔歆蕈抄そq,O_カjP跋nㄊ韪86腹2加,28.恨zt参喷靡A叭
27905205,A啾醇w靴鳓抄そq,O_カjw跋霉吹褐隔2q105腹3加,28.恨zt参喷靡A叭
27926882,淮浒荧nw玻~喷靡U拜靴鳓抄そq,O_カ_щ跋いァn隔2q37腹7加,28.恨zt参喷靡A叭
27934855,坝彀瓣悔Τそq,O_カHq跋Hq隔5q7腹73加ぇ1,28.恨zt参喷靡A叭
27945810,坝ゑ龟喷前昊讵A叭靴鳓抄そq,O_カHq跋Hq隔5q7腹37加,28.恨zt参喷靡A叭
27946563,s[Y坝sCが笆瓣悔靴鳓抄そq,O_カHq跋┚УF隔5q7133腹1加,28.恨zt参喷靡A叭
27954774,ㄎ嗪舭昊讦抄そq,O_カQs跋_砍_隔57腹16加,28.恨zt参喷靡A叭
27955345,xW砉qq杆靴鳓抄そq,O_カQs跋_砍_隔101腹12加ぇ6,28.恨zt参喷靡A叭
27955464,伦明吏O歆蕺靴鳓抄そq,O_カいタ跋yn隔艾q⒌⒉腹⒏加,28.恨zt参喷靡A叭
27958130,v矫婢P歆蕈抄そq,O_カいs跋nㄊF隔1q25腹9加,28.恨zt参喷靡A叭
27958862,いH靼昊讠~靴鳓抄そq,O_カjw跋┚УF隔4q270腹7加ぇ1,28.恨zt参喷靡A叭
27960749,栗蝴S~靴鳓抄そq,O_カいタ跋颗锭隔⒋案耿阿奔婴Б,28.恨zt参喷靡A叭
27961515,う[~Τそq,O_カいs跋い斓148腹,28.恨zt参喷靡A叭
27963703,E褐ぃ笆玻恨z靴鳓抄そq,O_カhL跋いs_隔5q547腹2加,28.恨zt参喷靡A叭
27965131,集ī承N婢P靴鳓抄そq,O_カいs跋狂圭刁阿阿父耿奔,28.恨zt参喷靡A叭
27966856,@篮龟~Τそq,O_カず打跋ず打隔1q3606腹8加,28.恨zt参喷靡A叭
27967335,滁s滁歆藓薏zU拜靴鳓抄そq,O_カQs跋nㄊF隔5q63腹9加,28.恨zt参喷靡A叭
27967948,j攫瓣悔}o靴鳓抄そq,O_カいs跋チv韪簪并筏Б哺,28.恨zt参喷靡A叭
27972837,ㄈゑ浒昊讦抄そq,O_カず打跋锭刁186腹2加,28.恨zt参喷靡A叭
27979938,xWu墩泉A歆蕺靴鳓抄そq,O_カjw跋MキF隔3q3469腹4加,28.恨zt参喷靡A叭
27984221,厚H吏挂歆蕺靴鳓抄そq,O_カHq跋Qw隔65腹5加,28.恨zt参喷靡A叭
27992313,陋枝姘尸歆蕺靴鳓抄そq,O_カQs跋nㄊF隔4q171腹11加ぇ2,28.恨zt参喷靡A叭
27995228,O倍吏OU拜Τそq,O_カHq跋膀订隔1q186腹9加ぇ4,28.恨zt参喷靡A叭
27996824,ネ计飕歆蘼灏群薏z靴鳓抄そq,O_カQs跋窗てn隔1q21腹6加ぇ2,28.恨zt参喷靡A叭
27998793,救l歆蕈抄そq,O_カいタ跋_キF隔24腹7加ぇ5,28.恨zt参喷靡A叭
28004029,骷si~Τそq,O_カjw跋_n隔672腹2加,28.恨zt参喷靡A叭
28007047,丢Fqノu{Τそq,O_カず打跋风打刁17825腹5加,28.恨zt参喷靡A叭
28009447,s供瓣悔ネΘ靴鳓抄そq,O_カず打跋锭刁126ぇ1腹,28.恨zt参喷靡A叭
28011133,醇脂歆蕺靴鳓抄そq,O_カQs跋nㄊF隔⒊q⒍⒍腹阿凹婴Б,28.恨zt参喷靡A叭
28011871,~ㄈ恨U拜Τそq,O_カず打跋翠Y隔⒈⒈矮癣尝案耿凹,28.恨zt参喷靡A叭
28035640,冠Q歆蕹楔|恨z靴鳓抄そq,O_カU地跋吏en隔2q13011腹,28.恨zt参喷靡A叭
28061479,承啾瓣悔歆蕺靴鳓抄そq,O_カQs跋nㄊF隔4q1腹9加,28.恨zt参喷靡A叭
28072378,痴tM转靴鳓抄そq,O_カいタ跋霉吹褐隔2q150腹9加ぇ4,28.恨zt参喷靡A叭
28097862,承蝴}oΤそq,O_カjP跋y_隔⒈q⒍⒉癣雹腹⒊加,28.恨zt参喷靡A叭
28177936,j_s痴ネмΤそq,O_カHq跋d砍刁28422126腹,28.恨zt参喷靡A叭
28187913,地p戈T靴鳓抄そq,O_カHq跋膀订隔1q163腹11加ぇ1,28.恨zt参喷靡A叭
28189778,脖_呼隔戈TΤそq,O_カHq跋Qw隔65腹10加,28.恨zt参喷靡A叭
28197692,窗N浪代歆蕺靴鳓抄そq,O_カず打跋ず打隔1q1208腹7加,28.恨zt参喷靡A叭
28203173,q港瓣悔喷靡靴鳓抄そq,O_カず打跋锭刁351腹7加ぇ1,28.恨zt参喷靡A叭
28203723,z]aㄆ~靴鳓抄そq,O_カいタ跋\鞯42-1腹10加,28.恨zt参喷靡A叭
28207586,wi织喱歆夼U拜Τそq,O_カいタ跋┚УF隔2q100腹8加,28.恨zt参喷靡A叭
28207874,吹蔼瓣悔Τそq,O_カn翠跋┚УF隔6q18547腹,28.恨zt参喷靡A叭
28208311,惝姹o歆蕈抄そq,O_カず打跋Θ\隔3q89ぇ1腹5加,28.恨zt参喷靡A叭
28208620,堵μ计飒靴鳓抄そq,O_カHq跋┚УF隔5q510腹7加,28.恨zt参喷靡A叭
28212080,l喱歆夼U拜靴鳓抄そq,O_カjw跋┚УF隔4q142腹8加ぇ8,28.恨zt参喷靡A叭
28214989,じH恨zU拜靴鳓抄そq,O_カず打跋wl刁75腹4加ぇ1,28.恨zt参喷靡A叭
28216776,g菠歆蕈抄そq,O_カHq跋膀订隔2q189腹4加ぇ7,28.恨zt参喷靡A叭
28218388,齑喊昊讵靴鳓抄そq,O_カず打跋出郴jD2q501腹4加,28.恨zt参喷靡A叭
28219083,Щ承歆蕺靴鳓抄そq,O_カjP跋チv韪148腹12加ぇ1,28.恨zt参喷靡A叭
28219491,祸宅歆蕺靴鳓抄そq,O_カjw跋くR隔4q3002617腹1加,28.恨zt参喷靡A叭
28219513,叮和靴鳓抄そq,O_カHq跋┚УF隔5q508腹26加ぇ3,28.恨zt参喷靡A叭
28220693,[ゲj靴鳓抄そq,O_カhL跋いs_隔7q8130ぇ6腹,28.恨zt参喷靡A叭
28220949,j舳V}o靴鳓抄そq,O_カHq跋┚УF隔5q689腹7加,28.恨zt参喷靡A叭
28223431,渤嗉痞歃婢P靴鳓抄そq,O_カいs跋Q扛51腹8加ぇ1,28.恨zt参喷靡A叭
28227252,瓣悔мN{靡靴鳓抄そq,O_カHq跋Hq隔5q7腹37加,28.恨zt参喷靡A叭
28228822,w脖瓣悔喷谍靴鳓抄そq,O_カず打跋s打@隔155腹3加,28.恨zt参喷靡A叭
28228843,页鞋歆蕈抄そq,O_カいタ跋H刁112腹,28.恨zt参喷靡A叭
28229961,xWd逮Τそq,O_カいs跋j降109腹1加,28.恨zt参喷靡A叭
28330925,霁z墨GΤそq,O_カU地跋}实2q12腹13加ぇ6,28.恨zt参喷靡A叭
28348447,YEU拜Τそq,O_カいs跋sネ_隔2q5821ぇ1腹3加,28.恨zt参喷靡A叭
28350478,沓应抄そq,O_カHq跋ッN隔176腹8加,28.恨zt参喷靡A叭
28393006,ㄈw粪瓣悔美N靴鳓抄そq,O_カQs跋nㄊF隔3q285腹7加,28.恨zt参喷靡A叭
28412550,xW@fu{U拜靴鳓抄そq,O_カず打跋打じ蕉Д刁323腹,28.恨zt参喷靡A叭
28418203,坝馋んqH靴鳓抄そq,O_カいs跋チvF隔3q37腹11加,28.恨zt参喷靡A叭
28422255,R焊孽坝醮Un砰靴鳓抄そq,O_カHq跋Q蔼隔9腹27加,28.恨zt参喷靡A叭
28439397,^妮\耙sq坝湿楷歆蕈抄そq,O_カず打跋ず打隔1q356腹7加,28.恨zt参喷靡A叭
28446881,^醇龟~靴鳓抄そq,O_カいs跋_砍_隔58腹7加ぇ3,28.恨zt参喷靡A叭
28448488,wN瓣悔]I恨z靴鳓抄そq,O_カjw跋くR隔4q376腹4加ぇ2,28.恨zt参喷靡A叭
28451011,a氍歆蕈抄そq,O_カU地跋Mキ韪3q331ぇ3腹4加,28.恨zt参喷靡A叭
28452074,uO瓣悔w{靡Τそq,O_カ_щ跋j~隔260腹1B2B4加,28.恨zt参喷靡A叭
28455473,oQ冻狠歆蕺靴鳓抄そq,O_カhL跋y_隔4q248腹1加,28.恨zt参喷靡A叭
28458252,匠q瓣悔靴鳓抄そq,O_カいs跋Q扛207腹9加,28.恨zt参喷靡A叭
28459891,X悻歆蕺靴鳓抄そq,O_カず打跋P冻刁17ぇ3腹,28.恨zt参喷靡A叭
28461144,承N计X歆蕺靴鳓抄そq,O_カHq跋戟L刁16458腹1加,28.恨zt参喷靡A叭
28468174,R地歆蕈抄そq,O_カQs跋_砍_隔1腹13加ぇ1,28.恨zt参喷靡A叭
28470523,IRΘ龟~Τそq,O_カU地跋チM刁28腹2加,28.恨zt参喷靡A叭
28471348,冻F歆蕺靴鳓抄そq,O_カhL跋岽涞118腹9加,28.恨zt参喷靡A叭
28473198,v醇歆蕈抄そq,O_カHq跋戟L刁16458腹1加,28.恨zt参喷靡A叭
28473248,じ_戈q靴鳓抄そq,O_カず打跋ゅ打刁8腹3加,28.恨zt参喷靡A叭
28475251,C抉V俱X婢PΤそq,O_カjP跋nㄊ韪410腹5加ぇ1,28.恨zt参喷靡A叭
28476337,ド攫ネмU拜Τそq,O_カhL跋y_隔4q266腹1加,28.恨zt参喷靡A叭
28477785,L\坝姒抄そq,O_カず打跋锭刁32130腹1加,28.恨zt参喷靡A叭
28478601,Tチ徊σ戈TΤそq,O_カいタ跋yn隔1q13腹10加,28.恨zt参喷靡A叭
28484688,呼笆si歆蕺靴鳓抄そq,O_カいs跋NL隔109腹2加,28.恨zt参喷靡A叭
28485933,wy尺歆薰攴~Τそq,O_カQs跋IA刁503腹1加,28.恨zt参喷靡A叭
28486095,ミz]叭U拜靴鳓抄そq,O_カいs跋いs_隔3q54腹7加,28.恨zt参喷靡A叭
28487236,港抠婢Pㄆ~Τそq,O_カn翠跋V锭隔19627腹,28.恨zt参喷靡A叭
28489810,ja~Τそq,O_カjw跋鳏sn隔2q145腹3加,28.恨zt参喷靡A叭
28555070,痴v戈TA叭Τそq,O_カhL跋いs_隔6q72897-1腹,28.恨zt参喷靡A叭
28574787,A拘q福景TU拜靴鳓抄そq,O_カいs跋チv韪79腹8加ぇ3,28.恨zt参喷靡A叭
28634342,Iㄈ洮歆蕈抄そq,O_カいs跋nㄊ韪1ぇ1腹6加,28.恨zt参喷靡A叭
28669123,vA歆蕈抄そq,O_カjP跋韫绁_隔51-2腹,28.恨zt参喷靡A叭
28670276,h贾妇遣擗t参Τそq,O_カQs跋nㄊF隔4q197腹11加ぇ1,28.恨zt参喷靡A叭
28670424,Ld{Τそq,O_カhL跋岽涞187腹2加,28.恨zt参喷靡A叭
28672963,搂蕃歆蕈抄そq,O_カいs跋Q扛206腹6加ぇ2,28.恨zt参喷靡A叭
28673576,计彀石唳抄そq,O_カjP跋韫绁_隔128腹6加,28.恨zt参喷靡A叭
28674168,ひ弟舄靴鳓抄そq,O_カQs跋Kw隔4q758腹8加,28.恨zt参喷靡A叭
28675413,ッT吏挂u{U拜靴鳓抄そq,O_カjP跋┯w隔2q193腹3加ぇ3,28.恨zt参喷靡A叭
28681317,オ福承N婢PΤそq,O_カいタ跋鳏sn隔1q17腹7加,28.恨zt参喷靡A叭
28681652,救ㄝ吏北]pΤそq,O_カjP跋チv韪148腹3加ぇ2,28.恨zt参喷靡A叭
28683075,s言吏挂oi靴鳓抄そq,O_カいs跋NL隔4569ぇ1腹,28.恨zt参喷靡A叭
28684399,矸sよ炀遣擀抄そq,O_カいs跋いs_隔1q12616腹1加,28.恨zt参喷靡A叭
28684969,稼n风瓣悔{靡Τそq,O_カゅs跋霉吹褐隔5q125腹5加ぇ1,28.恨zt参喷靡A叭
28686072,E砍~Τそq,O_カ_щ跋ホP隔1q166137腹,28.恨zt参喷靡A叭
28687543,jN吏挂歆蕺靴鳓抄そq,O_カjP跋チ壁韪245腹,28.恨zt参喷靡A叭
28687868,グ侔昊讷扦焊谁转靴鳓抄そq,O_カjw跋_砍n隔1q342腹11加ぇ3,28.恨zt参喷靡A叭
28688938,M旄臧T靴鳓抄そq,O_カいs跋チネF隔1q71腹4加,28.恨zt参喷靡A叭
28693806,郴承瓣悔Τそq,O_カjw跋sネn隔1q137ぇ1腹1加,28.恨zt参喷靡A叭
28694235,环叭戈TΤそq,O_カず打跋ず打隔3q47腹1加,28.恨zt参喷靡A叭
28695207,t懂恨U拜Τそq,O_カjw跋┚УF隔4q180腹4加,28.恨zt参喷靡A叭
28695282,K褐瓣悔婢P靴鳓抄そq,O_カjw跋┚УF隔4q293腹6加ぇ2,28.恨zt参喷靡A叭
28695353,K话昊讦抄そq,O_カいs跋sネ_隔1q46腹8加,28.恨zt参喷靡A叭
28696727,材せネA吏挂W购Τそq,O_カjw跋Hq隔4q168腹3加ぇ1,28.恨zt参喷靡A叭
28699597,n褐扦焊谁驻u{靴鳓抄そq,O_カjP跋┯w隔3q117腹3加,28.恨zt参喷靡A叭
28699695,Щj戈TΤそq,O_カず打跋d贾刁11112腹,28.恨zt参喷靡A叭
28704938,叩赴昊讦抄そq,O_カQs跋__隔7腹9加ぇ1,28.恨zt参喷靡A叭
28705417,计旒脂“昊讦抄そq,O_カhL跋jn隔133腹1加,28.恨zt参喷靡A叭
28705916,@模BqΤそq,O_カいs跋き`刁97腹1加,28.恨zt参喷靡A叭
28709379,PP歆蕈抄そq,O_カず打跋翠Y隔34腹4加,28.恨zt参喷靡A叭
28711136,咙番歆蕈抄そq,O_カいs跋Q扛82腹9加,28.恨zt参喷靡A叭
28712389,嘱H恨U拜Τそq,O_カHq跋_n隔41753腹(1加),28.恨zt参喷靡A叭
28712493,蛾挂ネA厚嗒靴鳓抄そq,O_カQs跋_n隔65腹6加,28.恨zt参喷靡A叭
28713423,计彀石喱歆蕺靴鳓抄そq,O_カいタ跋h圭刁112腹8加,28.恨zt参喷靡A叭
28716511,醇憩歆蕺靴鳓抄そq,O_カQs跋チネF隔4q54腹8加ぇ1,28.恨zt参喷靡A叭
28719334,悍N瓣悔靴鳓抄そq,O_カjw跋Hq隔4q6腹6加,28.恨zt参喷靡A叭
28719720,醭乾歆蕈抄そq,O_カいタ跋L此n隔140腹8加ぇ1,28.恨zt参喷靡A叭
28755464,答M恨U拜Τそq,O_カいs跋いs_隔2q273-3腹8加,28.恨zt参喷靡A叭
28758976,òi瓣悔靴鳓抄そq,O_カQs跋チネF隔5q147腹3加,28.恨zt参喷靡A叭
28787536,稻N歆蕈抄そq,O_カHq跋膀订隔2q107-1腹13加ぇ3,28.恨zt参喷靡A叭
28807857,H乃U拜Τそq,O_カいタ跋┚УF隔2q130腹11加ぇ5,28.恨zt参喷靡A叭
28809476,肚q歆蕺靴鳓抄そq,O_カHq跋膀订隔2q149ぇ16腹2加,28.恨zt参喷靡A叭
28821680,A锭毙|ゅてㄆ~靴鳓抄そq,O_カいタ跋┚УF隔2q36腹,28.恨zt参喷靡A叭
28822837,jP婢P靴鳓抄そq,O_カず打跋ず打隔1q136腹2加,28.恨zt参喷靡A叭
28824461,s骞攴~靴鳓抄そq,O_カQs跋Kw隔3q172腹1加,28.恨zt参喷靡A叭
28824639,^郜荧a恨U拜Τそq,O_カjP跋y_隔3q88腹11加ぇ1,28.恨zt参喷靡A叭
28830288,渤贾贾歆蕈抄そq,O_カHq跋Q订隔936腹,28.恨zt参喷靡A叭
28832455,吏y瓣悔U拜靴鳓抄そq,O_カいタ跋CqF隔3ぇ3腹5加,28.恨zt参喷靡A叭
28833341,伐軎抄そq,O_カn翠跋┚УF隔6q26934腹1加,28.恨zt参喷靡A叭
28841454,骸圭瓣悔Τそq,O_カいタ跋┚УF隔1q76腹9加ぇ3,28.恨zt参喷靡A叭
28843220,骰a}o歆蕺靴鳓抄そq,O_カQs跋_砍_隔57腹12加ぇ2,28.恨zt参喷靡A叭
28844608,供L瓣悔龟~Τそq,O_カQs跋nㄊF隔5q106腹8加,28.恨zt参喷靡A叭
28844733,Y舾瓴：薏zU拜Τそq,O_カjw跋_砍n隔1q237腹15加,28.恨zt参喷靡A叭
28847540,[救瓣悔Τそq,O_カいs跋匕辚_隔3q1131913腹,28.恨zt参喷靡A叭
28849651,F[W购]pU拜Τそq,O_カU地跋瓒楦1q278腹2加,28.恨zt参喷靡A叭
28849701,狮维歆蕈抄そq,O_カいs跋sネ_隔2q4138腹,28.恨zt参喷靡A叭
28854751,λ殳喾讲７~靴鳓抄そq,O_カず打跋风打刁17817腹5加,28.恨zt参喷靡A叭
28856890,哎ぇ俱X婢PΤそq,O_カHq跋d砍刁10614腹1加,28.恨zt参喷靡A叭
28857504,醇食n砰}o靴鳓抄そq,O_カいタ跋yn隔1q57腹9加ぇ17,28.恨zt参喷靡A叭
28857639,坚P恨zU拜Τそq,O_カいs跋チv韪27腹8加,28.恨zt参喷靡A叭
28858004,じ划歆蕺靴鳓抄そq,O_カいs跋Q扛293腹6加ぇ11,28.恨zt参喷靡A叭
28858861,邻^歆蕺靴鳓抄そq,O_カず打跋チvF隔6q12316腹8加ぇ1,28.恨zt参喷靡A叭
28859192,@Zネ洛Τそq,O_カjw跋膀订隔2q110腹9加,28.恨zt参喷靡A叭
28859209,ぱ洛瓣悔龟~Τそq,O_カHq跋d砍刁28422126腹,28.恨zt参喷靡A叭
28859361,@遏u{Τそq,O_カjw跋霉吹褐隔2q33腹10加ぇ3,28.恨zt参喷靡A叭
28860450,环G歆蕺靴鳓抄そq,O_カいs跋nㄊF隔1q46腹6加(B),28.恨zt参喷靡A叭
28867714,Щ超歆蕺靴鳓抄そq,O_カいs跋Qく隔42腹11加ぇ6,28.恨zt参喷靡A叭
28878542,计倍歆蕈抄そq,O_カいs跋Q扛273腹4加,28.恨zt参喷靡A叭
28909313,Πy瓣悔ㄆ~靴鳓抄そq,O_カいs跋nㄊF隔2q137腹14加,28.恨zt参喷靡A叭
28925664,篱锭t参歆蕺靴鳓抄そq,O_カいs跋wf刁34腹10ぇ27,28.恨zt参喷靡A叭
28972906,坝慌ミi瓣悔靴鳓抄そq,O_カjw跋_n隔102腹6加,28.恨zt参喷靡A叭
28977753,淮浒臃绋害抄そq,O_カQs跋_砍_隔179腹5加,28.恨zt参喷靡A叭
28990904,^妮蝴ㄊsq坝冻uΤそq,O_カいs跋L此_隔8577腹5加ぇ1,28.恨zt参喷靡A叭
28998949,坝甫V歆蕈抄そq,O_カjw跋_n隔98ぇ2腹3加,28.恨zt参喷靡A叭
29035561,驹瓣郸醇z]玻v靴鳓抄そq,O_カjw跋┚УF隔4q130腹5加,28.恨zt参喷靡A叭
29036013,赢a瓣悔U拜Τそq,O_カいタ跋圭i璧3腹4加,28.恨zt参喷靡A叭
29039270,~R戈玻恨zΤそq,O_カhL跋ぱダ_隔70腹1加,28.恨zt参喷靡A叭
29039519,划┰ネ炀千蕹N}oΤそq,O_カHq跋Qs隔465272腹,28.恨zt参喷靡A叭
29045287,エ娥歆蕺靴鳓抄そq,O_カjw跋鳏sn隔2q3腹8加,28.恨zt参喷靡A叭
29045435,呼慌歆蕈抄そq,O_カQs跋nㄊF隔5q225腹11加ぇ2,28.恨zt参喷靡A叭
29051415,Fi蝴o戈T靴鳓抄そq,O_カjw跋_n隔102腹8加,28.恨zt参喷靡A叭
29057797,莰：薏zU拜Τそq,O_カHq跋ゅ鞯316腹11加ぇ11,28.恨zt参喷靡A叭
29059649,sxW}o俱X靴鳓抄そq,O_カjw跋_砍n隔1q342腹12加ぇ6,28.恨zt参喷靡A叭
29062530,E和y歆蕺靴鳓抄そq,O_カHq跋┚УF隔5q410腹8加ぇ3,28.恨zt参喷靡A叭
29063658,呼隔a戈T靴鳓抄そq,O_カHq跋膀订隔2q56腹3加ぇ2,28.恨zt参喷靡A叭
29065240,事寰仟z靴鳓抄そq,O_カU地跋┚У韪2q24腹4加,28.恨zt参喷靡A叭
29067731,胺P瓣悔Τそq,O_カ_щ跋P环@隔2q5712腹1加,28.恨zt参喷靡A叭
29068099,び滁瓣悔~恨zU拜Τそq,O_カQs跋_砍_隔49923腹,28.恨zt参喷靡A叭
29070320,Xst参Τそq,O_カjP跋y_隔3q139腹7加ぇ1,28.恨zt参喷靡A叭
29071405,j稻歆蕈抄そq,O_カゅs跋ǒヨ隔6q1004腹,28.恨zt参喷靡A叭
29074022,よ喑n砰Τそq,O_カn翠跋砍n刁3腹6加,28.恨zt参喷靡A叭
29076611,_脖歆蕈抄そq,O_カいs跋いs_隔1q835腹3加ぇ1,28.恨zt参喷靡A叭
29078239,霍姘昊谂U拜Τそq,O_カjw跋_n隔578腹7加ぇ1,28.恨zt参喷靡A叭
29078575,ㄈk瓣悔歆蕈抄そq,O_カHq跋膀订隔1q149腹4加ぇ8,28.恨zt参喷靡A叭
29078701,xW弟FHК歆蕈抄そq,O_カHq跋┚УF隔5q1ぇ7腹8加,28.恨zt参喷靡A叭
29095286,ム悝抄そq,O_カjw跋Hq隔4q265516腹4加,28.恨zt参喷靡A叭
29103912,惩痴髂荭抄そq,O_カ_щ跋j~隔382腹,28.恨zt参喷靡A叭
29108260,X@ネм靴鳓抄そq,O_カn翠跋T蕉榘系3-1腹7加ぇ1,28.恨zt参喷靡A叭
29111602,じい瓣悔Τそq,O_カjw跋jw隔1q145腹2加,28.恨zt参喷靡A叭
29169370,_举EE龟~Τそq,O_カjw跋カチjD3q226腹,28.恨zt参喷靡A叭
29172332,Is瓣悔Τそq,O_カ_щ跋j~隔637腹,28.恨zt参喷靡A叭
30970171,空ㄈ恨zU拜靴鳓抄そq,O_カいs跋チv韪27腹8加,28.恨zt参喷靡A叭
31260108,OQu~歆蕺靴鳓抄そq,O_カhL跋褐瓣隔6腹ぇ1Bぇ4,28.恨zt参喷靡A叭
34211074,贾h靴鳓抄そq,O_カず打跋ず打隔1q12013腹,28.恨zt参喷靡A叭
42610659,雍a计飕歆蕺靴鳓抄そq,O_カいタ跋yn隔1q10腹8加,28.恨zt参喷靡A叭
42611854,T@瓣悔砍~靴鳓抄そq,O_カず打跋s打@隔95腹1加,28.恨zt参喷靡A叭
42613311,lF瓣悔Τそq,O_カず打跋wl刁181腹3加,28.恨zt参喷靡A叭
42615388,Ktㄠ承s愕oΤそq,O_カjw跋_n隔7273腹3加,28.恨zt参喷靡A叭
42615606,痴河厚唳抄そq,O_カHq跋古砍刁38腹,28.恨zt参喷靡A叭
42616366,冻醇呼隔婢PΤそq,O_カjw跋jw隔1q523腹2加,28.恨zt参喷靡A叭
42616513,痴乾歆蕺靴鳓抄そq,O_カHq跋┚УF隔5q474腹10加,28.恨zt参喷靡A叭
42617745,zF掸ゅ承Τそq,O_カず打跋j打s缠刁166腹1加,28.恨zt参喷靡A叭
42617837,i瓣悔T靓抄そq,O_カいタ跋霉吹褐隔1q24腹11加,28.恨zt参喷靡A叭
42618189,]Τそq,O_カU地跋Uj隔162腹3加,28.恨zt参喷靡A叭
42618300,芦HО昊讦抄そq,O_カQs跋nㄊF隔5q343腹5加,28.恨zt参喷靡A叭
42618322,fτA媚~靴鳓抄そq,O_カn翠跋いYn隔7腹3加,28.恨zt参喷靡A叭
42619552,ぱ模恨U拜Τそq,O_カ_щ跋P环@隔1q10912腹1加,28.恨zt参喷靡A叭
42620713,涞丿S阁挂靴鳓抄そq,O_カjw跋窗てn隔2q17216腹,28.恨zt参喷靡A叭
42623824,らu~Τそq,O_カゅs跋れ]隔2q1092514腹5加,28.恨zt参喷靡A叭
42625082,_娉]pΤそq,O_カU地跋瓒楦2q281616腹1加,28.恨zt参喷靡A叭
42625421,ㄈ瓣悔}oщ戈U拜靴鳓抄そq,O_カQs跋Qe刁180ぇ1腹5加,28.恨zt参喷靡A叭
42625457,ㄈ瓣悔z]U拜靴鳓抄そq,O_カQs跋Qe刁180ぇ1腹5加,28.恨zt参喷靡A叭
42626028,Qポ兢醅歆蕤品~Τそq,O_カjw跋匕戢n隔2q1117腹2加,28.恨zt参喷靡A叭
42626168,炉E涠谴CΤそq,O_カjw跋_砍n隔1q133ぇ1腹5加,28.恨zt参喷靡A叭
42627552,ЩI计歃婢PΤそq,O_カいタ跋C{n隔1q65腹2加,28.恨zt参喷靡A叭
42628932,psмNU拜Τそq,O_カず打跋出郴jD2q413腹5加,28.恨zt参喷靡A叭
42629741,OW醇w郸菠U拜Τそq,O_カいs跋nㄊ韪1ぇ1腹10加,28.恨zt参喷靡A叭
42631633,qノ瓣悔喷靡A叭靴鳓抄そq,O_カいs跋K隔20腹4加,28.恨zt参喷靡A叭
42634625,Ej犁Qㄆ~靴鳓抄そq,O_カQs跋nㄊF隔5q251329腹2加,28.恨zt参喷靡A叭
42635379,承计飕歆蕺靴鳓抄そq,O_カU地跋Mキ韪3q290腹1加,28.恨zt参喷靡A叭
42635899,锣锣]p靴鳓抄そq,O_カいタ跋yn隔1q99腹11加ぇ7,28.恨zt参喷靡A叭
42636428,明sネмΤそq,O_カjw跋MキF隔1q178腹3加ぇ1,28.恨zt参喷靡A叭
42636715,K屡ネ洛靴鳓抄そq,O_カQs跋_砍_隔181腹7加,28.恨zt参喷靡A叭
42638137,钢О昊讪品~Τそq,O_カjw跋_砍n隔1q368腹11加,28.恨zt参喷靡A叭
42638636,妾态歆蕈抄そq,O_カHq跋┚УF隔5q1ぇ7腹9加,28.恨zt参喷靡A叭
42638707,E供Τそq,O_カhL跋┚港隔2q22腹7加,28.恨zt参喷靡A叭
42639451,慌Tj联靴鳓抄そq,O_カず打跋风隔606腹2加,28.恨zt参喷靡A叭
42640491,T@瓣悔ネ〃品~靴鳓抄そq,O_カず打跋s打@隔93腹1加,28.恨zt参喷靡A叭
42641007,臂墩承N戈T靴鳓抄そq,O_カQs跋窗てn隔1q1腹3加,28.恨zt参喷靡A叭
42641386,骏甙影雀臧T靴鳓抄そq,O_カいタ跋┚УF隔1q152腹10加ぇ6,28.恨zt参喷靡A叭
42641695,っゆ歆夼U拜Τそq,O_カjP跋nㄊ韪163ぇ29腹,28.恨zt参喷靡A叭
42642462,ポq歆蕺靴鳓抄そq,O_カいs跋nㄊF隔2q140腹6加,28.恨zt参喷靡A叭
42643048,揩Y歆薰攴~Τそq,O_カゅs跋砍订隔4q54ぇ6腹3加,28.恨zt参喷靡A叭
42646805,yFH瓣悔T贾肚C靴鳓抄そq,O_カHq跋┚УF隔5q1ぇ10腹3加,28.恨zt参喷靡A叭
42647564,涧J计歃抄そq,O_カHq跋膀订隔2q23腹5加ぇ1,28.恨zt参喷靡A叭
42648331,<U+7557><U+7081>Τそq,O_カjw跋vj隔3918腹3加,28.恨zt参喷靡A叭
42649177,ッ跌歆蕈抄そq,O_カず打跋ず打隔1q250腹12加,28.恨zt参喷靡A叭
42650547,E蝗婢PΤそq,O_カQs跋Kw隔4q656腹4加,28.恨zt参喷靡A叭
42650618,N擦u{Τそq,O_カHq跋I锭刁7腹1加,28.恨zt参喷靡A叭
42651551,ζ衄歆蕺靴鳓抄そq,O_カいs跋いs_隔2q112腹8加ぇ2,28.恨zt参喷靡A叭
42651715,档s耿~]p瓣悔Τそq,O_カU地跋o艿32腹1加,28.恨zt参喷靡A叭
42652658,砍纳靴鳓抄そq,O_カず打跋ゅ打刁21116腹2加ぇ2,28.恨zt参喷靡A叭
53005308,淮浒恿pど]叭U拜Τそq,O_カいタ跋┚УF隔1q152腹10加ぇ4,28.恨zt参喷靡A叭
53011081,履集ㄈ坝脖@肚C靴鳓抄そq,O_カjw跋卅w僵晶氮F隔4q169腹6加ぇ1,28.恨zt参喷靡A叭
53011717,^妮蝴ㄊsq坝地楼颚í靴鳓抄そq,O_カjw跋qw酱挨偏n隔2q99腹27加ぇ1,28.恨zt参喷靡A叭
53013927,^妮蝴ㄊsq坝IQF戈T歆蕺靴鳓抄そq,O_カず打跋出郴jDGq185腹12加,28.恨zt参喷靡A叭
53020666,风h坝uOw{靡靴鳓抄そq,O_カ_щ跋j~隔260腹,28.恨zt参喷靡A叭
53025304,淮浒雍骏dㄈμ环FΤそq,O_カいs跋Q扛200腹11加ぇ1,28.恨zt参喷靡A叭
53029049,峨u焊坝霍舁乒F靴鳓抄そq,O_カjw跋贾Q隔7221腹,28.恨zt参喷靡A叭
53075606,QWsi靴鳓抄そq,O_カず打跋出郴jD2q293腹5加ぇ1,28.恨zt参喷靡A叭
53079309,ね_歆蕈抄そq,O_カ_щ跋睛娓185腹5加,28.恨zt参喷靡A叭
53080283,R[亢薏zU拜Τそq,O_カいタ跋颗锭隔51腹12加,28.恨zt参喷靡A叭
53081234,滑醵HhC砰T贾Τそq,O_カいs跋NL隔99腹5加,28.恨zt参喷靡A叭
53086076,い地ぱO瓣悔Τそq,O_カいs跋sネ_隔1q67腹4加ぇ2,28.恨zt参喷靡A叭
53087477,お呼歆蕺靴鳓抄そq,O_カ_щ跋j~隔280914腹,28.恨zt参喷靡A叭
53087498,}集T靓抄そq,O_カjw跋┚УF隔3q303腹4加ぇ3,28.恨zt参喷靡A叭
53090418,@伙某D靴鳓抄そq,O_カjw跋┑N刁13126腹aUh,28.恨zt参喷靡A叭
53091198,━戈TΤそq,O_カ_щ跋hw刁1052腹1加,28.恨zt参喷靡A叭
53091850,蹲伦戈TΤそq,O_カjw跋_砍n隔2q17腹2加,28.恨zt参喷靡A叭
53092393,┹\婢PΤそq,O_カhL跋褐в隔1475腹4加,28.恨zt参喷靡A叭
53092422,I动吏挂歆蕈抄そq,O_カいタ跋yn隔1q20腹6加,28.恨zt参喷靡A叭
53092443,ㄊs戈T恨zU拜Τそq,O_カjw跋窗てn隔2q164腹10加ぇ3,28.恨zt参喷靡A叭
53092470,If柬瓣悔靴鳓抄そq,O_カいs跋Q扛439腹2加,28.恨zt参喷靡A叭
53092632,稼茂痊歆蕺靴鳓抄そq,O_カjw跋_砍n隔2q237腹12加ぇ10,28.恨zt参喷靡A叭
53096877,地ㄈ趣岣臧T恨zU拜靴鳓抄そq,O_カjw跋┚УF隔4q235腹10加,28.恨zt参喷靡A叭
53097427,惩地戈方俱XΤそq,O_カいs跋nㄊF隔3q189腹8加,28.恨zt参喷靡A叭
53097496,ㄊ菱q靴鳓抄そq,O_カjw跋w~刁984腹,28.恨zt参喷靡A叭
53097708,簿笆坝叭靴鳓抄そq,O_カn翠跋T隔19ぇ11腹3加,28.恨zt参喷靡A叭
53098452,阁嗓澶婆U拜Τそq,O_カjw跋_砍n隔1q128腹5加ぇ4,28.恨zt参喷靡A叭
53100289,oe歆蕈抄そq,O_カいs跋NL隔12ぇ3腹4加ぇ2,28.恨zt参喷靡A叭
53101479,d鹿攴~Τそq,O_カず打跋娴礁4818腹5加ぇ5,28.恨zt参喷靡A叭
53104601,蹲ㄈNΤそq,O_カjw跋_n隔102腹8加(A03),28.恨zt参喷靡A叭
53104757,S\щ戈U拜靴鳓抄そq,O_カQs跋窗て_隔168腹15加,28.恨zt参喷靡A叭
53106018,陇Om獬蟹N瓣悔婢PΤそq,O_カいs跋Q扛3624腹4加,28.恨zt参喷靡A叭
53107348,趺尸歆蕈抄そq,O_カいs跋nㄊF隔3q189腹10加,28.恨zt参喷靡A叭
53108536,qTじ瓣悔Τそq,O_カず打跋Θ\隔3q174179腹4加,28.恨zt参喷靡A叭
53109872,倍s计飕歆蕈抄そq,O_カQs跋┑关刁182腹(1加),28.恨zt参喷靡A叭
53110364,I伦щ戈U拜靴鳓抄そq,O_カjw跋醵兜609腹7加,28.恨zt参喷靡A叭
53111244,袱鸭痞飕歆蕈抄そq,O_カjw跋窗てn隔2q59腹5加,28.恨zt参喷靡A叭
53111906,ㄎhQ歆蕺靴鳓抄そq,O_カHq跋膀订隔1q143腹9加ぇ2,28.恨zt参喷靡A叭
53112243,Ht计飕歆蕈抄そq,O_カいs跋X康18814腹1加,28.恨zt参喷靡A叭
53112530,砗职昊讦抄そq,O_カjw跋sネn隔3q117腹,28.恨zt参喷靡A叭
53113714,x搐瓣悔恨zU拜龟~Τそq,O_カHq跋ッN隔32腹9加ぇ8,28.恨zt参喷靡A叭
53114811,憩彀昊讵靴鳓抄そq,O_カn翠跋堕跋刁3-2腹5加ぇ2,28.恨zt参喷靡A叭
53115277,醇H龟~Τそq,O_カU地跋Θ常隔10511腹2加,28.恨zt参喷靡A叭
53117465,d~吏洛Τそq,O_カQs跋チネF隔4q110腹2加,28.恨zt参喷靡A叭
53117774,sネ洛в~Τそq,O_カjw跋┚УF隔4q60腹3加ぇ3,28.恨zt参喷靡A叭
53118909,@墓歆蕺靴鳓抄そq,O_カjw跋┑N刁13126腹aU,28.恨zt参喷靡A叭
53120882,莎喱歆蕈抄そq,O_カいs跋nㄊ韪1-1腹6加,28.恨zt参喷靡A叭
53121947,よF歆蕺靴鳓抄そq,O_カU地跋F刁2q51腹2加ぇ1,28.恨zt参喷靡A叭
53124120,瓣I_瓣悔~恨zU拜Τそq,O_カず打跋チvF隔6q90317腹5加,28.恨zt参喷靡A叭
53124515,T惆繁d歆蕺靴鳓抄そq,O_カn翠跋T隔19ぇ11腹3加(E瓷),28.恨zt参喷靡A叭
53125009,B驾歆蕙~Τそq,O_カjP跋nㄊ韪163腹2加ぇ86,28.恨zt参喷靡A叭
53125211,n呛艏痞歃抄そq,O_カn翠跋悒s|隔2q125721腹2加,28.恨zt参喷靡A叭
53125319,wX嫂|厩Τそq,O_カhL跋ゅL隔436腹2加,28.恨zt参喷靡A叭
53125373,{t歆蕈抄そq,O_カず打跋兼刁588腹5加,28.恨zt参喷靡A叭
53127674,らぱ瓣悔喷靡Τそq,O_カいs跋K隔20腹4加,28.恨zt参喷靡A叭
53127956,u歆蕈抄そq,O_カHq跋Q订隔98腹,28.恨zt参喷靡A叭
53128651,赋掳昊讵靴鳓抄そq,O_カいs跋nㄊF隔3q189腹8加,28.恨zt参喷靡A叭
53189636,xWR计戈T靴鳓抄そq,O_カjw跋MキF隔1q8腹12加,28.恨zt参喷靡A叭
53197489,|龟绑瓣悔靴鳓抄そq,O_カHq跋膀订隔1q68腹9加,28.恨zt参喷靡A叭
53198683,ッ沓蟹NC砰Τそq,O_カn翠跋砍n刁5222腹3加,28.恨zt参喷靡A叭
53204171,OW蒙ρ馏舨＆抄そq,O_カn翠跋Qe刁{316腹,28.恨zt参喷靡A叭
53211601,アみ浩Τそq,O_カQs跋_砍n隔1q57腹2加ぇ1,28.恨zt参喷靡A叭
53274719,材@H~U拜靴鳓抄そq,O_カHq跋Hq隔5q7腹37加,28.恨zt参喷靡A叭
53309371,xW痴歆蕺靴鳓抄そq,O_カいs跋Q扛42腹12加ぇ12,28.恨zt参喷靡A叭
53310969,承l恨zU拜Τそq,O_カいs跋nㄊ韪1ぇ1腹6加,28.恨zt参喷靡A叭
53311215,js蕾じsiΤそq,O_カjP跋w韪70腹10加,28.恨zt参喷靡A叭
53311828,古s瓣悔Τそq,O_カ_щ跋j~隔529腹7加ぇ3,28.恨zt参喷靡A叭
53312896,sミよ栏s靴鳓抄そq,O_カいタ跋┚У韪1q4腹15加,28.恨zt参喷靡A叭
53314037,_嗉痞飕歆蕺靴鳓抄そq,O_カず打跋风隔7639腹2加,28.恨zt参喷靡A叭
53314374,沉欹Ь悝X婢PΤそq,O_カQs跋nㄊF隔3q346腹4加,28.恨zt参喷靡A叭
53316339,OみΤ诀喷靡靴鳓抄そq,O_カQs跋nㄊF隔4q75腹7加,28.恨zt参喷靡A叭
53318385,Ihw靴鳓抄そq,O_カHq跋d砍刁28422112腹4加,28.恨zt参喷靡A叭
53318532,yポ}计飕歆蕈抄そq,O_カHq跋┚УF隔5q412腹15加ぇ4,28.恨zt参喷靡A叭
53322732,uM瓣悔Τそq,O_カQs跋Kw隔4q656腹4加,28.恨zt参喷靡A叭
53323161,f洛sセ螗艇蕺靴鳓抄そq,O_カいタ跋┚УF隔2q100腹5加B5加ぇ1,28.恨zt参喷靡A叭
53323845,jい地冻狠p衡靴鳓抄そq,O_カず打跋风隔168腹8加B8加ぇ1,28.恨zt参喷靡A叭
53323872,IF瓣悔戈玻恨zΤそq,O_カいs跋wf刁16腹10加ぇ4,28.恨zt参喷靡A叭
53325978,T@计飒靴鳓抄そq,O_カjw跋_砍n隔1q21928腹7加,28.恨zt参喷靡A叭
53326076,伦地瓣悔}oΤそq,O_カjw跋_砍n隔1q259腹4加ぇ3,28.恨zt参喷靡A叭
53326337,惘Sミ靴鳓抄そq,O_カず打跋风隔51326腹4加ぇ2,28.恨zt参喷靡A叭
53327379,地岸瓣悔T靓抄そq,O_カゅs跋春砍隔20211腹,28.恨zt参喷靡A叭
53327960,萤靼昊诟臧TΤそq,O_カhL跋┯w隔4q1221腹,28.恨zt参喷靡A叭
53333301,揩鳜歆蕺靴鳓抄そq,O_カHq跋膀订隔2q189腹4加,28.恨zt参喷靡A叭
53338474,xW冻S浜薏zU拜靴鳓抄そq,O_カいタ跋颗锭隔51腹5加ぇ10,28.恨zt参喷靡A叭
53339142,火Ю屡龟~Τそq,O_カHq跋┚УF隔4q55318腹,28.恨zt参喷靡A叭
53339831,Kw歆蕈抄そq,O_カHq跋Hq隔4q391腹7加,28.恨zt参喷靡A叭
53343286,らsn砰靴鳓抄そq,O_カず打跋风隔392腹4加,28.恨zt参喷靡A叭
53343342,蛾骸计飕歆蕺靴鳓抄そq,O_カいs跋いs_隔3q58腹8加ぇ5,28.恨zt参喷靡A叭
53345469,和境q靴鳓抄そq,O_カjw跋霉吹褐隔3q2831411腹2加,28.恨zt参喷靡A叭
53345989,@パ计飕歆蕈抄そq,O_カjw跋┚УF隔4q169腹12加ぇ1,28.恨zt参喷靡A叭
53346072,s承i{靡Τそq,O_カいタ跋h圭刁43腹,28.恨zt参喷靡A叭
53347207,ッ伦瞻昊讦抄そq,O_カjP跋y_隔2q74腹7加,28.恨zt参喷靡A叭
53347993,旅径长澶片歆蕈抄そq,O_カいs跋K隔267腹4加ぇ1,28.恨zt参喷靡A叭
53348830,N@歆蕈抄そq,O_カHq跋膀订隔1q398腹10加,28.恨zt参喷靡A叭
53348867,きれmC砰靴鳓抄そq,O_カHq跋膀订隔1q163腹11加,28.恨zt参喷靡A叭
53353501,哎趣HΤそq,O_カゅs跋刚|隔41-1腹1加,28.恨zt参喷靡A叭
53353798,地u{U拜靴鳓抄そq,O_カず打跋锭刁383腹2加,28.恨zt参喷靡A叭
53356021,棼湿靴鳓抄そq,O_カず打跋ず打隔1q69110腹1加,28.恨zt参喷靡A叭
53356084,蔼讣痞飒靴鳓抄そq,O_カいs跋s扛235腹6加ぇ1,28.恨zt参喷靡A叭
53358219,Cポ瓣悔p呼靴鳓抄そq,O_カQs跋チネF隔4q133腹4加,28.恨zt参喷靡A叭
53358724,ヴN恨zU拜Τそq,O_カU地跋い地隔2q10腹3加,28.恨zt参喷靡A叭
53406681,グ厕瓣悔Τそq,O_カいs跋sネ_隔3q1腹3加ぇ6,28.恨zt参喷靡A叭
53422325,厚ㄥu{Τそq,O_カいs跋sネ_隔2q10125腹3加ぇ1,28.恨zt参喷靡A叭
53430839,搏卢歆蕈抄そq,O_カいs跋wF隔2q67腹4加,28.恨zt参喷靡A叭
53520043,よ}瓣悔Τそq,O_カhL跋┯w隔4q636腹1加,28.恨zt参喷靡A叭
53520563,洎_嘱歆蕺靴鳓抄そq,O_カず打跋Θ\隔4q182643腹8加ぇ3,28.恨zt参喷靡A叭
53521227,ぱぇs瓣悔Τそq,O_カHq跋Q订隔125腹5加ぇ11,28.恨zt参喷靡A叭
53522963,霭始痞於谴CΤそq,O_カHq跋┚УF隔5q412腹15加ぇ4,28.恨zt参喷靡A叭
53523800,wü歆蕈抄そq,O_カいs跋チvF隔3q17腹4加,28.恨zt参喷靡A叭
53523978,ㄥQ瓣悔Τそq,O_カQs跋nㄊF隔4q168腹170腹,28.恨zt参喷靡A叭
53525595,e陇醇z婢PΤそq,O_カいタ跋{^刁51腹,28.恨zt参喷靡A叭
53531317,ぱ_瓣悔Τそq,O_カQs跋Kw隔2q374腹6加ぇ3,28.恨zt参喷靡A叭
53531739,参s瓣悔婢PΤそq,O_カいタ跋]e隔20腹11加,28.恨zt参喷靡A叭
53532337,冻|歆蕺靴鳓抄そq,O_カHq跋Hq隔5q7腹45加ぇ1,28.恨zt参喷靡A叭
53533764,鳘eC砰歆蕺靴鳓抄そq,O_カQs跋チネF隔5q147腹3加,28.恨zt参喷靡A叭
53536777,冻T歆蕈抄そq,O_カjw跋Hq隔3q150腹6加ぇ1,28.恨zt参喷靡A叭
53538542,j@oΤそq,O_カjw跋jw隔1q100腹7加ぇ2,28.恨zt参喷靡A叭
53540287,城浯籍w靴鳓抄そq,O_カHq跋Hq隔4q415腹11加ぇ4,28.恨zt参喷靡A叭
53541618,f邻洛厩歆蕈抄そq,O_カいタ跋鳏sn隔1q69ぇ1腹7加,28.恨zt参喷靡A叭
53541650,ㄎF俱X婢P靴鳓抄そq,O_カいs跋Q扛220腹7加ぇ4,28.恨zt参喷靡A叭
53541954,T@俱X婢PΤそq,O_カHq跋膀订隔2q7腹10加ぇ1,28.恨zt参喷靡A叭
53542124,牟笆承N靴鳓抄そq,O_カいs跋いs_隔2q1371腹aUぇ1,28.恨zt参喷靡A叭
53543159,ㄈwyWq福t参Τそq,O_カU地跋jz刁27腹1加,28.恨zt参喷靡A叭
53543411,wㄤ霉瓣悔Τそq,O_カjw跋┚УF隔4q295腹3加,28.恨zt参喷靡A叭
53543658,奸P计飕歆蕈抄そq,O_カHq跋F砍隔45腹9加,28.恨zt参喷靡A叭
53546487,pX{靡Τそq,O_カゅs跋U脖刁602腹,28.恨zt参喷靡A叭
53551262,时岚昊讦婢PΤそq,O_カいs跋nㄊF隔3q118腹5加ぇ2,28.恨zt参喷靡A叭
53552608,ewW承NΤそq,O_カjw跋窗てn隔1q225腹aU2加ぇ8,28.恨zt参喷靡A叭
53554205,忽t瓣悔Τそq,O_カいタ跋nㄊF隔2q174腹3加,28.恨zt参喷靡A叭
53555561,吹ゲF靴鳓抄そq,O_カQs跋カチjD6q105腹2加,28.恨zt参喷靡A叭
53555703,地bU拜靴鳓抄そq,O_カいs跋wF隔1q16腹8加ぇ6,28.恨zt参喷靡A叭
53557884,稼}洇抄そq,O_カjP跋┑キ_隔2q202腹2加ぇ3,28.恨zt参喷靡A叭
53558363,どV俱X婢P靴鳓抄そq,O_カjw跋窗てn隔2q180腹17加,28.恨zt参喷靡A叭
53559638,醇膀龟~Τそq,O_カいタ跋n锭刁13腹8加,28.恨zt参喷靡A叭
53560678,挂俱X婢PΤそq,O_カQs跋_n隔65腹12加,28.恨zt参喷靡A叭
53563226,供V瓣悔醇z]玻Τそq,O_カいs跋sネ_隔2q7621腹4加,28.恨zt参喷靡A叭
53563990,厚烩C阂歆蕈抄そq,O_カ_щ跋いァ_隔2q2371腹1加,28.恨zt参喷靡A叭
53565110,矫H歆蕈抄そq,O_カjw跋sネn隔3q88腹6加B5加ぇ1,28.恨zt参喷靡A叭
53566687,qb歆蕈抄そq,O_カQs跋nㄊF隔5q202腹4加ぇ5,28.恨zt参喷靡A叭
53570789,猬歙t参n砰Τそq,O_カjw跋MキF隔3q4642腹3加ぇ1,28.恨zt参喷靡A叭
53652825,^坝^跌κ瓣悔Τそq,O_カず打跋风隔5132255腹8加ぇ4,28.恨zt参喷靡A叭
53671626,坝铵藩靴鳓抄そq,O_カjw跋Hq隔4q6腹13加ぇ6,28.恨zt参喷靡A叭
53673336,淮浒莹全涑占痞齑C砰靴鳓抄そq,O_カいs跋U榜酱_砍_隔420腹14加,28.恨zt参喷靡A叭
53677086,龙坝RS尺靴鳓抄そq,O_カいタ跋┚У韪1q50腹18加ぇ30,28.恨zt参喷靡A叭
53685121,い瓣哀氇靴鳓抄そq,O_カいタ跋\鞯42ぇ1腹11加,28.恨zt参喷靡A叭
53686281,t言T贾Τそq,O_カQs跋nㄊF隔3q285腹7加,28.恨zt参喷靡A叭
53704892,币ОΤそq,O_カいs跋Q扛182腹11加ぇ1,28.恨zt参喷靡A叭
53707666,彀钒荧~喷靡Τそq,O_カQs跋窗て_隔262腹2加,28.恨zt参喷靡A叭
53712252,ㄈ财ネм靴鳓抄そq,O_カいs跋ぱ不隔4716腹4加,28.恨zt参喷靡A叭
53713626,jJ歆蕈抄そq,O_カいs跋sネ_隔2q10125腹3加ぇ1,28.恨zt参喷靡A叭
53720302,い地膀]ネм靴鳓抄そq,O_カQs跋_砍_隔15腹9加ぇ6,28.恨zt参喷靡A叭
53720703,籁丧屑痞歃抄そq,O_カjw跋MキF隔2q1185腹2加,28.恨zt参喷靡A叭
53729486,刁f呼蹈靴鳓抄そq,O_カjw跋_砍n隔1q222腹2加,28.恨zt参喷靡A叭
53730694,篓喊昊谂U拜Τそq,O_カjw跋_砍n隔1q103腹9加,28.恨zt参喷靡A叭
53730759,jい地戈磕哺羁撤~Τそq,O_カjP跋┯w隔1q105腹4加,28.恨zt参喷靡A叭
53731547,yO冠QぇaΤそq,O_カjP跋w韪68腹1加,28.恨zt参喷靡A叭
53732172,_ポ\都瓣悔靴鳓抄そq,O_カQs跋_砍_隔31332腹1加,28.恨zt参喷靡A叭
53733566,x洛叭恨zU拜靴鳓抄そq,O_カQs跋窗てn隔1q21腹6加ぇ2,28.恨zt参喷靡A叭
53734039,雯TИ靴鳓抄そq,O_カQs跋nㄊF隔4q152腹10加,28.恨zt参喷靡A叭
53734100,参和歆蕈抄そq,O_カいs跋wF隔2q142腹7加ぇ1,28.恨zt参喷靡A叭
53737182,坞环瓣悔Τそq,O_カjP跋┑キ_隔2q286腹9加,28.恨zt参喷靡A叭
53737964,稻b瓣悔ㄆ~Τそq,O_カいタ跋]e隔34腹11加,28.恨zt参喷靡A叭
53738020,iE瓣悔Τそq,O_カいタ跋┚УF隔1q152腹10加ぇ1,28.恨zt参喷靡A叭
53739409,Щ指臧TA叭靴鳓抄そq,O_カjw跋Hq隔4q6腹10加,28.恨zt参喷靡A叭
53739870,jv歆蕺靴鳓抄そq,O_カjw跋_砍n隔1q390腹4加ぇ4,28.恨zt参喷靡A叭
53740530,风醇嗒靴鳓抄そq,O_カhL跋qeF刁1q171腹3加,28.恨zt参喷靡A叭
53740659,牧IゅてΤそq,O_カいタ跋ヅ{隔2q120腹4加,28.恨zt参喷靡A叭
53740784,エヲ吏O歆蕺靴鳓抄そq,O_カHq跋いY_隔5腹2加,28.恨zt参喷靡A叭
53741587,jタ瓣悔婢PΤそq,O_カQs跋_砍n隔1q1腹4加,28.恨zt参喷靡A叭
53741828,ォ浼痞歃婢P靴鳓抄そq,O_カjw跋┚УF隔4q333腹11加ぇ2,28.恨zt参喷靡A叭
53743488,痴娅洇婢PΤそq,O_カjw跋MキF隔2q201腹3加,28.恨zt参喷靡A叭
53745351,鳘F浆瓣悔Τそq,O_カHq跋┚УF隔5q71128腹4加ぇ1,28.恨zt参喷靡A叭
53746393,和}u{歆蕈抄そq,O_カず打跋j打s缠刁91腹aU1h,28.恨zt参喷靡A叭
53751971,惩じU拜Τそq,O_カいタ跋┚У韪1q50腹15加ぇ6,28.恨zt参喷靡A叭
53753801,x订浪喷Τそq,O_カQs跋nㄊF隔4q171腹6加ぇ1,28.恨zt参喷靡A叭
53754506,F瓣悔靴鳓抄そq,O_カいs跋wF隔2q142腹9加ぇ1,28.恨zt参喷靡A叭
53755239,w空歆蕺A叭靴鳓抄そq,O_カjw跋霉吹褐隔3q281腹4加ぇ2,28.恨zt参喷靡A叭
53755364,ǐ帝@靴鳓抄そq,O_カいタ跋霉吹褐隔2q102腹23加ぇ1,28.恨zt参喷靡A叭
53756912,y吏喱歆蕺靴鳓抄そq,O_カいs跋Q扛369腹4加,28.恨zt参喷靡A叭
53756949,┯グ瓣悔靴鳓抄そq,O_カQs跋Kw隔3q30腹9加,28.恨zt参喷靡A叭
53756976,üェ恨zU拜Τそq,O_カQs跋Kw隔3q30腹9加,28.恨zt参喷靡A叭
53758778,笆Py计飕歆蕈抄そq,O_カいs跋nㄊF隔2q160腹4加,28.恨zt参喷靡A叭
53760520,v龆澈莠歆蕈抄そq,O_カいs跋nㄊF隔1q25腹6加ぇ3,28.恨zt参喷靡A叭
53761458,D龟恨zU拜Τそq,O_カjw跋┚УF隔4q220腹13加,28.恨zt参喷靡A叭
53762506,κX承N歆蕺靴鳓抄そq,O_カいタ跋Mキ韪1q26腹8加,28.恨zt参喷靡A叭
53764650,旆绻F呼隔歆蕈抄そq,O_カいs跋nㄊF隔3q201腹3加,28.恨zt参喷靡A叭
53765362,惩p厚猬歆蕺靴鳓抄そq,O_カjw跋_n隔102腹8加,28.恨zt参喷靡A叭
53766284,い地冻狠靴鳓抄そq,O_カHq跋┚УF隔5q1ぇ1腹8加,28.恨zt参喷靡A叭
53766377,よ俄Τそq,O_カQs跋Kw隔4q699腹12加ぇ2,28.恨zt参喷靡A叭
53770766,倍セ俱X婢PΤそq,O_カjw跋窗てn隔1q19017腹2加,28.恨zt参喷靡A叭
53772032,~G俱X婢PΤそq,O_カhL跋いタ隔23547腹4加,28.恨zt参喷靡A叭
53773905,浏瓣悔靴鳓抄そq,O_カjw跋┚УF隔4q270腹7加ぇ1,28.恨zt参喷靡A叭
53774720,M冻歆蕺靴鳓抄そq,O_カず打跋风隔423腹4加,28.恨zt参喷靡A叭
53775609,Eq戈T靴鳓抄そq,O_カjw跋┚УF隔4q295腹5加,28.恨zt参喷靡A叭
53777901,憔Ut参靴鳓抄そq,O_カjP跋}て刁1q50腹9加,28.恨zt参喷靡A叭
53778319,爱订OX戈玻恨z靴鳓抄そq,O_カjw跋鳏sn隔2q12腹3加ぇ5,28.恨zt参喷靡A叭
53778731,xW蝗脖瓣悔靴鳓抄そq,O_カいタ跋\鞯42ぇ1腹11加,28.恨zt参喷靡A叭
53812415,瘠J婢PΤそq,O_カHq跋膀订隔1q141腹2加,28.恨zt参喷靡A叭
53838153,vyqㄆ~}oΤそq,O_カHq跋Q醇隔1腹11加,28.恨zt参喷靡A叭
53909614,醐}n砰歆蕈抄そq,O_カU地跋杪酶33012腹1加,28.恨zt参喷靡A叭
53909620,W~戈TΤそq,O_カhL跋w妾F隔1903117腹1加,28.恨zt参喷靡A叭
53909987,oh８瓴：薏z靴鳓抄そq,O_カず打跋s隔46012腹,28.恨zt参喷靡A叭
53910099,戈s歆蕈抄そq,O_カいタ跋颗锭隔10腹12加,28.恨zt参喷靡A叭
53911941,xW酾Q娄抄そq,O_カHq跋Q醇隔1腹11加,28.恨zt参喷靡A叭
53912580,qRщ戈}oΤそq,O_カいs跋Q扛200腹8加ぇ4,28.恨zt参喷靡A叭
53913201,愦丢靴鳓抄そq,O_カQs跋nㄊF隔5q154腹14加,28.恨zt参喷靡A叭
53913997,E@戈TΤそq,O_カHq跋膀订隔2q7934ぇ2腹,28.恨zt参喷靡A叭
53914308,_q瓣悔A叭Τそq,O_カいタ跋L此_隔510ぇ1腹6加,28.恨zt参喷靡A叭
53915398,稼颚h计飕歆蕺靴鳓抄そq,O_カhL跋ぱダ韪57腹4加,28.恨zt参喷靡A叭
53916517,惩P瓣悔\都靴鳓抄そq,O_カいs跋贾sT隔58腹1加,28.恨zt参喷靡A叭
53917332,承f瓣悔Τそq,O_カjw跋鳏sn隔2q1856腹,28.恨zt参喷靡A叭
53917558,救t镣墩Τそq,O_カいs跋Aw刁58腹3加ぇ4,28.恨zt参喷靡A叭
53917993,Awㄈび恨zU拜靴鳓抄そq,O_カjw跋┚УF隔3q136腹11加ぇ2,28.恨zt参喷靡A叭
53918971,OWp┰wネ洛媚歆蕺靴鳓抄そq,O_カjw跋窗てn隔2q180腹17加,28.恨zt参喷靡A叭
53920420,脖春U拜Τそq,O_カjw跋MキF隔2q42腹9加ぇ3,28.恨zt参喷靡A叭
53920569,}炊戈T俱XΤそq,O_カいs跋チvF隔2q9腹4加ぇ5,28.恨zt参喷靡A叭
53922975,エ订ゼㄓ歆蕈抄そq,O_カHq跋古砍刁309腹5加,28.恨zt参喷靡A叭
53923313,贬薹吏挂歆蕈抄そq,O_カず打跋ず打隔2q35511腹,28.恨zt参喷靡A叭
53924354,s~Τそq,O_カ_щ跋睛娓292145腹1加,28.恨zt参喷靡A叭
53925136,W吏O靴鳓抄そq,O_カいs跋sネ_隔3q6216腹,28.恨zt参喷靡A叭
53925678,g挫瓣悔Τそq,O_カいs跋nㄊF隔3q201腹3加,28.恨zt参喷靡A叭
53930813,惬浼痞歃婢PΤそq,O_カjw跋MキF隔3q4356ぇ5腹4加,28.恨zt参喷靡A叭
53933451,供醇瓣悔мNA叭Τそq,O_カいs跋Q扛206腹13加ぇ2,28.恨zt参喷靡A叭
53934249,謦@珊艋诙谴C靴鳓抄そq,O_カHq跋┚УF隔5q412腹15加ぇ4,28.恨zt参喷靡A叭
53935922,承Pが笆歆蕈抄そq,O_カHq跋膀订隔1q155腹7加,28.恨zt参喷靡A叭
53936204,じ脖歆蕺A叭Τそq,O_カ_щ跋睛娓292154腹2加,28.恨zt参喷靡A叭
53936669,恙馨昊讦婢Pㄆ~Τそq,O_カいタ跋┚У韪1q33腹7加,28.恨zt参喷靡A叭
53936942,地Qッ尿Τそq,O_カゅs跋┚抖刁1q2635腹1加,28.恨zt参喷靡A叭
53939455,货河跌肚歆蕺靴鳓抄そq,O_カず打跋翠Y隔103腹4加,28.恨zt参喷靡A叭
53940306,xW洛厩z靴鳓抄そq,O_カU地跋┚У韪2q24腹,28.恨zt参喷靡A叭
53940832,ド嚎c辊]pΤそq,O_カHq跋くR隔4q4967腹,28.恨zt参喷靡A叭
53942297,舸都痞飒靴鳓抄そq,O_カいs跋_砍_隔420腹13加,28.恨zt参喷靡A叭
53943839,揩p歆蕺靴鳓抄そq,O_カいs跋贾sG隔297腹11加ぇ8,28.恨zt参喷靡A叭
53943845,蹲Ζ抄そq,O_カいs跋_砍_隔2腹7加ぇ5,28.恨zt参喷靡A叭
53943937,s惩恨zU拜Τそq,O_カHq跋膀订隔1q400腹6加,28.恨zt参喷靡A叭
53945153,冻狠FH歆蕺靴鳓抄そq,O_カQs跋窗て_隔207腹10加ぇ1,28.恨zt参喷靡A叭
53945885,酲品~靴鳓抄そq,O_カjw跋风w刁27616腹,28.恨zt参喷靡A叭
53945941,复单ЁJ龟~Τそq,O_カHq跋戟L刁21231腹1加,28.恨zt参喷靡A叭
53948320,ッR喾姜A叭Τそq,O_カjw跋_砍n隔2q1211腹1加,28.恨zt参喷靡A叭
53948551,jん瓣悔Τそq,O_カhL跋いs_隔5q709腹,28.恨zt参喷靡A叭
53948898,s呼歆蕺靴鳓抄そq,O_カjw跋_n隔102腹12加,28.恨zt参喷靡A叭
53950423,ls浪代Τそq,O_カjP跋チネ韪323腹8加ぇ8,28.恨zt参喷靡A叭
53951056,x_簿笆]pΤそq,O_カいタ跋鳏sn隔1q17腹6加,28.恨zt参喷靡A叭
53952479,xWH~oi靴鳓抄そq,O_カいタ跋颗锭隔51腹13加ぇ3,28.恨zt参喷靡A叭
53952689,吏wF歆薰攴~Τそq,O_カQs跋IA刁503腹1加,28.恨zt参喷靡A叭
53955026,qB放U拜Τそq,O_カいs跋wf刁23腹4加ぇ1,28.恨zt参喷靡A叭
53955356,莰％绩拥谋俱X]pΤそq,O_カいs跋nㄊF隔1q86腹8加ぇ1,28.恨zt参喷靡A叭
53956398,jw快靴鳓抄そq,O_カいタ跋sネn隔1q56腹11加,28.恨zt参喷靡A叭
53957586,bs承N婢PΤそq,O_カいs跋Q扛237腹10加ぇ1,28.恨zt参喷靡A叭
54023022,沓q歆蕺靴鳓抄そq,O_カいs跋_砍_隔166腹10加,28.恨zt参喷靡A叭
54045356,u脖ㄆ~Τそq,O_カHq跋Qw隔65腹11加ぇ1,28.恨zt参喷靡A叭
54050821,w~qlΤそq,O_カず打跋锭刁32126腹2加ぇ6,28.恨zt参喷靡A叭
54055092,い地eW靴鳓抄そq,O_カいs跋ぱ不隔59腹3加ぇ3,28.恨zt参喷靡A叭
54139298,~N歆蕺靴鳓抄そq,O_カHq跋Hq隔5q7腹37加,28.恨zt参喷靡A叭
54140838,@呋歆蕈抄そq,O_カjw跋┚УF隔4q169腹11加ぇ1,28.恨zt参喷靡A叭
54151124,ら彀昊讦抄そq,O_カHq跋┚УF隔5q510腹9加ぇ3,28.恨zt参喷靡A叭
54152123,H承歆蕺靴鳓抄そq,O_カjw跋ǒヨ隔1q40腹1加,28.恨zt参喷靡A叭
54152670,a戈TU拜靴鳓抄そq,O_カいs跋匕辚_隔1q58腹5加ぇ3,28.恨zt参喷靡A叭
54153299,风春计飒靴鳓抄そq,O_カQs跋チvF隔3q144腹7加ぇ6,28.恨zt参喷靡A叭
54153609,}ǎ承s靴鳓抄そq,O_カいタ跋┚УF隔2q116腹10加,28.恨zt参喷靡A叭
54154500,A彪俱X婢PΤそq,O_カいs跋wF隔2q63腹7加ぇ1,28.恨zt参喷靡A叭
54155368,sO歆蕈抄そq,O_カいタ跋くR隔2q34腹8加ぇ1,28.恨zt参喷靡A叭
54156486,Qッ吏y歆蕺靴鳓抄そq,O_カいs跋nㄊF隔2q125腹10加,28.恨zt参喷靡A叭
54156802,栋ΘT靓抄そq,O_カjP跋窗纷隔128腹,28.恨zt参喷靡A叭
54157324,wQI歆蕺靴鳓抄そq,O_カHq跋┚УF隔5q1-6腹10加,28.恨zt参喷靡A叭
54157605,}hゴ鼎抄そq,O_カjw跋┚УF隔4q107腹12加ぇ4,28.恨zt参喷靡A叭
54160003,憬X瓣悔Τそq,O_カいs跋wF隔2q142腹7加ぇ7,28.恨zt参喷靡A叭
54161328,い捕澈莳A叭靴鳓抄そq,O_カず打跋风隔362腹8加,28.恨zt参喷靡A叭
54161586,K爆歆蕈抄そq,O_カHq跋_n隔417腹2加ぇ3,28.恨zt参喷靡A叭
54162017,Щ坞兢醅歆蕈抄そq,O_カjw跋匕戢n隔2q1117腹2加,28.恨zt参喷靡A叭
54162451,ョWΤそq,O_カQs跋┑关刁8腹2加ぇ1,28.恨zt参喷靡A叭
54163156,κjWv恨zU拜Τそq,O_カhL跋鄣サ53-1腹(2加),28.恨zt参喷靡A叭
54163780,瓣承承~щ戈恨zU拜靴鳓抄そq,O_カQs跋_砍n隔1q1腹7加ぇ5,28.恨zt参喷靡A叭
54164090,蝴S砍~Τそq,O_カいs跋チ壁F隔428腹1加,28.恨zt参喷靡A叭
54164129,Sゥ斐蟹N婢PΤそq,O_カず打跋娣R隔7759腹,28.恨zt参喷靡A叭
54166772,R脖~Τそq,O_カjw跋┚УF隔4q169腹11加ぇ1,28.恨zt参喷靡A叭
54172492,Tou{Τそq,O_カU地跋瑭鞯207ぇ2腹1加,28.恨zt参喷靡A叭
54173176,i倜莱Nゅてㄆ~Τそq,O_カQs跋Kw隔2q437616腹1加,28.恨zt参喷靡A叭
54173719,^ヌ]pΤそq,O_カいタ跋yn隔1q99腹11加ぇ1,28.恨zt参喷靡A叭
54173817,_ポ龟~靴鳓抄そq,O_カQs跋_砍_隔31332腹2加,28.恨zt参喷靡A叭
54173886,蔼陇戈T靴鳓抄そq,O_カず打跋ず打隔1q324腹9加,28.恨zt参喷靡A叭
54174013,wt瓣悔喷靡Τそq,O_カゅs跋砍订隔4q1651腹2加ぇ1,28.恨zt参喷靡A叭
54174745,uv瓣悔喷靡A叭Τそq,O_カいタ跋┚У韪1q45腹12加ぇ6,28.恨zt参喷靡A叭
54174885,厩承歆蕈抄そq,O_カU地跋蛮堕刁2腹1加,28.恨zt参喷靡A叭
54176716,脖供醇v恨zU拜Τそq,O_カHq跋ッN隔32腹5加ぇ1,28.恨zt参喷靡A叭
54176841,倡び婢P靴鳓抄そq,O_カいs跋L此_隔131腹5加ぇ2,28.恨zt参喷靡A叭
54177200,久雅楝歆蕺靴鳓抄そq,O_カjw跋_n隔102腹6加,28.恨zt参喷靡A叭
54177412,贾カxら靴鳓抄そq,O_カjP跋地潮刁91腹8加ぇ3,28.恨zt参喷靡A叭
54178046,把计瓣悔Τそq,O_カn翠跋锭隔462腹9加ぇ3,28.恨zt参喷靡A叭
54178860,醇t计歃抄そq,O_カjw跋┚УF隔4q162腹10加ぇ2,28.恨zt参喷靡A叭
54180465,s瓣C砰Τそq,O_カQs跋nㄊF隔5q239腹16加ぇ17,28.恨zt参喷靡A叭
54183505,芒地瓣悔Τそq,O_カいs跋w韪121腹8加,28.恨zt参喷靡A叭
54184309,I模防I恨z吭高Τそq,O_カQs跋_砍_隔1腹8加ぇ5,28.恨zt参喷靡A叭
54186046,いㄓ瓣悔ネ歆蕈抄そq,O_カjw跋_砍n隔1q243腹6加,28.恨zt参喷靡A叭
54188038,．Φ幞艇薨昊讵靴鳓抄そq,O_カQs跋チネF隔3q134腹4加,28.恨zt参喷靡A叭
54188699,倍\瓣悔歆蕈抄そq,O_カHq跋┚УF隔5q427腹,28.恨zt参喷靡A叭
54239178,K艾歆蕺靴鳓抄そq,O_カjw跋窗てn隔1q205腹7加ぇ5,28.恨zt参喷靡A叭
54262971,Q殴A~}o靴鳓抄そq,O_カHq跋膀订隔2q189腹4加ぇ7,28.恨zt参喷靡A叭
54272035,ρs┬瓣悔ㄆ~靴鳓抄そq,O_カQs跋Kw隔4q773腹,28.恨zt参喷靡A叭
54282575,|u<U+9C7B>公~Τそq,O_カn翠跋Qe刁{316腹,28.恨zt参喷靡A叭
54287086,河婢悝X婢PU拜Τそq,O_カいs跋Q扛2腹6加ぇ1,28.恨zt参喷靡A叭
54291498,ッ订戈T歆蕈抄そq,O_カQs跋nㄊF隔5q15腹11加ぇ2,28.恨zt参喷靡A叭
54320085,vx计歃抄そq,O_カ_щ跋NQ刁1226腹4加,28.恨zt参喷靡A叭
54320521,蔼返Τそq,O_カjw跋MキF隔3q109腹2加ぇ1,28.恨zt参喷靡A叭
54322350,グ@瓣悔~Τそq,O_カいs跋匕辚_隔1q15腹2加,28.恨zt参喷靡A叭
54323533,承Z婢PΤそq,O_カHq跋d砍刁354腹1加,28.恨zt参喷靡A叭
54323837,KS戈T靴鳓抄そq,O_カいs跋nㄊF隔2q108腹11加ぇ1,28.恨zt参喷靡A叭
54324272,供┄~恨zU拜Τそq,O_カいs跋q~T隔16123腹3加,28.恨zt参喷靡A叭
54324673,Tね~Τそq,O_カゅs跋春岬95腹4加ぇ4,28.恨zt参喷靡A叭
54326428,xWRゑ杩愿擀抄そq,O_カHq跋Hq隔5q8腹14加,28.恨zt参喷靡A叭
54327019,蹲MЩH歆蕺靴鳓抄そq,O_カjw跋_n隔458腹4加,28.恨zt参喷靡A叭
54327279,QGゅてΤそq,O_カjw跋_n隔30827腹,28.恨zt参喷靡A叭
54329950,FdΤそq,O_カjw跋_砍n隔2q125206ぇ8腹1加,28.恨zt参喷靡A叭
54329993,|s歆蕺靴鳓抄そq,O_カいs跋wF隔2q142腹9加ぇ1,28.恨zt参喷靡A叭
54330817,鲸ＥU拜Τそq,O_カn翠跋砍い隔2828腹7加ぇ1,28.恨zt参喷靡A叭
54331581,ま腹歆蕈抄そq,O_カHq跋膀订隔2q145腹9加ぇ1,28.恨zt参喷靡A叭
54332104,い地a`鲸钆U拜靴鳓抄そq,O_カQs跋nㄊF隔4q133921腹1加,28.恨zt参喷靡A叭
54332809,tミgれu{Τそq,O_カいs跋wF隔2q106腹1加,28.恨zt参喷靡A叭
54333217,t霉郢涑蟹NU拜Τそq,O_カjw跋霉吹褐隔3q227腹11加ぇ1,28.恨zt参喷靡A叭
54333363,w焦qv靴鳓抄そq,O_カず打跋出郴jD1q221腹6加,28.恨zt参喷靡A叭
54333568,p炊Sネ歆蕃悒s靴鳓抄そq,O_カいs跋_砍_隔2802腹,28.恨zt参喷靡A叭
54333602,殖庸攴~Τそq,O_カいタ跋yn隔1q57腹5加ぇ1,28.恨zt参喷靡A叭
54336755,T害妾靴鳓抄そq,O_カいタ跋い地隔1q858腹(2加),28.恨zt参喷靡A叭
54338542,wJッ尿oiU拜靴鳓抄そq,O_カHq跋Hq隔5q7腹68加,28.恨zt参喷靡A叭
54338748,蛾よ婢P靴鳓抄そq,O_カhL跋┯w隔4q130腹12加,28.恨zt参喷靡A叭
54338917,而此痴圈抄そq,O_カいタ跋霉吹褐隔3q210814腹4加,28.恨zt参喷靡A叭
54342320,鳘eC砰潦靴鳓抄そq,O_カQs跋チネF隔5q147腹3加,28.恨zt参喷靡A叭
54343094,郴ミ瓣悔B笆ㄆ~Τそq,O_カjw跋sネn隔1q137ぇ1腹1加,28.恨zt参喷靡A叭
54345277,聿爆歆蕈抄そq,O_カず打跋w刁123腹6加,28.恨zt参喷靡A叭
54345591,pよ冻ぱ歆蕈抄そq,O_カず打跋风隔168腹6加,28.恨zt参喷靡A叭
54346424,w浯籍w靴鳓抄そq,O_カ_щ跋隔26腹6加ぇ3,28.恨zt参喷靡A叭
54346563,戈醢昊讵靴鳓抄そq,O_カjw跋窗てn隔2q77腹11加,28.恨zt参喷靡A叭
54346727,褐贾瓣悔}o靴鳓抄そq,O_カjw跋膀订隔2q190腹12加ぇ2,28.恨zt参喷靡A叭
54347752,此k吏OΤそq,O_カいタ跋yn隔2q59腹11加,28.恨zt参喷靡A叭
54348632,<U+9629>甫抄そq,O_カjw跋_砍n隔1q318腹,28.恨zt参喷靡A叭
54349148,xW冻承が笆歆蕺靴鳓抄そq,O_カいタ跋yn隔1q121腹5加ぇ19,28.恨zt参喷靡A叭
54349816,T脖Rネм靴鳓抄そq,O_カHq跋MキF隔3q225腹7加,28.恨zt参喷靡A叭
54350138,炊霉]叭恨zU拜Τそq,O_カHq跋┚УF隔5q1ぇ6腹10加,28.恨zt参喷靡A叭
54351093,抉VK~Τそq,O_カjw跋┚УF隔4q221腹12加,28.恨zt参喷靡A叭
54351811,j╂靴鳓抄そq,O_カQs跋nㄊF隔5q250364腹1加,28.恨zt参喷靡A叭
54352728,蛾倍q歆蕈抄そq,O_カいs跋いs_隔2q5945腹12加ぇ15,28.恨zt参喷靡A叭
54352889,R届贾瓣悔Τそq,O_カjw跋┚УF隔4q221腹9加,28.恨zt参喷靡A叭
54353780,冻f歆蕺靴鳓抄そq,O_カいs跋nㄊF隔2q95腹11加,28.恨zt参喷靡A叭
54354660,ヲaN~A叭靴鳓抄そq,O_カjw跋膀订隔2q190腹12加ぇ4,28.恨zt参喷靡A叭
54356055,坞a戈TΤそq,O_カHq跋Qs隔4654腹2加,28.恨zt参喷靡A叭
54359237,p┄俱X婢PΤそq,O_カjw跋MキF隔2q76233ぇ3腹,28.恨zt参喷靡A叭
54360987,a磁u{мNU拜Τそq,O_カいs跋wF隔2q178腹11加ぇ3,28.恨zt参喷靡A叭
54361016,Щw戈T靴鳓抄そq,O_カいs跋_砍_隔168腹5加,28.恨zt参喷靡A叭
54361304,Tt~恨zU拜Τそq,O_カいs跋nㄊF隔2q100腹7加ぇ1,28.恨zt参喷靡A叭
54361796,港ミ毙|歆蕺靴鳓抄そq,O_カいタ跋\鞯17腹15加ぇ1,28.恨zt参喷靡A叭
54363112,而美Τそq,O_カU地跋dw隔206腹7加ぇ1,28.恨zt参喷靡A叭
54364153,cI歆蕈抄そq,O_カQs跋_砍_隔201腹8加ぇ3,28.恨zt参喷靡A叭
54364935,s挂醇vΤそq,O_カHq跋Qw隔65腹11加ぇ1,28.恨zt参喷靡A叭
54366687,Wf恨zU拜Τそq,O_カjw跋霉吹褐隔3q77腹6加,28.恨zt参喷靡A叭
54366841,ta~借喷靡U拜靴鳓抄そq,O_カjw跋_n隔102腹14加,28.恨zt参喷靡A叭
54367308,惩吹~Τそq,O_カHq跋膀订隔2q3922腹,28.恨zt参喷靡A叭
54368165,]_ㄓ承N俱X婢PΤそq,O_カjw跋┚УF隔4q341腹9加ぇ1,28.恨zt参喷靡A叭
54368539,呼yq靴鳓抄そq,O_カいs跋wF隔2q142腹9加ぇ1,28.恨zt参喷靡A叭
54373982,^妮蝴ㄊsq坝袱Oq靴鳓抄そq,O_カず打跋风隔298腹2加ぇ1,28.恨zt参喷靡A叭
54377621,^妮蝴ㄊsq坝くM\都靴鳓抄そq,O_カQs跋_砍_隔31332腹2加,28.恨zt参喷靡A叭
54378305,龙坝笆墓靴鳓抄そq,O_カいタ跋n鞲2q103腹4加ぇ1,28.恨zt参喷靡A叭
54396042,s[Y坝秤奸ㄈwΤそq,O_カHq跋┚УF隔5q482腹15加ぇ4,28.恨zt参喷靡A叭
54398040,坝┈[ェΤそq,O_カjw跋Hq隔3q190腹9加,28.恨zt参喷靡A叭
54530408,せP集K丧N呼蹈歆蕺靴鳓抄そq,O_カHq跋Hq隔5q7腹28加ぇ1,28.恨zt参喷靡A叭
54534782,厚猝蕹N歆蕺靴鳓抄そq,O_カjw跋霉吹褐隔3q75腹5加,28.恨zt参喷靡A叭
54590405,aaΤ靴鳓抄そq,O_カず打跋wl刁81腹5加,28.恨zt参喷靡A叭
54598835,ftY~Τそq,O_カいs跋wF隔1q21腹11加,28.恨zt参喷靡A叭
54635769,uゲī浏SΤそq,O_カ_щ跋いァ_隔4q18372腹1加,28.恨zt参喷靡A叭
54639511,_Tネ歆蕺靴鳓抄そq,O_カいタ跋yn隔1q83腹6加,28.恨zt参喷靡A叭
54639548,aPΤそq,O_カQs跋nㄊF隔4q164腹12加,28.恨zt参喷靡A叭
54639786,GIH~U拜Τそq,O_カhL跋w姒韪36腹3加ぇ12,28.恨zt参喷靡A叭
54640215,M郐抄そq,O_カいタ跋いs_隔1q2腹11加ぇ11,28.恨zt参喷靡A叭
54640622,~愀胺d恨zU拜砍~Τそq,O_カいs跋wF隔1q3087腹10加,28.恨zt参喷靡A叭
54640643,en瓣悔Τそq,O_カHq跋QH隔119腹6加ぇ1,28.恨zt参喷靡A叭
54640741,ね~龟~Τそq,O_カず打跋出郴jD2q413腹10加,28.恨zt参喷靡A叭
54645226,HネwM冻狠歆蕈抄そq,O_カゅs跋い[隔252腹,28.恨zt参喷靡A叭
54645838,碌мN靴鳓抄そq,O_カず打跋wl刁81腹2加,28.恨zt参喷靡A叭
54646978,I愍~}oΤそq,O_カゅs跋春砍隔4267腹,28.恨zt参喷靡A叭
54647131,港P歆蕈抄そq,O_カいタ跋┑キn隔3ぇ2腹1加,28.恨zt参喷靡A叭
54647499,~地旎诰悝XΤそq,O_カいs跋s扛23腹6加,28.恨zt参喷靡A叭
54647982,鼙d媚~Τそq,O_カjw跋ǒヨ隔2q137腹5加,28.恨zt参喷靡A叭
54648602,膀f的洛鳘靴鳓抄そq,O_カず打跋wl刁52腹7加,28.恨zt参喷靡A叭
54649476,痴倍恨zU拜Τそq,O_カQs跋nㄊF隔4q56腹7加,28.恨zt参喷靡A叭
54651036,吏ミ铆歆薰攴~Τそq,O_カQs跋IA刁503腹]1加^,28.恨zt参喷靡A叭
54651248,К供|靴鳓抄そq,O_カjw跋┚УF隔4q148腹8加ぇ5,28.恨zt参喷靡A叭
54652984,otww砍~Τそq,O_カず打跋F打隔1134938腹1加,28.恨zt参喷靡A叭
54653668,Πo计歃抄そq,O_カいタ跋Kw隔1q74腹3加,28.恨zt参喷靡A叭
54655032,n{恨zU拜Τそq,O_カいs跋┑N刁120腹3加,28.恨zt参喷靡A叭
54656237,TG瓣悔靴鳓抄そq,O_カず打跋膀打隔1ぇ1腹1加,28.恨zt参喷靡A叭
54659804,璀舶ü攴~靴鳓抄そq,O_カいs跋wF隔2q142腹9加ぇ1,28.恨zt参喷靡A叭
54660921,和`呼隔Τそq,O_カいタ跋蕾n隔2q3腹2加ぇ2,28.恨zt参喷靡A叭
54660957,ミ脖计旆|某Τそq,O_カn翠跋┚УF隔5q815腹10加ぇ3,28.恨zt参喷靡A叭
54661098,Ep句歆蕺靴鳓抄そq,O_カQs跋nㄊF隔5q202腹2加,28.恨zt参喷靡A叭
54661317,陇p_承N歆蕺靴鳓抄そq,O_カず打跋ホ兼隔27腹14加ぇ3,28.恨zt参喷靡A叭
54662097,河ぇ~瓣悔U拜龟~Τそq,O_カいs跋蛮暗198腹5加ぇ2,28.恨zt参喷靡A叭
54663814,タ倍B笆ㄆ~Τそq,O_カず打跋出郴jD1q327腹3加,28.恨zt参喷靡A叭
54664546,м靴鳓抄そq,O_カjP跋su刁34ぇ1腹6加,28.恨zt参喷靡A叭
54665427,jい地s歆蕺靴鳓抄そq,O_カHq跋Qw隔74腹5加,28.恨zt参喷靡A叭
54666214,划戈歆蕈抄そq,O_カいs跋nㄊF隔2q1腹4加,28.恨zt参喷靡A叭
54666951,窀v姘师抄そq,O_カHq跋膀订隔1q141腹2加,28.恨zt参喷靡A叭
54668917,sDHO戈方靴鳓抄そq,O_カゅs跋匪{刁238腹4加,28.恨zt参喷靡A叭
54669394,HΜ歆蕈抄そq,O_カjw跋┚УF隔4q329腹9加ぇ1,28.恨zt参喷靡A叭
54669417,x郴U拜靴鳓抄そq,O_カjw跋|蝴隔19841腹2加ぇ6,28.恨zt参喷靡A叭
54670126,洱洱gΤそq,O_カQs跋_n隔65腹12加,28.恨zt参喷靡A叭
54673165,エ瓣悔靴鳓抄そq,O_カず打跋チvF隔6q1534腹4加,28.恨zt参喷靡A叭
54676395,E伦y靴鳓抄そq,O_カHq跋┚УF隔5q291腹6加,28.恨zt参喷靡A叭
54676917,城^瓣悔Τそq,O_カいタ跋霉吹褐隔3q84128腹,28.恨zt参喷靡A叭
54676959,Tp~Τそq,O_カいs跋nㄊF隔1q25腹3加ぇ2,28.恨zt参喷靡A叭
54677079,_攫绑}oΤそq,O_カjw跋Hq隔4q141腹3加,28.恨zt参喷靡A叭
54677155,sv吏挂歆蕈抄そq,O_カQs跋nㄊF隔5q123818腹4加,28.恨zt参喷靡A叭
54677486,[酩u{U拜Τそq,O_カず打跋Θ\隔3q172ぇ1腹3加,28.恨zt参喷靡A叭
54677887,aΨ计飒靴鳓抄そq,O_カいs跋nㄊF隔1q46腹6加,28.恨zt参喷靡A叭
54679597,μく靴鳓抄そq,O_カいs跋sネ_隔1q46腹8加,28.恨zt参喷靡A叭
54680172,ヲ[戈T歆蕈抄そq,O_カjw跋┚УF隔4q221腹12加,28.恨zt参喷靡A叭
54680840,@E瓣悔Τそq,O_カず打跋锭刁351腹2加ぇ3,28.恨zt参喷靡A叭
54680877,贾ㄉ计飒靴鳓抄そq,O_カいs跋_砍_隔168腹5加,28.恨zt参喷靡A叭
54680975,鼙d靴鳓抄そq,O_カjw跋ǒヨ隔2q137腹5加,28.恨zt参喷靡A叭
54682988,地sU拜Τそq,O_カず打跋风隔58322腹7加,28.恨zt参喷靡A叭
54683419,[q瓣悔浪喷靴鳓抄そq,O_カQs跋nㄊF隔4q103腹3加ぇ3,28.恨zt参喷靡A叭
54683754,N棚瓣悔Τそq,O_カいタ跋~f刁1q73腹,28.恨zt参喷靡A叭
54685747,t痴靴鳓抄そq,O_カいs跋wF隔2q246腹9加ぇ8,28.恨zt参喷靡A叭
54687843,旖衰~Τそq,O_カHq跋┚УF隔5q461腹2加ぇ1,28.恨zt参喷靡A叭
54689053,Wv戈TA叭Τそq,O_カjw跋ǒヨ隔1q40腹4加,28.恨zt参喷靡A叭
54690707,G夙~P恨zU拜Τそq,O_カQs跋Kw隔4q656腹4加,28.恨zt参喷靡A叭
54697700,OWL猞凯x舨＆抄そq,O_カn翠跋I锭刁33腹aU1加ぇ6,28.恨zt参喷靡A叭
54699427,iK瓣悔~Τそq,O_カjw跋Hq隔2q72腹aU,28.恨zt参喷靡A叭
54721820,すi绊T窘忙抄そq,O_カjw跋┚УF隔4q107腹12加ぇ4,28.恨zt参喷靡A叭
54772806,sみそq歆蕺靴鳓抄そq,O_カQs跋nㄊF隔4q171腹12加ぇ4,28.恨zt参喷靡A叭
55716654,いそ靡Τそq,O_カいs跋sネ_隔2q215腹,28.恨zt参喷靡A叭
70350606,倍ね坝呼靴鳓抄そq,O_カず打跋风隔6636腹3加,28.恨zt参喷靡A叭
70356051,诧h躇瓣悔夹非喷靡Τそq,O_カゅs跋れ]隔2q1092514腹5加,28.恨zt参喷靡A叭
70361836,~吏~恨zU拜Τそq,O_カ_щ跋┯w隔7q376腹6加,28.恨zt参喷靡A叭
70362011,h菁si~Τそq,O_カいs跋匕辚_隔1q26腹5加,28.恨zt参喷靡A叭
70366179,ッ跤吏挂恨zU拜靴鳓抄そq,O_カjw跋窗てn隔2q319腹15加,28.恨zt参喷靡A叭
70373707,舳V瓣悔{靡Τそq,O_カいs跋チ壁F隔486腹2加,28.恨zt参喷靡A叭
70387049,┹\瓣悔~恨zΤそq,O_カず打跋ゅw隔275腹4加ぇ1,28.恨zt参喷靡A叭
70391418,倍砍歆蕈抄そq,O_カ_щ跋肝チ@隔4031腹1加,28.恨zt参喷靡A叭
70436800,啾钰龟~Τそq,O_カU地跋醯1631腹3加,28.恨zt参喷靡A叭
70437548,ッo吏挂歆藓薏zΤそq,O_カjw跋窗てn隔1q205腹11加,28.恨zt参喷靡A叭
70438027,u玖俱X婢PΤそq,O_カjw跋┚УF隔3q136腹10加ぇ3,28.恨zt参喷靡A叭
70438791,goщ戈U拜靴鳓抄そq,O_カいs跋wF隔艾q⒌⒉腹⒋加,28.恨zt参喷靡A叭
70438820,xW^ら瓣悔Τそq,O_カHq跋ゅ鞯316腹3加,28.恨zt参喷靡A叭
70440234,xW~g犁醇w靴鳓抄そq,O_カQs跋チネF隔3q1076腹3加,28.恨zt参喷靡A叭
70448448,p河瓣悔歆蕺A叭靴鳓抄そq,O_カず打跋Θ\隔4q3036腹3加,28.恨zt参喷靡A叭
70451837,吏y瓣悔喷靡靴鳓抄そq,O_カQs跋nㄊF隔4q21腹4加ぇ1,28.恨zt参喷靡A叭
70453146,Fd戈T靴鳓抄そq,O_カQs跋_n隔3313腹1加,28.恨zt参喷靡A叭
70458445,港d恨zU拜Τそq,O_カU地跋Mキ韪3q1097腹1加,28.恨zt参喷靡A叭
70467280,_s~恨zU拜Τそq,O_カQs跋Kw隔3q182腹5加ぇ5,28.恨zt参喷靡A叭
70488525,じ职昊讵靴鳓抄そq,O_カHq跋_n隔505腹9加ぇ1,28.恨zt参喷靡A叭
70521679,zu歆蓼u{U拜Τそq,O_カjw跋sネn隔1q10313腹,28.恨zt参喷靡A叭
70545342,ζ_瓣悔恨zU拜Τそq,O_カず打跋チvF隔6q1806腹9加ぇ15,28.恨zt参喷靡A叭
70555349,いぱネ歆蕺靴鳓抄そq,O_カn翠跋T蕉榘系3腹14加ぇ1,28.恨zt参喷靡A叭
70557819,先嚎~Τそq,O_カHq跋┚УF隔5q461腹2加ぇ1,28.恨zt参喷靡A叭
70560906,炊风q恨zU拜Τそq,O_カjw跋窗てn隔艾q⒈⒋⒏腹⒍加,28.恨zt参喷靡A叭
70563214,}癍旖X靴鳓抄そq,O_カU地跋刁⒏⒌癣雹哺,28.恨zt参喷靡A叭
70657227,猥W计飕歆蕺靴鳓抄そq,O_カいタ跋くR隔2q3861腹1加,28.恨zt参喷靡A叭
70691771,E@u{U拜Τそq,O_カn翠跋砍い隔1217腹6加,28.恨zt参喷靡A叭
70701618,屎枝w吏u{靴鳓抄そq,O_カいs跋wF隔艾q阿蹈耿布婴Б,28.恨zt参喷靡A叭
70770620,s[Y坝y和醇z靴鳓抄そq,O_カHq跋Qく隔89腹11加ぇ3,28.恨zt参喷靡A叭
70774029,xWy狠iネм洛媚靴鳓抄そq,O_カjw跋_砍n隔2q363腹5加,28.恨zt参喷靡A叭
70828019,河q恨U拜Τそq,O_カいタ跋霉吹褐隔1q25腹9加,28.恨zt参喷靡A叭
70829663,欹莅昊诔W购]pU拜Τそq,O_カjw跋窗てn隔1q337腹7加,28.恨zt参喷靡A叭
70831289,い地肚常мN挪wいみΤそq,O_カHq跋┚УF隔⒋q⒍⒉癣哀刷雹备耿奔,28.恨zt参喷靡A叭
70831892,ㄈび呼蹲靴鳓抄そq,O_カず打跋风隔26362腹3加,28.恨zt参喷靡A叭
70837214,^S瓣悔喷靡靴鳓抄そq,O_カjw跋霉吹褐隔2q91腹14加ぇ3,28.恨zt参喷靡A叭
70838728,wQhI戈T靴鳓抄そq,O_カず打跋チvF隔6q160腹5加,28.恨zt参喷靡A叭
70846121,龟OT靓抄そq,O_カいタ跋霉吹褐隔2q102腹22加,28.恨zt参喷靡A叭
70847959,肚醚戈T靴鳓抄そq,O_カいタ跋~f刁1q45腹8加,28.恨zt参喷靡A叭
79958239,鲁钎~恨zU拜Τそq,O_カゅs跋れ]隔1q89127腹,28.恨zt参喷靡A叭
80014147,い地洛媚玻~靴鳓抄そq,O_カいs跋いs_隔3q22腹(]u_加),28.恨zt参喷靡A叭
80023693,s[Y坝еoQ~借恨zΤそq,O_カjw跋┚УF隔|qGET腹K加-G,28.恨zt参喷靡A叭
80036389,承V婢P戈方俱XΤそq,O_カQs跋_砍_隔15腹6加ぇ1,28.恨zt参喷靡A叭
80135640,ネ蟋歆蕈抄そq,O_カゅs跋霉吹褐隔6q3936腹4加,28.恨zt参喷靡A叭
80146822,}Qn吏O歆蕈抄そq,O_カいs跋舾600腹8加,28.恨zt参喷靡A叭
80146864,霍っ歆蕈抄そq,O_カいタ跋鳏sn隔艾q⒌⒋腹⒈加,28.恨zt参喷靡A叭
80148390,地t诀q靴鳓抄そq,O_カゅs跋UM刁6腹11加,28.恨zt参喷靡A叭
80149877,@Щ瓣悔ㄆ~Τそq,O_カいs跋nㄊF隔2q174腹10加,28.恨zt参喷靡A叭
80155336,灵ホ歆蕈抄そq,O_カjP跋チv韪104腹12加ぇ1,28.恨zt参喷靡A叭
80158798,i砍瓣悔靴鳓抄そq,O_カQs跋窗て_隔207腹12加,28.恨zt参喷靡A叭
80160318,瓣悔肩舁品~Τそq,O_カjP跋w韪252腹2加,28.恨zt参喷靡A叭
80160703,吏而瓣悔喷靡Τそq,O_カHq跋Qw隔161腹12加ぇ2,28.恨zt参喷靡A叭
80168590,xW矫z瓣悔~O喷靡靴鳓抄そq,O_カQs跋nㄊF隔4q16腹3加B6加,28.恨zt参喷靡A叭
80171856,Up瓣悔计毂楔|U拜靴鳓抄そq,O_カいタ跋┚У韪1q41腹4加ぇ14,28.恨zt参喷靡A叭
80175396,κX歆蕈抄そq,O_カいタ跋蕾n隔2q13腹ぇ1(1加),28.恨zt参喷靡A叭
80176682,s供u~靴鳓抄そq,O_カjw跋┚УF隔4q15腹12加ぇ5,28.恨zt参喷靡A叭
80183614,娩挂计飕歆蕺靴鳓抄そq,O_カQs跋_n隔65腹12加,28.恨zt参喷靡A叭
80185182,识カ~P靴鳓抄そq,O_カjw跋┚УF隔4q221腹10加,28.恨zt参喷靡A叭
80186675,蝴[承NΤそq,O_カjP跋チ贾刁146腹4加ぇ1,28.恨zt参喷靡A叭
80187371,a]T謦~Τそq,O_カHq跋I锭刁33腹aU@加ぇ6,28.恨zt参喷靡A叭
80187626,t番歆蕺靴鳓抄そq,O_カゅs跋れs隔⒉q⒈⒎腹⒌加ぇ,28.恨zt参喷靡A叭
80188104,@膀ㄆ~靴鳓抄そq,O_カn翠跋┚УF隔5q815腹12加,28.恨zt参喷靡A叭
80191092,x_s笆siΤそq,O_カQs跋_砍_隔15腹10加ぇ4,28.恨zt参喷靡A叭
80191924,醭q歆藓薏zU拜Τそq,O_カHq跋膀订隔艾q⒊⒉⒈腹阿臣婴Б,28.恨zt参喷靡A叭
80197379,ī焊n厩歆蕺靴鳓抄そq,O_カず打跋ず打隔1q388腹4加ぇ1,28.恨zt参喷靡A叭
80198692,QF_~Τそq,O_カHq跋Qw隔⒈腹⒌加,28.恨zt参喷靡A叭
80205119,OW醇zd靴鳓抄そq,O_カQs跋Kw隔4q760腹12加ぇ3,28.恨zt参喷靡A叭
80242938,エw戈T歆蕺靴鳓抄そq,O_カjw跋霉吹褐隔3q277ぇ7腹,28.恨zt参喷靡A叭
80249849,F歆蕺靴鳓抄そq,O_カいs跋チネF隔艾q⒍⒈腹⒋加ぇ⒈,28.恨zt参喷靡A叭
80260978,F瓣悔靴鳓抄そq,O_カjP跋y_隔2q196腹6加,28.恨zt参喷靡A叭
80262321,ㄓ师抄そq,O_カjP跋w韪322腹11加ぇ1,28.恨zt参喷靡A叭
80262997,W购俱X靴鳓抄そq,O_カjw跋MキF隔艾q阿涪陡耿臣,28.恨zt参喷靡A叭
80265100,酩嗉siΤそq,O_カいタ跋H刁69腹,28.恨zt参喷靡A叭
80268182,びM戈T歆蕈抄そq,O_カQs跋Kw隔4q123腹4加ぇ1,28.恨zt参喷靡A叭
80271481,xW莱ノnン靴鳓抄そq,O_カjw跋┚УF隔4q295腹3加,28.恨zt参喷靡A叭
80271525,y呼悔靴鳓抄そq,O_カゅs跋砍订隔3q207711腹1加,28.恨zt参喷靡A叭
80272849,い地材@ゅ承}oΤそq,O_カいs跋nㄊF隔2q160腹6加,28.恨zt参喷靡A叭
80280762,H空歆蕈抄そq,O_カいタ跋yn隔1q57腹14加ぇ15,28.恨zt参喷靡A叭
80289911,CPそ靡靴鳓抄そq,O_カいタ跋yn隔1q63腹7加ぇ6,28.恨zt参喷靡A叭
80294040,井A歆蕈抄そq,O_カいs跋Q扛463腹1加,28.恨zt参喷靡A叭
80302750,地喟昊讠~Τそq,O_カjw跋霉吹褐隔2q95腹21加ぇ1,28.恨zt参喷靡A叭
80303717,^瓣悔Τそq,O_カHq跋膀订隔2q189腹14加ぇ12,28.恨zt参喷靡A叭
80304624,n褐爻]靴鳓抄そq,O_カ_щ跋w隔1745腹1加,28.恨zt参喷靡A叭
80305594,煞s久讯}o靴鳓抄そq,O_カU地跋jz刁132腹,28.恨zt参喷靡A叭
80334444,^妮蝴ㄊsq坝ㄞ娆愕o北血靴鳓抄そq,O_カHq跋┚УF隔5q1-1腹8加,28.恨zt参喷靡A叭
80498136,ㄈww瓣悔}oΤそq,O_カいタ跋┚У韪1q50腹20加ぇ2,28.恨zt参喷靡A叭
80499206,xW洛媚歆蕺靴鳓抄そq,O_カいタ跋霉吹褐隔4q68腹9加ぇ9,28.恨zt参喷靡A叭
80504242,尺wネHЕ抄そq,O_カjw跋jw隔艾q⒈阿哺耿奔,28.恨zt参喷靡A叭
80514065,|蝴靴鳓抄そq,O_カhL跋┚港隔艾q⒎⒌腹凹,28.恨zt参喷靡A叭
80516227,Щ地承s戈玻靴鳓抄そq,O_カjw跋_砍n隔1q342腹12加ぇ4,28.恨zt参喷靡A叭
80518668,xW霉wvニ鳓抄そq,O_カ_щ跋_щ隔2q13腹14加,28.恨zt参喷靡A叭
80523629,伦贾婢PU拜Τそq,O_カjw跋MキF隔3q278腹8加,28.恨zt参喷靡A叭
80538101,那e恨zU拜Τそq,O_カいs跋Kw隔2q69腹6加ぇ3,28.恨zt参喷靡A叭
80541041,ネ戈Τそq,O_カいs跋_砍_隔290腹12加ぇ1,28.恨zt参喷靡A叭
80651270,`@A叭Τそq,O_カn翠跋┚УF隔6q65腹2加,28.恨zt参喷靡A叭
80653002,s@訾溅@ㄆ叭Τそq,O_カQs跋nㄊF隔5q63腹7加,28.恨zt参喷靡A叭
80661262,徊ね歆藓薏z靴鳓抄そq,O_カゅs跋春褐刁阿并犯耿臣,28.恨zt参喷靡A叭
80663016,やI恨zU拜Τそq,O_カいタ跋yn隔1q10腹8加,28.恨zt参喷靡A叭
80663178,吏脖浪喷歆蕺靴鳓抄そq,O_カQs跋nㄊF隔4q21腹4加ぇ1,28.恨zt参喷靡A叭
80668737,sCs呼杠qHA叭Τそq,O_カU地跋C~隔104腹5加,28.恨zt参喷靡A叭
80671796,@q~恨zU拜Τそq,O_カいs跋チvF隔2q18腹,28.恨zt参喷靡A叭
80672916,发w靴鳓抄そq,O_カHq跋膀订隔1q135ぇ2腹2加,28.恨zt参喷靡A叭
80680556,[Θ瓣悔Τそq,O_カHq跋Qs隔308腹6加,28.恨zt参喷靡A叭
80682702,w戈倍靴鳓抄そq,O_カHq跋膀订隔1q141腹12加ぇ2,28.恨zt参喷靡A叭
80726032,骼芳痞飒靴鳓抄そq,O_カHq跋┚УF隔4q560腹4加,28.恨zt参喷靡A叭
80738950,Y霁扦焊谁爪抄そq,O_カQs跋nㄊF隔4q197腹4加,28.恨zt参喷靡A叭
84111563,醇ü睛姘昊讵靴鳓抄そq,O_カQs跋nㄊF隔5q163腹7加,28.恨zt参喷靡A叭
84137439,IФT霆靴鳓抄そq,O_カいタ跋sネn隔1q9727腹,28.恨zt参喷靡A叭
84251402,坝w跫知靴鳓抄そq,O_カ_щ跋ゅL_隔⒈⒌腹凹,28.恨zt参喷靡A叭
84277769,U_X靴鳓抄そq,O_カいタ跋~f刁艾q⒋案耿凹,28.恨zt参喷靡A叭
84474332,ㄈ６T靓抄そq,O_カHq跋膀订隔2q189腹4加ぇ1,28.恨zt参喷靡A叭
84483114,蔼n~恨zU拜Τそq,O_カU地跋_砍刁14048腹1加,28.恨zt参喷靡A叭
84498572,@Q~Τそq,O_カjw跋sネn隔1q9742腹1加,28.恨zt参喷靡A叭
84824020,ü龟~Τそq,O_カHq跋褐w刁1371腹,28.恨zt参喷靡A叭
84921091,Oo恨zU拜Τそq,O_カHq跋d砍刁600831腹5加,28.恨zt参喷靡A叭
84929158,hf~Τそq,O_カいs跋wF隔2q181腹8加ぇ3,28.恨zt参喷靡A叭
86001443,供喘~恨zU拜Τそq,O_カjw跋_n隔612腹7加,28.恨zt参喷靡A叭
86137693,啾v歆薰攴~Τそq,O_カいタ跋n鞲2q7ぇ1腹3加,28.恨zt参喷靡A叭
86300218,血Y瓣悔毙|吭高Τそq,O_カいタ跋C{n隔1q23腹2加ぇ2,28.恨zt参喷靡A叭
86511662,Xō瓣悔Τそq,O_カいs跋いs_隔1q12612ぇ1腹,28.恨zt参喷靡A叭
86512748,ЩO靴鳓抄そq,O_カjw跋MキF隔1q6腹12加,28.恨zt参喷靡A叭
86697323,^a砍~靴鳓抄そq,O_カいタ跋yn隔1q99腹11加ぇ7,28.恨zt参喷靡A叭
86847104,a邾~恨zU拜Τそq,O_カHq跋_砍_隔案耿阿凹,28.恨zt参喷靡A叭
86861512,v[龟~Τそq,O_カいs跋wF隔2q173腹6加,28.恨zt参喷靡A叭
86863531,w@靴鳓抄そq,O_カjw跋┑N刁239腹3加,28.恨zt参喷靡A叭
89443555,马ㄆu{Τそq,O_カいタ跋┚У韪1q41腹14加ぇ12,28.恨zt参喷靡A叭
89445218,也u{U拜Τそq,O_カjw跋霉吹褐隔2q79腹7加ぇ11,28.恨zt参喷靡A叭
89452218,sΑ妓醇v}oΤそq,O_カjw跋MキF隔3q49腹2加ぇ4,28.恨zt参喷靡A叭
89456410,ㄎiネ歆蕺靴鳓抄そq,O_カn翠跋堕跋刁3腹13加,28.恨zt参喷靡A叭
89456811,{Rが笆戈TΤそq,O_カHq跋MキF隔3q3914腹1加,28.恨zt参喷靡A叭
89477034,ㄈ艄攴~Τそq,O_カQs跋nㄊF隔5q163腹7加,28.恨zt参喷靡A叭
89482825,酯~Τそq,O_カいs跋wF隔2q178ぇ5腹10加ぇ2,28.恨zt参喷靡A叭
89602217,环~歆蕺靴鳓抄そq,O_カHq跋Q醇隔1腹18加,28.恨zt参喷靡A叭
89602286,^N瓣悔}oΤそq,O_カhL跋褐地隔14722腹2加,28.恨zt参喷靡A叭
89621615,救t欷濡抄そq,O_カU地跋韫绔n隔204腹,28.恨zt参喷靡A叭
89829609,楼吲U拜靴鳓抄そq,O_カQs跋nㄊF隔5q230腹14加ぇ4,28.恨zt参喷靡A叭
89943691,M救瓣悔恨zU拜靴鳓抄そq,O_カjw跋┚УF隔4q320腹4加,28.恨zt参喷靡A叭
89949816,绊ェhu{U拜Τそq,O_カjw跋_n隔268腹9加ぇ1,28.恨zt参喷靡A叭
89950670,胺T~Τそq,O_カいs跋nㄊF隔2q72腹4加,28.恨zt参喷靡A叭
89969805,KQ间~Τそq,O_カn翠跋n翠隔2q290腹1加,28.恨zt参喷靡A叭
89972908,k_瓣悔ㄆ~靴鳓抄そq,O_カU地跋杪酶簪阿涪斧癣尝哺耿奔,28.恨zt参喷靡A叭
89976236,Uj陆亩Τそq,O_カいタ跋yn隔1q57腹13加ぇ4,28.恨zt参喷靡A叭
96921927,pF诀qΤそq,O_カゅs跋霉吹褐隔5q2111710腹1加,28.恨zt参喷靡A叭
96946434,n春`Mes@Τそq,O_カn翠跋┚УF隔7q620腹4加,28.恨zt参喷靡A叭
96950470,货酩u{U拜靴鳓抄そq,O_カず打跋Θ\隔3q172ぇ1腹3加,28.恨zt参喷靡A叭
96975922,淮浒迎^瓣夹非蠓|びキvΤそq,O_カず打跋膀打隔39腹5加,28.恨zt参喷靡A叭
97114232,tp歆蕺靴鳓抄そq,O_カいs跋wF隔2q230腹6加ぇ1,28.恨zt参喷靡A叭
97124560,NQG婢PΤそq,O_カHq跋d砍刁45068腹5加,28.恨zt参喷靡A叭
97311043,pF砍~靴鳓抄そq,O_カいs跋Q扛152腹13加,28.恨zt参喷靡A叭
97326138,謦i~靴鳓抄そq,O_カQs跋_n隔4610ぇ1腹2加,28.恨zt参喷靡A叭
