05643495,尚洪工程有限公司,臺北市萬華區昆明街34號5樓之2,32.公益彩券服務
13056076,富霖管理顧問有限公司,臺北市中山區復興北路2號11樓之6,32.公益彩券服務
15319335,新東陽股份有限公司,臺北市大安區忠孝東路4段289號8樓,32.公益彩券服務
22433229,欒芳企業有限公司,臺北市信義區忠孝東路5段1之5號6樓,32.公益彩券服務
22555003,統一超商股份有限公司,臺北市松山區東興路8號8樓,32.公益彩券服務
22853565,來來超商股份有限公司,臺北市信義區松德路131號地下1樓,32.公益彩券服務
22868379,金台企業股份有限公司,臺北市文山區興隆路2段244巷1號1樓,32.公益彩券服務
23060248,全家便利商店股份有限公司,臺北市中山區中山北路2段61號7樓,32.公益彩券服務
23285582,萊爾富國際股份有限公司,臺北市內湖區西湖里瑞光路502號3樓,32.公益彩券服務
23447756,台興企管顧問有限公司,臺北市中正區忠孝東路1段152號10樓之6,32.公益彩券服務
23986254,佳懿建設股份有限公司,臺北市大安區忠孝東路4段209號9樓之5,32.公益彩券服務
24475701,醇陽貿易股份有限公司,臺北市士林區德行東路251號,32.公益彩券服務
24542602,昇達綠能國際有限公司,臺北市萬華區西藏路164號,32.公益彩券服務
24749250,創顧媒合諮商有限公司,臺北市大安區忠孝東路4段107號12樓之3,32.公益彩券服務
24754886,嘉潤投資有限公司,臺北市信義區松山路142之1號3樓,32.公益彩券服務
24768299,翰躍國際有限公司,臺北市大安區忠孝東路4段221號10樓,32.公益彩券服務
25104299,基瑟思國際商輔有限公司,臺北市大同區重慶北路1段22號11樓之1,32.公益彩券服務
25120349,博彩交易有限公司,臺北市中正區忠孝西路1段7號6樓之1,32.公益彩券服務
25133843,鴻基生醫科技有限公司,臺北市南港區三重路19之11號3樓,32.公益彩券服務
27564889,緻金事件行銷有限公司,臺北市信義區忠孝東路5段477-1號,32.公益彩券服務
27872719,紹坤室內裝修有限公司,臺北市萬華區萬大路187巷3弄9號,32.公益彩券服務
27942171,台灣彩券股份有限公司,臺北市南港區經貿二路188號15樓,32.公益彩券服務
28175199,宏世通國際有限公司,臺北市內湖區民權東路6段180巷6號5樓之4,32.公益彩券服務
28195619,住屋生活事業股份有限公司,臺北市松山區南京東路5段202號10樓之1,32.公益彩券服務
28357634,麗陽美食生活館有限公司,臺北市內湖區瑞光路517號,32.公益彩券服務
28468821,煥睿國際有限公司,臺北市大同區環河北路2段277號,32.公益彩券服務
28705520,基礎流通事業股份有限公司,臺北市大安區忠孝東路4段333號12樓之3,32.公益彩券服務
28776854,運彩科技股份有限公司,臺北市中山區中山北路2段50號,32.公益彩券服務
28824027,貓纜股份有限公司,臺北市大安區復興南路1段204號11樓之2,32.公益彩券服務
28862252,廣集鑫娛樂事業有限公司,臺北市中山區民生東路2段64號1樓,32.公益彩券服務
28865693,環球可頌企業有限公司,臺北市文山區下崙路11巷31號地下之3,32.公益彩券服務
29074655,大英國際實業有限公司,臺北市北投區東華街1段22巷4弄9號2樓,32.公益彩券服務
42634625,鴻大營利事業股份有限公司,臺北市松山區南京東路5段251巷32弄9號2樓,32.公益彩券服務
53236119,台灣多媒體國際股份有限公司,臺北市中正區忠孝西路1段4號8樓,32.公益彩券服務
53319223,行列有限公司,臺北市信義區永吉路278巷2弄1號,32.公益彩券服務
53323161,廬醫山本草生技股份有限公司,臺北市中正區忠孝東路2段100號5樓、5樓之1,32.公益彩券服務
53323937,無限創意科技工程有限公司,臺北市信義區松德路10號7樓,32.公益彩券服務
53556581,愛仕薇特國際有限公司,臺北市內湖區民權東路6段180巷6號5樓之4,32.公益彩券服務
53734039,易明訊息股份有限公司,臺北市松山區南京東路4段152號10樓,32.公益彩券服務
53739739,樂特利股份有限公司,臺北市信義區信安街86號1樓,32.公益彩券服務
53752079,東葳科技股份有限公司,臺北市內湖區瑞光路298號5樓,32.公益彩券服務
53771202,樂透線上購股份有限公司,臺北市信義區基隆路2段125號10樓之2、之3,32.公益彩券服務
53838153,宅流通事業開發有限公司,臺北市信義區松智路1號11樓,32.公益彩券服務
54043033,台灣運動彩券股份有限公司,臺北市松山區民生東路4段133號9樓,32.公益彩券服務
54176820,台仕帝體育運動發展事業有限公司,臺北市信義區基隆路2段145號9樓之1,32.公益彩券服務
54315132,富比士傳媒有限公司,臺北市中山區建國北路2段65號11樓,32.公益彩券服務
54364962,井治實業有限公司,臺北市信義區福德街235號3樓,32.公益彩券服務
54639548,榮星有限公司,臺北市松山區南京東路4段164號12樓,32.公益彩券服務
54639786,亮點人才顧問有限公司,臺北市士林區德行西路36號3樓之12,32.公益彩券服務
54651697,誠盟股份有限公司,臺北市松山區復興北路57號3樓之1,32.公益彩券服務
54653739,富浴室內裝修有限公司,臺北市內湖區行忠路28巷1號1樓,32.公益彩券服務
70552477,英筑有限公司,臺北市中正區羅斯福路4段136巷3號,32.公益彩券服務
70783821,樂彩股份有限公司,臺北市松山區復興北路369號7樓之5,32.公益彩券服務
80201107,翔億電器有限公司,臺北市信義區信義路６段９７號,32.公益彩券服務
80476040,必博科技有限公司,臺北市信義區基隆路2段125號10樓及10樓之1,32.公益彩券服務
80504242,喜安生物信息有限公司,臺北市大安區大安路１段２１３號２樓,32.公益彩券服務
80509020,和樂發股份有限公司,臺北市信義區林口街38巷7號1樓,32.公益彩券服務
80688092,環華豐股份有限公司,臺北市大同區市民大道1段209號10樓,32.公益彩券服務
86302291,茂鴻能資有限公司,臺北市南港區研究院路2段35巷23弄25號3樓,32.公益彩券服務
86511662,合身國際有限公司,臺北市中山區中山北路1段126巷12之1號,32.公益彩券服務
89443555,鎮海海事工程有限公司,臺北市中正區忠孝西路1段41號14樓之12,32.公益彩券服務
89445218,珩昀工程顧問有限公司,臺北市大安區羅斯福路2段79號7樓之11,32.公益彩券服務
