03069208,天成飯店股份有限公司,臺北市中正區忠孝西路1段43號,43.三溫暖浴室服務
03562308,台火開發股份有限公司,臺北市中正區延平南路75號2、3樓,43.三溫暖浴室服務
03631207,國裕開發股份有限公司,臺北市中正區忠孝西路１段３８號,43.三溫暖浴室服務
04593624,台大國際企業有限公司,臺北市萬華區和平西路3段51巷8號1樓,43.三溫暖浴室服務
04964250,東森國際股份有限公司,臺北市大安區復興南路1段368號5樓、8樓及370號6樓、11樓,43.三溫暖浴室服務
05085203,寶豐隆興業股份有限公司,臺北市大安區仁愛路4段71巷36號2樓,43.三溫暖浴室服務
07625199,迪樂商旅有限公司,臺北市大同區延平北路1段121號,43.三溫暖浴室服務
11636802,國賓大飯店股份有限公司,臺北市中山區中山里4鄰中山北路2段63號,43.三溫暖浴室服務
12108842,華皇浴室有限公司,臺北市中山區長春路100號地下室,43.三溫暖浴室服務
12126551,美麗華大飯店股份有限公司,臺北市中山區民權東路3段2號12樓,43.三溫暖浴室服務
12186184,喜之軒股份有限公司,臺北市中山區林森北路353巷20號地下室,43.三溫暖浴室服務
12264131,毅太企業股份有限公司,臺北市中山區建國北路2段147號6樓,43.三溫暖浴室服務
12654150,能高休閒育樂股份有限公司,臺北市中山區林森北路50號9樓之1,43.三溫暖浴室服務
12656832,新點子休閒娛樂股份有限公司,臺北市中山區中山北路2段79號4樓,43.三溫暖浴室服務
12675346,亞爵國際育樂股份有限公司,臺北市信義區松仁路97、99、101號地下1樓,43.三溫暖浴室服務
12696594,寶盛開發股份有限公司,臺北市松山區復興北路365號9樓,43.三溫暖浴室服務
12857325,天成開發股份有限公司,臺北市中正區忠孝西路1段41號5樓之16,43.三溫暖浴室服務
12864141,富翔開發股份有限公司,臺北市信義區信義路4段415號5樓,43.三溫暖浴室服務
12866437,綠恩生醫科技股份有限公司,臺北市中正區八德路1段50號,43.三溫暖浴室服務
12868879,活力無限休閒發展國際事業股份有限公司,臺北市萬華區開封街2段8之4號,43.三溫暖浴室服務
12873606,寶閎建設股份有限公司,臺北市松山區復興北路３６５號９樓,43.三溫暖浴室服務
12878834,伊瑪整體美容有限公司,臺北市北投區吉利街１２３巷８弄１１號１樓,43.三溫暖浴室服務
12878861,伊立國際開發有限公司,臺北市北投區東華街2段354號2樓,43.三溫暖浴室服務
12933512,彩色人生興業股份有限公司,臺北市北投區中山路32號1、2樓,43.三溫暖浴室服務
12942293,百樂家股份有限公司,臺北市內湖區大湖路166巷4號1樓,43.三溫暖浴室服務
12947017,老爺管理顧問股份有限公司,臺北市中山區中山北路1段27號4樓,43.三溫暖浴室服務
12957160,同旺開發股份有限公司,臺北市松山區復興南路1段27號11樓,43.三溫暖浴室服務
12970810,三勝國際育樂開發股份有限公司,臺北市松山區復興北路369號10樓之2,43.三溫暖浴室服務
12987093,大珈科技有限公司,臺北市中山區林森北路５０８號５樓,43.三溫暖浴室服務
13091658,傳富國際股份有限公司,臺北市大安區忠孝東路4段177號4樓之5,43.三溫暖浴室服務
13095839,禾杏生物科技股份有限公司,臺北市松山區南京東路5段336號12樓,43.三溫暖浴室服務
13101396,桃花源家族國際育樂開發股份有限公司,臺北市松山區復興北路369號10樓之2,43.三溫暖浴室服務
13101972,海洋那那健康股份有限公司,臺北市大安區延吉街１７１號２樓,43.三溫暖浴室服務
13109995,寶路開發股份有限公司,臺北市松山區復興北路365號9樓,43.三溫暖浴室服務
13110120,寶富發展股份有限公司,臺北市松山區復興北路３６５號９樓,43.三溫暖浴室服務
13114499,水美溫泉浴室企業股份有限公司,臺北市北投區光明路224號,43.三溫暖浴室服務
13120751,天佐國際數位科技有限公司,臺北市士林區中山北路６段２６２號２樓,43.三溫暖浴室服務
13133209,福利國際事業股份有限公司,臺北市大安區復興南路1段204號11樓之2,43.三溫暖浴室服務
13140341,天外天國際育樂股份有限公司,臺北市信義區永吉路321巷8號4樓,43.三溫暖浴室服務
15422540,麒麟大飯店股份有限公司,臺北市南港區重陽路59號,43.三溫暖浴室服務
16013831,美麗寶島育樂開發股份有限公司,臺北市中正區忠孝東路2段122號11樓,43.三溫暖浴室服務
16086192,嘉德開發股份有限公司,臺北市士林區中山北路6段88號地下1、2樓,43.三溫暖浴室服務
16091907,飛宏開發股份有限公司,臺北市大安區信義路三段一０九之七號四樓之一,43.三溫暖浴室服務
16095002,統一國際開發股份有限公司,臺北市信義區松高路11號10樓,43.三溫暖浴室服務
16170304,世清股份有限公司,臺北市文山區指南路2段62號,43.三溫暖浴室服務
16286282,好得寶國際基因科技股份有限公司,臺北市大同區長安西路８８號５樓,43.三溫暖浴室服務
16302987,金年華三溫暖有限公司,臺北市中山區天津街56號地下1樓,43.三溫暖浴室服務
16307771,亞頡國際有限公司,臺北市信義區虎林街132巷26號1樓,43.三溫暖浴室服務
16434853,宜華國際股份有限公司,臺北市中山區樂群二路199號,43.三溫暖浴室服務
16447098,美麗華城巿發展股份有限公司,臺北市中山區敬業三路20號1至5樓地下1層、22號1至5樓,43.三溫暖浴室服務
16626402,力瑋國際開發股份有限公司,臺北市中山區松江路162號11樓,43.三溫暖浴室服務
16750529,歐聯興股份有限公司,臺北市信義區林口街100號1樓,43.三溫暖浴室服務
16779075,湯姆龍國際事業股份有限公司,臺北市信義區松隆路１５９巷４５號,43.三溫暖浴室服務
16794836,溫莎興業有限公司,臺北市松山區南京東路5段38號地下1樓,43.三溫暖浴室服務
16797030,越冠國際開發股份有限公司,臺北市大安區敦化南路2段97號17樓,43.三溫暖浴室服務
20987589,拓遠股份有限公司,臺北市大安區忠孝東路4段107號9樓,43.三溫暖浴室服務
22009716,康福建設事業股份有限公司,臺北市文山區辛亥路4段97號3樓,43.三溫暖浴室服務
22198511,朧瑩高科技國際有限公司,臺北市中正區羅斯福路3段100號1樓之18,43.三溫暖浴室服務
22340670,鴻禧育樂股份有限公司,臺北市大安區信義路4段184號5樓,43.三溫暖浴室服務
22538379,圓方創新股份有限公司,臺北市信義區基隆路1段333號20樓,43.三溫暖浴室服務
22660309,亞太工商聯股份有限公司,臺北市松山區東興路12號2樓,43.三溫暖浴室服務
22817581,德安開發股份有限公司,臺北市中山區江寧里民權東路三段2號12樓,43.三溫暖浴室服務
22881725,互馨育樂股份有限公司,臺北市中山區中山北路1段27號13樓,43.三溫暖浴室服務
23058475,天龍興業股份有限公司,臺北市大同區重慶北路1段73號8、9樓,43.三溫暖浴室服務
23447756,台興企管顧問有限公司,臺北市中正區忠孝東路1段152號10樓之6,43.三溫暖浴室服務
23458015,眳齛瑊z顧問股份有限公司,臺北市中正區衡陽路51號11樓,43.三溫暖浴室服務
23459719,國皇建設有限公司,臺北市中山區民權東路2段26號12樓之4,43.三溫暖浴室服務
23615486,力麗觀光開發股份有限公司,臺北市中山區松江路162號3樓,43.三溫暖浴室服務
23882053,日月光國際科技股份有限公司,臺北市信義區忠孝東路5段386號9樓,43.三溫暖浴室服務
24300246,璞吉建設股份有限公司,臺北市中山區南京東路3段217號10樓,43.三溫暖浴室服務
24314157,錦鶴國際股份有限公司,臺北市北投區溫泉路73巷13號7樓,43.三溫暖浴室服務
24323830,旭晴國際企業股份有限公司,臺北市中正區忠孝西路1段41號11樓之5,43.三溫暖浴室服務
24324161,北投麗禧溫泉酒店股份有限公司,臺北市北投區幽雅路30號,43.三溫暖浴室服務
24334169,國寶時尚股份有限公司,臺北市內湖區成功路2段371號地下,43.三溫暖浴室服務
24338931,李方酒店管理顧問股份有限公司,臺北市大同區南京西路316號2樓,43.三溫暖浴室服務
24343441,寶樺開發股份有限公司,臺北市松山區復興北路365號9樓,43.三溫暖浴室服務
24413001,探索綜合國際開發股份有限公司,臺北市中山區林森北路487號地下、1樓、2樓,43.三溫暖浴室服務
24459287,凱亞行銷廣告有限公司,臺北市信義區忠孝東路5段412號18樓之1,43.三溫暖浴室服務
24462776,僑大興建設有限公司,臺北市中山區民權東路2段26號11樓之5,43.三溫暖浴室服務
24474040,潘朵拉美容有限公司,臺北市中山區中山北路2段183巷2-1號及2-2號1、2樓,43.三溫暖浴室服務
24495517,麗邦有限公司,臺北市大安區忠孝東路4段49巷2號4樓,43.三溫暖浴室服務
24539563,藍星休閒事業有限公司,臺北市中正區和平西路1段30號8樓,43.三溫暖浴室服務
24550742,詠霖有限公司,臺北市文山區木柵路4段149巷7號,43.三溫暖浴室服務
24552087,美福飯店管理顧問股份有限公司,臺北市中山區樂群二路55號地下1樓,43.三溫暖浴室服務
24556653,南豐國際旅館股份有限公司,臺北市北投區中山路3號,43.三溫暖浴室服務
24566934,北瀧浚有限公司,臺北市信義區忠孝東路5段1之8號12樓,43.三溫暖浴室服務
24572197,看見台灣有限公司,臺北市松山區南京東路3段337號5樓,43.三溫暖浴室服務
24576460,匯陽事業股份有限公司,臺北市內湖區陽光街383號6樓,43.三溫暖浴室服務
24694831,瑋真國際有限公司,臺北市大安區麗水街29號,43.三溫暖浴室服務
24713437,鴒暘有限公司,臺北市士林區忠誠路2段96號4樓,43.三溫暖浴室服務
24738866,群智基因股份有限公司,臺北市內湖區瑞光路607號8樓,43.三溫暖浴室服務
24750122,信德生醫股份有限公司,臺北市內湖區民權東路6段16號5樓,43.三溫暖浴室服務
24763457,威整合運動股份有限公司,臺北市松山區八德路3段12巷16弄8號(1樓)、10號(1樓),43.三溫暖浴室服務
24776468,天沐岩盤浴會館有限公司,臺北市中山區建國北路2段258巷33號4樓,43.三溫暖浴室服務
24776642,樺澎開發股份有限公司,臺北市北投區中央北路3段53巷1號,43.三溫暖浴室服務
24782449,美麗華實業股份有限公司,臺北市中山區北安路780號5樓之5,43.三溫暖浴室服務
24783550,喜健康生技股份有限公司,臺北市松山區光復北路9號8樓,43.三溫暖浴室服務
24794212,英屬開曼群島商愛畝仕生技股份有限公司,臺北市松山區光復北路82號6樓,43.三溫暖浴室服務
24798250,英商弗凱爾國際有限公司,臺北市松山區南京東路5段405號7樓之4,43.三溫暖浴室服務
24934776,悠福實業有限公司,臺北市北投區清江路32號2樓,43.三溫暖浴室服務
24936970,愛飛翔數位生活股份有限公司,臺北市信義區東興路63號2樓,43.三溫暖浴室服務
24938787,匯威國際企業有限公司,臺北市信義區基隆路1段420號12樓之1,43.三溫暖浴室服務
24941761,富哲國際興業有限公司,臺北市中山區復興北路48號,43.三溫暖浴室服務
24942831,國鑫事業股份有限公司,臺北市中山區民權東路3段4號8樓,43.三溫暖浴室服務
24946323,彩虹三溫暖有限公司,臺北市萬華區昆明街142號2樓、3樓,43.三溫暖浴室服務
24960302,恆潔股份有限公司,臺北市信義區中坡南路98巷5號,43.三溫暖浴室服務
24962913,貳悅酒店股份有限公司,臺北市萬華區中華路1段144號10樓,43.三溫暖浴室服務
24964124,創利集合國際有限公司,臺北市大安區忠孝東路4段183號7樓之1,43.三溫暖浴室服務
24965518,大宇健康事業有限公司,臺北市士林區重慶北路4段250號4樓,43.三溫暖浴室服務
24965968,合洋開發實業有限公司,臺北市中正區重慶南路1段49號9樓,43.三溫暖浴室服務
24966360,天玥國際投資股份有限公司,臺北市北投區中山路3號,43.三溫暖浴室服務
24968748,康妍華實業有限公司,臺北市大安區仁愛路4段414號,43.三溫暖浴室服務
24976487,南院旅墅股份有限公司,臺北市大安區和平東路2段357巷9號2樓之1,43.三溫暖浴室服務
25105564,凱<U+5586>國際有限公司,臺北市信義區信義路4段450巷9號9樓之1,43.三溫暖浴室服務
25109576,大麗生物科技有限公司,臺北市大安區敦化南路2段200巷18號6樓,43.三溫暖浴室服務
25117175,青春再現度假育樂股份有限公司,臺北市信義區松勤街9號4樓,43.三溫暖浴室服務
25120994,元昌國際股份有限公司,臺北市中山區南京東路3段101號4樓,43.三溫暖浴室服務
25121826,凱亞娛樂事業有限公司,臺北市信義區忠孝東路5段412號18樓之1,43.三溫暖浴室服務
25124892,聯合娛樂股份有限公司,臺北市萬華區漢中街50巷6-3號,43.三溫暖浴室服務
25132627,美樂莊國際飯店有限公司,臺北市北投區中和街20巷6號,43.三溫暖浴室服務
25133843,鴻基生醫科技有限公司,臺北市南港區三重路19之11號3樓,43.三溫暖浴室服務
25137144,湯泉國際開發股份有限公司,臺北市松山區復興北路365號9樓,43.三溫暖浴室服務
25142370,寬得福國際開發有限公司,臺北市信義區信義路5段126號地下1樓,43.三溫暖浴室服務
25142646,海菊國際娛樂有限公司,臺北市大安區忠孝東路4段169號12樓之1,43.三溫暖浴室服務
27230589,美商琉騰生物科技有限公司,臺北市大安區安和路一段二十九號十五樓,43.三溫暖浴室服務
27325109,日勝生加賀屋國際溫泉飯店股份有限公司,臺北市北投區光明路236號,43.三溫暖浴室服務
27330320,鴻來溫泉育樂有限公司,臺北市內湖區成功路4段59號3樓,43.三溫暖浴室服務
27330497,天闊溫泉育樂有限公司,臺北市內湖區成功路4段59號3樓,43.三溫暖浴室服務
27331192,長青溫泉育樂有限公司,臺北市內湖區成功路4段59號3樓,43.三溫暖浴室服務
27343654,富聯心傳健康股份有限公司,臺北市松山區光復北路９５號３樓,43.三溫暖浴室服務
27358733,鴻達國際休閒事業有限公司,臺北市中山區林森北路50號8樓之7,43.三溫暖浴室服務
27365333,怡映股份有限公司,臺北市松山區敦化北路207號13樓之4,43.三溫暖浴室服務
27526921,凱麥資源管理股份有限公司,臺北市大安區忠孝東路4段180號5樓,43.三溫暖浴室服務
27540487,長榮國際遊艇有限公司,臺北市中正區忠孝西路1段41號10樓之6,43.三溫暖浴室服務
27544934,美麗嘉芬國際有限公司,臺北市中山區南京東路1段2號4樓之1,43.三溫暖浴室服務
27549380,寶興開發股份有限公司,臺北市松山區復興北路365號9樓,43.三溫暖浴室服務
27551809,高登麥國際有限公司,臺北市中山區南京東路１段１巷５號４樓之７,43.三溫暖浴室服務
27555100,阿斯卡國際有限公司,臺北市內湖區堤頂大道２段３４０號１樓,43.三溫暖浴室服務
27558084,阿堤斯運動顧問有限公司,臺北市大安區羅斯福路２段７５之１號１２樓,43.三溫暖浴室服務
27570067,邁瑞企業有限公司,臺北市中正區忠孝西路１段７２號７樓之１２,43.三溫暖浴室服務
27572918,遠翔建設事業股份有限公司,臺北市信義區松高路1號30樓,43.三溫暖浴室服務
27579742,十全十美國際事業股份有限公司,臺北市大安區敦化南路2段200巷16號6樓18號6樓,43.三溫暖浴室服務
27627625,豪倫科技股份有限公司,臺北市大安區安和路2段5號9樓之3,43.三溫暖浴室服務
27712657,育騰運動健康事業股份有限公司,臺北市南港區南港路3段225號,43.三溫暖浴室服務
27715839,噶瑪蘭溫泉大飯店有限公司,臺北市大同區南京西路３１６號３樓,43.三溫暖浴室服務
27720946,風稜石休閒育樂股份有限公司,臺北市中山區新生北路3段26號地下室,43.三溫暖浴室服務
27732719,活沛國際貿易有限公司,臺北市大同區承德路1段17號7樓之1,43.三溫暖浴室服務
27741301,首特企業有限公司,臺北市中山區南京東路2段95號11樓,43.三溫暖浴室服務
27744525,台北花園大酒店股份有限公司,臺北市中正區中華路2段1號,43.三溫暖浴室服務
27764084,情覓旅館有限公司,臺北市中山區植福路189號2樓,43.三溫暖浴室服務
27924414,英屬維京群島商台北普及瑜珈有限公司,臺北市大安區忠孝東路4段151號地下1樓、3樓、5樓、7樓,43.三溫暖浴室服務
27944066,英屬維京群島商台北普及健身有限公司,臺北市信義區松仁路89號5樓之6,43.三溫暖浴室服務
27946233,遠雄巨蛋事業股份有限公司,臺北市信義區松高路1號22樓,43.三溫暖浴室服務
27961944,儷山林休閒開發股份有限公司,臺北市中山區吉林路99號8樓,43.三溫暖浴室服務
27963020,恆漾國際股份有限公司,臺北市大安區忠孝東路4段312號8樓之2,43.三溫暖浴室服務
27972695,椿園餐旅有限公司,臺北市松山區南京東路5段31號8樓,43.三溫暖浴室服務
27974808,漾館溫泉生活館有限公司,臺北市北投區溫泉路63號1至3樓,43.三溫暖浴室服務
27977349,沐光育樂有限公司,臺北市松山區松河街212號1樓,43.三溫暖浴室服務
27987206,漢娜皇宮國際有限公司,臺北市中山區堤頂大道2段500號8樓,43.三溫暖浴室服務
27991567,登琪爾養生莊所股份有限公司,臺北市松山區敦化北路150號8樓,43.三溫暖浴室服務
28048032,寅景國際有限公司,臺北市松山區南京東路5段2號3樓,43.三溫暖浴室服務
28066559,大板根國際開發股份有限公司,臺北市大同區承德路3段24巷12號7樓之1,43.三溫暖浴室服務
28121069,樺威開發有限公司,臺北市信義區信義路4段395巷6弄10號5樓之5,43.三溫暖浴室服務
28180405,御理國際企業有限公司,臺北市信義區忠孝東路５段１之１號１０樓,43.三溫暖浴室服務
28181473,大漢養生有限公司,臺北市中山區民權東路２段１號２樓,43.三溫暖浴室服務
28200768,貝斯特國際運動管理顧問股份有限公司,臺北市大同區民族西路137號1樓,43.三溫暖浴室服務
28204011,麗池康體休閒事業有限公司,臺北市文山區羅斯福路5段97巷2之2號1樓,43.三溫暖浴室服務
28208163,台北城外有限公司,臺北市中山區中山北路1段138號1樓,43.三溫暖浴室服務
28213882,欣亞國際酒店股份有限公司,臺北市北投區溫泉路銀光巷21之2號,43.三溫暖浴室服務
28219871,京讚實業有限公司,臺北市大同區南京西路316號3樓之1,43.三溫暖浴室服務
28222313,和進草本生機股份有限公司,臺北市中山區長安東路2段169之8號1樓,43.三溫暖浴室服務
28227133,貴子坑開發事業有限公司,臺北市北投區珠海路18號2樓,43.三溫暖浴室服務
28436292,香港商珀雅有限公司,臺北市信義區基隆路1段159號6樓之1,43.三溫暖浴室服務
28450879,花水木國際股份有限公司,臺北市中山區長安東路2段171號4樓之1,43.三溫暖浴室服務
28457612,鑫元鑫股份有限公司,臺北市大安區忠孝東路4段222號2樓,43.三溫暖浴室服務
28462404,挺順國際股份有限公司,臺北市中山區錦州街298號7樓,43.三溫暖浴室服務
28463403,寶信開發股份有限公司,臺北市中正區杭州南路1段79號4樓,43.三溫暖浴室服務
28464418,旺港發財有限公司,臺北市中正區忠孝西路1段50號25樓之14,43.三溫暖浴室服務
28466083,時代國際飯店股份有限公司,臺北市信義區忠孝東路5段10號,43.三溫暖浴室服務
28467219,欣路建設股份有限公司,臺北市松山區復興北路365號9樓,43.三溫暖浴室服務
28468131,景承興業有限公司,臺北市大安區復興南路1段79巷2號9樓之4,43.三溫暖浴室服務
28670450,鴻海國際事業股份有限公司,臺北市士林區東山路25巷26號、28號、28之1號、30號,43.三溫暖浴室服務
28671134,卓越互動行銷股份有限公司,臺北市中正區臨沂街25巷16號1樓,43.三溫暖浴室服務
28683960,麟揚股份有限公司,臺北市南港區重陽路59號,43.三溫暖浴室服務
28711810,蕎瑛實業有限公司,臺北市大安區復興南路1段90號3樓之3,43.三溫暖浴室服務
28714099,禾立鼎股份有限公司,臺北市大安區忠孝東路4段295號3樓,43.三溫暖浴室服務
28718969,台北新天地三溫暖有限公司,臺北市中正區忠孝西路1段72號5樓、5樓之1,43.三溫暖浴室服務
28825503,永承健康養身有限公司,臺北市中山區民生東路1段30號2樓及2樓之1,43.三溫暖浴室服務
28838958,緹力士健康事業股份有限公司,臺北市中山區樂群三路218號5樓,43.三溫暖浴室服務
28843930,北海天泉酒店股份有限公司,臺北市中正區杭州南路1段8之1號2樓,43.三溫暖浴室服務
28843946,逸寬股份有限公司,臺北市信義區松仁路90號3樓,43.三溫暖浴室服務
28845276,綠水茵股份有限公司,臺北市內湖區成功路4段168號地下2樓,43.三溫暖浴室服務
28849097,寶豐隆商旅股份有限公司,臺北市大安區仁愛路4段71巷36號2樓,43.三溫暖浴室服務
28850256,水美健康休閒事業有限公司,臺北市信義區信義路5段126號地下1層,43.三溫暖浴室服務
28850592,我們的國際企業有限公司,臺北市大安區安居街8巷6弄2號1樓,43.三溫暖浴室服務
28865315,充實生活股份有限公司,臺北市內湖區陽光街383號,43.三溫暖浴室服務
28909480,閎揚國際拓展有限公司,臺北市大同區寧夏路2號,43.三溫暖浴室服務
29033873,商丞企業有限公司,臺北市大安區忠孝東路4段76號6樓之4,43.三溫暖浴室服務
29043366,花悅生活股份有限公司,臺北市大安區復興南路2段327號7樓之1,43.三溫暖浴室服務
29044800,礁溪遠雄悅來大飯店股份有限公司,臺北市信義區松高路1號22樓,43.三溫暖浴室服務
29049994,愛美家國際事業有限公司,臺北市中山區伊通街114號地下,43.三溫暖浴室服務
29073240,群欣置業股份有限公司,臺北市中山區中山北路2段65巷9號2樓,43.三溫暖浴室服務
29074959,那米哥國際股份有限公司,臺北市信義區松仁路97、99、101號地下1樓,43.三溫暖浴室服務
29079737,祥德開發股份有限公司,臺北市中山區樂群二路95號10樓,43.三溫暖浴室服務
29080262,富億國際有限公司,臺北市中山區雙城街19巷8號12樓之11,43.三溫暖浴室服務
29143029,鵬準企業有限公司,臺北市松山區東興路19號6樓,43.三溫暖浴室服務
29170101,任開數位媒體行銷股份有限公司,臺北市中正區忠孝東路2段130號5樓之3,43.三溫暖浴室服務
29181521,英屬維京群島商普及生活瑜珈有限公司,臺北市松山區慶城街1號4樓及5樓,43.三溫暖浴室服務
29517407,大信觀光企業股份有限公司,臺北市士林區格致路237號,43.三溫暖浴室服務
29657407,春天酒店股份有限公司,臺北市北投區幽雅路18號,43.三溫暖浴室服務
29736769,新秀閣大飯店股份有限公司,臺北市北投區光明路238號,43.三溫暖浴室服務
29799807,水都旅館股份有限公司,臺北市北投區光明路283號,43.三溫暖浴室服務
29823341,熱海大飯店股份有限公司,臺北市北投區光明路258號,43.三溫暖浴室服務
34673785,百憶實業股份有限公司,臺北市大同區敦煌路72號2樓,43.三溫暖浴室服務
35513104,遠東鐵櫃鋼鐵廠股份有限公司,臺北市大同區長安西路300號1樓,43.三溫暖浴室服務
36057527,喜美工業股份有限公司,臺北市中正區重慶南路1段43號7樓之9,43.三溫暖浴室服務
36519725,福記產業股份有限公司,臺北市大安區仁愛路3段160號,43.三溫暖浴室服務
42614938,皇鼎國際商務飯店股份有限公司,臺北市北投區行義路346號1樓,43.三溫暖浴室服務
42621889,馬拉松創意生活有限公司,臺北市大安區新生南路2段60號,43.三溫暖浴室服務
42627413,綠恩東陽光生醫有限公司,臺北市萬華區西藏路250號5樓,43.三溫暖浴室服務
42627785,娑漾健康管理顧問股份有限公司,臺北市大安區復興南路2段237號13樓,43.三溫暖浴室服務
42632295,方宇股份有限公司,臺北市士林區延平北路6段477號3樓,43.三溫暖浴室服務
42642316,儷京企業股份有限公司,臺北市中山區吉林路99號8樓,43.三溫暖浴室服務
42645340,台灣健康前沿股份有限公司,臺北市大同區長安西路287號4樓,43.三溫暖浴室服務
42647662,艾莫芽學苑股份有限公司,臺北市士林區士東路220號1樓,43.三溫暖浴室服務
42652209,大魯閣溫浴事業股份有限公司,臺北市內湖區民善街89號3樓,43.三溫暖浴室服務
53010386,香港商夢幻之泉有限公司,臺北市中山區敬業二路69巷61號1樓,43.三溫暖浴室服務
53079878,大盟開發股份有限公司,臺北市松山區敦化北路167號18樓,43.三溫暖浴室服務
53084443,十分國際股份有限公司,臺北市大同區南京西路66號11樓,43.三溫暖浴室服務
53090091,力揚運動事業股份有限公司,臺北市內湖區陽光街383號6樓,43.三溫暖浴室服務
53097313,崧喬育樂事業有限公司,臺北市南港區重陽路457號4樓,43.三溫暖浴室服務
53109958,翡彩彤有限公司,臺北市松山區光復南路390號3樓之2,43.三溫暖浴室服務
53111510,神去村股份有限公司,臺北市信義區基隆路1段333號12樓,43.三溫暖浴室服務
53118041,台灣富驛酒店股份有限公司,臺北市中山區南京東路3段131號1樓、地下1樓、10、11、12、13樓,43.三溫暖浴室服務
53129080,新竹山城花園股份有限公司,臺北市中正區衡陽路51號14樓,43.三溫暖浴室服務
53207281,向日葵休閒開發股份有限公司,臺北市中正區重慶南路3段63號2樓之1,43.三溫暖浴室服務
53310948,一三九二全人志業股份有限公司,臺北市北投區光明路242號2樓之7,43.三溫暖浴室服務
53315015,立興朝代有限公司,臺北市北投區中央北路1段12號及12號2樓,43.三溫暖浴室服務
53315182,富代股份有限公司,臺北市大安區忠孝東路4段148號5樓之6,43.三溫暖浴室服務
53316801,南豐國際開發股份有限公司,臺北市北投區中山路3號,43.三溫暖浴室服務
53325392,沅家有限公司,臺北市松山區南京東路5段251巷32弄9號2樓,43.三溫暖浴室服務
53331824,醫登生技股份有限公司,臺北市大安區光復南路102號5樓,43.三溫暖浴室服務
53332725,金英姿企業有限公司,臺北市中山區天津街68號3樓,43.三溫暖浴室服務
53334913,柏鑫健康事業股份有限公司,臺北市信義區松壽路22號4樓,43.三溫暖浴室服務
53335286,樂意建設股份有限公司,臺北市松山區復興北路365號7樓,43.三溫暖浴室服務
53340984,薇健康概念館有限公司,臺北市中山區明水路575號地下1層之5,43.三溫暖浴室服務
53345860,名人世界國際興業有限公司,臺北市松山區南京東路4段45號6樓,43.三溫暖浴室服務
53348276,阿沐企業有限公司,臺北市大安區和平東路3段68-10號,43.三溫暖浴室服務
53349113,水舍銀光開發股份有限公司,臺北市北投區溫泉路銀光巷22號,43.三溫暖浴室服務
53353024,老爺榮康股份有限公司,臺北市北投區中和街2號6樓,43.三溫暖浴室服務
53357577,天玥國際股份有限公司,臺北市北投區中山路3號,43.三溫暖浴室服務
53458913,大魯閣開發股份有限公司,臺北市內湖區民善街83號3樓,43.三溫暖浴室服務
53519192,宏帛運動器材有限公司,臺北市文山區木新路3段232巷10號3樓,43.三溫暖浴室服務
53519685,依戀探索承德旅館股份有限公司,臺北市北投區承德路7段236號,43.三溫暖浴室服務
53525912,泉心健康休閒事業股份有限公司,臺北市松山區健康路156號地下1樓,43.三溫暖浴室服務
53529121,大坵島國際開發股份有限公司,臺北市松山區民生東路4段56巷1弄1號,43.三溫暖浴室服務
53534193,瑞穗春天國際觀光酒店股份有限公司,臺北市中正區忠孝西路1段41號5樓之17,43.三溫暖浴室服務
53536376,艾菩提生活事業股份有限公司,臺北市信義區忠孝東路5段552號9樓,43.三溫暖浴室服務
53553058,唐緹股份有限公司,臺北市信義區虎林街121巷2號1樓,43.三溫暖浴室服務
53555078,金門渡假村股份有限公司,臺北市中山區復興北路48號3樓,43.三溫暖浴室服務
53558292,萬洲通國際企業有限公司,臺北市信義區吳興街364巷1號,43.三溫暖浴室服務
53568051,臺灣蔬活股份有限公司,臺北市中山區一江街1號,43.三溫暖浴室服務
53568215,香樹花園酒店股份有限公司,臺北市中山區堤頂大道2段566號1至6樓,43.三溫暖浴室服務
53583270,文旅國際有限公司,臺北市大安區敦化南路2段40號2樓之1,43.三溫暖浴室服務
53661107,薩摩亞商亞立基國際股份有限公司,臺北市大同區寧夏路11號地下1樓,43.三溫暖浴室服務
53676707,新加坡商亞洲三井不動產股份有限公司,臺北市松山區南京東路4段18號15樓,43.三溫暖浴室服務
53678640,香港商奧羅曼股份有限公司,臺北市中正區杭州南路1段15-1號8樓,43.三溫暖浴室服務
53694894,潔莉屋有限公司,臺北市大安區忠孝東路4段169號12樓之1,43.三溫暖浴室服務
53710986,慧智基因股份有限公司,臺北市內湖區瑞光路607號8樓,43.三溫暖浴室服務
53725361,海原福雲有限公司,臺北市北投區大度路3段301巷55號1樓,43.三溫暖浴室服務
53733600,佑禧有限公司,臺北市中山區長安東路1段37巷7號2樓,43.三溫暖浴室服務
53738921,大立開發事業股份有限公司,臺北市萬華區西寧南路123號,43.三溫暖浴室服務
53745129,健<U+6E76>生物科技股份有限公司,臺北市中山區復興北路48號3樓,43.三溫暖浴室服務
53745351,金東蓮國際有限公司,臺北市信義區忠孝東路5段71巷12弄8號4樓之1,43.三溫暖浴室服務
53748771,伸豐達股份有限公司,臺北市中山區林森北路600號,43.三溫暖浴室服務
53749981,少帥禪園股份有限公司,臺北市北投區幽雅路34號,43.三溫暖浴室服務
53750229,渥豐股份有限公司,臺北市信義區永吉路120巷12號,43.三溫暖浴室服務
53751439,普立斯國際開發股份有限公司,臺北市中正區博愛路38號7樓,43.三溫暖浴室服務
53754935,美而饌有限公司,臺北市文山區景福街29號2樓,43.三溫暖浴室服務
53758904,恆動力有限公司,臺北市信義區中坡北路13號5樓,43.三溫暖浴室服務
53762560,沐舍時尚酒店有限公司,臺北市信義區吳興街600巷81號2樓,43.三溫暖浴室服務
53766708,陸廣實業有限公司,臺北市北投區石牌路1段166巷46號2樓之1,43.三溫暖浴室服務
53777331,康億吉有限公司,臺北市信義區松仁路271號5樓,43.三溫暖浴室服務
53777986,福美酒店股份有限公司,臺北市中山區南京東路3段21號9樓,43.三溫暖浴室服務
53916360,地景澤股份有限公司,臺北市內湖區港墘路51號4樓,43.三溫暖浴室服務
53921309,台北花園開發股份有限公司,臺北市大同區太原路57號,43.三溫暖浴室服務
53921650,蘋果飯店股份有限公司,臺北市中山區長安東路2段63號4樓,43.三溫暖浴室服務
53924256,璞浴精品有限公司,臺北市文山區溪口街10號,43.三溫暖浴室服務
53931593,誠品旅館事業股份有限公司,臺北市信義區菸廠路98號、2樓、3樓及14樓,43.三溫暖浴室服務
53935578,瀧乃湯溫泉會館股份有限公司,臺北市北投區光明路244號,43.三溫暖浴室服務
53938408,蘭陽海洋大飯店股份有限公司,臺北市松山區復興北路181號15樓之3,43.三溫暖浴室服務
53941488,麗媚生化科技有限公司,臺北市內湖區內湖路1段691之2號,43.三溫暖浴室服務
53941706,老爺商務會館股份有限公司,臺北市中山區林森北路83號4-12樓,43.三溫暖浴室服務
53946126,誼合國際開發股份有限公司,臺北市中山區八德路2段88巷5號1樓,43.三溫暖浴室服務
53947547,皇雅閣有限公司,臺北市大安區忠孝東路4段107號12樓之1,43.三溫暖浴室服務
53947933,忻慈健康事業股份有限公司,臺北市松山區復興北路369號2樓,43.三溫暖浴室服務
53950205,友源有限公司,臺北市南港區重陽路59號,43.三溫暖浴室服務
53950275,富亞有限公司,臺北市大安區忠孝東路4段169號6樓之1,43.三溫暖浴室服務
53958972,清源健康股份有限公司,臺北市內湖區瑞光路439號9樓,43.三溫暖浴室服務
54045356,守盛事業有限公司,臺北市信義區松德路65號11樓之1,43.三溫暖浴室服務
54153050,燊活休閒事業有限公司,臺北市中正區中華路2段441巷9之1號2樓,43.三溫暖浴室服務
54161684,活泉國際企業有限公司,臺北市松山區南京東路4段130號2樓之1,43.三溫暖浴室服務
54162826,正好實業股份有限公司,臺北市中山區南京東路2段160號8樓,43.三溫暖浴室服務
54163304,亞斯運動事業股份有限公司,臺北市信義區基隆路1段186號3樓之6,43.三溫暖浴室服務
54170086,啤瓦多創意行銷有限公司,臺北市中正區金門街24巷35號,43.三溫暖浴室服務
54170348,麒麟尚品有限公司,臺北市南港區重陽路59號,43.三溫暖浴室服務
54177378,得露企業股份有限公司,臺北市信義區信義路4段383號3樓,43.三溫暖浴室服務
54179397,家立諾管理顧問有限公司,臺北市中山區松江路514號3樓,43.三溫暖浴室服務
54180556,月喜瑞有限公司,臺北市信義區基隆路2段107之5號11樓之1,43.三溫暖浴室服務
54186833,葳皇時尚飯店有限公司,臺北市大同區延平北路2段197號3樓、4樓、11樓,43.三溫暖浴室服務
54281323,璞國際事業有限公司,臺北市中山區復興北路80號5樓,43.三溫暖浴室服務
54326095,長佳開發股份有限公司,臺北市南港區三重路19之3號7樓之2,43.三溫暖浴室服務
54330458,秀傳一零一皇家健康事業股份有限公司,臺北市信義區信義路5段7號56樓之1,43.三溫暖浴室服務
54332414,丸平洋行有限公司,臺北市中正區寧波西街68號,43.三溫暖浴室服務
54333048,駿宇大飯店股份有限公司,臺北市內湖區民權東路6段123巷34弄1號,43.三溫暖浴室服務
54333574,意舍墾丁股份有限公司,臺北市中山區中山北路2段65巷9號2樓,43.三溫暖浴室服務
54349626,碧靜國際有限公司,臺北市內湖區內湖路2段253巷5號,43.三溫暖浴室服務
54355099,美漾國際股份有限公司,臺北市大安區敦化南路1段205號7樓之6及之7,43.三溫暖浴室服務
54355534,環扣還扣文創企業有限公司,臺北市文山區下崙路11巷31號地下之3,43.三溫暖浴室服務
54356301,供活股份有限公司,臺北市中山區錦州街154號,43.三溫暖浴室服務
54368952,健泉生醫股份有限公司,臺北市內湖區瑞光路439號9樓,43.三溫暖浴室服務
54369925,香港商雅生萊國際發展有限公司,臺北市中山區錦州街46號12樓之3,43.三溫暖浴室服務
54387584,英屬維京群島商中瑞國際健康事業有限公司,臺北市松山區復興北路57號14樓之1,43.三溫暖浴室服務
54393875,新加坡商萊札譜股份有限公司,臺北市大同區華陰街79號10樓之1,43.三溫暖浴室服務
54639929,樂奕投資股份有限公司,臺北市內湖區港墘路183號11樓,43.三溫暖浴室服務
54648743,森活健康事業股份有限公司,臺北市大安區復興南路1段368號8樓,43.三溫暖浴室服務
54650472,兆全股份有限公司,臺北市信義區松仁路90號2樓,43.三溫暖浴室服務
54651697,誠盟股份有限公司,臺北市松山區復興北路57號3樓之1,43.三溫暖浴室服務
54668135,探索國際開發股份有限公司,臺北市中山區南京東路3段91號8樓,43.三溫暖浴室服務
54669486,肯尚健康管理顧問有限公司,臺北市大安區信義路3段147巷5弄5號1樓,43.三溫暖浴室服務
54670863,美麗華企業股份有限公司,臺北市中山區敬業一路160號3樓,43.三溫暖浴室服務
54677325,牙行有限公司,臺北市松山區南京東路5段291巷5弄1號1樓,43.三溫暖浴室服務
70389406,亞太國寶股份有限公司,臺北市北投區溫泉路銀光巷21-2號,43.三溫暖浴室服務
70431609,家樂生活事業股份有限公司,臺北市中山區民權西路79號7樓,43.三溫暖浴室服務
70453259,氧身股份有限公司,臺北市松山區南京東路４段１６號地下２樓,43.三溫暖浴室服務
70480376,僑群建設有限公司,臺北市中山區民權東路2段26號11樓之4,43.三溫暖浴室服務
70544147,亮碧思國際股份有限公司,臺北市中正區杭州南路1段15之1號8樓,43.三溫暖浴室服務
70673922,卓欣實業有限公司,臺北市中山區松江路293-1001號,43.三溫暖浴室服務
70693589,鹿野鼎開發股份有限公司,臺北市大安區復興南路1段342號11樓之1,43.三溫暖浴室服務
70752073,英屬維京群島商加州健康事業有限公司,臺北市大安區忠孝東路4段201號3樓,43.三溫暖浴室服務
70765181,建鑫開發股份有限公司,臺北市信義區松壽路22號1樓、24號1樓、26號1樓、28號1樓、30號1樓、32號1樓、34號1樓、36號1樓,43.三溫暖浴室服務
70836411,訊聯生物科技股份有限公司,臺北市內湖區新湖一路36巷28號1樓,43.三溫暖浴室服務
70842693,康原養生有限公司,臺北市松山區復興北路１５號５樓之１２,43.三溫暖浴室服務
80036655,云誠實業有限公司,臺北市大安區安和路2段217巷4號,43.三溫暖浴室服務
80064997,馬里亞納生物科技股份有限公司,臺北市信義區忠孝東路5段1之7號11樓,43.三溫暖浴室服務
80147104,康適幸福股份有限公司,臺北市內湖區瑞光路433號9樓,43.三溫暖浴室服務
80178859,統一佳佳股份有限公司,臺北市松山區民生東路5段149號地下1樓,43.三溫暖浴室服務
80179267,重光健康生活事業開發股份有限公司,臺北市大安區安和路１段２９號１８樓,43.三溫暖浴室服務
80184249,高峰會管理顧問股份有限公司,臺北市內湖區民權東路６段１０９號１０樓之１,43.三溫暖浴室服務
80188977,庭筠有限公司,臺北市內湖區成功路３段９６號１樓,43.三溫暖浴室服務
80197292,國際新思有限公司,臺北市內湖區成功路4段50號,43.三溫暖浴室服務
80211652,泰碩國際股份有限公司,臺北市中正區羅斯福路2段30巷8號1樓,43.三溫暖浴室服務
80280051,泉國時霸有限公司,臺北市大安區安和路２段７８號６樓之１,43.三溫暖浴室服務
80281690,福利聯合國股份有限公司,臺北市文山區興隆路1段146號2樓,43.三溫暖浴室服務
80304618,伊蓮國際有限公司,臺北市內湖區成功路4段48號,43.三溫暖浴室服務
80347807,英屬維京群島商好萊塢星光健康事業有限公司,臺北市士林區中山北路7段34號,43.三溫暖浴室服務
80400128,碧逸會館股份有限公司,臺北市中正區中山北路1段2號10樓,43.三溫暖浴室服務
80502080,美人湯國際股份有限公司,臺北市大安區忠孝東路３段１８２號２樓,43.三溫暖浴室服務
80514945,伊豆欣業有限公司,臺北市北投區清江路３６號１樓,43.三溫暖浴室服務
80523043,玉川溫泉會館有限公司,臺北市大安區新生南路１段１１１號８樓,43.三溫暖浴室服務
80527863,達摩動館股份有限公司,臺北市中山區吉林路188號1、2樓,43.三溫暖浴室服務
80528862,北投岩湯有限公司,臺北市北投區溫泉路銀光巷22號1樓,43.三溫暖浴室服務
80536080,展青科技農業開發股份有限公司,臺北市大同區環河北路1段295之2號4樓,43.三溫暖浴室服務
80538778,筱筑企業股份有限公司,臺北市大安區和平東路２段４９之３號２樓之１,43.三溫暖浴室服務
80542392,漢學國際養生企業有限公司,臺北市大安區復興南路２段２８３號２樓之１,43.三溫暖浴室服務
80596354,尚億國際開發有限公司,臺北市中正區忠孝西路1段41號5樓之17,43.三溫暖浴室服務
80645209,鼎立飯店股份有限公司,臺北市中正區中華路1段55號地下1樓,43.三溫暖浴室服務
80672535,東台灣文創產業開發股份有限公司,臺北市大安區敦化南路2段97號17樓,43.三溫暖浴室服務
80684223,三重開發股份有限公司,臺北市松山區復興北路３６５號９樓,43.三溫暖浴室服務
80685686,源大進企業有限公司,臺北市信義區松隆路３２７號１樓,43.三溫暖浴室服務
80688092,環華豐股份有限公司,臺北市大同區市民大道1段209號10樓,43.三溫暖浴室服務
80688494,美麗樂國際股份有限公司,臺北市信義區基隆路1段159號15樓,43.三溫暖浴室服務
84111563,智邦知行國際股份有限公司,臺北市松山區南京東路5段163號7樓,43.三溫暖浴室服務
84906248,快瘦股份有限公司,臺北市中正區青島西路１１號３樓,43.三溫暖浴室服務
84912038,康寧生活事業股份有限公司,臺北市內湖區成功路5段420巷28號1樓,43.三溫暖浴室服務
86014236,聖堡開發股份有限公司,臺北市中山區南京東路3段70號12樓,43.三溫暖浴室服務
86123662,美商如新華茂股份有限公司,臺北市內湖區舊宗路2段189號7樓之1,43.三溫暖浴室服務
86145552,英姿企業有限公司,臺北市中山區天津街46號2樓,43.三溫暖浴室服務
86469398,阿曼開發股份有限公司,臺北市中山區南京東路3段217號10樓,43.三溫暖浴室服務
86870028,亞歷山大股份有限公司,臺北市中山區樂群三路218號4樓,43.三溫暖浴室服務
89477034,亞旺實業有限公司,臺北市松山區南京東路5段163號7樓,43.三溫暖浴室服務
89935025,嘉賓閣旅館股份有限公司,臺北市北投區光明路230號1樓至7樓及地下1樓,43.三溫暖浴室服務
96937408,陽明山娛樂事業有限公司,臺北市信義區松高路1號22樓,43.三溫暖浴室服務
96971221,水月涵國際健康事業股份有限公司,臺北市中山區樂群三路66號(1樓),43.三溫暖浴室服務
97118482,匯陽百貨事業股份有限公司,臺北市內湖區陽光街383號6樓,43.三溫暖浴室服務
97125081,太子城企業有限公司,臺北市大安區忠孝東路4段330號地下樓,43.三溫暖浴室服務
97170634,京華城股份有限公司,臺北市松山區八德路4段138號、138號7樓，138號12樓、138號地下1樓、138號地下2樓、138號地下3樓、138號地下4樓,43.三溫暖浴室服務
97275715,大板根育樂事業股份有限公司,臺北市大同區承德路3段24巷12號7樓之1,43.三溫暖浴室服務
97301988,滿地富國際開發股份有限公司,臺北市內湖區文德路19號,43.三溫暖浴室服務
97477509,富裔實業股份有限公司,臺北市士林區中山北路5段453號1樓,43.三溫暖浴室服務
