"id","Address","Response_Address","Response_X","Response_Y"
"1","臺北市萬華區東園街35巷62號(1樓)",,,
"2","臺北市中正區羅斯福路４段１６２號９樓之２",,,
"3","臺北市大安區敦化南路2段2號11樓",,,
"4","臺北市中正區紹興北街2巷1號3樓",,,
"5","臺北市中正區漢口街1段61號2樓",,,
"6","臺北市中山區林森北路479號5樓之2",,,
"7","臺北市中山區吉林路100號7樓",,,
"8","臺北市大同區鄭州路119號2樓之3",,,
"9","臺北市大同區重慶北路3段136巷31號1樓",,,
"10","臺北市中山區新生北路1段62巷1號",,,
"11","臺北市信義區松信路3號",,,
"12","臺北市信義區基隆路2段131之12號5樓",,,
"13","臺北市文山區木新路2段69巷2號2樓",,,
"14","臺北市大安區忠孝東路4段142號3樓之2",,,
"15","臺北市南港區福德街339巷3弄3號1樓",,,
"16","臺北市文山區辛亥路7段5巷18號1樓",,,
"17","臺北市文山區羅斯福路5段88之5號1樓",,,
"18","臺北市大安區和平東路1段75巷1號1樓",,,
"19","臺北市南港區忠孝東路7段611號(1樓)",,,
"20","臺北市中正區重慶南路2段88之1號",,,
"21","臺北市中正區羅斯福路2段8巷1號4樓",,,
"22","臺北市中正區汀州路3段184號1樓之11，12，13，14，15，16，17，18，及192號地下室",,,
"23","臺北市大同區環河北路2段213巷10號1樓",,,
"24","臺北市中正區南陽街50號4樓",,,
"25","臺北市大同區貴德街3號",,,
"26","臺北市大安區仁愛路4段107號15樓",,,
"27","臺北市大同區長安西路33號2樓",,,
"28","臺北市中山區林森北路133巷16號3樓",,,
"29","臺北市松山區光復北路82號3樓",,,
"30","臺北市中山區松江路363號7樓",,,
"31","臺北市內湖區民權東路6段23號6樓之2",,,
"32","臺北市中山區錦州街２４５號１樓",,,
"33","臺北市中山區復興北路86號9樓",,,
"34","臺北市中山區新生北路３段４３號１１樓之２１",,,
"35","臺北市中正區紹興北街31巷4號",,,
"36","臺北市中山區南京東路1段86號10樓之5",,,
"37","臺北市大同區錦西街170號",,,
"38","臺北市中山區中山北路2段115巷27號1樓",,,
"39","臺北市大安區復興南路1段204號4樓之1及4樓之2",,,
"40","臺北市中山區松江路100巷13-1號3樓",,,
"41","臺北市中山區長安東路2段50號5樓之5",,,
"42","臺北市大安區金山南路２段１４８號３樓",,,
"43","臺北市士林區承德路４段２９２巷９號１樓",,,
"44","臺北市信義區基隆路2段91號12樓",,,
"45","臺北市中山區松江路５２０之１號１樓",,,
"46","臺北市中山區民生東路２段１１４號２樓",,,
"47","臺北市松山區東興路２６號６樓",,,
"48","臺北市中山區南京東路２段９６號１２樓",,,
"49","臺北市中山區民生東路3段69號3樓",,,
"50","臺北市大安區和平東路2段102號",,,
"51","臺北市中山區新生北路2段31之1號5樓之3",,,
"52","臺北市士林區文昌路155巷10號1樓",,,
"53","臺北市大同區西寧北路78-18號9樓",,,
"54","臺北市大同區寧夏路107號1樓",,,
"55","臺北市中山區南京東路2段96號12樓",,,
"56","臺北市信義區永吉路200巷41弄12號",,,
"57","臺北市大安區新生南路3段76巷12弄13號1樓",,,
"58","臺北市大安區敦化南路１段３７６號２樓",,,
"59","臺北市萬華區西藏路１２５巷１７號１樓",,,
"60","臺北市信義區基隆路1段155號5樓之3",,,
"61","臺北市大同區重慶北路1段24號4樓",,,
"62","臺北市中山區中原街48號",,,
"63","臺北市信義區基隆路1段147巷5弄46號4樓",,,
"64","臺北市中正區許昌街42之1號11樓",,,
"65","臺北市中山區民權東路2段92巷8弄11號1樓",,,
"66","臺北市內湖區內湖路1段411巷89弄2號1樓",,,
"67","臺北市大安區忠孝東路4段176號7樓",,,
"68","臺北市中正區林森南路4號7樓",,,
"69","臺北市士林區天母西路3號5樓之8",,,
"70","臺北市中山區吉林路267號5樓之2",,,
"71","臺北市大安區安和路２段７號１１樓之１",,,
"72","臺北市信義區莊敬路201號1樓",,,
"73","臺北市松山區南京東路4段100號3樓",,,
"74","臺北市信義區忠孝東路５段５０８號６樓",,,
"75","臺北市大同區民族西路283號1樓",,,
"76","臺北市士林區延平北路５段２２４巷１８號１樓",,,
"77","臺北市中山區林森北路147號3樓",,,
"78","臺北市大安區復興南路2段301號",,,
"79","臺北市萬華區長沙街2段11號4樓之3",,,
"80","臺北市信義區富陽街16號地下室",,,
"81","臺北市信義區莊敬路325巷60號3樓",,,
"82","臺北市大安區臥龍街１號９樓",,,
"83","臺北市南港區新民街25巷6號1樓",,,
"84","臺北市萬華區和平西路３段３０９巷１５弄４３號１樓",,,
"85","臺北市中山區復興北路2號7樓之3",,,
"86","臺北市文山區溪洲街67號6樓",,,
"87","臺北市文山區景福街54巷1之1號1樓",,,
"88","臺北市中山區復興北路９２號１０樓之１",,,
"89","臺北市中山區錦州街101號3樓",,,
"90","臺北市信義區和平東路3段391巷20弄12號",,,
"91","臺北市信義區吳興街354號1樓",,,
"92","臺北市中山區建國北路3段98號9樓",,,
"93","臺北市士林區重慶北路４段２２８號７樓",,,
"94","臺北市大安區仁愛路3段143巷53號1樓",,,
"95","臺北市文山區興隆路2段203巷24號",,,
"96","臺北市信義區松德路159號13樓之1",,,
"97","臺北市松山區寶清街21-1號7樓之3",,,
"98","臺北市信義區忠孝東路５段１之７號８樓",,,
"99","臺北市大安區復興南路2段27號9樓之9",,,
"100","臺北市大安區信義路4段337號3樓之1",,,
"101","臺北市南港區園區街3-1號5樓",,,
"102","臺北市松山區八德路3段164號7樓之12",,,
"103","臺北市信義區光復南路495號6樓之3",,,
"104","臺北市萬華區昆明街２５７巷１之１號１樓",,,
"105","臺北市松山區南京東路5段250巷5-9號1樓",,,
"106","臺北市中山區伊通街19巷9號1樓",,,
"107","臺北市信義區基隆路2段149號7樓之9",,,
"108","臺北市大安區復興南路1段126巷1號2樓之31",,,
"109","臺北市中山區長安東路2段80號8樓之4",,,
"110","臺北市萬華區桂林路２４０號１樓",,,
"111","臺北市大安區復興南路２段１５７號５樓之３",,,
"112","臺北市松山區東興路12號2樓",,,
"113","臺北市大安區復興南路1段126巷1號2樓之31",,,
"114","臺北市大安區臨江街93號5樓",,,
"115","臺北市大安區敦化南路二段七六號七樓之二",,,
"116","臺北市北投區大業路382號10樓之1",,,
"117","臺北市大安區羅斯福路2段105號5樓之1",,,
"118","臺北市大安區和平東路2段181號2樓",,,
"119","臺北市大安區敦化南路1段259號13樓",,,
"120","臺北市信義區基隆路1段159號8樓",,,
"121","臺北市中山區新生北路２段７７巷１０號１樓",,,
"122","臺北市大同區重慶北路２段１９６號６樓之９",,,
"123","臺北市中山區錦州街２４５號１樓",,,
"124","臺北市松山區民生東路5段34號3樓之1",,,
"125","臺北市中正區重慶南路1段13號8樓",,,
"126","臺北市松山區南京東路4段180號5樓之1",,,
"127","臺北市萬華區峨眉街１２７號１樓",,,
"128","臺北市萬華區西園路2段261巷20弄5號",,,
"129","臺北市大安區基隆路2段166號5樓",,,
"130","臺北市中山區雙城街4巷2號4樓之8",,,
"131","臺北市中山區八德路2段203號6樓",,,
"132","臺北市北投區行義路146巷21號1樓",,,
"133","臺北市中正區重慶南路1段57號9樓之14",,,
"134","臺北市大安區新生南路3段72號之3，1樓",,,
"135","臺北市信義區忠孝東路5段800號8樓之2",,,
"136","臺北市北投區中和街28號6樓之8",,,
"137","臺北市大安區復興南路2段65號6樓之5",,,
"138","臺北市大安區忠孝東路3段136號5樓之5",,,
"139","臺北市大同區重慶北路3段257巷6號",,,
"140","臺北市中山區民族東路252巷8號1樓",,,
"141","臺北市中正區重慶南路1段75號4樓",,,
"142","臺北市中山區松江路80號7樓",,,
"143","臺北市松山區南京東路５段２６８號１樓",,,
"144","臺北市大安區基隆路2段260號2樓",,,
"145","臺北市大安區忠孝東路3段184號11樓",,,
"146","臺北市松山區南京東路4段51號4樓之1",,,
"147","臺北市中山區新生北路２段４５巷２８號１樓",,,
"148","臺北市內湖區內湖路1段91巷30號",,,
"149","臺北市中山區長春路235號10樓之4",,,
"150","臺北市中正區青島東路7號6樓之4",,,
"151","臺北市信義區忠孝東路5段410號5樓之1",,,
"152","臺北市中山區民權東路1段48號11樓之2",,,
"153","臺北市大安區辛亥路1段34巷4號",,,
"154","臺北市松山區新聚里八德路4段312之2號1樓",,,
"155","臺北市文山區興隆路３段１１６巷３弄３１號１樓",,,
"156","臺北市中山區吉林路404號",,,
"157","臺北市大同區太原路113號3樓",,,
"158","臺北市中山區民權西路７９號１０樓之１",,,
"159","臺北市大安區復興南路1段368號12樓",,,
"160","臺北市大安區忠孝東路4段325號12樓",,,
"161","臺北市中正區南昌路2段166號3樓",,,
"162","臺北市信義區松山路４２１號４樓之９",,,
"163","臺北市萬華區長順街123巷13號",,,
"164","臺北市中山區吉林路142號5樓",,,
"165","臺北市中正區重慶南路１段５７號１３樓之５",,,
"166","臺北市中山區長春路378號6樓",,,
"167","臺北市文山區忠順街2段92號",,,
"168","臺北市中正區忠孝東路2段100號8樓",,,
"169","臺北市萬華區和平西路3段318號1樓",,,
"170","臺北市萬華區康定路64號15樓",,,
"171","臺北市萬華區昆明街86號1樓",,,
"172","臺北市萬華區興義街9號1樓",,,
"173","臺北市萬華區西園路2段155號11樓",,,
"174","臺北市大安區和平東路１段１４５號８樓",,,
"175","臺北市松山區民權東路5段27號2樓",,,
"176","臺北市中山區德惠街198巷15號1樓",,,
"177","臺北市大安區敦化南路2段105號10、13樓",,,
"178","臺北市松山區民生東路３段１１３巷２５弄６號２樓",,,
"179","臺北市士林區文林路５６０巷１號１樓",,,
"180","臺北市萬華區艋舺大道120巷11弄15號",,,
"181","臺北市中正區南昌路１段１３７號４樓",,,
"182","臺北市文山區羅斯福路6段218號10樓",,,
"183","臺北市大安區復興南路2段285號10樓",,,
"184","臺北市中山區長春路172號8樓",,,
"185","臺北市信義區永吉路236號6樓之1",,,
"186","臺北市北投區大度路3段219號12樓",,,
"187","臺北市北投區光明路240-11號6樓",,,
"188","臺北市大同區太原路11巷35號1樓",,,
"189","臺北市中山區中山北路2段99號10樓之3",,,
"190","臺北市松山區長安東路2段215號14樓之1",,,
"191","臺北市北投區公館路292巷20號2樓",,,
"192","臺北市萬華區中華路2段596巷5號",,,
"193","臺北市信義區忠孝東路4段500號2樓之6",,,
"194","臺北市松山區南京東路5段163號5樓之3",,,
"195","臺北市中山區民生東路1段42號10樓之10",,,
"196","臺北市中山區民生西路16號9樓之3",,,
"197","臺北市信義區基隆路２段１５１之６號３樓",,,
"198","臺北市大安區仁愛路3段43號4樓",,,
"199","臺北市大安區忠孝東路4段325號13樓",,,
"200","臺北市松山區民生東路4段133號12樓",,,
"201","臺北市北投區北投路2段11號5樓之3",,,
"202","臺北市文山區興隆路1段67號4樓",,,
"203","臺北市內湖區舊宗路2段121巷36號2樓",,,
"204","臺北市大安區忠孝東路4段235號10樓",,,
"205","臺北市中正區紹興北街8號5樓",,,
"206","臺北市中山區長安東路２段１７８號１１樓之２",,,
"207","臺北市大安區敦化南路1段192號13樓之5",,,
"208","臺北市松山區復興北路99號14樓",,,
"209","臺北市大安區信義路3段190號9樓",,,
"210","臺北市中山區長春路67號5樓之2",,,
"211","臺北市中正區青島東路7號5樓之6",,,
"212","臺北市松山區南京東路5段250巷18弄11號之4、1樓",,,
"213","臺北市中山區合江街102巷56號1樓",,,
"214","臺北市中山區松江路87號10樓之2",,,
"215","臺北市內湖區文湖街2之1號3樓",,,
"216","臺北市松山區南京東路5段31號10樓",,,
"217","臺北市中山區松江路156之2號4樓",,,
"218","臺北市中山區吉林路154巷22號",,,
"219","臺北市大同區重慶北路３段２４３巷２號１樓",,,
"220","臺北市中山區松江路38巷2號12樓之1",,,
"221","臺北市中山區長春路128之1號2樓",,,
"222","臺北市中山區民生西路16號9樓之3",,,
"223","臺北市內湖區堤頂大道2段407巷20弄35號3樓",,,
"224","臺北市中正區濟南路1段7之5號",,,
"225","臺北市中山區德惠街198巷15號1樓",,,
"226","臺北市中正區惠安街27號",,,
"227","臺北市中山區中山北路2段59巷45號5樓之5",,,
"228","臺北市中山區松江路42號8樓",,,
"229","臺北市中山區林森北路100號8樓之8",,,
"230","臺北市大安區和平東路3段212巷18號",,,
"231","臺北市中山區林森北路263號7樓之12",,,
"232","臺北市松山區敦化北路102號7樓",,,
"233","臺北市中山區松江路170巷42號1樓",,,
"234","臺北市內湖區金龍路２０２號１樓",,,
"235","臺北市中山區龍江路348號1樓",,,
"236","臺北市南港區研究院路2段2巷12弄6號8樓",,,
"237","臺北市中山區新生北路1段108之3號3樓之3",,,
"238","臺北市中山區長安東路1段27號9樓",,,
"239","臺北市信義區基隆路2段51號7樓之5",,,
"240","臺北市中山區新生北路2段137巷48號1樓",,,
"241","臺北市內湖區民權東路６段２７２號６樓",,,
"242","臺北市大安區忠孝東路3段96號10樓",,,
"243","臺北市中山區長安東路1段16號2樓之8",,,
"244","臺北市中正區紹興北街2巷1號4樓",,,
"245","臺北市萬華區環河南路2段211號",,,
"246","臺北市士林區重慶北路4段49巷31弄5號1樓",,,
"247","臺北市中正區紹興北街2巷1號4樓",,,
"248","臺北市士林區社中街292號1樓",,,
"249","臺北市中正區紹興北街2巷1號4樓",,,
"250","臺北市大同區重慶北路2段73巷1弄1號1樓",,,
"251","臺北市中正區泉州街４之１號２樓",,,
"252","臺北市中正區青島西路１１號６樓之１",,,
"253","臺北市中正區愛國東路110巷24號1樓",,,
"254","臺北市松山區八德路3段12巷51弄3號1樓",,,
"255","臺北市中山區新生北路1段76巷17號",,,
"256","臺北市信義區松隆路２７８號２樓",,,
"257","臺北市大安區忠孝東路４段１６６號３樓之３",,,
"258","臺北市士林區通河東街1段136巷4號4樓",,,
"259","臺北市南港區研究院路2段39之4號",,,
"260","臺北市中正區羅斯福路2段44號3樓之1",,,
"261","臺北市大安區敦化南路1段200號7樓之6",,,
"262","臺北市中山區復興北路488巷1弄7號",,,
"263","臺北市中正區青島東路7號6樓之4",,,
"264","臺北市松山區南京東路5段371號2樓",,,
"265","臺北市大安區羅斯福路3段283巷14弄14號1樓",,,
"266","臺北市松山區南京東路5段250巷36弄9號1樓",,,
"267","臺北市大安區基隆路2段110號12樓",,,
"268","臺北市松山區光復南路66巷43號1樓",,,
"269","臺北市松山區南京東路5段143號1樓",,,
"270","臺北市中山區南京東路3段189號4樓",,,
"271","臺北市松山區南京東路5段162號6樓之1",,,
"272","臺北市松山區光復南路66巷43號1樓",,,
"273","臺北市松山區延吉街7之1號2樓",,,
"274","臺北市萬華區西園路2段372巷4號1樓",,,
"275","臺北市信義區基隆路１段４３２號５樓之６",,,
"276","臺北市中山區林森北路50號3樓之2",,,
"277","臺北市信義區基隆路1段432號9樓之1",,,
"278","臺北市萬華區長泰街316巷4號4樓",,,
"279","臺北市松山區復興北路15號14樓之4",,,
"280","臺北市大同區民族西路238號1樓",,,
"281","臺北市松山區八德路3段225號9樓之7",,,
"282","臺北市松山區南京東路4段197號5樓",,,
"283","臺北市大安區忠孝東路4段233號4樓之12",,,
"284","臺北市大安區復興南路2段86號16樓",,,
"285","臺北市中正區紹興北街35號5樓之2",,,
"286","臺北市大安區復興南路2段293之3號9樓",,,
"287","臺北市中山區吉林路8巷22號4樓",,,
"288","臺北市文山區羅斯福路5段89號3樓",,,
"289","臺北市中正區延平南路48號6樓",,,
"290","臺北市信義區基隆路1段333號4樓",,,
"291","臺北市中山區龍江路120巷9號6樓之1",,,
"292","臺北市中山區華陰街３號１樓",,,
"293","臺北市大安區新生南路3段84之1號2樓",,,
"294","臺北市中正區南陽街13號2樓",,,
"295","臺北市松山區八德路４段６７８號５樓之３",,,
"296","臺北市信義區松信路16號4樓",,,
"297","臺北市大安區延吉街232之2號1樓",,,
"298","臺北市中山區農安街227巷3弄16號7樓",,,
"299","臺北市中正區忠孝東路2段100號8樓",,,
"300","臺北市中山區錦州街159號8樓之5",,,
"301","臺北市信義區信義路4段415號12樓",,,
"302","臺北市中正區仁愛路2段21號3樓",,,
"303","臺北市中山區松江路22號5樓之2",,,
"304","臺北市萬華區雙園街１５２巷６號１樓",,,
"305","臺北市信義區松德路131號地下1樓",,,
"306","臺北市中山區長安東路2段99號10樓之1",,,
"307","臺北市大安區基隆路2段110號12樓",,,
"308","臺北市大同區民族西路225巷40號7樓",,,
"309","臺北市大安區臨江街93號5樓",,,
"310","臺北市大安區安和路2段5號3樓",,,
"311","臺北市大同區西寧北路78-18號9樓",,,
"312","臺北市中山區中山北路2段61號7樓",,,
"313","臺北市松山區市民大道4段213號7樓",,,
"314","臺北市中正區臨沂街27巷9號2樓之3",,,
"315","臺北市萬華區廣州街91號",,,
"316","臺北市中山區松江路66號8樓",,,
"317","臺北市中山區南京東路1段16號7樓之8",,,
"318","臺北市松山區八德路3段156號10樓",,,
"319","臺北市中正區青島東路23之9號1樓",,,
"320","臺北市中山區松江路97巷2之1號2樓",,,
"321","臺北市中山區新生北路2段21巷9之1號3樓",,,
"322","臺北市中山區長安東路2段169號3樓之2",,,
"323","臺北市中山區南京東路3段89巷5弄18號1樓",,,
"324","臺北市中正區林森北路9巷12號1樓",,,
"325","臺北市中正區重慶南路3段48號1樓",,,
"326","臺北市大安區忠孝東路3段88號5樓",,,
"327","臺北市中正區忠孝東路1段152號10樓之6",,,
"328","臺北市松山區敦化北路168號14樓",,,
"329","臺北市信義區忠孝東路4段560號7樓",,,
"330","臺北市大安區復興南路2段86號16樓",,,
"331","臺北市信義區信義路4段415號12樓",,,
"332","臺北市萬華區昆明街222號8樓",,,
"333","臺北市大同區承德路2段81號14樓之1",,,
"334","臺北市中山區新生北路2段151號2樓",,,
"335","臺北市中正區羅斯福路２段８巷１４弄６號１樓",,,
"336","臺北市中正區新生南路1段126-6號6樓",,,
"337","臺北市中山區復興南路1段36號3樓",,,
"338","臺北市中山區長安東路2段31號4樓之1",,,
"339","臺北市大安區敦化南路1段270巷10號2樓之2",,,
"340","臺北市大安區羅斯福路2段79之1號9樓之3",,,
"341","臺北市松山區民生東路5段165號8樓",,,
"342","臺北市北投區尊賢街218巷42號1樓",,,
"343","臺北市中山區松江路32之1號8樓",,,
"344","臺北市中山區錦州街118號1樓",,,
"345","臺北市大安區復興南路1段243號6樓",,,
"346","臺北市中山區松江路27號12樓之8",,,
"347","臺北市文山區景美街26號2樓",,,
"348","臺北市萬華區廣州街57-2號",,,
"349","臺北市中山區林森北路627號3樓",,,
"350","臺北市松山區塔悠路292號",,,
"351","臺北市中正區懷寧街62號3樓之3",,,
"352","臺北市中山區長春路78號4樓之3",,,
"353","臺北市北投區中央北路2段349號",,,
"354","臺北市信義區基隆路1段97號9樓之1",,,
"355","臺北市松山區復興北路101號5樓之1",,,
"356","臺北市中山區吉林路245號3至5樓及7樓",,,
"357","臺北市北投區溫泉路73巷13號7樓",,,
"358","臺北市大安區忠孝東路4段169號6樓之1",,,
"359","臺北市大安區信義路4段279號6樓之1",,,
"360","臺北市中山區南京東路3段189號8樓",,,
"361","臺北市大安區復興南路2段65號6樓之5",,,
"362","臺北市大安區信義路2段208號8樓之3",,,
"363","臺北市中山區南京西路1之1號10樓",,,
"364","臺北市松山區光復北路60巷40號",,,
"365","臺北市大安區仁愛路4段25-2號12樓",,,
"366","臺北市信義區基隆路1段432號11樓之4",,,
"367","臺北市士林區承德路4段81號4樓",,,
"368","臺北市大同區民權西路118巷15弄5號9樓",,,
"369","臺北市中正區開封街1段48號7樓之10",,,
"370","臺北市大安區敦化南路2段46號5樓之6",,,
"371","臺北市中正區忠孝西路1段50號20樓之37",,,
"372","臺北市大安區復興南路2段381號5樓",,,
"373","臺北市松山區敦化北路102號7樓",,,
"374","臺北市士林區劍潭路16號8樓",,,
"375","臺北市萬華區峨眉街123-3號",,,
"376","臺北市松山區南京東路4段93號12樓",,,
"377","臺北市松山區南京東路3段346號10樓之4",,,
"378","臺北市中山區南京東路2段160號8樓",,,
"379","臺北市中正區重慶南路1段121號6樓之1",,,
"380","臺北市信義區忠孝東路4段560號10樓之2",,,
"381","臺北市中山區復興北路48號3樓",,,
"382","臺北市信義區基隆路1段155號8樓之8",,,
"383","臺北市士林區大北路63號1樓",,,
"384","臺北市中山區林森北路85巷57號",,,
"385","臺北市松山區敦化北路120巷7弄7號1樓",,,
"386","臺北市大安區復興南路2段373號",,,
"387","臺北市信義區虎林街100巷118號",,,
"388","臺北市士林區文林路740巷5號1樓",,,
"389","臺北市信義區信義路5段5號(6樓6E15室)",,,
"390","臺北市內湖區內湖路1段120巷21號8樓",,,
"391","臺北市大安區忠孝東路4段169號6樓之1",,,
"392","臺北市內湖區陽光街321巷66號",,,
"393","臺北市松山區南京東路4段93號12樓",,,
"394","臺北市中正區襄陽路29號5樓",,,
"395","臺北市信義區基隆路1段163號2樓之3",,,
"396","臺北市中正區羅斯福路1段61號9樓",,,
"397","臺北市松山區復興北路101號5樓之2",,,
"398","臺北市大安區復興南路2段313-1號",,,
"399","臺北市內湖區康寧路3段189巷17號2樓",,,
"400","臺北市中山區民權東路2段46號11樓之3",,,
"401","臺北市中山區松江路101號4樓之1",,,
"402","臺北市文山區木新路3段261號1樓",,,
"403","臺北市大安區忠孝東路4段155號11樓之4",,,
"404","臺北市萬華區和平西路3段394號",,,
"405","臺北市中山區中山北路3段36巷2號9樓",,,
"406","臺北市萬華區萬大路423巷10弄20號1樓",,,
"407","臺北市信義區永吉路187巷17號12樓",,,
"408","臺北市松山區南京東路3段346號4樓之5",,,
"409","臺北市大同區太原街11巷35號2樓",,,
"410","臺北市北投區文化三路2之1號3樓",,,
"411","臺北市文山區木柵路4段147號",,,
"412","臺北市士林區忠誠路2段134號1樓",,,
"413","臺北市文山區木新路3段36號",,,
"414","臺北市中山區松江路31號8樓之1",,,
"415","臺北市中山區松江路283號5樓之1",,,
"416","臺北市大安區金山南路2段138號2樓",,,
"417","臺北市大安區復興南路1段133之1號5樓",,,
"418","臺北市松山區民生東路5段151號2樓之10",,,
"419","臺北市大安區忠孝東路3段303號2樓之2",,,
"420","臺北市中山區農安街227巷3弄16號7樓",,,
"421","臺北市大同區民族西路189號1樓",,,
"422","臺北市內湖區南京東路6段451巷57號11樓之8",,,
"423","臺北市萬華區中華路1段68號10樓之1",,,
"424","臺北市大安區仁愛路3段127號4樓",,,
"425","臺北市大安區文昌街278巷5號1樓",,,
"426","臺北市信義區忠孝東路5段363號7樓之2",,,
"427","臺北市信義區信義路4段415號14樓之1",,,
"428","臺北市內湖區內湖路1段659號12樓之2",,,
"429","臺北市內湖區瑞光路582號1樓",,,
"430","臺北市萬華區康定路82號5樓",,,
"431","臺北市大安區和平東路3段308巷39弄9號1樓",,,
"432","臺北市松山區民生東路3段128號7樓之4",,,
"433","臺北市中正區南昌路1段88號10樓",,,
"434","臺北市南港區南港路2段38巷39號4樓",,,
"435","臺北市中山區復興北路86號9樓",,,
"436","臺北市中山區民權東路3段58號3樓之5",,,
"437","臺北市中山區建國北路1段15號2樓",,,
"438","臺北市大安區復興南路2段13號",,,
"439","臺北市中山區民權西路48號7樓之1",,,
"440","臺北市信義區忠孝東路5段1之8號12樓",,,
"441","臺北市大安區忠孝東路3段217巷2弄13-1號2樓",,,
"442","臺北市大同區市民大道1段209號10樓之1",,,
"443","臺北市中正區寧波西街1號2樓",,,
"444","臺北市信義區基隆路2段51號14樓之1",,,
"445","臺北市中山區松江路38巷16之1號2樓",,,
"446","臺北市大安區復興南路1段253巷15號2樓",,,
"447","臺北市信義區忠孝東路5段1之8號12樓",,,
"448","臺北市信義區基隆路1段163號14樓之3",,,
"449","臺北市中正區信義路2段65號11樓",,,
"450","臺北市大安區羅斯福路3段269巷49號1樓",,,
"451","臺北市中山區南京東路2段178號5樓",,,
"452","臺北市大安區信義路2段72號地下",,,
"453","臺北市大同區華陰街227巷7號",,,
"454","臺北市大安區忠孝東路4段208號3樓",,,
"455","臺北市中山區復興北路2號7樓之5",,,
"456","臺北市中山區南京西路1之1號7樓",,,
"457","臺北市中山區南京東路2段53號7樓",,,
"458","臺北市信義區基隆路2段23號5樓之1",,,
"459","臺北市信義區莊敬路391巷16弄3號4樓",,,
"460","臺北市中山區錦州街46號9樓之1",,,
"461","臺北市信義區基隆路1段141號3樓之1",,,
"462","臺北市大安區忠孝東路4段107號12樓之3",,,
"463","臺北市中山區民權東路3段58號5樓",,,
"464","臺北市信義區基隆路1段396號13樓之1",,,
"465","臺北市內湖區民權東路6段180巷150號6樓",,,
"466","臺北市中山區南京東路2段101號11樓",,,
"467","臺北市大安區忠孝東路4段162號12樓之2",,,
"468","臺北市內湖區內湖路3段72巷63號9樓",,,
"469","臺北市文山區羅斯福路5段192巷25號1樓",,,
"470","臺北市文山區羅斯福路6段306之3號",,,
"471","臺北市內湖區陽光街345巷5號2樓",,,
"472","臺北市信義區基隆路1段141號3樓之１",,,
"473","臺北市文山區永安街22巷22號1樓",,,
"474","臺北市松山區敦化北路207號7樓之4",,,
"475","臺北市中正區忠孝西路1段66號28樓",,,
"476","臺北市松山區八德路2段358號8樓",,,
"477","臺北市中山區林森北路132號10樓",,,
"478","臺北市中山區南京東路3段26號7樓",,,
"479","臺北市大安區金山南路2段138號2樓",,,
"480","臺北市大安區信義路4段398號1、2樓",,,
"481","臺北市松山區民生東路5段69巷2之3號2樓之3",,,
"482","臺北市大安區復興南路2段327之2號",,,
"483","臺北市中正區衡陽路7號11樓",,,
"484","臺北市大安區信義路2段72號地下",,,
"485","臺北市大安區光復南路72巷73號4樓",,,
"486","臺北市信義區基隆路2段23號5樓之1",,,
"487","臺北市松山區八德路3段2號12樓",,,
"488","臺北市松山區南京東路5段58號2樓",,,
"489","臺北市內湖區成功路5段460號11樓",,,
"490","臺北市大安區光復南路72巷73號4樓",,,
"491","臺北市中正區連雲街26巷24之2號4樓",,,
"492","臺北市文山區興隆路2段224之3號",,,
"493","臺北市南港區舊莊街1段3巷30號2樓之5",,,
"494","臺北市大同區甘谷街24號4樓",,,
"495","臺北市內湖區內湖路1段120巷21號8樓",,,
"496","臺北市中正區北平東路20號5樓之1",,,
"497","臺北市中山區長春路326號",,,
"498","臺北市大安區敦化南路2段207號16樓",,,
"499","臺北市中山區中山北路1段92號8樓之1",,,
"500","臺北市中正區重慶南路1段75號6樓",,,
"501","臺北市中山區南京東路2段137號14樓",,,
"502","臺北市北投區中央北路1段40號",,,
"503","臺北市中山區南京東路3段26號4樓",,,
"504","臺北市大安區信義路4段315號11樓",,,
"505","臺北市中正區忠孝西路1段33號7樓",,,
"506","臺北市大安區信義路4段65號5樓",,,
"507","臺北市文山區興隆路4段145巷83弄8號5樓",,,
"508","臺北市大安區建國南路1段313號4樓",,,
"509","臺北市信義區吳興街106巷9號7樓",,,
"510","臺北市中山區民生東路2段83之17號",,,
"511","臺北市大同區甘谷街24號4樓",,,
"512","臺北市內湖區內湖路1段91巷23弄8號1樓",,,
"513","臺北市松山區南京東路4段133巷7弄23號1樓",,,
"514","臺北市內湖區洲子街183號2樓",,,
"515","臺北市士林區承德路4段237號9樓",,,
"516","臺北市大安區東豐街40號3樓",,,
"517","臺北市松山區長春路492號4樓",,,
"518","臺北市中正區新生南路1段50之2號5樓",,,
"519","臺北市松山區八德路4段286號4樓",,,
"520","臺北市大安區復興南路1段89號4樓",,,
"521","臺北市大安區延吉街160巷5之1號4樓",,,
"522","臺北市北投區行義路130巷10之2號3樓",,,
"523","臺北市中山區錦州街46號12樓之3",,,
"524","臺北市中正區八德路1段46號9樓",,,
"525","臺北市信義區基隆路1段143號11樓之4",,,
"526","臺北市松山區八德路2段374號12樓之2",,,
"527","臺北市松山區民族東路767之1號1樓",,,
"528","臺北市內湖區新湖三路237號5樓",,,
"529","臺北市大安區新生南路3段84之2號",,,
"530","臺北市信義區基隆路1段147巷5弄46號1樓",,,
"531","臺北市中正區漢口街1段45號6樓",,,
"532","臺北市內湖區堤頂大道2段285號10樓",,,
"533","臺北市中山區長安東路2段72號2樓",,,
"534","臺北市文山區和興路69號",,,
"535","臺北市大安區忠孝東路4段169號5樓之5",,,
"536","臺北市松山區八德路4段678號7樓",,,
"537","臺北市士林區中山北路6段172巷16弄2號4樓之6",,,
"538","臺北市松山區復興北路337號6樓",,,
"539","臺北市大安區復興南路2段137號",,,
"540","臺北市中正區博愛路60號5樓",,,
"541","臺北市中山區南京東路2段101號11樓",,,
"542","臺北市中山區民權東路2段46號5樓之2",,,
"543","臺北市萬華區萬大路323號7樓",,,
"544","臺北市萬華區西園路2段261巷12弄42號12樓",,,
"545","臺北市中山區南京東路2段20號11樓之1",,,
"546","臺北市中山區農安街227巷3弄16號7樓",,,
"547","臺北市大安區光復南路578號7樓之1",,,
"548","臺北市中山區建國北路2段1號6樓及6樓之1",,,
"549","臺北市南港區重陽路223號3樓",,,
"550","臺北市文山區興隆路2段153巷4弄1號1樓",,,
"551","臺北市中山區吉林路200巷13號",,,
"552","臺北市中山區合江街188巷7號1樓",,,
"553","臺北市士林區磺溪街55巷17號2樓",,,
"554","臺北市大同區重慶北路1段22號11樓之1",,,
"555","臺北市中正區南昌路2段81號8樓",,,
"556","臺北市中山區吉林路12之3號5樓之2",,,
"557","臺北市內湖區民權東路6段180巷6樓6號之5",,,
"558","臺北市文山區木柵路3段48巷1弄7號3樓",,,
"559","臺北市士林區承德路4段198號3樓",,,
"560","臺北市中山區新生北路1段108-3號4樓之11",,,
"561","臺北市信義區松山路651號5樓",,,
"562","臺北市信義區忠孝東路5段482號2樓",,,
"563","臺北市信義區信義路5段5號",,,
"564","臺北市大安區和平東路2段175巷15弄12號",,,
"565","臺北市松山區南京東路4段170號2樓之3",,,
"566","臺北市松山區民權東路3段104號3樓",,,
"567","臺北市中正區羅斯福路2段150號15樓之3",,,
"568","臺北市中正區忠孝西路1段7號6樓之1",,,
"569","臺北市大同區迪化街1段32巷32號",,,
"570","臺北市中正區重慶南路1段57號11樓之4",,,
"571","臺北市中山區新生北路2段129-2號7樓",,,
"572","臺北市中正區羅斯福路2段150號12樓之4",,,
"573","臺北市信義區忠孝東路5段524巷4號3樓",,,
"574","臺北市信義區松隆路7號（1樓）",,,
"575","臺北市松山區南京東路3段346之1號4樓",,,
"576","臺北市內湖區民權東路6段146號5樓之24",,,
"577","臺北市信義區信義路5段109號7樓之8",,,
"578","臺北市大安區信義路4段250號5樓之1",,,
"579","臺北市萬華區南寧路22巷2號",,,
"580","臺北市大安區永康街9-1號",,,
"581","臺北市文山區試院路154巷3弄1號2樓",,,
"582","臺北市中山區撫順街8號2樓",,,
"583","臺北市萬華區西寧南路11號10樓之2",,,
"584","臺北市大安區忠孝東路4段250號11樓之3",,,
"585","臺北市內湖區內湖路1段66號10樓",,,
"586","臺北市萬華區和平西路3段368號",,,
"587","臺北市北投區西安街2段275巷10號",,,
"588","臺北市北投區珠海路18號2樓",,,
"589","臺北市信義區基隆路1段159號7樓之2",,,
"590","臺北市大安區信義路3段200號8樓之1",,,
"591","臺北市內湖區內湖路1段351巷18號1樓",,,
"592","臺北市大安區敦化南路1段376號6樓之1",,,
"593","臺北市萬華區成都路135號6樓之1",,,
"594","臺北市北投區中和街366號14樓之1",,,
"595","臺北市大安區延吉街256-1號1樓",,,
"596","臺北市松山區南京東路4段52巷19號3樓",,,
"597","臺北市大安區仁愛路4段122巷63號3樓",,,
"598","臺北市中正區羅斯福路2段126號2樓之1",,,
"599","臺北市中山區八德路2段245號12樓之4",,,
"600","臺北市內湖區內湖路1段68號10樓",,,
"601","臺北市士林區承德路4段120號11樓",,,
"602","臺北市松山區復興北路369號4樓",,,
"603","臺北市松山區八德路2段366巷13弄4號4樓",,,
"604","臺北市文山區羅斯福路5段125號4樓",,,
"605","臺北市大安區忠孝東路4段233號8樓之7",,,
"606","臺北市中正區重慶南路２段５９號９樓之２",,,
"607","臺北市松山區復興北路467號1樓",,,
"608","臺北市大同區重慶北路3段296巷7-1號4樓",,,
"609","臺北市信義區忠孝東路5段1之1號10樓",,,
"610","臺北市南港區三重路19之13號4樓",,,
"611","臺北市中山區復興北路７０號１１樓之１",,,
"612","臺北市中山區南京東路2段20號11樓之1",,,
"613","臺北市中山區長安東路2段81號10樓",,,
"614","臺北市內湖區潭美街543號3樓",,,
"615","臺北市中正區衡陽路５１號１１樓之１",,,
"616","臺北市中山區民生東路2段93巷20號1樓",,,
"617","臺北市中山區松江路133巷50號3樓之4",,,
"618","臺北市中山區長安東路２段１７８號４樓之４",,,
"619","臺北市中山區復興北路514巷41號",,,
"620","臺北市大安區安和路２段１６３號３樓",,,
"621","臺北市松山區南京東路５段２００號１２樓之６",,,
"622","臺北市中正區重慶南路1段57號14樓之9",,,
"623","臺北市大同區市民大道1段211號10樓之13",,,
"624","臺北市中山區長春路65號10樓之1",,,
"625","臺北市中山區中山北路3段30號10樓",,,
"626","臺北市信義區忠孝東路５段２４６號１１樓",,,
"627","臺北市松山區民生東路5段36巷6弄13號",,,
"628","臺北市萬華區成都路８１號７樓之２",,,
"629","臺北市信義區松仁路253巷3弄8號2樓",,,
"630","臺北市中山區松江路330巷62號1樓",,,
"631","臺北市大安區大安路1段199號",,,
"632","臺北市中山區松江路200號8樓",,,
"633","臺北市中山區長春路26號5樓之7",,,
"634","臺北市中山區民生西路１６號１１樓之９",,,
"635","臺北市內湖區民權東路６段１２３巷１８號２樓之１",,,
"636","臺北市內湖區內湖路2段183號",,,
"637","臺北市文山區育英街2巷4號2樓",,,
"638","臺北市大安區忠孝東路4段112號12樓之13",,,
"639","臺北市松山區民生東路5段151號15樓之15",,,
"640","臺北市大安區復興南路2段307號1樓",,,
"641","臺北市中山區長春路220號6樓之3",,,
"642","臺北市大同區鄭州路119號2樓之3",,,
"643","臺北市大安區復興南路2段237號13樓",,,
"644","臺北市北投區公館路23號",,,
"645","臺北市萬華區長沙街2段62號7樓",,,
"646","臺北市大安區羅斯福路３段１７１號５樓之１",,,
"647","臺北市大安區忠孝東路4段176-1號12樓",,,
"648","臺北市萬華區東園街66巷21弄19號5樓",,,
"649","臺北市大安區和平東路2段18巷17號2樓",,,
"650","臺北市中山區民權東路3段35號11樓",,,
"651","臺北市萬華區中華路2段364巷24弄38號1樓",,,
"652","臺北市信義區松德路65號11樓之2",,,
"653","臺北市中山區松江路289之808號",,,
"654","臺北市松山區吉祥路23號",,,
"655","臺北市中山區大直街52巷20號",,,
"656","臺北市大安區基隆路2段249號1樓",,,
"657","臺北市大安區辛亥路2段167號",,,
"658","臺北市中山區復興北路66號4樓",,,
"659","臺北市萬華區西園路2段281巷18號1樓",,,
"660","臺北市士林區中正路５０３號１６樓",,,
"661","臺北市大同區太原路９７巷４０號",,,
"662","臺北市文山區木柵路1段66之7號1樓",,,
"663","臺北市大安區泰順街54巷9號",,,
"664","臺北市松山區八德路2段399號2樓之8",,,
"665","臺北市中山區長安東路2段169號7樓之2",,,
"666","臺北市信義區莊敬路２８９巷１７號４樓",,,
"667","臺北市中山區復興北路92號10樓之1",,,
"668","臺北市中正區忠孝西路１段７２號６樓之１",,,
"669","臺北市松山區復興北路179號12樓之8",,,
"670","臺北市文山區興隆路4段114號",,,
"671","臺北市大同區錦西街５２巷９號１樓",,,
"672","臺北市大同區承德路3段304號2樓",,,
"673","臺北市中山區復興北路434號1樓",,,
"674","臺北市內湖區港華街133號9樓",,,
"675","臺北市中山區中山北路２段３９巷２號４樓",,,
"676","臺北市中山區復興北路48號5樓",,,
"677","臺北市中山區新生北路2段133巷12號1樓",,,
"678","臺北市中正區寧波西街69號2樓",,,
"679","臺北市信義區基隆路1段68號",,,
"680","臺北市大同區民權西路136號14樓之6",,,
"681","臺北市信義區信義路４段３７５號４樓之２",,,
"682","臺北市松山區民權東路3段191巷1弄8號1樓",,,
"683","臺北市大安區信義路３段１７０號２樓",,,
"684","臺北市大安區安和路１段７０號５樓",,,
"685","臺北市中山區長安東路2段162之1號8樓之3",,,
"686","臺北市信義區基隆路1段159號6樓",,,
"687","臺北市文山區興隆路4段72號2樓之7",,,
"688","臺北市大安區羅斯福路2段79號5樓之2",,,
"689","臺北市中山區中山北路２段１３７巷３７號２樓",,,
"690","臺北市大安區臥龍街195巷1號",,,
"691","臺北市松山區敦化北路３０３號３樓之８",,,
"692","臺北市大同區寧夏路１３０號１樓",,,
"693","臺北市中山區長春路40號10樓之9",,,
"694","臺北市中山區龍江路2之6號",,,
"695","臺北市大安區復興南路１段３１８號５樓之１",,,
"696","臺北市中山區松江路226巷16-3號1樓",,,
"697","臺北市大同區重慶北路3段335巷43號2樓",,,
"698","臺北市松山區復興北路167號12樓之1",,,
"699","臺北市內湖區民權東路6段180巷6號9樓之21",,,
"700","臺北市大安區仁愛路3段43號4樓",,,
"701","臺北市中山區中山北路2段112號14樓之4",,,
"702","臺北市信義區基隆路1段420號12樓之4",,,
"703","臺北市中山區長安東路2段31號4樓之6",,,
"704","臺北市中山區新生北路1段82號2樓",,,
"705","臺北市萬華區萬大路618巷40號",,,
"706","臺北市大安區光復南路632號3樓",,,
"707","臺北市中山區渭水路38號2樓",,,
"708","臺北市松山區八德路2段374號9樓",,,
"709","臺北市中山區中原街１１６號",,,
"710","臺北市中山區復興北路2號11樓之5",,,
"711","臺北市大同區環河北路1段73號4樓之3",,,
"712","臺北市中山區林森北路85巷26號3樓",,,
"713","臺北市松山區東興路8號8樓",,,
"714","臺北市信義區信義路5段7號37樓、57樓之1",,,
"715","臺北市松山區光復北路１４１號２樓",,,
"716","臺北市中山區松江路220號10樓之3",,,
"717","臺北市士林區承德路4段292巷9號",,,
"718","臺北市中山區新生北路2段60巷2號7樓之5",,,
"719","臺北市中正區羅斯福路1段9巷2弄14號1樓",,,
"720","臺北市松山區八德路4段299號3樓",,,
"721","臺北市中山區雙城街46巷17號5樓之5",,,
"722","臺北市中正區林森北路9巷9號5樓之3",,,
"723","臺北市中山區民生東路1段42號11樓之11",,,
"724","臺北市信義區吳興街１１８巷２５弄１號５樓",,,
"725","臺北市中山區松江路220號6樓之2",,,
"726","臺北市大同區重慶北路3段223巷33號",,,
"727","臺北市中山區龍江路２３８之１號",,,
"728","臺北市中正區忠孝東路2段100號8樓",,,
"729","臺北市大安區敦化南路1段233巷62號1樓",,,
"730","臺北市信義區松山路479號2樓",,,
"731","臺北市內湖區成功路2段328號13樓之2",,,
"732","臺北市內湖區新明路460巷12號1樓",,,
"733","臺北市中山區南京東路3段101號7樓",,,
"734","臺北市中正區徐州路4號6樓之1",,,
"735","臺北市北投區中華街10號3樓",,,
"736","臺北市文山區萬壽路16巷6號",,,
"737","臺北市大安區忠孝東路４段２３５號１０樓",,,
"738","臺北市中山區建國北路3段113巷19弄13號1樓",,,
"739","臺北市松山區光復南路57巷9號1樓",,,
"740","臺北市中正區辛亥路1段1號7樓之1",,,
"741","臺北市南港區昆陽街156之1號1樓",,,
"742","臺北市中山區長安東路1段52之1號4樓之1",,,
"743","臺北市萬華區萬大路187巷3弄9號",,,
"744","臺北市信義區基隆路2段39巷30號1樓",,,
"745","臺北市中山區長安東路２段８１號１２樓之１",,,
"746","臺北市信義區忠孝東路5段1之2號12樓",,,
"747","臺北市大安區和平東路１段２１６號６樓之２",,,
"748","臺北市大同區雙連街39巷6號1樓",,,
"749","臺北市中正區羅斯福路４段１６２號８樓",,,
"750","臺北市中山區松江路２６８號５樓",,,
"751","臺北市中山區長安西路6號4樓",,,
"752","臺北市士林區中山北路5段547號2樓",,,
"753","臺北市松山區敦化北路167號17樓",,,
"754","臺北市南港區新民街101號",,,
"755","臺北市內湖區成功路4段167巷10弄4號1樓",,,
"756","臺北市松山區南京東路5段63號9樓",,,
"757","臺北市松山區敦化北路244巷27號2樓",,,
"758","臺北市大安區忠孝東路３段２２９之５號３樓",,,
"759","臺北市信義區基隆路2段48號11樓",,,
"760","臺北市信義區基隆路２段１２５號８樓之３",,,
"761","臺北市內湖區內湖路1段437巷4弄1號",,,
"762","臺北市中山區松江路226巷10之1號",,,
"763","臺北市大安區仁愛路4段112巷3弄2號2樓",,,
"764","臺北市士林區中正路５０１號１６樓",,,
"765","臺北市松山區南京東路５段６６巷２０號１樓",,,
"766","臺北市大安區新生南路３段１０２號３樓",,,
"767","臺北市中正區博愛路25號9樓",,,
"768","臺北市松山區復興北路333號11樓之4",,,
"769","臺北市大同區貴德街47-3號",,,
"770","臺北市信義區松仁路260號2樓之1",,,
"771","臺北市中正區愛國東路22號9樓之1",,,
"772","臺北市中山區南京東路2段172號5樓",,,
"773","臺北市中山區中原街11號2樓",,,
"774","臺北市大同區迪化街2段295之4號1樓",,,
"775","臺北市中正區開封街1段2號7樓之6",,,
"776","臺北市大安區信義路4段6號6樓",,,
"777","臺北市中山區建國北路2段262號2樓",,,
"778","臺北市信義區基隆路2段167巷5之1號1樓",,,
"779","臺北市信義區忠孝東路5段1之1號11樓",,,
"780","臺北市內湖區港墘路２２１巷４１號１樓",,,
"781","臺北市內湖區內湖路1段323巷21弄32號",,,
"782","臺北市松山區南京東路4段1號9樓",,,
"783","臺北市士林區中山北路6段454號1樓",,,
"784","臺北市信義區信義路4段395巷6弄10號5樓之5",,,
"785","臺北市大安區仁愛路4段122巷63號4樓之2",,,
"786","臺北市中正區泉州街61號1樓",,,
"787","臺北市信義區基隆路1段333號11樓",,,
"788","臺北市中正區水源路６１號６樓之２",,,
"789","臺北市大安區安和路1段70號5樓",,,
"790","臺北市松山區民生東路４段５４號８樓之９",,,
"791","臺北市信義區忠孝東路5段1之1號10樓",,,
"792","臺北市中正區衡陽路7號8樓",,,
"793","臺北市大安區新生南路3段88號6樓之2",,,
"794","臺北市內湖區麗山街348巷25之1號4樓",,,
"795","臺北市大安區仁愛路4段27巷32號",,,
"796","臺北市士林區福港街262巷1弄6號1樓",,,
"797","臺北市中山區南京東路3段208號4樓",,,
"798","臺北市內湖區瑞光路358巷38弄36號10樓",,,
"799","臺北市南港區興中路68巷4號1樓",,,
"800","臺北市萬華區昆明街222號8樓",,,
"801","臺北市松山區南京東路4段133巷9弄2號1樓",,,
"802","臺北市萬華區西寧南路218號1樓",,,
"803","臺北市北投區尊賢街218巷23弄2號1樓",,,
"804","臺北市中正區青島東路7號5樓之1",,,
"805","臺北市中山區中山北路1段92號8樓之1",,,
"806","臺北市南港區忠孝東路6段185巷4弄7號",,,
"807","臺北市內湖區成功路3段89之1號5樓",,,
"808","臺北市中山區龍江路46巷2號",,,
"809","臺北市內湖區成功路4段201號",,,
"810","臺北市北投區溫泉路30巷12號1樓",,,
"811","臺北市文山區木柵路1段118號1樓",,,
"812","臺北市中正區忠孝西路1段50號25樓之7",,,
"813","臺北市大安區樂利路91號7樓",,,
"814","臺北市信義區信義路4段393號之5",,,
"815","臺北市松山區八德路4段760號7樓",,,
"816","臺北市中山區松江路51號8樓之1",,,
"817","臺北市文山區羅斯福路5段216之2號3樓",,,
"818","臺北市大安區建國南路2段9號11樓",,,
"819","臺北市信義區基隆路1段432號12樓之8",,,
"820","臺北市信義區富陽街44巷2號",,,
"821","臺北市士林區延平北路9段92巷1號",,,
"822","臺北市萬華區開封街2段12號13樓之6",,,
"823","臺北市中山區松江路26巷3號",,,
"824","臺北市大安區忠孝東路4段162號8樓之4",,,
"825","臺北市大安區忠孝東路3段217巷2弄13-1號2樓",,,
"826","臺北市中正區忠孝西路1段50號23樓之27",,,
"827","臺北市中正區信義路2段65號11樓",,,
"828","臺北市大安區杭州南路2段25巷13號",,,
"829","臺北市松山區光復北路100巷21號",,,
"830","臺北市大安區信義路4段6號6樓",,,
"831","臺北市大同區民生西路280號6樓之2",,,
"832","臺北市中山區長安東路2段52號8樓之2",,,
"833","臺北市中山區長安東路2段178號9樓之4",,,
"834","臺北市大安區羅斯福路3段261號10樓",,,
"835","臺北市中山區民生西路16號11樓之9",,,
"836","臺北市中正區忠孝西路1段50號12樓之19",,,
"837","臺北市中山區新生北路2段68巷13號8樓之3",,,
"838","臺北市中正區忠孝西路1段50號21樓之2",,,
"839","臺北市中山區吉林路247號7樓",,,
"840","臺北市中正區中山北路1段2號4樓之1",,,
"841","臺北市松山區復興北路331號4樓",,,
"842","臺北市信義區虎林街164巷58號1樓",,,
"843","臺北市中正區寧波西街83號1樓",,,
"844","臺北市大安區忠孝東路4段295號3樓",,,
"845","臺北市信義區信義路5段5號",,,
"846","臺北市中山區南京東路2段62號5樓",,,
"847","臺北市內湖區成功路4段30巷26號3樓",,,
"848","臺北市松山區復興北路1號13樓之1",,,
"849","臺北市松山區南京東路4段56號9樓之1",,,
"850","臺北市萬華區民和街28號2樓",,,
"851","臺北市信義區虎林街164巷58號1樓",,,
"852","臺北市中正區許昌街42-1號10樓",,,
"853","臺北市信義區忠孝東路5段1之1號12樓",,,
"854","臺北市中正區重慶南路1段13號10樓",,,
"855","臺北市大同區重慶北路1段112號1樓",,,
"856","臺北市文山區景福街54巷5弄18號1樓",,,
"857","臺北市大安區復興南路2段27號9樓之12",,,
"858","臺北市中山區長春路267號3樓",,,
"859","臺北市中山區民生東路2段119號6樓之3",,,
"860","臺北市中山區吉林路109號2樓",,,
"861","臺北市中山區松江路42號12樓之14",,,
"862","臺北市松山區敦化南路1段3號6樓之1",,,
"863","臺北市南港區舊莊街1段3巷12弄2號地下1層",,,
"864","臺北市大安區敦化南路2段5號7樓之4",,,
"865","臺北市大安區敦化南路2段76號17樓之1",,,
"866","臺北市中山區吉林路24號4樓之5",,,
"867","臺北市信義區忠孝東路5段1之5號6樓",,,
"868","臺北市大同區長安西路180號3樓",,,
"869","臺北市松山區南京東路4段197號4樓之2",,,
"870","臺北市中山區八德路2段318號4樓",,,
"871","臺北市中山區中山北路2段27巷4號3樓",,,
"872","臺北市中正區臨沂街25巷16號1樓",,,
"873","臺北市大同區重慶北路1段99號2樓",,,
"874","臺北市中山區中山北路1段126巷7號3樓",,,
"875","臺北市大安區臥龍街一號六樓之一",,,
"876","臺北市信義區松仁路101號",,,
"877","臺北市中正區林森北路5巷10之1號7樓",,,
"878","臺北市中正區中華路1段59號8樓之1",,,
"879","臺北市大安區忠孝東路4段142號6樓",,,
"880","臺北市中山區松江路8號10樓之10",,,
"881","臺北市中山區新生北路1段46號8樓",,,
"882","臺北市中正區汀州路3段104巷22號3樓",,,
"883","臺北市大安區敦化南路2段77號8樓之5",,,
"884","臺北市信義區中坡南路24號2樓",,,
"885","臺北市中正區汀州路3段83號",,,
"886","臺北市北投區懷德街46號9樓",,,
"887","臺北市大安區羅斯福路3段293號10樓之2",,,
"888","臺北市信義區基隆路2段15號5樓",,,
"889","臺北市中山區錦州街245號1樓",,,
"890","臺北市信義區光復南路417巷53號(1樓)",,,
"891","臺北市萬華區長順街107巷10號",,,
"892","臺北市中山區南京東路3段201號12樓",,,
"893","臺北市大同區民生西路240號9樓",,,
"894","臺北市中正區林森南路140號8樓之1",,,
"895","臺北市萬華區長沙街2段57號10樓",,,
"896","臺北市中山區長春路88號10樓之6",,,
"897","臺北市中山區中山北路2段27巷3-3號8樓",,,
"898","臺北市大同區民族西路42號",,,
"899","臺北市中山區建國北路2段137號9樓",,,
"900","臺北市中正區忠孝東路2段36號",,,
"901","臺北市大同區重慶北路3段88號11樓之1",,,
"902","臺北市信義區基隆路2段189號20樓之1",,,
"903","臺北市中正區臨沂街69巷16號",,,
"904","臺北市大安區忠孝東路3段217巷5弄17之3號4樓",,,
"905","臺北市信義區松隆路9巷36號",,,
"906","臺北市中山區長安東路2段131-1號131-2號",,,
"907","臺北市大安區忠孝東路4段295號3樓",,,
"908","臺北市中正區三元街160號1樓",,,
"909","臺北市萬華區漢口街2段20巷11號1樓",,,
"910","臺北市中山區南京東路2段178號5樓",,,
"911","臺北市南港區忠孝東路6段17號",,,
"912","臺北市大安區信義路2段130之1號4樓之3",,,
"913","臺北市萬華區興寧街66巷2號4樓",,,
"914","臺北市中山區吉林路298號2樓",,,
"915","臺北市中山區八德路2段210巷6號2樓",,,
"916","臺北市內湖區基湖路3巷9號4樓之2",,,
"917","臺北市中山區新生北路2段43號7樓之5",,,
"918","臺北市大安區羅斯福路2段41號12樓之3",,,
"919","臺北市士林區延平北路8段148號",,,
"920","臺北市大同區昌吉街99巷28號1樓",,,
"921","臺北市松山區八德路4段245巷32弄34號",,,
"922","臺北市中山區民生西路30號4樓之3",,,
"923","臺北市大同區重慶北路2段207號5樓之1",,,
"924","臺北市信義區莊敬路257號",,,
"925","臺北市中正區西藏路37號9樓",,,
"926","臺北市中正區重慶南路1段57號9樓之17",,,
"927","臺北市士林區承德路4段6巷11號",,,
"928","臺北市中正區忠孝西路1段50號18樓之14",,,
"929","臺北市內湖區新明路460巷12號",,,
"930","臺北市文山區下崙路11巷31號地下之3",,,
"931","臺北市中山區吉林路230號",,,
"932","臺北市大安區新生南路2段30巷21號",,,
"933","臺北市內湖區內湖路1段285巷59弄6號2樓",,,
"934","臺北市大安區忠孝東路3段242號",,,
"935","臺北市信義區基隆路1段172巷1號3樓",,,
"936","臺北市大安區光復南路412號11樓之1",,,
"937","臺北市內湖區瑞光路188巷48號3樓",,,
"938","臺北市中山區中山北路2段96巷29號1樓",,,
"939","臺北市松山區敦化北路207號11樓之2",,,
"940","臺北市大同區昌吉街99巷28號1樓",,,
"941","臺北市中山區中山北路2段59巷29弄10號1樓",,,
"942","臺北市內湖區瑞光路188巷58號7樓",,,
"943","臺北市大安區忠孝東路4段333號5樓之2",,,
"944","臺北市萬華區峨眉街100號4樓之5",,,
"945","臺北市大安區忠孝東路4段295號3樓",,,
"946","臺北市萬華區萬青街168號2樓",,,
"947","臺北市松山區八德路4段186號1樓",,,
"948","臺北市士林區天母西路40號",,,
"949","臺北市中正區和平西路1段55巷26號(1樓)",,,
"950","臺北市信義區林口街176號4樓之1",,,
"951","臺北市中山區德惠街93號",,,
"952","臺北市大同區太原路155號4樓之8",,,
"953","臺北市中正區中華路1段59號7樓",,,
"954","臺北市信義區嘉興街127巷2號",,,
"955","臺北市信義區吳興街370號，372號",,,
"956","臺北市大安區辛亥路1段34巷5號1樓",,,
"957","臺北市松山區民生東路5段147號3樓",,,
"958","臺北市大同區迪化街2段370號",,,
"959","臺北市信義區文昌街316號11樓之11",,,
"960","臺北市大安區忠孝東路4段169號12樓之1",,,
"961","臺北市大同區酒泉街10巷11號1樓",,,
"962","臺北市大安區樂利路91號6樓",,,
"963","臺北市大安區信義路4段6號6樓",,,
"964","臺北市中山區長安東路2段80號8樓之4",,,
"965","臺北市大同區寧夏路84號8樓",,,
"966","臺北市內湖區內湖路1段66號10樓",,,
"967","臺北市內湖區瑞光路298號7樓",,,
"968","臺北市中正區南昌路2段142-1號6樓之1",,,
"969","臺北市北投區東華街1段22巷4弄9號2樓",,,
"970","臺北市中正區衡陽路36號4樓",,,
"971","臺北市大安區建國南路1段298號1樓",,,
"972","臺北市中山區龍江路238號2樓",,,
"973","臺北市文山區羅斯福路5段125號4樓",,,
"974","臺北市中正區漢口街1段85號4樓",,,
"975","臺北市大安區光復南路578號7樓之1",,,
"976","臺北市中山區長春路3巷13號",,,
"977","臺北市松山區光復南路17巷48號",,,
"978","臺北市中正區衡陽路36號8樓之1",,,
"979","臺北市大安區復興南路2段363號5樓",,,
"980","臺北市萬華區峨眉街123-3號",,,
"981","臺北市萬華區環河南路2段250巷13號5樓",,,
"982","臺北市中山區南京東路3段189號8樓",,,
"983","臺北市中正區忠孝西路1段41號11樓之9",,,
"984","臺北市中山區南京東路2段38號11樓",,,
"985","臺北市中山區合江街73巷10號7樓",,,
"986","臺北市松山區南京東路4段45號3樓",,,
"987","臺北市大安區新生南路3段84之1號2樓",,,
"988","臺北市北投區東華街1段360號5樓",,,
"989","臺北市中正區重慶南路1段49號4樓之1",,,
"990","臺北市中山區德惠街42號2樓",,,
"991","臺北市萬華區青年路152巷12號2樓之2",,,
"992","臺北市中正區忠孝東路2段100號8樓",,,
"993","臺北市大安區通化街165巷24弄6號1樓",,,
"994","臺北市信義區基隆路2段51號14樓",,,
"995","臺北市松山區南京東路4段93號12樓",,,
"996","臺北市中山區建國北路1段96號3樓之1",,,
"997","臺北市中山區南京東路1段16號4樓之6",,,
"998","臺北市士林區延平北路5段136巷27弄29號1樓",,,
"999","臺北市中正區忠孝西路1段33號7樓",,,
"1000","臺北市內湖區康樂街72巷17弄52號5樓",,,
"1001","臺北市南港區南深路17號8樓",,,
"1002","臺北市松山區八德路4段656號4樓",,,
"1003","臺北市中山區長春路328號4樓之6",,,
"1004","臺北市信義區忠孝東路5段474號10樓",,,
"1005","臺北市萬華區西園路2段281巷6弄16號1樓",,,
"1006","臺北市松山區敦化北路102號7樓",,,
"1007","臺北市中山區朱崙街45號1樓",,,
"1008","臺北市中正區懷寧街35號6樓",,,
"1009","臺北市大安區復興南路1段243號6樓",,,
"1010","臺北市中山區南京東路2段76號4樓",,,
"1011","臺北市大同區南京西路163號2樓之52",,,
"1012","臺北市信義區忠孝東路5段1之6號10樓",,,
"1013","臺北市中正區忠孝東路1段76號3樓之4",,,
"1014","臺北市中山區吉林路161巷31號1樓",,,
"1015","臺北市松山區南京東路4段93號12樓",,,
"1016","臺北市中山區林森北路85巷2號3樓",,,
"1017","臺北市士林區延平北路5段257巷37號1樓",,,
"1018","臺北市大安區忠孝東路4段221號10樓",,,
"1019","臺北市內湖區民權東路6段212號7樓之2",,,
"1020","臺北市信義區忠孝東路5段508號20樓",,,
"1021","臺北市萬華區東園街35巷62號",,,
"1022","臺北市中山區中山北路2段112號8樓之2",,,
"1023","臺北市大安區建安里忠孝東路4段169號6樓之1",,,
"1024","臺北市中山區天祥路57號7樓",,,
"1025","臺北市大安區樂利路72巷21號",,,
"1026","臺北市中正區水源路51號3樓",,,
"1027","臺北市大安區敦化南路2段57號4樓之4",,,
"1028","臺北市大安區安居街89號3樓",,,
"1029","臺北市大安區忠孝東路4段216巷30號",,,
"1030","臺北市中山區長春路348之6號4樓",,,
"1031","臺北市大安區忠孝東路4段169號12樓之1",,,
"1032","臺北市中山區復興北路66號4樓之1",,,
"1033","臺北市信義區忠孝東路4段560號10樓之2",,,
"1034","臺北市中正區林森北路9巷20號1樓",,,
"1035","臺北市大安區忠孝東路3段184號11樓",,,
"1036","臺北市中山區復興北路514巷65號2樓",,,
"1037","臺北市中山區中山北路3段27號10樓",,,
"1038","臺北市萬華區中華路2段336號5樓之34",,,
"1039","臺北市中正區重慶南路1段13號8樓",,,
"1040","臺北市大安區敦化南路2段164號10樓之3",,,
"1041","臺北市信義區中坡南路12巷8號3樓",,,
"1042","臺北市大安區忠孝東路4段295號3樓",,,
"1043","臺北市中山區中山北路2段99號10樓之1",,,
"1044","臺北市內湖區內湖路1段66號10樓",,,
"1045","臺北市內湖區內湖路1段66號10樓",,,
"1046","臺北市松山區新中街52號",,,
"1047","臺北市大安區和平東路3段1巷78號",,,
"1048","臺北市中山區新生北路2段31之1號5樓之3",,,
"1049","臺北市內湖區文湖街6號2樓",,,
"1050","臺北市中正區寧波西街85-1號3樓",,,
"1051","臺北市士林區文林路681巷3號2樓",,,
"1052","臺北市中山區敬業一路139號4樓之6",,,
"1053","臺北市北投區中央北路1段40號",,,
"1054","臺北市內湖區潭美街337號",,,
"1055","臺北市中山區長春路237號1樓",,,
"1056","臺北市中山區民權西路11號12樓之2",,,
"1057","臺北市大安區和平東路1段8號5樓",,,
"1058","臺北市中山區松江路289-408號",,,
"1059","臺北市中山區農安街24之4號2樓之1",,,
"1060","臺北市士林區中山北路7段38巷12弄4之3號2樓",,,
"1061","臺北市松山區南京東路4段171號5樓",,,
"1062","臺北市內湖區文德路210巷30弄6號6樓之3",,,
"1063","臺北市中正區懷寧街35號6樓",,,
"1064","臺北市中山區新生北路1段76巷19號",,,
"1065","臺北市中山區松江路289-602號",,,
"1066","臺北市大安區杭州南路2段29之5號3樓",,,
"1067","臺北市中山區復興北路420號7樓",,,
"1068","臺北市中正區詔安街220巷5號",,,
"1069","臺北市中山區復興北路48號3樓",,,
"1070","臺北市大同區長安西路180號3樓",,,
"1071","臺北市中山區建國北路2段86號10樓",,,
"1072","臺北市內湖區民權東路6段150之5號8樓之1",,,
"1073","臺北市文山區景後街145號3樓",,,
"1074","臺北市南港區興南街52巷22號3樓",,,
"1075","臺北市松山區復興南路1段57號2樓之1",,,
"1076","臺北市中山區中山北路2段155號6樓",,,
"1077","臺北市大安區仁愛路3段9號3樓",,,
"1078","臺北市大安區仁愛路3段28號9樓之2",,,
"1079","臺北市內湖區成功路4段182巷6弄43號8樓之3",,,
"1080","臺北市北投區大業路529號7樓之3",,,
"1081","臺北市信義區忠孝東路5段1-1號12樓",,,
"1082","臺北市中山區松江路5號2樓",,,
"1083","臺北市大安區四維路170巷34號1樓",,,
"1084","臺北市中正區同安街41號2樓",,,
"1085","臺北市信義區光復南路495號1樓",,,
"1086","臺北市大安區信義路4段265巷12弄1號5樓",,,
"1087","臺北市中正區南昌路1段54巷18號",,,
"1088","臺北市大安區敦化南路2段164號6樓之3",,,
"1089","臺北市信義區信義路6段76巷8弄64號3樓",,,
"1090","臺北市內湖區民權東路6段163巷29弄12號",,,
"1091","臺北市中山區民權東路2段23號3樓",,,
"1092","臺北市中正區忠孝東路2段100號5樓、5樓之1",,,
"1093","臺北市信義區松德路10號7樓",,,
"1094","臺北市中山區中山北路2段108號5樓",,,
"1095","臺北市中正區衡陽路108號9樓之2",,,
"1096","臺北市松山區八德路2段174巷9弄12號1樓",,,
"1097","臺北市北投區榮華一路3之1號地下一樓",,,
"1098","臺北市中山區松江路185號10樓",,,
"1099","臺北市松山區敦化北路102號7樓",,,
"1100","臺北市大安區羅斯福路3段301號4樓之2",,,
"1101","臺北市大安區忠孝東路4段169號12樓之1",,,
"1102","臺北市大安區信義路4段6號17樓之8",,,
"1103","臺北市信義區信義路4段375號5樓之6",,,
"1104","臺北市松山區南京東路4段130號10樓",,,
"1105","臺北市信義區基隆路1段163號7樓之3",,,
"1106","臺北市大安區忠孝東路3段217巷2弄13-1號2樓",,,
"1107","臺北市大安區忠孝東路4段169號6樓之1",,,
"1108","臺北市大安區忠孝東路4段169號12樓之1",,,
"1109","臺北市大安區瑞安街194號",,,
"1110","臺北市大安區忠孝東路4段230號6樓",,,
"1111","臺北市信義區松山路274號4樓",,,
"1112","臺北市松山區南京東路4段171號6樓之1",,,
"1113","臺北市中山區南京東路2段174號8樓",,,
"1114","臺北市信義區基隆路1段398號10樓",,,
"1115","臺北市中山區南京東路1段52號4樓",,,
"1116","臺北市大安區羅斯福路2段95號18樓",,,
"1117","臺北市大安區忠孝東路4段15號11樓",,,
"1118","臺北市文山區興隆路1段161號4樓",,,
"1119","臺北市中山區民生東路2段141號11樓",,,
"1120","臺北市文山區試院路4巷1-1號1樓",,,
"1121","臺北市中正區八德路1段46號9樓",,,
"1122","臺北市大同區民族西路169巷20號1樓",,,
"1123","臺北市中正區許昌街42-1號10樓",,,
"1124","臺北市萬華區柳州街6號4樓",,,
"1125","臺北市中正區杭州南路1段71巷15號1樓",,,
"1126","臺北市大安區信義路4段96號7樓",,,
"1127","臺北市中正區忠孝西路1段66號28樓",,,
"1128","臺北市萬華區和平西路3段384號6樓之6",,,
"1129","臺北市中山區松江路185號11樓之2",,,
"1130","臺北市松山區南京東路4段168號170號",,,
"1131","臺北市中山區龍江路76巷22號2樓",,,
"1132","臺北市中正區紹興北街8號5樓之3",,,
"1133","臺北市中正區臨沂街51號",,,
"1134","臺北市信義區光復南路421巷2弄8號1樓",,,
"1135","臺北市中正區忠孝西路1段45號12號之6",,,
"1136","臺北市北投區尊賢街235號1樓",,,
"1137","臺北市中正區紹興北街31巷6號7樓之2",,,
"1138","臺北市萬華區大理街157號",,,
"1139","臺北市松山區敦化北路3號(177A室)",,,
"1140","臺北市中正區館前路20號11樓",,,
"1141","臺北市信義區基隆路2段189號21樓之1",,,
"1142","臺北市大安區通化街38巷10-5號",,,
"1143","臺北市大安區大安路1段202號7樓",,,
"1144","臺北市信義區虎林街202巷10號1樓",,,
"1145","臺北市大安區和平東路1段16號7樓",,,
"1146","臺北市中山區新生北路1段108號12樓之2",,,
"1147","臺北市信義區松仁路36號8樓之1",,,
"1148","臺北市中山區中山北路3段39號11樓之6",,,
"1149","臺北市中山區龍江路147號2樓之5",,,
"1150","臺北市南港區忠孝東路6段17號",,,
"1151","臺北市大安區羅斯福路3段325號之3",,,
"1152","臺北市萬華區大理街27號1樓",,,
"1153","臺北市文山區興隆路4段29巷2弄31號2樓",,,
"1154","臺北市中正區杭州南路1段6巷6號(1樓)",,,
"1155","臺北市信義區東興路45號9樓",,,
"1156","臺北市信義區松智路1號10樓",,,
"1157","臺北市中山區民權西路35號12樓之3",,,
"1158","臺北市大安區和平東路1段16號7樓",,,
"1159","臺北市中山區民生東路2段141號11樓",,,
"1160","臺北市中正區中華路1段59號9樓",,,
"1161","臺北市大安區忠孝東路3段247之1號8樓",,,
"1162","臺北市內湖區港墘路155巷1號2樓",,,
"1163","臺北市大同區民權西路136號7樓之11",,,
"1164","臺北市松山區復興北路367號8樓",,,
"1165","臺北市萬華區西園路2段155號11樓",,,
"1166","臺北市萬華區萬大路90巷7號2樓",,,
"1167","臺北市中山區建國北路2段3巷15號6樓之3",,,
"1168","臺北市中山區新生北路2段76巷21號4樓",,,
"1169","臺北市北投區中央北路2段237巷1號1樓",,,
"1170","臺北市大安區敦化南路1段376號2樓",,,
"1171","臺北市中山區南京東路2段53號7樓",,,
"1172","臺北市大同區重慶北路1段83巷20號4樓",,,
"1173","臺北市大安區忠孝東路4段276號9樓",,,
"1174","臺北市信義區基隆路1段200號4樓",,,
"1175","臺北市信義區基隆路1段155號7樓",,,
"1176","臺北市大同區延平北路2段202號4樓之3",,,
"1177","臺北市中正區忠孝東路2段100號3樓之2",,,
"1178","臺北市中山區龍江路93號3樓",,,
"1179","臺北市中山區吉林路150號6樓之10",,,
"1180","臺北市大安區忠孝東路3段239號5樓",,,
"1181","臺北市松山區南京東路4段152號10樓",,,
"1182","臺北市中山區南京東路3段197號6樓",,,
"1183","臺北市萬華區艋舺大道120巷11弄15號",,,
"1184","臺北市士林區社子街63巷1號1樓",,,
"1185","臺北市松山區南京東路3段256巷20弄5號1樓",,,
"1186","臺北市大安區羅斯福路3段77號10樓",,,
"1187","臺北市松山區敦化北路260號2樓",,,
"1188","臺北市大安區新生南路3段96之5號3樓",,,
"1189","臺北市中正區忠孝東路1段152號10樓之1",,,
"1190","臺北市南港區成功路1段94巷2弄6號",,,
"1191","臺北市內湖區瑞光路583巷30號7樓、32號7樓",,,
"1192","臺北市大安區樂利路31號2樓",,,
"1193","臺北市士林區延平北路6段116巷15弄4號3樓",,,
"1194","臺北市中山區松江路200號12樓之3",,,
"1195","臺北市大安區忠孝東路4段112號12樓之13",,,
"1196","臺北市松山區光復南路57巷9號1樓",,,
"1197","臺北市松山區八德路4段602號9樓之1",,,
"1198","臺北市中山區中山北路3段30號10樓",,,
"1199","臺北市大安區安和路2段5號3樓",,,
"1200","臺北市中山區松江路71號9樓之1",,,
"1201","臺北市大安區忠孝東路4段155號4樓之3",,,
"1202","臺北市中山區伊通街87巷6號1樓",,,
"1203","臺北市南港區南港路3段212號",,,
"1204","臺北市大安區信義路4段6號6樓",,,
"1205","臺北市中正區紹興北街35號4樓之6",,,
"1206","臺北市中山區明水路581巷46號13樓",,,
"1207","臺北市信義區基隆路1段155號7樓",,,
"1208","臺北市中山區民生東路2段149號7樓",,,
"1209","臺北市松山區八德路3段27號10樓",,,
"1210","臺北市大安區和平東路1段16號7樓",,,
"1211","臺北市士林區後港街96號7樓",,,
"1212","臺北市松山區八德路4段106巷2弄13號",,,
"1213","臺北市中正區武昌街1段77號6樓之9",,,
"1214","臺北市大安區復興南路2段13號12樓",,,
"1215","臺北市中山區民族東路410巷23弄20號1樓",,,
"1216","臺北市中山區長安東路1段16號2樓之7",,,
"1217","臺北市中山區吉林路360號1樓",,,
"1218","臺北市松山區復興北路223號5樓",,,
"1219","臺北市北投區實踐街82巷8號",,,
"1220","臺北市松山區民生東路3段131號5樓",,,
"1221","臺北市中山區南京東路2段76號10樓",,,
"1222","臺北市信義區基隆路2段48號11樓",,,
"1223","臺北市萬華區西寧南路36-15號1樓",,,
"1224","臺北市大安區瑞安街256巷2號1樓",,,
"1225","臺北市文山區福興路106巷15號3樓",,,
"1226","臺北市大安區和平東路1段16號7樓",,,
"1227","臺北市中山區新生北路1段47巷35號1樓",,,
"1228","臺北市中山區農安街174號3樓",,,
"1229","臺北市大安區和平東路2段339號2樓",,,
"1230","臺北市信義區忠孝東路4段563號12樓",,,
"1231","臺北市中山區敬業一路128巷1號",,,
"1232","臺北市大同區長安西路180號3樓",,,
"1233","臺北市內湖區新明路460巷12號",,,
"1234","臺北市中山區吉林路24號6樓之1",,,
"1235","臺北市大安區忠孝東路3段303號6樓之6",,,
"1236","臺北市大安區忠孝東路4段333號12樓之3",,,
"1237","臺北市中山區合江街180巷7號1樓",,,
"1238","臺北市中山區新生北路3段62巷16號",,,
"1239","臺北市大安區樂業街41巷22號",,,
"1240","臺北市南港區玉成街46號6樓之1",,,
"1241","臺北市中正區和平西路1段66號12樓",,,
"1242","臺北市大安區敦化南路1段263號3樓",,,
"1243","臺北市中山區龍江路46巷2號",,,
"1244","臺北市大同區延平北路2段131之1號1樓",,,
"1245","臺北市信義區忠孝東路5段410號5樓",,,
"1246","臺北市大安區復興南路1段135巷15號6樓",,,
"1247","臺北市中正區羅斯福路2段14號2樓",,,
"1248","臺北市中正區羅斯福路2段14號2樓",,,
"1249","臺北市信義區基隆路1段155號7樓",,,
"1250","臺北市中正區忠孝西路1段33號7樓",,,
"1251","臺北市信義區光復南路495號",,,
"1252","臺北市中山區南京東路1段52號10樓",,,
"1253","臺北市中正區忠孝西路1段33號7樓",,,
"1254","臺北市北投區西安街1段313巷20號2樓",,,
"1255","臺北市大安區和平東路2段118巷54弄20號",,,
"1256","臺北市內湖區內湖路3段143巷10號",,,
"1257","臺北市松山區民生東路5段151號2樓之10",,,
"1258","臺北市大同區市民大道1段207號15樓之11",,,
"1259","臺北市中正區南昌路2段81號8樓",,,
"1260","臺北市士林區福志路99號4樓",,,
"1261","臺北市中山區新生北路2段31-1號12樓",,,
"1262","臺北市中山區敬業一路1號10樓",,,
"1263","臺北市中正區羅斯福路2段14號2樓",,,
"1264","臺北市中正區重慶南路1段10號9樓916室",,,
"1265","臺北市大同區鄭州路87號11樓之2",,,
"1266","臺北市萬華區西藏路170號2樓",,,
"1267","臺北市大安區羅斯福路3段273號7樓之1",,,
"1268","臺北市大安區忠孝東路4段148號8樓之6",,,
"1269","臺北市中山區松江路185號12樓之3",,,
"1270","臺北市中山區復興北路166號10樓",,,
"1271","臺北市信義區松德路65號11樓之1",,,
"1272","臺北市萬華區昆明街126號3樓",,,
"1273","臺北市中山區松江路80號10樓",,,
"1274","臺北市北投區大業路548號",,,
"1275","臺北市中正區重慶南路1段10號9樓",,,
"1276","臺北市中山區新生北路3段19巷26號1樓",,,
"1277","臺北市中山區南京東路3段189號4樓",,,
"1278","臺北市松山區延吉街20號2樓",,,
"1279","臺北市松山區八德路3段20號5樓之3",,,
"1280","臺北市大安區信義路3段106號10樓之1",,,
"1281","臺北市中山區松江路185號10樓",,,
"1282","臺北市中山區長安東路2段31號4樓",,,
"1283","臺北市大同區承德路2段81號16樓之2",,,
"1284","臺北市南港區研究院路2段70巷47弄10號5樓",,,
"1285","臺北市大安區復興南路2段293之3號9樓",,,
"1286","臺北市松山區八德路4段678號4樓之5",,,
"1287","臺北市信義區東興路39號9樓",,,
"1288","臺北市中正區忠孝東路1段152號10樓之4",,,
"1289","臺北市士林區福華路128巷3弄20號",,,
"1290","臺北市信義區基隆路1段155號10樓",,,
"1291","臺北市文山區羅斯福路5段218巷6弄10號",,,
"1292","臺北市信義區松德路202號1樓",,,
"1293","臺北市大安區忠孝東路4段142號8樓之10",,,
"1294","臺北市文山區木新路3段298號",,,
"1295","臺北市松山區八德路2段437巷6弄16號1樓",,,
"1296","臺北市松山區敦化北路170號3樓",,,
"1297","臺北市大安區和平東路2段175巷15弄12號",,,
"1298","臺北市士林區承德路4段80巷10之1號3樓",,,
"1299","臺北市大安區延吉街241巷2弄13號4樓",,,
"1300","臺北市中山區長安東路2段63號7樓之4",,,
"1301","臺北市信義區永吉路32號5樓之1",,,
"1302","臺北市松山區復興北路179號12樓之5",,,
"1303","臺北市松山區南京東路5段343號2樓之1",,,
"1304","臺北市中山區長安東路2段212號",,,
"1305","臺北市中山區新生北路3段7號12樓之5",,,
"1306","臺北市信義區基隆路2段189號20樓之1",,,
"1307","臺北市中正區中華路1段59號7樓",,,
"1308","臺北市內湖區瑞光路258巷56號6樓",,,
"1309","臺北市南港區重陽路470號2樓之1",,,
"1310","臺北市大安區基隆路2段136號6樓之2",,,
"1311","臺北市文山區保儀路119巷5號2樓",,,
"1312","臺北市松山區南京東路3段285號7樓",,,
"1313","臺北市信義區基隆路1段141號3樓之1",,,
"1314","臺北市中山區建國北路1段15號2樓",,,
"1315","臺北市信義區光復南路419號2樓",,,
"1316","臺北市信義區信義路4段415號14樓之1",,,
"1317","臺北市中山區南京東路2段137號14樓",,,
"1318","臺北市中山區長安東路2段189號3樓之5",,,
"1319","臺北市萬華區寶興街126巷5號2樓",,,
"1320","臺北市信義區基隆路1段143號8樓之6",,,
"1321","臺北市文山區木新路3段155巷3號1樓",,,
"1322","臺北市大同區承德路1段70號14樓",,,
"1323","臺北市中山區松江路26巷12號",,,
"1324","臺北市中山區中山北路1段83巷5號5樓之9",,,
"1325","臺北市大安區光復南路412號7樓之2",,,
"1326","臺北市士林區文林路432號2樓",,,
"1327","臺北市信義區忠孝東路5段1之8號2樓",,,
"1328","臺北市松山區南京東路5段71號3樓之2",,,
"1329","臺北市南港區新民街77號1樓",,,
"1330","臺北市信義區松德路12號6樓",,,
"1331","臺北市中正區重慶南路1段121號5樓之19",,,
"1332","臺北市大安區忠孝東路4段221號9樓",,,
"1333","臺北市大安區信義路4段258號4樓之2",,,
"1334","臺北市大安區光復南路180巷13號1樓",,,
"1335","臺北市信義區基隆路2段131之6號2樓",,,
"1336","臺北市中正區忠孝東路2段100號3樓之2",,,
"1337","臺北市中山區中山北路1段92號8樓之1",,,
"1338","臺北市中正區北平東路20之4號",,,
"1339","臺北市內湖區康寧路1段195巷3弄17號2樓",,,
"1340","臺北市松山區八德路4段106巷2弄13號",,,
"1341","臺北市信義區基隆路1段396號13樓之1",,,
"1342","臺北市中山區渭水路46號",,,
"1343","臺北市中正區館前路65號11樓",,,
"1344","臺北市中正區南昌路2段206號5樓之1",,,
"1345","臺北市南港區三重路19之6號2樓",,,
"1346","臺北市內湖區內湖路1段737巷36號3樓",,,
"1347","臺北市中山區復興北路448號6樓之7",,,
"1348","臺北市內湖區安泰街79巷5號3樓",,,
"1349","臺北市信義區福德街235號3樓",,,
"1350","臺北市大安區杭州南路2段25巷13號",,,
"1351","臺北市大安區復興南路1段380號4樓之5",,,
"1352","臺北市大安區敦化南路1段192號11樓之5",,,
"1353","臺北市大安區忠孝東路4段341號9樓之1",,,
"1354","臺北市大同區長安西路180號3樓",,,
"1355","臺北市大同區華陰街79號10樓之1",,,
"1356","臺北市北投區溫泉路65巷10號地下之1",,,
"1357","臺北市松山區南京東路4段164號12樓",,,
"1358","臺北市士林區德行西路36號3樓之12",,,
"1359","臺北市松山區南京東路4段197號9樓之1",,,
"1360","臺北市信義區信義路5段7號37樓",,,
"1361","臺北市中山區長春路100號8樓之8",,,
"1362","臺北市中山區復興北路48號3樓",,,
"1363","臺北市中正區漢口街1段35號4樓",,,
"1364","臺北市松山區復興北路101號5樓",,,
"1365","臺北市中正區八德路1段74號3樓",,,
"1366","臺北市內湖區行忠路28巷1號1樓",,,
"1367","臺北市中正區衡陽路36號4樓",,,
"1368","臺北市中山區中山北路2段93巷15號1樓",,,
"1369","臺北市中山區建國北路1段67巷21號",,,
"1370","臺北市中山區德惠街158號3樓",,,
"1371","臺北市中正區衡陽路51號10樓之13",,,
"1372","臺北市中山區中山北路2段45巷5號4樓",,,
"1373","臺北市信義區忠孝東路5段1之6號10樓",,,
"1374","臺北市大同區迪化街2段191巷10號",,,
"1375","臺北市南港區忠孝東路5段815號10樓之3",,,
"1376","臺北市中正區開封街1段94巷3號",,,
"1377","臺北市中正區博愛路60號8樓",,,
"1378","臺北市大安區文昌街278巷32號4樓",,,
"1379","臺北市中山區南京東路2段101號9樓",,,
"1380","臺北市中山區南京東路2段97號5樓",,,
"1381","臺北市信義區嘉興街175巷2弄8號",,,
"1382","臺北市中山區新生北路2段129-2號",,,
"1383","臺北市士林區後港街185號4樓",,,
"1384","臺北市信義區林口街10巷10號4樓",,,
"1385","臺北市大安區四維路198巷41號2樓之6",,,
"1386","臺北市大安區忠孝東路4段169號12樓之1",,,
"1387","臺北市中正區忠孝西路1段33號7樓",,,
"1388","臺北市萬華區雙和街110號3樓",,,
"1389","臺北市中山區林森北路263號4樓之19",,,
"1390","臺北市信義區信義路5段7號37樓",,,
"1391","臺北市大安區復興南路1段368號13樓",,,
"1392","臺北市中正區忠孝西路1段66號28樓",,,
"1393","臺北市中山區松江路85巷9號",,,
"1394","臺北市中山區長安東路2段67號3樓",,,
"1395","臺北市內湖區康寧路1段195巷3弄17號2樓",,,
"1396","臺北市士林區中山北路6段427巷6弄3號3樓",,,
"1397","臺北市松山區南京東路4段56號7樓",,,
"1398","臺北市中山區新生北路1段46號8樓",,,
"1399","臺北市信義區基隆路1段35巷5弄56號",,,
"1400","臺北市中山區基湖路151巷35號5樓之6",,,
"1401","臺北市中山區民權東路3段58號6樓之4",,,
"1402","臺北市松山區南京東路5段343號6樓之2",,,
"1403","臺北市中山區長春路378號6樓",,,
"1404","臺北市中正區忠孝西路1段33號7樓",,,
"1405","臺北市萬華區雙園街21巷8號(1樓)",,,
"1406","臺北市中山區長安東路2段142號3樓之3",,,
"1407","臺北市大安區信義路2段72號地下",,,
"1408","臺北市內湖區金湖路１６之５號１樓",,,
"1409","臺北市大同區太原路９７巷４０號",,,
"1410","臺北市松山區東興路12號2樓",,,
"1411","臺北市大安區市民大道3段308號2樓",,,
"1412","臺北市中正區詔安街36之2號",,,
"1413","臺北市中山區建國北路1段26號5樓",,,
"1414","臺北市中山區復興北路48號3樓",,,
"1415","臺北市中山區八德路2段199巷15號1樓",,,
"1416","臺北市萬華區莒光路３３６號２樓",,,
"1417","臺北市大安區和平東路2段295號9樓",,,
"1418","臺北市中正區忠孝東路１段８５號２樓之１",,,
"1419","臺北市大安區忠孝東路4段233號11樓之17",,,
"1420","臺北市中山區復興北路62號10樓",,,
"1421","臺北市中山區新生北路2段129-1號",,,
"1422","臺北市內湖區民權東路6段23號6樓之2",,,
"1423","臺北市萬華區德昌街２６１巷１６號１樓",,,
"1424","臺北市大同區天水路46號7樓之1",,,
"1425","臺北市大安區忠孝東路４段４９巷４弄１６號１０樓之４",,,
"1426","臺北市大安區忠孝東路3段136號10樓之3",,,
"1427","臺北市內湖區瑞湖街103號3樓之4",,,
"1428","臺北市內湖區民權東路6段56巷9號1樓",,,
"1429","臺北市松山區光復北路９５號４樓",,,
"1430","臺北市松山區南京東路４段１０７號２樓之１",,,
"1431","臺北市大安區敦化南路2段1號7樓",,,
"1432","臺北市大安區忠孝東路4段333號8樓",,,
"1433","臺北市松山區復興北路337號6樓",,,
"1434","臺北市信義區和平東路３段１９５號３樓之１",,,
"1435","臺北市大安區信義路4段168號5樓",,,
"1436","臺北市中山區龍江路47之1號",,,
"1437","臺北市中正區開封街１段９４巷４號",,,
"1438","臺北市大安區潮州街１７８號１樓",,,
"1439","臺北市信義區嘉興街267號1樓",,,
"1440","臺北市大同區民族西路223-8號",,,
"1441","臺北市大安區敦化南路1段205號13樓之5",,,
"1442","臺北市松山區寧安街9巷2號1樓",,,
"1443","臺北市信義區忠孝東路５段１之７號１０樓",,,
"1444","臺北市大同區大龍街215巷5號1樓",,,
"1445","臺北市中正區忠孝西路1段72號7樓之7",,,
"1446","臺北市中山區中山北路１段７２號３樓之３",,,
"1447","臺北市大安區新生南路1段103巷13號",,,
"1448","臺北市大同區長安西路４５之１號１０樓之３",,,
"1449","臺北市中正區臨沂街69巷25號1樓",,,
"1450","臺北市松山區敦化北路102號7樓",,,
"1451","臺北市內湖區陽光街345巷10號",,,
"1452","臺北市萬華區西藏路247號1樓",,,
"1453","臺北市萬華區和平西路3段396號",,,
"1454","臺北市松山區南京東路５段１６號５樓之２",,,
"1455","臺北市中山區民權東路1段70巷4號1樓",,,
"1456","臺北市內湖區瑞光路１８８巷４１號１樓",,,
"1457","臺北市信義區信義路4段375號5樓之6",,,
"1458","臺北市大安區復興南路１段１０７巷１７號１樓",,,
"1459","臺北市中山區松江路２號７樓之３",,,
"1460","臺北市中正區和平西路2段141號4樓之6",,,
"1461","臺北市松山區民生東路3段131號5樓501室",,,
"1462","臺北市中正區許昌街17號14樓之1",,,
"1463","臺北市松山區南京東路５段１６號５樓之２",,,
"1464","臺北市大安區仁愛路４段１２２巷５０號５樓",,,
"1465","臺北市士林區格致路４０號１樓",,,
"1466","臺北市中山區吉林路150號10樓之8",,,
"1467","臺北市信義區基隆路2段189號15樓之11",,,
"1468","臺北市萬華區艋舺大道７７號",,,
"1469","臺北市大安區復興南路１段１３７號７樓之３",,,
"1470","臺北市大安區金山南路2段148號3樓",,,
"1471","臺北市中山區民生東路３段２７號３樓",,,
"1472","臺北市中正區桃源街13號7樓之6",,,
"1473","臺北市信義區基隆路１段４３２號８樓之８",,,
"1474","臺北市內湖區瑞光路76巷65號",,,
"1475","臺北市中山區長安東路2段173號4樓",,,
"1476","臺北市信義區基隆路2段167巷5號1樓",,,
"1477","臺北市文山區羅斯福路4段200號9樓之1",,,
"1478","臺北市中山區民生西路16號7樓之4",,,
"1479","臺北市信義區永吉路278巷1弄7號1樓",,,
"1480","臺北市中山區中山北路2段77巷23號3樓",,,
"1481","臺北市士林區後港街4號1樓",,,
"1482","臺北市大安區忠孝東路3段136號11樓之1",,,
"1483","臺北市大安區忠孝東路4段222號3樓",,,
"1484","臺北市大安區復興南路2段320號",,,
"1485","臺北市文山區木柵路1段89巷12弄7號",,,
"1486","臺北市中山區復華里長春路三二八號六樓之二",,,
"1487","臺北市松山區復興北路15號6樓之1",,,
"1488","臺北市中正區和平西路1段170號2樓",,,
"1489","臺北市內湖區康寧路３段２６巷１號１樓",,,
"1490","臺北市信義區吳興街１１８巷２６弄１１號１樓",,,
"1491","臺北市中山區松江路289號8樓808室",,,
"1492","臺北市信義區基隆路2段77號4樓之4",,,
"1493","臺北市松山區民權東路3段106巷3弄55之1號",,,
"1494","臺北市萬華區中華路１段２０４號",,,
"1495","臺北市大同區重慶北路3段25巷26號1樓",,,
"1496","臺北市大安區信義路４段１８７號７樓",,,
"1497","臺北市松山區南京東路5段298號4樓",,,
"1498","臺北市信義區大道路42巷24號1樓",,,
"1499","臺北市中山區復興北路514巷47號1樓",,,
"1500","臺北市士林區前港街68巷2號",,,
"1501","臺北市中山區建國北路２段２６０號４樓",,,
"1502","臺北市松山區光復北路132號1樓",,,
"1503","臺北市信義區基隆路2段15號5樓",,,
"1504","臺北市中山區林森北路67巷81號1樓",,,
"1505","臺北市萬華區西園路2段279之5號1樓",,,
"1506","臺北市中正區懷寧街17號3樓之1",,,
"1507","臺北市松山區八德路４段７８號１樓",,,
"1508","臺北市松山區南京東路3段248號3樓",,,
"1509","臺北市松山區復興北路15號10樓之4",,,
"1510","臺北市松山區復興北路101號5樓",,,
"1511","臺北市中正區南昌路2段203號8樓之6",,,
"1512","臺北市中山區中山北路1段53巷16號之2、2樓",,,
"1513","臺北市內湖區民權東路6段69號3樓",,,
"1514","臺北市中正區羅斯福路２段１４０號１０樓之３",,,
"1515","臺北市中山區德惠街１６７巷６號１樓",,,
"1516","臺北市信義區忠孝東路5段482號15樓之3",,,
"1517","臺北市萬華區西園路2段50巷4弄21號1樓",,,
"1518","臺北市大安區忠孝東路４段３１１號４樓之４",,,
"1519","臺北市中正區和平西路1段150號9樓之5",,,
"1520","臺北市大安區光復南路390號5樓",,,
"1521","臺北市大安區復興南路1段204號4樓之1及4樓之2",,,
"1522","臺北市內湖區金湖路378號1樓",,,
"1523","臺北市大同區長安西路145巷23號1樓",,,
"1524","臺北市中山區中山北路２段１７７號１樓",,,
"1525","臺北市士林區基河路192號1樓",,,
"1526","臺北市文山區羅斯福路5段125號7樓之1",,,
"1527","臺北市大同區長安西路322號11樓之1",,,
"1528","臺北市松山區光復北路157號1樓",,,
"1529","臺北市中正區廈門街69號",,,
"1530","臺北市中正區重慶南路1段57號13樓之16",,,
"1531","臺北市中山區新生北路2段31巷1號1樓",,,
"1532","臺北市南港區忠孝東路5段815號11樓",,,
"1533","臺北市信義區光復南路473巷8號8樓之1",,,
"1534","臺北市中山區中山北路2段45巷3號6樓",,,
"1535","臺北市中正區懷寧街35號6樓",,,
"1536","臺北市文山區羅斯福路6段10號4樓之1",,,
"1537","臺北市中山區中山北路1段85號8樓",,,
"1538","臺北市大安區潮州街21號",,,
"1539","臺北市中正區忠孝西路1段6號3樓",,,
"1540","臺北市大安區忠孝東路4段320號6樓",,,
"1541","臺北市南港區南港路3段80巷34號3樓",,,
"1542","臺北市信義區林口街１７２號",,,
"1543","臺北市中山區中山北路1段53巷20號2樓",,,
"1544","臺北市中山區八德路2段243號1樓",,,
"1545","臺北市內湖區民權東路6段296巷41之1號地下樓",,,
"1546","臺北市南港區東南街２２號１樓",,,
"1547","臺北市大同區大龍街288號",,,
"1548","臺北市北投區明德路174巷5號1樓",,,
"1549","臺北市萬華區大理街132號",,,
"1550","臺北市中山區中山北路2段62巷4號2樓",,,
"1551","臺北市大安區四維路44巷36號1樓",,,
"1552","臺北市士林區福國路50巷6弄14號1樓",,,
"1553","臺北市大安區復興南路２段２３７號６樓之２０",,,
"1554","臺北市中山區華陰街28號1樓",,,
"1555","臺北市中正區西藏路17號2樓",,,
"1556","臺北市信義區忠孝東路５段５０８號６樓",,,
"1557","臺北市文山區羅斯福路5段169號2樓",,,
"1558","臺北市信義區光復南路５０５號９樓之１３",,,
"1559","臺北市士林區天母西路58號2樓",,,
"1560","臺北市信義區基隆路2段51號9樓之3",,,
"1561","臺北市中山區南京東路3段201號12樓",,,
"1562","臺北市中山區八德路2段180號1樓",,,
"1563","臺北市大安區羅斯福路３段２７３號５樓之１",,,
"1564","臺北市中正區忠孝東路２段１２２號１１樓",,,
"1565","臺北市中正區忠孝東路２段１１２號６樓",,,
"1566","臺北市中山區建國北路1段78巷18號1樓",,,
"1567","臺北市信義區永吉路288號3樓之6",,,
"1568","臺北市內湖區瑞光路582號1樓",,,
"1569","臺北市中正區重慶南路1段63號7樓之1",,,
"1570","臺北市大安區羅斯福路３段２９７之１號５樓",,,
"1571","臺北市大安區復興南路1段318號4樓之1",,,
"1572","臺北市大安區大安路1段51巷18號1樓",,,
"1573","臺北市信義區基隆路２段２２號之１（１樓）",,,
"1574","臺北市萬華區大埔街9之1號1樓",,,
"1575","臺北市中山區南京東路1段132巷29號3樓之2",,,
"1576","臺北市文山區辛亥路4段216號1樓",,,
"1577","臺北市中山區松江路42號12樓之16",,,
"1578","臺北市中山區林森北路356號6樓",,,
"1579","臺北市大安區羅斯福路３段２９７之１號５樓",,,
"1580","臺北市中正區忠孝東路2段130號2樓之5",,,
"1581","臺北市中正區延平南路61號5樓之7",,,
"1582","臺北市萬華區廣州街４９號１樓",,,
"1583","臺北市中正區和平西路1段55巷26號(1樓)",,,
"1584","臺北市南港區松河街406號3樓",,,
"1585","臺北市南港區研究院路2段39之6號1樓",,,
"1586","臺北市中山區民生東路1段70巷7號5樓之2",,,
"1587","臺北市中正區忠孝東路１段８０號１樓",,,
"1588","臺北市中山區中山北路2段112號14樓之4",,,
"1589","臺北市士林區福榮街47號4樓",,,
"1590","臺北市大安區羅斯福路3段297號4樓之1",,,
"1591","臺北市大安區羅斯福路3段273號7樓",,,
"1592","臺北市信義區基隆路1段159號18樓之2",,,
"1593","臺北市大安區敦化南路１段２０５號２樓之８",,,
"1594","臺北市士林區永公路500巷48號",,,
"1595","臺北市大同區承德路2段40號1樓",,,
"1596","臺北市大安區信義路2段26號1樓",,,
"1597","臺北市中山區長安東路２段１６２號１樓",,,
"1598","臺北市松山區南京東路5段63號7樓",,,
"1599","臺北市中山區中山北路3段27號11樓",,,
"1600","臺北市信義區嘉興街１７９之２０號",,,
"1601","臺北市中山區民權東路1段76號13樓",,,
"1602","臺北市南港區南港路3段80巷34號3樓",,,
"1603","臺北市大安區仁愛路4段316之3號",,,
"1604","臺北市大安區潮洲街152號1樓",,,
"1605","臺北市中山區明水路650號8樓之7",,,
"1606","臺北市文山區景福街１３８號４樓",,,
"1607","臺北市中正區汀洲路2段244號1樓",,,
"1608","臺北市中正區重慶南路1段10號8樓",,,
"1609","臺北市文山區木柵路1段66之8號1樓",,,
"1610","臺北市士林區大南路362號3樓",,,
"1611","臺北市中山區南京東路2段62號5樓",,,
"1612","臺北市中山區長安東路２段１８４號９樓之３",,,
"1613","臺北市大同區延平北路4段153巷20號",,,
"1614","臺北市中山區中山北路2段93巷8號9樓之13",,,
"1615","臺北市北投區行義路１５４巷２５號７樓",,,
"1616","臺北市內湖區新明路163號3樓",,,
"1617","臺北市松山區南京東路5段8號4樓",,,
"1618","臺北市大安區市民大道3段268號",,,
"1619","臺北市萬華區漢中街147巷5號4樓之8",,,
"1620","臺北市中山區建國北路2段147號6樓",,,
"1621","臺北市大安區辛亥路2段225號1樓",,,
"1622","臺北市士林區社中街４４８號３樓",,,
"1623","臺北市大同區保安街78巷6號",,,
"1624","臺北市大安區敦化南路1段225號5樓之9",,,
"1625","臺北市松山區八德路2段447號4樓之2",,,
"1626","臺北市大安區和平東路3段228巷13號1樓",,,
"1627","臺北市中山區吉林路24號11樓之1",,,
"1628","臺北市松山區復興北路179號7樓之12",,,
"1629","臺北市大安區羅斯福路2段41號12樓之3",,,
"1630","臺北市中山區北安路458巷11號",,,
"1631","臺北市松山區南京東路4段197號4樓",,,
"1632","臺北市大安區基隆路2段164號3樓之2",,,
"1633","臺北市大安區復興南路2段327之2號",,,
"1634","臺北市中山區龍江路23號7樓",,,
"1635","臺北市松山區復興北路57號14樓",,,
"1636","臺北市松山區長安東路2段215號13樓之4",,,
"1637","臺北市萬華區大理街157號3樓之2",,,
"1638","臺北市大安區復興南路2段179之1號1樓",,,
"1639","臺北市松山區八德路3段247號7樓之2",,,
"1640","臺北市內湖區行善路289之2號",,,
"1641","臺北市松山區基隆路1段10號11樓",,,
"1642","臺北市中山區民權東路1段76號13樓",,,
"1643","臺北市大安區潮州街119號1樓",,,
"1644","臺北市信義區基隆路1段200號4樓",,,
"1645","臺北市松山區八德路3段74巷14弄11號",,,
"1646","臺北市中正區博愛路60號4樓",,,
"1647","臺北市中正區信義路2段7號3樓之1",,,
"1648","臺北市大安區敦化南路2段2號11樓",,,
"1649","臺北市中正區忠孝西路1段100號8樓之1",,,
"1650","臺北市松山區民權東路3段142號11樓之6",,,
"1651","臺北市南港區市民大道7段228號3樓",,,
"1652","臺北市中正區羅斯福路2段140號2樓之5",,,
"1653","臺北市信義區忠孝東路5段372巷27弄82-2號",,,
"1654","臺北市中山區松江路38巷2號12樓之1",,,
"1655","臺北市大同區環河北路1段143號2樓",,,
"1656","臺北市信義區基隆路2段15號10樓",,,
"1657","臺北市中正區仁愛路2段7號5樓",,,
"1658","臺北市松山區復興北路15號14樓之4",,,
"1659","臺北市信義區虎林街242巷60號1樓",,,
"1660","臺北市中山區中山北路2段11巷9號1樓",,,
"1661","臺北市中正區仁愛路２段１號５樓",,,
"1662","臺北市士林區社中街264巷4號之1︹1樓︺",,,
"1663","臺北市松山區民生東路5段151號15樓之15",,,
"1664","臺北市中山區南京東路2段176號10樓",,,
"1665","臺北市大安區忠孝東路4段142號3樓之2",,,
"1666","臺北市中山區新生北路1段67號1樓",,,
"1667","臺北市大安區忠孝東路3段192號2樓之1",,,
"1668","臺北市中山區農安街７７巷１弄４８號２樓",,,
"1669","臺北市中山區松江路132巷22-2號1樓",,,
"1670","臺北市士林區大南路371號",,,
"1671","臺北市中山區中山北路3段29號5樓",,,
"1672","臺北市士林區延平北路5段136巷27弄29號1樓",,,
"1673","臺北市松山區光復南路13巷27號2樓",,,
"1674","臺北市中正區杭州南路1段11巷2-1號3樓",,,
"1675","臺北市信義區文昌街316號2樓",,,
"1676","臺北市士林區通河街163之1號7樓",,,
"1677","臺北市大安區信義路3段109之7號10樓之2",,,
"1678","臺北市大安區和平東路1段75巷1號9樓",,,
"1679","臺北市中山區建國北路2段110號2樓",,,
"1680","臺北市中山區林森北路380號6樓606室",,,
"1681","臺北市中山區南京東路2段216號10樓",,,
"1682","臺北市松山區南京東路4段115號4樓",,,
"1683","臺北市中正區師大路148號1樓",,,
"1684","臺北市中山區吉林路456巷12號1樓",,,
"1685","臺北市松山區寧安街3巷2號1樓",,,
"1686","臺北市松山區敦化南路1段3號6樓之1",,,
"1687","臺北市文山區興隆路4段58巷32號1樓",,,
"1688","臺北市松山區復興北路35號10樓之1",,,
"1689","臺北市士林區中山北路5段747號3樓",,,
"1690","臺北市大安區敦化南路１段３７６號５樓之２",,,
"1691","臺北市中正區中華路1段79之1及79號",,,
"1692","臺北市文山區木柵路3段55號4樓",,,
"1693","臺北市內湖區港墘里瑞光路２９５號３樓",,,
"1694","臺北市中正區重慶南路3段148號1樓",,,
"1695","臺北市大同區鄭州路119號2樓之3",,,
"1696","臺北市中正區仁愛路2段1號6樓",,,
"1697","臺北市中正區濟南路2段48巷7號3樓",,,
"1698","臺北市中山區中山北路1段126巷12之1號",,,
"1699","臺北市松山區八德路3段247號7樓之2",,,
"1700","臺北市士林區社子街84巷4號2樓",,,
"1701","臺北市士林區福國路96號6樓",,,
"1702","臺北市文山區景興路195號3樓之8",,,
"1703","臺北市大安區敦化南路1段161巷69弄5號1樓",,,
"1704","臺北市中山區建國北路2段3巷17號1樓",,,
"1705","臺北市中山區天祥路24號",,,
"1706","臺北市松山區南京東路5段250巷36弄13號1樓",,,
"1707","臺北市中山區建國北路2段137號9樓",,,
"1708","臺北市文山區羅斯福路5段26號1樓",,,
"1709","臺北市忠孝西路一段四號十二樓",,,
"1710","臺北市內湖區陽光街288號",,,
"1711","臺北市松山區八德路4段135號5樓之3",,,
"1712","臺北市大安區和平東路2段295號10樓",,,
"1713","臺北市中正區杭州南路１段１４巷２４號１樓",,,
"1714","臺北市大安區基隆路3段141號1樓",,,
"1715","臺北市中山區民權東路3段75巷2弄6號1樓",,,
"1716","臺北市大安區羅斯福路2段79號7樓之11",,,
"1717","臺北市信義區忠孝東路5段355號7樓之7",,,
"1718","臺北市大安區基隆路2段182巷2號7樓",,,
"1719","臺北市大安區和平東路3段228巷68號2樓",,,
"1720","臺北市松山區復興北路1號8樓之7",,,
"1721","臺北市中正區忠孝西路1段72號10樓之13",,,
"1722","臺北市大安區忠孝東路3段221-3號2樓",,,
"1723","臺北市中正區新生南路1段50號9樓之4",,,
"1724","臺北市大安區敦化南路1段192號13樓之5",,,
"1725","臺北市中正區林森北路5巷10號之1、6樓",,,
"1726","臺北市松山區南京東路3段287號10樓",,,
"1727","臺北市萬華區西寧南路204號",,,
"1728","臺北市文山區樟新街70號1樓",,,
"1729","臺北市松山區長春路484號1樓",,,
"1730","臺北市大同區鄭州路81號1樓",,,
"1731","臺北市士林區德行東路266巷7號1樓",,,
"1732","臺北市內湖區南京東路6段330巷18弄16號1樓",,,
"1733","臺北市信義區基隆路2段125號5樓之2",,,
"1734","臺北市中正區汀州路3段160巷4號1樓",,,
"1735","臺北市中正區重慶南路1段57號13樓之4",,,
"1736","臺北市信義區基隆路1段147巷5弄34號",,,
"1737","臺北市信義區光復南路495號11樓之4",,,
"1738","臺北市大安區信義路4段1之109號10樓",,,
"1739","臺北市信義區基隆路2段149之16號10樓",,,
"1740","臺北市萬華區萬大路424巷134號1樓",,,
"1741","臺北市中正區忠孝西路1段41號9樓之1",,,
"1742","臺北市萬華區東園街182號1樓",,,
"1743","臺北市信義區松德路12號6樓",,,
"1744","臺北市大安區羅斯福路３段２９７之１號５樓",,,
"1745","臺北市萬華區大理街132號",,,
"1746","臺北市中正區紹興北街2巷1號2樓",,,
"1747","臺北市松山區南京東路4段164號11樓之3",,,
"1748","臺北市中山區松江路66號7樓",,,
"1749","臺北市內湖區民權東路6段23號6樓",,,
"1750","臺北市信義區吳興街450巷6弄8號5樓",,,
"1751","臺北市松山區南京東路3段285號10樓",,,
"1752","臺北市中山區建國北路1段55號4樓之2",,,
"1753","臺北市中山區松江路２００號１１樓之１",,,
"1754","臺北市中正區南陽街24號2樓",,,
"1755","臺北市中正區丹陽街33號",,,
"1756","臺北市中山區吉林路161巷22號1樓",,,
"1757","臺北市中正區和平西路1段88號9樓",,,
"1758","臺北市大安區信義路4段263號9樓之3",,,
"1759","臺北市松山區南京東路4段179巷11號",,,
"1760","臺北市信義區忠孝東路5段270號6樓之9",,,
"1761","臺北市松山區光復北路85巷1號1樓",,,
"1762","臺北市士林區中正路118之1號7樓",,,
"1763","臺北市信義區信義路5段7號24樓",,,
"1764","臺北市信義區光復南路495號",,,
"1765","臺北市文山區辛亥路４段２１１號１樓",,,
"1766","臺北市中正區忠孝西路1段41號14樓之16",,,
"1767","臺北市中正區羅斯福路3段281號3樓",,,
"1768","臺北市士林區承德路4段55號1樓",,,
"1769","臺北市文山區興隆路1段77號3樓",,,
"1770","臺北市中山區四平街45之2號2樓",,,
"1771","臺北市大安區和平東路1段182號3樓",,,
"1772","臺北市大安區師大路104號1樓",,,
"1773","臺北市中山區中山北路2段115巷3弄10號",,,
"1774","臺北市文山區木新路3段331號1樓",,,
"1775","臺北市信義區基隆路1段333號8樓",,,
