"統一編號","公司名稱","公司地址"
"01456436","威麥克健康生技股份有限公司","新北市新店區民權路108-3號7樓"
"03069208","天成飯店股份有限公司","臺北市中正區忠孝西路1段43號"
"03561011","裕豐國際開發股份有限公司","桃園市中壢區過嶺里民族路6段638號2樓"
"03562308","台火開發股份有限公司","臺北市中正區延平南路75號2、3樓"
"03631207","國裕開發股份有限公司","臺北市中正區忠孝西路１段３８號"
"04593624","台大國際企業有限公司","臺北市萬華區和平西路3段51巷8號1樓"
"04964250","東森國際股份有限公司","臺北市大安區復興南路1段368號5樓、8樓及370號6樓、11樓"
"05077301","超群三溫暖工程有限公司","新北市新莊區化成路113巷86之1號"
"05085203","寶豐隆興業股份有限公司","臺北市大安區仁愛路4段71巷36號2樓"
"05871997","神木谷遊樂興業股份有限公司","臺中市和平區博愛里東關路１段溫泉巷７號"
"07625199","迪樂商旅有限公司","臺北市大同區延平北路1段121號"
"11636802","國賓大飯店股份有限公司","臺北市中山區中山里4鄰中山北路2段63號"
"12108842","華皇浴室有限公司","臺北市中山區長春路100號地下室"
"12126551","美麗華大飯店股份有限公司","臺北市中山區民權東路3段2號12樓"
"12186184","喜之軒股份有限公司","臺北市中山區林森北路353巷20號地下室"
"12264131","毅太企業股份有限公司","臺北市中山區建國北路2段147號6樓"
"12380151","創奇企業有限公司","新北市新莊區五權1路13號3樓之3"
"12499670","凱撒大飯店股份有限公司","屏東縣恆春鎮墾丁路6號"
"12628800","泰安伊豆育樂股份有限公司","苗栗縣泰安鄉錦水村橫龍山三九號"
"12636457","金鴻城有限公司","高雄市茂林區多納里多納巷63之1號"
"12654150","能高休閒育樂股份有限公司","臺北市中山區林森北路50號9樓之1"
"12656832","新點子休閒娛樂股份有限公司","臺北市中山區中山北路2段79號4樓"
"12657488","太平洋國際遊艇股份有限公司","宜蘭縣蘇澳鎮福德路366巷8號"
"12675346","亞爵國際育樂股份有限公司","臺北市信義區松仁路97、99、101號地下1樓"
"12696594","寶盛開發股份有限公司","臺北市松山區復興北路365號9樓"
"12721910","豐昱國際股份有限公司","臺中市西屯區何南里臺灣大道二段689號地下1樓之1至之3及9至12樓、東興路三段407號、東興路三段409號2樓之1至13樓之20"
"12730729","羅浮水晶宮溫泉會館股份有限公司","桃園市復興區羅浮里4鄰羅浮129號"
"12735837","新店雅風股份有限公司","新北市新店區達觀路12號"
"12741774","萊庭股份有限公司","臺南市西區光賢里光賢街二三號、二三號之一"
"12741845","薇米精品商旅股份有限公司","新北市三重區重新路2段78號16、17樓"
"12743772","金莊育樂股份有限公司","臺中市北屯區松竹里崇德二路2段262號1、2樓"
"12750766","雅苑實業股份有限公司","桃園市桃園區中正路476號4樓"
"12766303","欣台同活水育樂健康世界有限公司","新北市汐止區大同路1段243號"
"12766802","優益康有限公司","臺中市大里區大里路二一九之一號一樓"
"12775838","宏通企業有限公司","新北市三重區中正北路七八號"
"12788616","悟元生物科技研發國際有限公司","宜蘭縣羅東鎮公正里鍾山新村十二號一樓"
"12798207","廣三崇光國際開發股份有限公司","臺中市西區臺灣大道二段459號14樓"
"12802429","伊豆開發股份有限公司","臺中市和平區東關路一段分校巷5號"
"12805559","谷濱溫泉股份有限公司","臺中市北屯區大坑里東山路二段七八巷八號一樓"
"12818631","諾亨企業股份有限公司","高雄市大社區神農里翠屏路八四巷三七號一二樓"
"12829433","立岡國際股份有限公司","臺南市安定區海寮里海寮132-38號2樓"
"12831450","福容大飯店股份有限公司","新北市五股區成泰路1段189巷16號地下2樓"
"12840985","南勢山道德堂文化傳播志業有限公司","桃園市中壢區長沙路三號七樓"
"12845433","正中日體育事業股份有限公司","新竹縣竹北市新光街241號5樓"
"12857325","天成開發股份有限公司","臺北市中正區忠孝西路1段41號5樓之16"
"12864141","富翔開發股份有限公司","臺北市信義區信義路4段415號5樓"
"12866437","綠恩生醫科技股份有限公司","臺北市中正區八德路1段50號"
"12868879","活力無限休閒發展國際事業股份有限公司","臺北市萬華區開封街2段8之4號"
"12871939","協和四季股份有限公司","新北市板橋區中正路301號"
"12873606","寶閎建設股份有限公司","臺北市松山區復興北路３６５號９樓"
"12878834","伊瑪整體美容有限公司","臺北市北投區吉利街１２３巷８弄１１號１樓"
"12878861","伊立國際開發有限公司","臺北市北投區東華街2段354號2樓"
"12882534","立穩國際遊樂有限公司","新北市萬里區公館崙21號"
"12884414","阿里山溫泉大酒店股份有限公司","嘉義市西區福松里新榮路４８號１樓"
"12890817","瑞森國際興業有限公司","新北市三峽區中正路1段292巷18號1樓"
"12895186","由達休閒事業有限公司","新竹縣尖石鄉錦屏村5鄰錦屏69之1號"
"12901309","紅河谷休閒事業股份有限公司","新北市烏來區忠治里成功2號"
"12909082","亞威運動休閒開發股份有限公司","花蓮縣花蓮市主安里中強街66-1號"
"12917999","媚力源興業有限公司","新北市淡水區原德路3號3樓"
"12920734","花月國際有限公司","新北市烏來區溫泉街四三號一樓"
"12929833","競殿實業有限公司","新北市板橋區華江里文化路1段360號3樓"
"12933512","彩色人生興業股份有限公司","臺北市北投區中山路32號1、2樓"
"12942293","百樂家股份有限公司","臺北市內湖區大湖路166巷4號1樓"
"12947017","老爺管理顧問股份有限公司","臺北市中山區中山北路1段27號4樓"
"12957160","同旺開發股份有限公司","臺北市松山區復興南路1段27號11樓"
"12970810","三勝國際育樂開發股份有限公司","臺北市松山區復興北路369號10樓之2"
"12973318","全球整合國際網路有限公司","新北市三重區車頭路街114號2樓"
"12982436","麒麟峰溫泉股份有限公司","臺中市北屯區東山路2段65巷15號"
"12987093","大珈科技有限公司","臺北市中山區林森北路５０８號５樓"
"12988488","金台同活水育樂健康世界有限公司","新北市汐止區康寧街四三○號"
"12989135","育鉉股份有限公司","南投縣埔里鎮北安里中山路二段五二號一樓"
"12999422","日出溫泉旅館股份有限公司","臺中市大里區東興里永明街４０２號１樓"
"13008814","富元行銷股份有限公司","臺中市南屯區豐樂里文心南五路一段369號3樓"
"13009399","魁克行銷顧問有限公司","臺南市南區金華路一段四八四巷二四○弄二一號一樓"
"13012394","箱根生活館股份有限公司","南投縣埔里鎮蜈蚣里中山路一段62號"
"13018637","海力國際有限公司","高雄市左營區蓮潭路151巷6號"
"13025665","薰髮園股份有限公司","新北市新莊區昌明街七六號　　"
"13037775","悠遊行銷顧問有限公司","臺南市東區文東街八○號壹樓"
"13052070","清新國際股份有限公司","臺中市烏日區學田里2鄰溫泉路2號"
"13053177","盛豐開發股份有限公司","臺中市北區綏遠路一段六八號一樓"
"13065687","碧瑤花園有限公司","新竹縣竹東鎮中興路二段二二五號"
"13072961","碩橋實業有限公司","新北市三重區三民街一五四號"
"13091658","傳富國際股份有限公司","臺北市大安區忠孝東路4段177號4樓之5"
"13095839","禾杏生物科技股份有限公司","臺北市松山區南京東路5段336號12樓"
"13099005","雲之東風國際有限公司","新北市烏來區烏來街66號"
"13101396","桃花源家族國際育樂開發股份有限公司","臺北市松山區復興北路369號10樓之2"
"13101972","海洋那那健康股份有限公司","臺北市大安區延吉街１７１號２樓"
"13102705","寶灜國際有限公司","新北市新莊區五權一路11號8樓之3"
"13109995","寶路開發股份有限公司","臺北市松山區復興北路365號9樓"
"13110120","寶富發展股份有限公司","臺北市松山區復興北路３６５號９樓"
"13114499","水美溫泉浴室企業股份有限公司","臺北市北投區光明路224號"
"13120751","天佐國際數位科技有限公司","臺北市士林區中山北路６段２６２號２樓"
"13133209","福利國際事業股份有限公司","臺北市大安區復興南路1段204號11樓之2"
"13140341","天外天國際育樂股份有限公司","臺北市信義區永吉路321巷8號4樓"
"13140715","龍科建設有限公司","桃園市龜山區楓樹里光明街290巷65號1樓"
"13151304","挺衞國際股份有限公司","臺南市北區延平里公園路798號2樓"
"13160330","東寧王國育樂開發股份有限公司","高雄市三民區九如一路952號12樓之2"
"15422540","麒麟大飯店股份有限公司","臺北市南港區重陽路59號"
"16013831","美麗寶島育樂開發股份有限公司","臺北市中正區忠孝東路2段122號11樓"
"16020930","亞中股份有限公司","新北市中和區中山路二段二九六號二樓之二"
"16060502","益波實業有限公司","臺中市北屯區昌平路一段一八二號一、二、三樓"
"16078469","陽明山天籟大飯店股份有限公司","新北市金山區重和里名流路1之6號、1之7號、1之9號、1之9號5樓、1之9號5樓之1至1之9號5樓之8"
"16086192","嘉德開發股份有限公司","臺北市士林區中山北路6段88號地下1、2樓"
"16091907","飛宏開發股份有限公司","臺北市大安區信義路三段一０九之七號四樓之一"
"16095002","統一國際開發股份有限公司","臺北市信義區松高路11號10樓"
"16099226","開億休閒飯店股份有限公司","臺南市北區開元路37號1樓"
"16104488","長生生物科技股份有限公司","高雄市鼓山區博愛一路437號"
"16138059","大賞建設股份有限公司","新北市永和區中和路421巷3弄2號"
"16153712","沐舍國際股份有限公司","新北市萬里區萬里加投166之1號1樓至5樓及166之2號1樓"
"16170304","世清股份有限公司","臺北市文山區指南路2段62號"
"16286282","好得寶國際基因科技股份有限公司","臺北市大同區長安西路８８號５樓"
"16300600","雍聯股份有限公司","新竹市中央路243-1號"
"16302987","金年華三溫暖有限公司","臺北市中山區天津街56號地下1樓"
"16307771","亞頡國際有限公司","臺北市信義區虎林街132巷26號1樓"
"16347041","新富開發事業股份有限公司","臺中市南屯區公益路二段六一號四樓之二"
"16434853","宜華國際股份有限公司","臺北市中山區樂群二路199號"
"16447098","美麗華城巿發展股份有限公司","臺北市中山區敬業三路20號1至5樓地下1層、22號1至5樓"
"16476537","天美國際開發股份有限公司","高雄市三民區九如一路807號5樓"
"16484966","金世界健康理容有限公司","新北市永和區中和路四九九號五樓"
"16506808","瑞仙綠能產業科技有限公司","桃園市中壢區中山東路三段393號1樓"
"16518298","彼得潘休閒事業股份有限公司","臺中市西區忠明南路61號6樓"
"16533690","惠來谷關溫泉會館股份有限公司","臺中市和平區東關路一段溫泉巷10號"
"16570603","昕藝國際事業有限公司","新北市板橋區文化路2段263巷20號"
"16597791","禾聯股份有限公司","桃園市龜山區文化里科技三路88號1樓"
"16626402","力瑋國際開發股份有限公司","臺北市中山區松江路162號11樓"
"16666298","陽光國際假期觀光事業有限公司","宜蘭縣礁溪鄉中山路二段一八七號"
"16702977","東海岸國際股份有限公司","花蓮縣花蓮市民權路90號"
"16709177","昌暘實業有限公司","嘉義市頭港里2鄰玉山路962號"
"16714658","陽和企業股份有限公司","臺東縣鹿野鄉鹿野村鹿鳴路28號"
"16750529","歐聯興股份有限公司","臺北市信義區林口街100號1樓"
"16756734","德先股份有限公司","臺南市東區中華東路三段360號"
"16779075","湯姆龍國際事業股份有限公司","臺北市信義區松隆路１５９巷４５號"
"16794836","溫莎興業有限公司","臺北市松山區南京東路5段38號地下1樓"
"16797030","越冠國際開發股份有限公司","臺北市大安區敦化南路2段97號17樓"
"16824819","長青村健康中心股份有限公司","高雄市三民區鼎和街76號"
"16825161","台灣奈古有限公司","高雄市左營區正心街108號10樓之1"
"16901651","台灣網路運氣遊戲股份有限公司","新北市樹林區文化街七九巷九號"
"16906240","爺亨溫泉股份有限公司","桃園市復興區三光里三光里11鄰爺亨24號"
"16933133","香泉山城實業股份有限公司","新北市金山區名流路60、62號"
"16957459","龍山育樂開發股份有限公司","苗栗縣泰安鄉錦水村8鄰橫龍山5號"
"16973303","東太陽股份有限公司","臺東縣太麻里鄉金崙村金崙路426號1樓"
"20842965","桃園育樂事業股份有限公司","桃園市龍潭區九龍里九座寮39號"
"20987589","拓遠股份有限公司","臺北市大安區忠孝東路4段107號9樓"
"22009716","康福建設事業股份有限公司","臺北市文山區辛亥路4段97號3樓"
"22067291","橙陽企業有限公司","臺南市安平區校前里中華西路二段49巷24弄13號"
"22132027","西湖渡假村股份有限公司","苗栗縣三義鄉西湖村西湖11號"
"22143376","超群衛材工程有限公司","高雄市左營區先勝路116號13樓之1"
"22198511","朧瑩高科技國際有限公司","臺北市中正區羅斯福路3段100號1樓之18"
"22208052","南台灣觀光大飯店股份有限公司","屏東縣車城鄉溫泉路玉泉巷37號"
"22248701","樂樂谷育樂事業股份有限公司","新北市三峽區有木153之1號"
"22265047","劍湖山世界股份有限公司","雲林縣古坑鄉永光村大湖口67號"
"22340670","鴻禧育樂股份有限公司","臺北市大安區信義路4段184號5樓"
"22386909","寶路營造股份有限公司","新北市淡水區新市一路1段2號"
"22392212","亞達育樂事業股份有限公司","宜蘭縣礁溪鄉林美村林尾路156號"
"22404646","牛耳藝術公園有限公司","南投縣埔里鎮南村里中山路四段1-6號"
"22489004","神去山股份有限公司","新竹縣竹東鎮瑞峰里瑞峰81號"
"22505095","東峰育樂事業有限公司","臺中市北屯區東山路2段151-2號"
"22528870","麗吉雅運動器材有限公司","高雄市鼓山區博愛一路532號1樓"
"22538379","圓方創新股份有限公司","臺北市信義區基隆路1段333號20樓"
"22555165","全盈隆建設股份有限公司","新北市汐止區文化里21鄰新台五路1段90號24樓"
"22570948","帝綸有限公司","南投縣信義鄉東埔村開高巷86、86之1號"
"22589806","美來企業股份有限公司","臺中市北區五常里五權路377號1樓、8至11樓"
"22591057","火炎山遊樂事業股份有限公司","苗栗縣苑裡鎮石鎮里8鄰1號"
"22632590","江陵機電股份有限公司","新北市新店區北新路3段213號16樓"
"22660309","亞太工商聯股份有限公司","臺北市松山區東興路12號2樓"
"22660856","長興育樂股份有限公司","桃園市大溪區康莊路96號"
"22666845","高峰會國際股份有限公司","新北市新店區寶興里寶強路1號"
"22692490","涵碧樓大飯店股份有限公司","南投縣魚池鄉水社村中興路142號"
"22775512","應用科技股份有限公司","彰化縣田中鎮中潭里員集路3段60號1樓"
"22817581","德安開發股份有限公司","臺北市中山區江寧里民權東路三段2號12樓"
"22819027","東華開發股份有限公司","新北市新店區達觀路12號1樓"
"22843188","長榮租車股份有限公司","高雄市前鎮區凱旋三路115號"
"22881725","互馨育樂股份有限公司","臺北市中山區中山北路1段27號13樓"
"23058475","天龍興業股份有限公司","臺北市大同區重慶北路1段73號8、9樓"
"23163321","綠能有限公司","新北市萬里區龜吼里翡翠路18號"
"23220977","南榮育樂事業開發股份有限公司","苗栗縣頭屋鄉明德村明德路35-3號"
"23233038","吉田國際網路娛樂企業有限公司","新北市新莊區新泰路３０８號５樓"
"23267085","高線實業股份有限公司","基隆市仁愛區孝一路103之3號"
"23337836","統領健身企業股份有限公司","高雄市新興區林森一路267號地下樓"
"23447756","台興企管顧問有限公司","臺北市中正區忠孝東路1段152號10樓之6"
"23458015","碁泰管理顧問股份有限公司","臺北市中正區衡陽路51號11樓"
"23459719","國皇建設有限公司","臺北市中山區民權東路2段26號12樓之4"
"23492077","山泰開發事業股份有限公司","苗栗縣泰安鄉錦水村圓墩73-1號"
"23524280","南仁湖育樂股份有限公司","屏東縣滿州鄉滿州村中山路205、205-1至205-311號"
"23615486","力麗觀光開發股份有限公司","臺北市中山區松江路162號3樓"
"23637974","知本老爺大酒店股份有限公司","臺東縣卑南鄉溫泉村龍泉路113巷23號"
"23882053","日月光國際科技股份有限公司","臺北市信義區忠孝東路5段386號9樓"
"23958784","自然泉食品股份有限公司","宜蘭縣冬山鄉太和村太和路４６１號"
"23986016","遠雄悅來大飯店股份有限公司","花蓮縣壽豐鄉鹽寮村山嶺18號"
"24213616","兆亨國際育樂開發股份有限公司","桃園市八德區竹興街33號"
"24215071","興鳴開發股份有限公司","臺南市永康區大橋里大橋二街257號"
"24217508","瓦蕊室內裝修工程有限公司","新北市板橋區仁化街42巷5弄4之1號2樓"
"24229053","盛力國際有限公司","臺中市沙鹿區晉江里臺灣大道七段37號2樓"
"24232542","威毅管理顧問有限公司","新北市三重區忠孝路3段50巷43號2樓"
"24239931","聯欣發股份有限公司","新北市新莊區民安路188巷5號1樓之40"
"24243359","鼎贊開發股份有限公司","新北市五股區成泰路1段189巷16號3樓"
"24245526","會來尖石有限公司","新竹縣尖石鄉嘉樂村麥樹仁177-1號"
"24249353","瑞成電能股份有限公司","新北市汐止區新台五路1段79號10樓之2"
"24254860","湯州有限公司","臺中市南區德祥街1號1樓"
"24260271","水能量健康會館股份有限公司","臺中市西區台中港路一段185號10樓之2"
"24271170","潮境休閒顧問有限公司","基隆市中正區新豐街162巷307號、309號"
"24286883","寶成有限公司","新北市三重區正義北路61之1號1樓"
"24298369","環球婦幼事業股份有限公司","新北市中和區中山路3段118之1號1樓"
"24298608","瀚城皇宮酒店股份有限公司","新北市新莊區思源里長青街17號3樓之2"
"24300246","璞吉建設股份有限公司","臺北市中山區南京東路3段217號10樓"
"24314157","錦鶴國際股份有限公司","臺北市北投區溫泉路73巷13號7樓"
"24323830","旭晴國際企業股份有限公司","臺北市中正區忠孝西路1段41號11樓之5"
"24324161","北投麗禧溫泉酒店股份有限公司","臺北市北投區幽雅路30號"
"24328390","美泉時尚企業有限公司","新北市淡水區清文里原德路3號3樓"
"24334169","國寶時尚股份有限公司","臺北市內湖區成功路2段371號地下"
"24338931","李方酒店管理顧問股份有限公司","臺北市大同區南京西路316號2樓"
"24343441","寶樺開發股份有限公司","臺北市松山區復興北路365號9樓"
"24358020","捷速康實業有限公司","臺中市豐原區北陽里南陽路綠山巷203弄1號1樓"
"24360497","詠進工程有限公司","新北市三重區中正北路394巷4弄10號"
"24365486","瓏山林實業股份有限公司","宜蘭縣蘇澳鎮中原路301-1號1至10樓(包括地下1至2層)"
"24382648","沐泉企業有限公司","宜蘭縣羅東鎮賢文里民生路151號1樓"
"24395427","桃禧航空城大飯店股份有限公司","桃園市大園區南港里大觀路777號"
"24395756","泰清邁有限公司","新北市林口區文化北路1段135號"
"24402525","香香坊實業有限公司","臺中市太平區大源19街2巷29號1樓"
"24411849","加勒比健康事業股份有限公司","新竹市東區榮光里信義街68號10樓"
"24413001","探索綜合國際開發股份有限公司","臺北市中山區林森北路487號地下、1樓、2樓"
"24420657","彤宇有限公司","新北市泰山區全興里仁愛路118號"
"24424990","關山休閒事業股份有限公司","屏東縣恆春鎮萬里路27之9號B1"
"24431872","伊達斯精品酒店股份有限公司","花蓮縣花蓮市民意里府前路508號"
"24438559","五行堂七星集養身館有限公司","花蓮縣花蓮市民生里中華路6號1樓"
"24442553","耀泓醫學美容有限公司","屏東縣屏東市大連里豐榮街185巷7號"
"24459287","凱亞行銷廣告有限公司","臺北市信義區忠孝東路5段412號18樓之1"
"24462776","僑大興建設有限公司","臺北市中山區民權東路2段26號11樓之5"
"24474040","潘朵拉美容有限公司","臺北市中山區中山北路2段183巷2-1號及2-2號1、2樓"
"24495517","麗邦有限公司","臺北市大安區忠孝東路4段49巷2號4樓"
"24509934","威購網路科技有限公司","高雄市新興區中正3路31號8樓之1"
"24512712","雨喬美學國際有限公司","高雄市三民區文濱路25號1樓"
"24518477","大高國際股份有限公司","高雄市鳳山區中泰街23巷9號"
"24519551","悅寶企業股份有限公司","高雄市苓雅區廣州一街163號5樓之2"
"24520810","龍行國際有限公司","高雄市苓雅區中正1路120號4樓之3"
"24529586","生活通國際有限公司","高雄市苓雅區憲昌路53巷1之1號2樓之3"
"24531106","台北上海一零一不動產投資顧問","新北市中和區水源路18巷4弄9之3號4樓"
"24539563","藍星休閒事業有限公司","臺北市中正區和平西路1段30號8樓"
"24550742","詠霖有限公司","臺北市文山區木柵路4段149巷7號"
"24552087","美福飯店管理顧問股份有限公司","臺北市中山區樂群二路55號地下1樓"
"24556653","南豐國際旅館股份有限公司","臺北市北投區中山路3號"
"24566934","北瀧浚有限公司","臺北市信義區忠孝東路5段1之8號12樓"
"24572197","看見台灣有限公司","臺北市松山區南京東路3段337號5樓"
"24576460","匯陽事業股份有限公司","臺北市內湖區陽光街383號6樓"
"24581490","順闊有限公司","臺中市西屯區西安里福星路247號1樓"
"24589388","有德事業有限公司","臺中市中區大誠街68號1樓"
"24589423","金沙灣有限公司","屏東縣恆春鎮網紗里恒公路970巷2弄20號1樓"
"24602684","峰邑科技有限公司","臺中市清水區武鹿里中央路100之6號1樓"
"24618525","真泉有限公司","新竹縣尖石鄉義興村1鄰尖石21號"
"24620711","大悲園法天本草有限公司","雲林縣西螺鎮廣福里大同路7之10號1樓"
"24624218","甜蜜森林農場有限公司","桃園市中壢區龍德里龍仁路8號1樓"
"24625510","御湯有限公司","桃園市中壢區龍德里龍仁路8號1樓"
"24629939","華鴻飯店有限公司","苗栗縣頭份鎮民族里中華路951號9樓至12樓"
"24631597","映月國際股份有限公司","宜蘭縣羅東鎮國華里光華街38號2樓"
"24638183","天福通寶有限公司","宜蘭縣宜蘭市延平里東港路34巷6弄29號1樓"
"24641167","徠格休閒事業有限公司","臺東縣臺東市中心里更生路437巷16號1樓"
"24641928","黃金假期事業股份有限公司","嘉義市西區北港路225號1樓"
"24643025","薩肯斯事業有限公司","彰化縣員林鎮光明街295號2樓"
"24645620","安禾旅館股份有限公司","宜蘭縣羅東鎮大新里大同路22之2號3樓"
"24649800","群岳建設有限公司","宜蘭縣冬山鄉柯林村柯林一路398號一樓"
"24649837","承億輕旅股份有限公司","嘉義市東區啟明路146號2樓"
"24651740","綠庠生技股份有限公司","宜蘭縣礁溪鄉二結村二結路8-2號"
"24665771","果億股份有限公司","高雄市左營區嘉慶街139號1樓"
"24674032","易利隆管理顧問有限公司","高雄市左營區自由三路216號2樓"
"24679206","愛美國際美容有限公司","高雄市鼓山區明華路118號1樓"
"24681168","亞誼開發股份有限公司","高雄市苓雅區光華一路206號6樓之1"
"24682379","高鼎資產管理股份有限公司","高雄市前金區大同二路133之6號"
"24686396","京澄國際餐飲有限公司","高雄市鼓山區明華路237號1樓"
"24689324","友鑫開發事業股份有限公司","新北市新莊區五權一路13號3樓之3"
"24694831","瑋真國際有限公司","臺北市大安區麗水街29號"
"24703249","香富大飯店有限公司","新北市永和區竹林路60號2樓"
"24713437","鴒暘有限公司","臺北市士林區忠誠路2段96號4樓"
"24731385","兆發開發國際實業有限公司","新北市汐止區翠峰街2巷11弄4號"
"24738866","群智基因股份有限公司","臺北市內湖區瑞光路607號8樓"
"24750122","信德生醫股份有限公司","臺北市內湖區民權東路6段16號5樓"
"24763457","威整合運動股份有限公司","臺北市松山區八德路3段12巷16弄8號(1樓)、10號(1樓)"
"24776468","天沐岩盤浴會館有限公司","臺北市中山區建國北路2段258巷33號4樓"
"24776642","樺澎開發股份有限公司","臺北市北投區中央北路3段53巷1號"
"24782449","美麗華實業股份有限公司","臺北市中山區北安路780號5樓之5"
"24783550","喜健康生技股份有限公司","臺北市松山區光復北路9號8樓"
"24794212","英屬開曼群島商愛畝仕生技股份有限公司","臺北市松山區光復北路82號6樓"
"24798250","英商弗凱爾國際有限公司","臺北市松山區南京東路5段405號7樓之4"
"24831960","五更物產有限公司","臺中市大里區塗城路33巷7號"
"24846128","全威有限公司","臺中市北區五順街30號1樓"
"24849053","蟬說雅築有限公司","南投縣信義鄉東埔村開高巷30號"
"24858073","侑昇行銷管理顧問有限公司","新竹縣竹北市仁和街2巷21號1樓"
"24860182","一起遊行銷有限公司","花蓮縣花蓮市國富里15鄰國富十三街96號1樓"
"24862668","牡丹灣休閒事業股份有限公司","屏東縣牡丹鄉旭海村旭海路93號"
"24868564","名寓有限公司","宜蘭縣礁溪鄉礁溪路五段77號"
"24872259","中悅大飯店有限公司","臺東縣卑南鄉龍泉路53巷1號8樓之4"
"24873335","馬告部落產業開發有限公司","桃園市復興區羅浮里高坡16號"
"24873757","川湯春天溫泉酒店股份有限公司","宜蘭縣礁溪鄉德陽村中山路2段218號"
"24882545","華府大飯店有限公司","花蓮縣吉安鄉東昌村4鄰東海一街100號"
"24892157","古辛國際餐飲有限公司","嘉義市西區保生里自由路121號1樓"
"24892488","昇恒昌澎湖灣大飯店股份有限公司","澎湖縣馬公市永安街25號"
"24894367","鴻瑞實業有限公司","臺東縣臺東市仁義北路129號"
"24895231","部落体能有限公司","花蓮縣吉安鄉永安村27鄰吉安路一段252-1號"
"24897385","悅闊旅館管理顧問股份有限公司","苗栗縣竹南鎮正南里22鄰中南街11號1樓"
"24900115","靖桓企業有限公司","臺南市新營區延平路65號"
"24910578","健旭國際有限公司","臺南市北區和緯路三段306號1樓"
"24934776","悠福實業有限公司","臺北市北投區清江路32號2樓"
"24935260","鼎佑建設股份有限公司","新北市新店區寶強路12號26樓"
"24936970","愛飛翔數位生活股份有限公司","臺北市信義區東興路63號2樓"
"24938787","匯威國際企業有限公司","臺北市信義區基隆路1段420號12樓之1"
"24941761","富哲國際興業有限公司","臺北市中山區復興北路48號"
"24942831","國鑫事業股份有限公司","臺北市中山區民權東路3段4號8樓"
"24946323","彩虹三溫暖有限公司","臺北市萬華區昆明街142號2樓、3樓"
"24960302","恆潔股份有限公司","臺北市信義區中坡南路98巷5號"
"24962913","貳悅酒店股份有限公司","臺北市萬華區中華路1段144號10樓"
"24964124","創利集合國際有限公司","臺北市大安區忠孝東路4段183號7樓之1"
"24965518","大宇健康事業有限公司","臺北市士林區重慶北路4段250號4樓"
"24965968","合洋開發實業有限公司","臺北市中正區重慶南路1段49號9樓"
"24966360","天玥國際投資股份有限公司","臺北市北投區中山路3號"
"24968748","康妍華實業有限公司","臺北市大安區仁愛路4段414號"
"24976487","南院旅墅股份有限公司","臺北市大安區和平東路2段357巷9號2樓之1"
"24979668","永利達商旅飯店股份有限公司","高雄市鹽埕區五福四路148號"
"24985628","彩顏秀色管理顧問有限公司","高雄市左營區立大路347號3樓之1"
"24987479","三盈營建有限公司","高雄市楠梓區芎林一街207號1樓"
"24989461","福勵經營管理顧問有限公司","高雄市苓雅區自強三路1號38樓"
"25002933","山水妍溫泉會館股份有限公司","新北市烏來區烏來里環山路115號"
"25003969","蓮語智慧風尚有限公司","臺中市南屯區田心里惠中路3段367號"
"25014348","晴立有限公司","新北市新店區中央五街39號1樓"
"25019060","遠雄海洋公園股份有限公司","花蓮縣壽豐鄉鹽竂村福德189號"
"25019076","百冠溫泉會舘有限公司","臺中市北區漢口路三段198號"
"25025669","山海觀渡假村有限公司","南投縣國姓鄉國姓村國姓路461之7號"
"25032253","太麻里城堡溫泉會舘股份有限公司","臺東縣太麻里鄉泰和村外環路87號2樓"
"25033400","金泰皇國際有限公司","桃園市桃園區新埔里大興西路一段175號2樓之1、之2、之3"
"25041653","承郁木業股份有限公司","臺東縣卑南鄉美農村煙草間路1之3號 "
"25061138","山關郡休閒產業股份有限公司","臺南市白河區關嶺里關子嶺24之32號"
"25063467","貝拉美學股份有限公司","臺中市西屯區何明里台中港路二段6號地下一樓"
"25067962","昇晉國際有限公司","新北市蘆洲區中華里8鄰正和街72巷22號"
"25082181","台灣康熙同仁漢方生醫股份有限公司","臺中市潭子區福仁里復興路一段185號"
"25082339","柏盛養生事業有限公司","臺南市東區崇文里崇善路672號1樓"
"25084815","薇恩企業有限公司","基隆市中正區中濱里16鄰中正路580巷14號"
"25085645","極限體育股份有限公司","臺中市龍井區竹坑里沙田路四段32號"
"25093477","東方之泉股份有限公司","新北市烏來區烏來里烏來街24號"
"25105564","凱喆國際有限公司","臺北市信義區信義路4段450巷9號9樓之1"
"25109576","大麗生物科技有限公司","臺北市大安區敦化南路2段200巷18號6樓"
"25117175","青春再現度假育樂股份有限公司","臺北市信義區松勤街9號4樓"
"25120994","元昌國際股份有限公司","臺北市中山區南京東路3段101號4樓"
"25121826","凱亞娛樂事業有限公司","臺北市信義區忠孝東路5段412號18樓之1"
"25124892","聯合娛樂股份有限公司","臺北市萬華區漢中街50巷6-3號"
"25132627","美樂莊國際飯店有限公司","臺北市北投區中和街20巷6號"
"25133843","鴻基生醫科技有限公司","臺北市南港區三重路19之11號3樓"
"25137144","湯泉國際開發股份有限公司","臺北市松山區復興北路365號9樓"
"25142370","寬得福國際開發有限公司","臺北市信義區信義路5段126號地下1樓"
"25142646","海菊國際娛樂有限公司","臺北市大安區忠孝東路4段169號12樓之1"
"25151074","卡爾頌有限公司","宜蘭縣礁溪鄉德陽村信義路7號"
"25171851","東靚規劃設計有限公司","花蓮縣吉安鄉北昌村中央路三段554號1樓"
"25176440","玉長溫泉休閒會館有限公司","花蓮縣富里鄉吳江村安通58之9號"
"25183195","鉑金溫泉事業有限公司","屏東縣車城鄉溫泉村文化路4-2號"
"25186833","天策事業有限公司","臺中市西區公德里精誠十六街39號5樓之2"
"25191006","陽光魚整合行銷有限公司","新竹市東區民族路178巷23號2樓"
"25198205","准境工程有限公司","桃園市新屋區下田里中山西路2段1181巷6弄2號"
"27206552","歐薇國際生化科技股份有限公司","高雄市苓雅區正義里正義路1號7樓之1"
"27210036","網景科技有限公司","高雄市苓雅區成功一路227號2樓"
"27212864","海漾森林有限公司","高雄市苓雅區大順三路108號4樓"
"27218889","左腳右腳股份有限公司","高雄市新興區新田路145號1樓"
"27230589","美商琉騰生物科技有限公司","臺北市大安區安和路一段二十九號十五樓"
"27246506","大鵬灣國際開發股份有限公司","屏東縣東港鎮鵬灣大道二段1號"
"27263080","威尼斯國際實業股份有限公司","宜蘭縣礁溪鄉德陽村湯圍街八○號一至三樓"
"27268304","內豐有限公司","新竹縣新埔鎮田新里義民路一段八四號"
"27275017","日月光整體健康國際有限公司","臺南市新營區民治路二○二號"
"27282100","烏來溫泉風情畫有限公司","新北市新店區中央一街八號二樓"
"27286099","萬里仙境會館股份有限公司","新北市萬里區萬里加投197之3號"
"27296625","鈞維實業有限公司","臺中市龍井區新庄里新仁路45巷11號1樓"
"27297407","源德開發有限公司","臺中市北屯區安順東七街20號1樓"
"27307377","安藤開發建設有限公司","桃園市中壢區復華里復華五街42號1樓"
"27325109","日勝生加賀屋國際溫泉飯店股份有限公司","臺北市北投區光明路236號"
"27330320","鴻來溫泉育樂有限公司","臺北市內湖區成功路4段59號3樓"
"27330497","天闊溫泉育樂有限公司","臺北市內湖區成功路4段59號3樓"
"27331192","長青溫泉育樂有限公司","臺北市內湖區成功路4段59號3樓"
"27339053","大湖雲莊企業有限公司","苗栗縣大湖鄉富興村4鄰水尾坪49-2號"
"27340045","泳捷運動休閒事業有限公司","新北市新店區文化路78巷1弄8號1樓"
"27343654","富聯心傳健康股份有限公司","臺北市松山區光復北路９５號３樓"
"27358733","鴻達國際休閒事業有限公司","臺北市中山區林森北路50號8樓之7"
"27365333","怡映股份有限公司","臺北市松山區敦化北路207號13樓之4"
"27370315","奇暻碳酸溫泉股份有限公司","新竹縣新埔鎮下寮里義民路3段500巷120號"
"27371525","亞拉卡股份有限公司","新北市三重區環河南路二五四巷一三六號五樓"
"27373517","久堂溫泉鎮有限公司","臺中市神岡區社口里中山路四三八號一樓"
"27383183","強羅花壇有限公司","新北市烏來區烏來里野要街80號"
"27387462","黃金海岸開發股份有限公司","桃園市桃園區大德一街六○號"
"27393014","觀音山建設股份有限公司","新北市五股區四維路86號1樓"
"27396639","極強股份有限公司","桃園市桃園區自強里經國路312號10樓"
"27397200","初鹿國際渡假村股份有限公司","臺東縣卑南鄉溫泉村龍泉路一六號三之四樓"
"27407170","景揚設計有限公司","新北市板橋區五權里五權街32巷17之2號"
"27411300","富比達國際股份有限公司","新竹市中正路一○七號七樓之九"
"27413460","美麗渡假村股份有限公司","臺東縣卑南鄉溫泉村龍泉路16號1-2樓"
"27431404","拉利冠實業有限公司","臺東縣太麻里鄉大王路三二七號一樓"
"27436858","可米花園國際股份有限公司","新北市烏來區烏來里１４鄰西羅岸路1號"
"27441424","寬鈦企業有限公司","桃園市桃園區大興西路２段２０６之２號１１樓"
"27443680","頤風觀國際開發有限公司","臺南市白河區關嶺里關子嶺一五號一樓"
"27445287","富達休閒開發股份有限公司","南投縣埔里鎮蜈蚣里鯉魚路37-1號"
"27451490","芸鼎有限公司","臺中市西屯區福安路80號1樓"
"27453498","鬱金香大酒店股份有限公司","臺東縣臺東市連航路66號1樓"
"27455453","布洛灣有限公司","花蓮縣花蓮市主學里14鄰中福路189號1樓"
"27474135","麗景精品休閒旅館有限公司","嘉義市仁義里嘉南街137號1-4樓、139號1樓2樓"
"27481987","儷景溫泉有限公司","臺南市白河區關嶺里關子嶺61之6號"
"27484302","仁和風建設開發股份有限公司","彰化縣芳苑鄉三合村斗苑路三合段2號"
"27488150","嘉慶育樂股份有限公司","臺中市和平區博愛里東關路一段裡冷巷38號"
"27493822","桃花源育樂有限公司","高雄市旗山區永和里旗文路一二二號一樓"
"27498360","甲池企業有限公司","臺中市南屯區溝墘里大墩七街四四○號二樓"
"27504383","台中日光溫泉會館股份有限公司","臺中市北屯區光西巷78、78之1號"
"27525789","美麗灣渡假村股份有限公司","臺東縣卑南鄉富山村杉原2號"
"27526921","凱麥資源管理股份有限公司","臺北市大安區忠孝東路4段180號5樓"
"27540487","長榮國際遊艇有限公司","臺北市中正區忠孝西路1段41號10樓之6"
"27544934","美麗嘉芬國際有限公司","臺北市中山區南京東路1段2號4樓之1"
"27548925","元盟開發股份有限公司","新北市樹林區鎮前街77之3號"
"27549380","寶興開發股份有限公司","臺北市松山區復興北路365號9樓"
"27551809","高登麥國際有限公司","臺北市中山區南京東路１段１巷５號４樓之７"
"27555100","阿斯卡國際有限公司","臺北市內湖區堤頂大道２段３４０號１樓"
"27558084","阿堤斯運動顧問有限公司","臺北市大安區羅斯福路２段７５之１號１２樓"
"27570067","邁瑞企業有限公司","臺北市中正區忠孝西路１段７２號７樓之１２"
"27572918","遠翔建設事業股份有限公司","臺北市信義區松高路1號30樓"
"27579742","十全十美國際事業股份有限公司","臺北市大安區敦化南路2段200巷16號6樓18號6樓"
"27581613","水田山闥實業股份有限公司","新竹縣尖石鄉新樂村13鄰煤源126號1樓"
"27588664","欣偉傑建設股份有限公司","基隆市暖暖區暖暖街530巷88號8樓"
"27591056","美麗家建設有限公司","花蓮縣花蓮市國盛里國盛六街2號5樓之6"
"27597690","承億文旅股份有限公司","嘉義市東區東川里啟明路136號1樓"
"27606157","太湖休閒企業有限公司","苗栗縣大湖鄉大寮村草崠28號"
"27613283","金崙休閒開發股份有限公司","臺東縣太麻里鄉大王村至善路29號"
"27613679","眉溪花卉休閒事業股份有限公司","南投縣埔里鎮蜈蚣里中山路一段２０–１號１樓"
"27622092","哲園名流會館有限公司","南投縣魚池鄉日月村水秀街３１號"
"27622516","泰治企業有限公司","臺中市南區新榮街６３號５樓"
"27627625","豪倫科技股份有限公司","臺北市大安區安和路2段5號9樓之3"
"27629270","明德溫泉股份有限公司","臺中市沙鹿區新生街28號1樓"
"27629659","尊宇農業有限公司","宜蘭縣大同鄉復興村泰雅一路41號1樓"
"27639431","纖健股份有限公司","臺中市南屯區三和里三厝街２２９號"
"27667323","大坑溫泉休閒農場股份有限公司","彰化縣彰化市復興里竹和路２００巷５２號"
"27674675","麗池山水有限公司","臺中市和平區東關路一段分校巷31之1號"
"27677146","長春堂事業股份有限公司","新北市板橋區四川路1段23號9樓"
"27688925","花季休閒事業股份有限公司","高雄市前金區中華4路349號12樓"
"27692337","麗晶事業股份有限公司","高雄市苓雅區三多2路249號9樓之3"
"27693069","廣台國際開發股份有限公司","高雄市前金區六合二路１１１號"
"27693238","柏文健康事業股份有限公司","高雄市左營區博愛三路102號1至2樓"
"27702291","身心靈養生之道坊有限公司","高雄市三民區大豐2路488號"
"27707351","樺圓國際開發股份有限公司","高雄市鼓山區明華路317號13樓之1"
"27707726","奈急建設有限公司","高雄市鼓山區中華一路2222號8樓之1"
"27712657","育騰運動健康事業股份有限公司","臺北市南港區南港路3段225號"
"27715839","噶瑪蘭溫泉大飯店有限公司","臺北市大同區南京西路３１６號３樓"
"27720946","風稜石休閒育樂股份有限公司","臺北市中山區新生北路3段26號地下室"
"27732719","活沛國際貿易有限公司","臺北市大同區承德路1段17號7樓之1"
"27737334","櫻花精品旅館股份有限公司","新北市淡水區崁頂里3鄰濱海路1段221號"
"27741301","首特企業有限公司","臺北市中山區南京東路2段95號11樓"
"27743151","美人山國際開發股份有限公司","新北市烏來區烏來里啦卡路１號"
"27744525","台北花園大酒店股份有限公司","臺北市中正區中華路2段1號"
"27764084","情覓旅館有限公司","臺北市中山區植福路189號2樓"
"27782549","天寶開發股份有限公司","彰化縣彰化市水月台路1號"
"27786427","正利中志業有限公司","臺中市北屯區興安路1段128巷3號1樓"
"27789584","麗澤渡假村股份有限公司","臺中市北區健行路６５６號３樓"
"27790288","聯合開發有限公司","新北市板橋區中山路１段１０２之３號２樓"
"27799577","天珠旅館有限公司","臺中市東勢區粵寧里新豐街９１號"
"27801898","楓葉園溫泉股份有限公司","花蓮縣花蓮市中山路４１２巷１２號１樓"
"27812044","水漾時尚旅館開發股份有限公司","桃園市蘆竹區洛陽街68號"
"27825977","海力克斯健康休閒有限公司","嘉義縣朴子市大葛里大槺榔1318號"
"27836587","歐映五號旅館有限公司","臺南市北區海安路三段678號"
"27849324","昆省事業股份有限公司","新北市樹林區中山路1段27之8號3樓之2"
"27853261","英特貝思貿易有限公司","新北市新店區建安街7號3樓"
"27862493","日健生活事業股份有限公司","臺中市西區臺灣大道二段218號17樓"
"27867981","川湯春天有限公司","宜蘭縣礁溪鄉德陽村德陽路４３號１樓至８樓"
"27870775","天揚育樂開發股份有限公司","桃園市桃園區三民路３段２９號１樓"
"27884779","匯智事業開發股份有限公司","臺中市西屯區何安里青海路一段147號2樓"
"27888304","久億休閒開發股份有限公司","臺中市神岡區中山路４３８號１樓"
"27891151","春之湯國際開發有限公司","花蓮縣花蓮市國風里和平路609號"
"27891949","山璞傳說國際事業有限公司","高雄市六龜區寶來里中正路90號"
"27896472","金山溫泉會館股份有限公司","新北市萬里區萬里加投246之3號"
"27910832","泰鑽企業有限公司","新北市新店區中正路501之5號4樓"
"27912796","宜達休閒開發股份有限公司","苗栗縣頭屋鄉明德村明德路63號"
"27918601","足之屋有限公司","新北市淡水區民權路４２號５樓"
"27919897","瑲諭臻科技開發有限公司","臺中市西區平和里四維街１１７號１樓"
"27920058","慶大欣業股份有限公司","嘉義市西區八德路４０號"
"27924414","英屬維京群島商台北普及瑜珈有限公司","臺北市大安區忠孝東路4段151號地下1樓、3樓、5樓、7樓"
"27940499","香港商世界健身事業有限公司","臺中市東區復興路4段186號9樓"
"27944066","英屬維京群島商台北普及健身有限公司","臺北市信義區松仁路89號5樓之6"
"27946233","遠雄巨蛋事業股份有限公司","臺北市信義區松高路1號22樓"
"27961867","新泰龍建設股份有限公司","桃園市楊梅區三陽路369號"
"27961944","儷山林休閒開發股份有限公司","臺北市中山區吉林路99號8樓"
"27963020","恆漾國際股份有限公司","臺北市大安區忠孝東路4段312號8樓之2"
"27972695","椿園餐旅有限公司","臺北市松山區南京東路5段31號8樓"
"27973505","知林國際開發股份有限公司","桃園市龜山區大華里文化五路141號"
"27974808","漾館溫泉生活館有限公司","臺北市北投區溫泉路63號1至3樓"
"27977349","沐光育樂有限公司","臺北市松山區松河街212號1樓"
"27987206","漢娜皇宮國際有限公司","臺北市中山區堤頂大道2段500號8樓"
"27991567","登琪爾養生莊所股份有限公司","臺北市松山區敦化北路150號8樓"
"28022357","兆泰開發有限公司","基隆市七堵區瑪西里大華三路77之1號"
"28038941","威啟股份有限公司","臺中市西屯區臺灣大道二段689號6樓"
"28044654","維泰開發股份有限公司","新北市淡水區觀海路91號"
"28048032","寅景國際有限公司","臺北市松山區南京東路5段2號3樓"
"28052865","大飛天國際文化事業股份有限公司","臺南市佳里區佳里興302之7號1樓"
"28058946","山之內開發股份有限公司","臺中市和平區博愛里東關路1段十文巷61號"
"28060838","日出豐鑫事業有限公司","臺中市南區福平里忠明南路７８７號２６樓"
"28065496","天可汗涵氧健身館有限公司","基隆市中正區義一路130號2樓之2"
"28066559","大板根國際開發股份有限公司","臺北市大同區承德路3段24巷12號7樓之1"
"28074241","樸石旅館股份有限公司","新北市烏來區新烏路5段88號1~3樓，90號2、3樓"
"28080551","情定河畔旅館有限公司","桃園市蘆竹區南榮里光明路一段109號"
"28080834","輕鬆休閒家整合行銷有限公司","新北市三重區力行路２段１３６巷３３弄１６號１樓"
"28086844","森之湯溫泉股份有限公司","臺中市西區民生里自由路１段１０１號２０樓"
"28088483","湯驛溫泉大酒店有限公司","臺南市中西區友愛街１９６號"
"28091142","全球頂尖生技組織有限公司","新北市板橋區新民里文化路1段134之1號(2樓)"
"28101417","黑潮生機股份有限公司","桃園市中壢區中豐北路一段718號"
"28109369","黃家觀光旅館有限公司","新北市中和區中山路2段530號3樓"
"28111225","展余企業有限公司","新北市板橋區中山路二段９０巷４３弄３之１號"
"28121069","樺威開發有限公司","臺北市信義區信義路4段395巷6弄10號5樓之5"
"28142249","湯布苑實業有限公司","新北市烏來區烏來里8鄰溫泉街85號"
"28151302","海豚灣游泳池管理顧問有限公司","新竹縣湖口鄉鳳山村勝利路二段204號"
"28155638","集野實業股份有限公司","苗栗縣苑裡鎮客庄里１６鄰新興路３５巷６號"
"28163644","日榮資產管理股份有限公司","臺中市北區五權路401-1號7樓"
"28163980","漢力創意管理顧問有限公司","屏東縣屏東市瑞光里和生路1段12號1樓"
"28180405","御理國際企業有限公司","臺北市信義區忠孝東路５段１之１號１０樓"
"28181473","大漢養生有限公司","臺北市中山區民權東路２段１號２樓"
"28186294","力麗酒店股份有限公司","南投縣魚池鄉日月村水秀街71號"
"28198101","居之寶國際開發股份有限公司","臺南市南區西門路一段309巷10號"
"28200768","貝斯特國際運動管理顧問股份有限公司","臺北市大同區民族西路137號1樓"
"28204011","麗池康體休閒事業有限公司","臺北市文山區羅斯福路5段97巷2之2號1樓"
"28208163","台北城外有限公司","臺北市中山區中山北路1段138號1樓"
"28213882","欣亞國際酒店股份有限公司","臺北市北投區溫泉路銀光巷21之2號"
"28215679","濰萊生物科技股份有限公司","新北市板橋區文化路一段333號3樓之2"
"28219871","京讚實業有限公司","臺北市大同區南京西路316號3樓之1"
"28222313","和進草本生機股份有限公司","臺北市中山區長安東路2段169之8號1樓"
"28227133","貴子坑開發事業有限公司","臺北市北投區珠海路18號2樓"
"28289600","爵士工廠股份有限公司","高雄市苓雅區建國一路64巷37號1樓"
"28289947","愛河灣行銷有限公司","高雄市苓雅區海邊路29號25樓之1"
"28290228","亞美格行銷有限公司","高雄市苓雅區海邊路29號25樓之1"
"28293870","亞曼達娛樂開發有限公司","屏東縣恆春鎮南灣里南灣路330號"
"28302765","城藝室內裝修企業有限公司","高雄市鼓山區迪化街50號1樓"
"28316466","澎湖群島觀光育樂股份有限公司","桃園市楊梅區三民路二段188號"
"28317319","吉祥國際物業管理顧問股份有限公司","新北市中和區景平路71之7號2樓之6"
"28321783","億達國際事業有限公司","新北市新莊區新泰路８５號地下１層(之１)"
"28344646","全錄有限公司","新北市板橋區文化路1段268號5樓之1"
"28344842","喬宏投資股份有限公司","臺南市東區林森路１段377號9樓"
"28348018","耐斯馬哥波羅管理顧問股份有限公司","嘉義市東區中庄里忠孝路515號13樓"
"28356136","順安事業有限公司","新北市新莊區復興路2段187之2號"
"28365901","祥欣興業有限公司","新北市板橋區南雅南路一段4巷12號5樓"
"28370571","金盈開發股份有限公司","彰化縣花壇鄉白沙村觀音巷80弄1之7號"
"28375387","亞璽國際事業股份有限公司","臺中市南區福順里忠明南路787號地下室1樓"
"28381796","魔特開發實業有限公司","桃園市平鎮區美興里育達路１７９巷１５弄２號２樓"
"28383154","有信休閒股份有限公司","新北市板橋區文化路1段132號3樓"
"28388046","秋山堂企業股份有限公司","臺中市西屯區朝富一街1號4樓"
"28394173","知本春秋酒店股份有限公司","臺東縣卑南鄉溫泉村溫泉路６８號１樓至７樓"
"28405642","禾生源實業股份有限公司","臺中市北區賴村里大德街161巷8之3號1樓"
"28409008","寶元大飯店有限公司","臺東縣臺東市民生里傳廣路219號1樓"
"28430614","鼎林國際企業股份有限公司","臺中市西區忠明里臺灣大道二段408號2樓"
"28434484","料羅灣國際開發股份有限公司","金門縣金城鎮民生路25號12樓之1"
"28436292","香港商珀雅有限公司","臺北市信義區基隆路1段159號6樓之1"
"28450879","花水木國際股份有限公司","臺北市中山區長安東路2段171號4樓之1"
"28452665","雲湯國際有限公司","新北市烏來區溫泉街43號"
"28457612","鑫元鑫股份有限公司","臺北市大安區忠孝東路4段222號2樓"
"28462404","挺順國際股份有限公司","臺北市中山區錦州街298號7樓"
"28463403","寶信開發股份有限公司","臺北市中正區杭州南路1段79號4樓"
"28464418","旺港發財有限公司","臺北市中正區忠孝西路1段50號25樓之14"
"28466083","時代國際飯店股份有限公司","臺北市信義區忠孝東路5段10號"
"28467219","欣路建設股份有限公司","臺北市松山區復興北路365號9樓"
"28468131","景承興業有限公司","臺北市大安區復興南路1段79巷2號9樓之4"
"28492272","震印股份有限公司","新北市永和區環河西路1段83號3樓"
"28496072","神彩飛揚運動休閒股份有限公司","臺南市安平區育平里永華路2段857號"
"28496967","九州休閒產業開發股份有限公司","臺中市東區東英12街20號1樓"
"28497902","旭日溫泉旅館股份有限公司","苗栗縣泰安鄉錦水村橫龍山34號"
"28501336","久福興業股份有限公司","臺中市梧棲區大智路2段388號"
"28503361","麗志國際企業有限公司","新北市汐止區新台五路2段35號1樓"
"28507520","萬象藝術國際事業有限公司","臺中市南屯區豐樂里文心南五路一段369號3樓"
"28512811","亞莊酒店企業股份有限公司","臺東縣卑南鄉溫泉村溫泉路68號1樓至7樓"
"28516062","雲景國際有限公司","新北市烏來區西羅岸路79、81號"
"28518462","多摩健康事業有限公司","臺中市南屯區溝墘里大福街36號2樓"
"28519650","鴻標育樂股份有限公司","新竹市經國路一段379巷19號7樓之2"
"28525885","瑞穗溫泉取供有限公司","花蓮縣瑞穗鄉瑞祥村溫泉路3段185號"
"28557963","喬力達休閒管理有限公司","桃園市中壢區新明里明德路82號10樓"
"28558647","昀泓企業有限公司","新竹市東區中正路240號地下1樓之1"
"28570641","宅適統合工程有限公司","新北市淡水區民權路187巷29號1樓"
"28572541","海克力斯健康休閒股份有限公司","新北市新莊區民安路188巷5號地下二層"
"28575239","旗豐開發股份有限公司","澎湖縣白沙鄉吉貝村吉貝182之15號"
"28578496","威姿股份有限公司","桃園市桃園區桃鶯路196號"
"28591435","得寶極美生技有限公司","高雄市三民區大昌2路125號5樓"
"28603360","佳儀有氧瑜珈有限公司","高雄市左營區明誠2路476號"
"28618390","六星休閒企業有限公司","高雄市苓雅區中正二路103號1樓、103號2樓之1、103號2樓之2、105號1樓、105號2樓之1、105號2樓之2"
"28621698","天源國際休閒管理有限公司","臺中市豐原區北陽里向陽路361號2樓"
"28643898","鈺霖活水元氣有限公司","新北市汐止區康寧街430號(2樓)"
"28653071","佳昇休閒育樂股份有限公司","雲林縣虎尾鎮光復路66之1號"
"28657479","維信開發股份有限公司","臺南市仁德區仁義里義林十二街31號"
"28657718","雅典娜健康科技有限公司","臺中市西屯區玉門路81號、81號2樓"
"28658596","九州健康事業股份有限公司","新北市中和區立人街14巷40弄28號"
"28670450","鴻海國際事業股份有限公司","臺北市士林區東山路25巷26號、28號、28之1號、30號"
"28671134","卓越互動行銷股份有限公司","臺北市中正區臨沂街25巷16號1樓"
"28678713","後碧湖股份有限公司","臺中市西屯區何南里臺灣大道二段689號5樓"
"28683960","麟揚股份有限公司","臺北市南港區重陽路59號"
"28711810","蕎瑛實業有限公司","臺北市大安區復興南路1段90號3樓之3"
"28714099","禾立鼎股份有限公司","臺北市大安區忠孝東路4段295號3樓"
"28718969","台北新天地三溫暖有限公司","臺北市中正區忠孝西路1段72號5樓、5樓之1"
"28726932","晶富建設開發股份有限公司","新北市永和區中和路421巷3弄2號"
"28743411","大湖休閒企業有限公司","苗栗縣大湖鄉富興村八寮灣2之8號"
"28743778","伸峰康沛有限公司","新竹縣竹東鎮東寧路二段179號"
"28744679","澄觀園開發股份有限公司","高雄市仁武區灣內里鳳仁路100號"
"28749127","喬大環保科技有限公司","臺中市南屯區文心南五路一段369號1樓"
"28760229","名人堂興業股份有限公司","臺中市西區英才路４９９號５樓"
"28767790","新雙溪水上股份有限公司","臺中市大甲區奉化里農安路171號"
"28770367","萬金休憩股份有限公司","新北市萬里區大鵬里萬里加投45之1號"
"28786086","歐遊國際股份有限公司","雲林縣斗六市棒球十三街18號2樓之1"
"28798219","承緯興業股份有限公司","嘉義市東區東川里啟明路136號2樓"
"28809546","樂家庭居家清潔服務有限公司","高雄市楠梓區德民路336號3樓"
"28813231","台灣體育事業股份有限公司","新竹縣湖口鄉中興村中興二巷2號1樓"
"28825503","永承健康養身有限公司","臺北市中山區民生東路1段30號2樓及2樓之1"
"28838958","緹力士健康事業股份有限公司","臺北市中山區樂群三路218號5樓"
"28843930","北海天泉酒店股份有限公司","臺北市中正區杭州南路1段8之1號2樓"
"28843946","逸寬股份有限公司","臺北市信義區松仁路90號3樓"
"28845276","綠水茵股份有限公司","臺北市內湖區成功路4段168號地下2樓"
"28849097","寶豐隆商旅股份有限公司","臺北市大安區仁愛路4段71巷36號2樓"
"28850256","水美健康休閒事業有限公司","臺北市信義區信義路5段126號地下1層"
"28850592","我們的國際企業有限公司","臺北市大安區安居街8巷6弄2號1樓"
"28865315","充實生活股份有限公司","臺北市內湖區陽光街383號"
"28879107","理嘉投資有限公司","臺中市西屯區惠中路二段38號4樓之2"
"28889668","超正有限公司","新北市五股區成泰里御史路199之6號"
"28900349","嘉樂休閒股份有限公司","新竹縣竹東鎮仁愛里北岸6號"
"28902212","迦南地開發股份有限公司","新北市中和區圓通路56號2樓之2"
"28902753","源穀實業股份有限公司","臺中市北區錦祥里進化路575號10樓之1"
"28909480","閎揚國際拓展有限公司","臺北市大同區寧夏路2號"
"28910156","尚順開發股份有限公司","苗栗縣頭份鎮東庄里15鄰育樂街6號"
"28924546","亞仕企業有限公司","臺中市南屯區文心南三路711巷3號1樓"
"28926713","京彩國際育樂開發股份有限公司","桃園市桃園區經國路242之1號3樓"
"28927059","明德休閒事業開發股份有限公司","苗栗縣頭屋鄉明德路35-3號"
"28936536","探索旅館管理顧問有限公司","新北市中和區新生街112巷21號"
"28943635","現代運動休閒有限公司","新北市新莊區民安路188巷5號1樓之40"
"28968207","威力鯨國際有限公司","桃園市桃園區福安里介壽路5-4號14樓"
"28968537","葛瑪蘭溫泉飯店股份有限公司","宜蘭縣礁溪鄉德陽村溫泉路40號4樓"
"28970999","香港商南方莊園有限公司","桃園市中壢區過嶺里樹籽路8號"
"28974833","佳樹資產管理股份有限公司","臺中市北區公園路186號12樓"
"28994726","金沙湖畔育樂有限公司","金門縣金沙鎮汶沙里后浦頭142號"
"29016620","金沙湖濱育樂有限公司","金門縣金沙鎮汶沙里后浦頭135號"
"29025276","綠力全球有限公司","高雄市鼓山區富農路132號9樓"
"29026845","金城造船有限公司","高雄市苓雅區青年2路212號6樓之1"
"29027366","六五一數位股份有限公司","高雄市新興區民生一路33號"
"29031143","鑫富發資產管理有限公司","宜蘭縣五結鄉鎮安村舊街一路53巷5號"
"29033873","商丞企業有限公司","臺北市大安區忠孝東路4段76號6樓之4"
"29043366","花悅生活股份有限公司","臺北市大安區復興南路2段327號7樓之1"
"29044800","礁溪遠雄悅來大飯店股份有限公司","臺北市信義區松高路1號22樓"
"29049994","愛美家國際事業有限公司","臺北市中山區伊通街114號地下"
"29073240","群欣置業股份有限公司","臺北市中山區中山北路2段65巷9號2樓"
"29074959","那米哥國際股份有限公司","臺北市信義區松仁路97、99、101號地下1樓"
"29079737","祥德開發股份有限公司","臺北市中山區樂群二路95號10樓"
"29080262","富億國際有限公司","臺北市中山區雙城街19巷8號12樓之11"
"29081261","寬馳運動行銷顧問有限公司","苗栗縣苗栗市福麗里6鄰國華路1121號"
"29083710","加麗寶生命科技股份有限公司","新北市板橋區四維路269巷17之1號"
"29088861","富泉國際開發股份有限公司","南投縣埔里鎮蜈蚣里鯉魚二巷20號"
"29094006","山月國際渡假村股份有限公司","臺東縣鹿野鄉鹿野村中華路1段258巷15號"
"29109731","露泉開發股份有限公司","臺中市東勢區第三橫街149巷8號3樓"
"29111624","任浚股份有限公司","桃園市桃園區莊一街142號"
"29121307","川湯溫泉會館有限公司","宜蘭縣礁溪鄉德陽村德陽路35號1樓至8樓及德陽路39號1樓至5樓"
"29129201","高野大飯店股份有限公司","臺東縣卑南鄉溫泉村龍泉路30之2號5樓之41"
"29139171","沐川溫泉會館有限公司","新北市烏來區烏來街6號"
"29143029","鵬準企業有限公司","臺北市松山區東興路19號6樓"
"29150267","三好米溫泉會館有限公司","新北市烏來區烏來里西羅岸路35號"
"29152238","湯瑪斯國際休閒有限公司","新北市汐止區光明街9號"
"29154643","晶冠開發股份有限公司","新北市新莊區五工路66號2樓"
"29160758","安政企業管理顧問有限公司","新北市中和區中山路2段33號10樓之5"
"29160912","新明開發事業股份有限公司","新北市新莊區五權一路13號3樓之3"
"29161807","慧鴻建設有限公司","新北市新店區安興路7號"
"29170101","任開數位媒體行銷股份有限公司","臺北市中正區忠孝東路2段130號5樓之3"
"29181521","英屬維京群島商普及生活瑜珈有限公司","臺北市松山區慶城街1號4樓及5樓"
"29517407","大信觀光企業股份有限公司","臺北市士林區格致路237號"
"29657407","春天酒店股份有限公司","臺北市北投區幽雅路18號"
"29736769","新秀閣大飯店股份有限公司","臺北市北投區光明路238號"
"29799807","水都旅館股份有限公司","臺北市北投區光明路283號"
"29823341","熱海大飯店股份有限公司","臺北市北投區光明路258號"
"30915754","椰城實業股份有限公司","新北市汐止區東勢街201巷2號"
"33115502","艾德蒙海外股份有限公司","新北市中和區中正路716號12樓之3"
"33867067","十分大瀑布育樂股份有限公司","新北市平溪區南山里乾坑10號"
"34572421","世倍電子企業股份有限公司","新北市板橋區和平路33號3樓"
"34673785","百憶實業股份有限公司","臺北市大同區敦煌路72號2樓"
"35513104","遠東鐵櫃鋼鐵廠股份有限公司","臺北市大同區長安西路300號1樓"
"36057527","喜美工業股份有限公司","臺北市中正區重慶南路1段43號7樓之9"
"36519725","福記產業股份有限公司","臺北市大安區仁愛路3段160號"
"37003021","三金鑛業股份有限公司","新北市萬里區坪頂3號"
"38071503","烏來觀光事業股份有限公司","新北市烏來區瀑布路1之1號"
"40520533","麒麟太子股份有限公司","宜蘭縣礁溪鄉德陽村礁溪路五段67號"
"40642753","五鳳旗實業股份有限公司","宜蘭縣礁溪鄉大忠村五峰路69號、69-1號"
"42566859","盛運國際貿易有限公司","桃園市桃園區中寧里大興西路二段26之8號17樓"
"42569949","崴騰開發建設有限公司","嘉義縣水上鄉水上村進學街86巷3號1樓"
"42580509","三橋渡假旅店有限公司","桃園市桃園區西埔里永安路1216巷8號"
"42582302","愛爸爸實業有限公司","宜蘭縣羅東鎮復興路一段51號1樓"
"42582555","笠復威斯汀股份有限公司","桃園市大溪區永福里日新路166號"
"42582871","福天通寶有限公司","宜蘭縣宜蘭市延平里東港路34巷6弄29號1樓"
"42586898","山多利花園飯店股份有限公司","宜蘭縣礁溪鄉德陽村興農路291巷7號1樓"
"42588333","耐斯廣場股份有限公司","嘉義市忠孝路600號地下一層、1至5樓、10樓、17樓及新生路836號"
"42589038","弘荺建設有限公司","花蓮縣吉安鄉吉安村吉安路二段77巷55弄3號1樓"
"42589121","世熙建設有限公司","花蓮縣吉安鄉吉安村26鄰吉安路二段77巷55弄3號一樓"
"42592060","主業建設有限公司","花蓮縣吉安鄉吉安村26鄰吉安路二段77巷55弄3號1樓"
"42595236","至希數位媒體行銷有限公司","桃園市楊梅區永寧里環南路80巷5號9樓"
"42598542","明日萌股份有限公司","花蓮縣吉安鄉建國路一段107號1樓"
"42601075","旅人驛站鐵花大飯店股份有限公司","臺東縣臺東市中山路402號、404號、404之1號"
"42605614","僑元股份有限公司","新竹縣竹北市十興里光明六路東一段189號2樓"
"42607802","戲逗行銷國際事業有限公司","苗栗縣苑裡鎮田心里7鄰田心67之7號1樓"
"42614938","皇鼎國際商務飯店股份有限公司","臺北市北投區行義路346號1樓"
"42620523","唯一八煙股份有限公司","新北市金山區林口35號"
"42621889","馬拉松創意生活有限公司","臺北市大安區新生南路2段60號"
"42627413","綠恩東陽光生醫有限公司","臺北市萬華區西藏路250號5樓"
"42627785","娑漾健康管理顧問股份有限公司","臺北市大安區復興南路2段237號13樓"
"42632295","方宇股份有限公司","臺北市士林區延平北路6段477號3樓"
"42642316","儷京企業股份有限公司","臺北市中山區吉林路99號8樓"
"42645340","台灣健康前沿股份有限公司","臺北市大同區長安西路287號4樓"
"42647662","艾莫芽學苑股份有限公司","臺北市士林區士東路220號1樓"
"42652209","大魯閣溫浴事業股份有限公司","臺北市內湖區民善街89號3樓"
"52252940","威特企業股份有限公司","臺中市西屯區大河里大鵬路88號"
"52500619","宏華宮企業有限公司","臺中市中區光復里光復路145號地下樓及145、147號及成功路248巷24、26、22之3之8、22之3之9、22之3之10號"
"52514135","達欣大飯店股份有限公司","臺中市中區建國里建國路180號"
"52806560","宏總建設股份有限公司","高雄市苓雅區新光路38號37樓之1"
"53000351","金門大酒店有限公司","金門縣金城鎮古城里金門城164號"
"53009705","台灣國際精品股份有限公司","金門縣金湖鎮蓮庵里三谿橋8號"
"53010386","香港商夢幻之泉有限公司","臺北市中山區敬業二路69巷61號1樓"
"53014593","大坵島開發有限公司","連江縣北竿鄉塘岐272號"
"53032179","天河育樂有限公司","高雄市鳳山區海洋里海洋二路83巷2之4號5樓"
"53039383","緯弘建設有限公司","嘉義市東區林森里共和路131號8樓2"
"53040749","欣悅股份有限公司","南投縣埔里鎮西安路一段116號1樓"
"53040945","麗舍休閒開發股份有限公司","苗栗縣大湖鄉南湖村南昌路護安巷58-11號"
"53044554","礁溪休閒農業有限公司","宜蘭縣礁溪鄉大忠村五峯路70巷50號"
"53052322","金陵休閒會館有限公司","彰化縣埔心鄉梧鳳村大溪路3段205巷25號"
"53055340","富仕康建設有限公司","臺中市大里區祥興里大智路680號1樓"
"53058536","美慶大廈休閒實業有限公司","宜蘭縣礁溪鄉大忠村五峯路89號1樓"
"53058753","晶華城有限公司","桃園市桃園區東門里中山東路1巷2號"
"53060316","一二三廣場股份有限公司","高雄市大樹區三和里學城路一段5號3樓"
"53065353","皇家養生館有限公司","臺中市西屯區福林里福科路557巷2弄8號"
"53065699","道祥有限公司","花蓮縣花蓮市主農里中正路73號"
"53069581","原采能量生技股份有限公司","臺中市西區公正里大同街183號"
"53078890","珍愛人生興業股份有限公司","臺中市南屯區大墩十一街525號2樓"
"53079878","大盟開發股份有限公司","臺北市松山區敦化北路167號18樓"
"53084443","十分國際股份有限公司","臺北市大同區南京西路66號11樓"
"53089664","昊鼎股份有限公司","新竹縣新豐鄉福興村7鄰圓山子116-2號5樓"
"53090091","力揚運動事業股份有限公司","臺北市內湖區陽光街383號6樓"
"53097313","崧喬育樂事業有限公司","臺北市南港區重陽路457號4樓"
"53109958","翡彩彤有限公司","臺北市松山區光復南路390號3樓之2"
"53111510","神去村股份有限公司","臺北市信義區基隆路1段333號12樓"
"53118041","台灣富驛酒店股份有限公司","臺北市中山區南京東路3段131號1樓、地下1樓、10、11、12、13樓"
"53119935","尚格開發興業股份有限公司","桃園市桃園區中正路927號6樓"
"53129080","新竹山城花園股份有限公司","臺北市中正區衡陽路51號14樓"
"53129429","奕集股份有限公司","臺中市西屯區永昌二街2號4樓"
"53129928","豐茂美麗健康股份有限公司","新竹縣竹北市光明六路東一段263號5樓"
"53138068","彤妍國際有限公司","新竹市東區金山里金山街10號2樓"
"53139398","揚悅旅館股份有限公司","臺南市南區健康路2段487號"
"53142437","礁溪山水妍股份有限公司","宜蘭縣礁溪鄉德陽村信義路34巷6號"
"53152429","原德飯店股份有限公司","臺中市西屯區西屯路2段200號"
"53158079","迪樂斯休閒事業有限公司","臺中市北區長青里武昌路173號"
"53163045","成吉舒汗溫泉會館有限公司","臺中市太平區光華里大興21街123號1樓"
"53169300","遠碩網路科技股份有限公司","新竹縣竹北市光明九路180-5號"
"53177723","源來如池有限公司","宜蘭縣礁溪鄉德陽村德陽路66巷8號1樓"
"53181711","友益興業有限公司","新北市三重區三和路3段151巷23號3樓"
"53184105","足力股份有限公司","新北市烏來區忠治里堰堤75號"
"53193370","水蓮天股份有限公司","新北市三重區中興北街131-1號"
"53202080","吉昱商務有限公司","新北市中和區中山路2段33號10樓，10樓之1，之2，之3，之5，之6"
"53207281","向日葵休閒開發股份有限公司","臺北市中正區重慶南路3段63號2樓之1"
"53208459","美松彰生醫科技股份有限公司","新北市土城區忠承路107號11樓"
"53208599","炬久有限公司","新北市蘆洲區九芎街138巷3號5樓"
"53214754","台灣人民資產管理股份有限公司","新北市新店區中華路9號6樓"
"53217247","紅頁有限公司","新北市深坑區埔新街31號3樓"
"53235961","蕙如企管顧問有限公司","高雄市苓雅區四維四路5號7樓之1"
"53236820","伊莎貝爾休閒有限公司","高雄市左營區自由二路67號"
"53253664","巨明建設有限公司","高雄市苓雅區光華一路206號6樓之1"
"53253670","首福旅館顧問有限公司","高雄市新興區民主路17之2號2樓"
"53258247","台灣捷盛健康科技有限公司","高雄市左營區榮總路491巷5號1樓"
"53260118","嘉義商旅管理顧問有限公司","嘉義市西區永和里垂楊路866號"
"53263071","快樂白沙娛樂事業股份有限公司","屏東縣恆春鎮大光里大光路125-3號1樓"
"53264959","山秀開發有限公司","桃園市平鎮區高雙路8巷36號6樓"
"53267739","武界基地股份有限公司","南投縣竹山鎮德興里德興巷44號1樓"
"53282801","原啟有限公司","桃園市中壢區普忠里大仁街35巷2號1樓"
"53283251","麗豪大飯店股份有限公司","花蓮縣秀林鄉和平村和平38之8號"
"53292250","海角星空休閒生活事業有限公司","屏東縣恆春鎮恆公路8、10號"
"53307937","佳采育樂股份有限公司","臺中市梧棲區中華路一段1098號2樓"
"53310948","一三九二全人志業股份有限公司","臺北市北投區光明路242號2樓之7"
"53315015","立興朝代有限公司","臺北市北投區中央北路1段12號及12號2樓"
"53315182","富代股份有限公司","臺北市大安區忠孝東路4段148號5樓之6"
"53316801","南豐國際開發股份有限公司","臺北市北投區中山路3號"
"53325392","沅家有限公司","臺北市松山區南京東路5段251巷32弄9號2樓"
"53329159","陽明山休閒事業股份有限公司","新北市金山區山城路82之3號"
"53331824","醫登生技股份有限公司","臺北市大安區光復南路102號5樓"
"53332725","金英姿企業有限公司","臺北市中山區天津街68號3樓"
"53334913","柏鑫健康事業股份有限公司","臺北市信義區松壽路22號4樓"
"53335286","樂意建設股份有限公司","臺北市松山區復興北路365號7樓"
"53340984","薇健康概念館有限公司","臺北市中山區明水路575號地下1層之5"
"53345860","名人世界國際興業有限公司","臺北市松山區南京東路4段45號6樓"
"53348276","阿沐企業有限公司","臺北市大安區和平東路3段68-10號"
"53349113","水舍銀光開發股份有限公司","臺北市北投區溫泉路銀光巷22號"
"53353024","老爺榮康股份有限公司","臺北市北投區中和街2號6樓"
"53357577","天玥國際股份有限公司","臺北市北投區中山路3號"
"53362895","翔地股份有限公司","臺南市東區東門路三段253號12樓之4"
"53365605","日泰溫泉事業股份有限公司","苗栗縣泰安鄉錦水村橫龍山34號"
"53369356","麗園開發有限公司","苗栗縣銅鑼鄉中平村中興路75號1樓"
"53370375","鼎泰鑫實業股份有限公司","臺中市西屯區至善里青海路二段337號1樓"
"53371819","嘉陞開發股份有限公司","彰化縣田中鎮東源里山腳路三段237號1樓"
"53396380","金富休閒開發有限公司","臺東縣太麻里鄉泰和村太麻里街南里巷9號"
"53396760","青葉東京企業有限公司","臺中市中區市府路81號"
"53404847","高峰休閒事業股份有限公司","高雄市岡山區為隨西路138號2樓"
"53412229","富久企業管理顧問有限公司","新北市中和區中山路2段33號10樓"
"53421803","愛旺國際有限公司","新北市土城區裕民路214巷2號"
"53425701","金門國際資產育樂股份有限公司","新北市汐止區新台五路1段25之2號10樓"
"53458913","大魯閣開發股份有限公司","臺北市內湖區民善街83號3樓"
"53462141","新大皇國際事業股份有限公司","新北市永和區福和路128號2樓"
"53465604","楓戀休閒有限公司","新北市新店區新烏路3段寶島巷3號"
"53472035","南紡流通事業股份有限公司","臺南市東區東光里中華東路1段366號、398號7樓之1"
"53473013","紅絲帕生活科技有限公司","新竹市光明里大學路88號18樓之4"
"53483639","岸之溪農業社有限公司","苗栗縣大湖鄉富興村砲石14-20號"
"53488727","寶島麗池有限公司","桃園市桃園區中正路430號2、3、4、5樓"
"53490717","日出峇里溫泉飯店股份有限公司","苗栗縣泰安鄉錦水村橫龍山34號"
"53495585","東凰開發建設股份有限公司","花蓮縣花蓮市主力里中華路277號"
"53498014","葛瑪蘭精緻飯店股份有限公司","宜蘭縣礁溪鄉德陽村溫泉路53號2樓"
"53500546","山點水股份有限公司","宜蘭縣宜蘭市大東里新民路58巷41號2樓"
"53507631","一品沅旅館有限公司","臺南市中西區保安路182號2-7樓"
"53508809","夢想方舟企業管理顧問有限公司","臺中市西屯區何南里台中港路二段27號4樓"
"53509342","佳茂生物科技有限公司","臺中市北屯區平心里文心路四段669號3樓之2"
"53511136","三仙台海灣飯店有限公司","臺東縣成功鎮忠智里新生路89號"
"53519192","宏帛運動器材有限公司","臺北市文山區木新路3段232巷10號3樓"
"53519685","依戀探索承德旅館股份有限公司","臺北市北投區承德路7段236號"
"53525912","泉心健康休閒事業股份有限公司","臺北市松山區健康路156號地下1樓"
"53529121","大坵島國際開發股份有限公司","臺北市松山區民生東路4段56巷1弄1號"
"53534193","瑞穗春天國際觀光酒店股份有限公司","臺北市中正區忠孝西路1段41號5樓之17"
"53536376","艾菩提生活事業股份有限公司","臺北市信義區忠孝東路5段552號9樓"
"53553058","唐緹股份有限公司","臺北市信義區虎林街121巷2號1樓"
"53555078","金門渡假村股份有限公司","臺北市中山區復興北路48號3樓"
"53558292","萬洲通國際企業有限公司","臺北市信義區吳興街364巷1號"
"53568051","臺灣蔬活股份有限公司","臺北市中山區一江街1號"
"53568215","香樹花園酒店股份有限公司","臺北市中山區堤頂大道2段566號1至6樓"
"53570850","宅速修企業有限公司","高雄市新興區青年一路250號1樓"
"53581435","美宥佳國際企業有限公司","高雄市左營區德威街92號1樓"
"53583270","文旅國際有限公司","臺北市大安區敦化南路2段40號2樓之1"
"53583383","富民養生有限公司","高雄市左營區富民路466號"
"53585946","千慕禮企業有限公司","高雄市前鎮區瑞北路151號1樓"
"53599168","龜丹休閒事業開發有限公司","臺南市新化區協興里太平街158之2號1樓"
"53599694","新開股份有限公司","花蓮縣花蓮市中華路144號"
"53600714","大滿貫運動企業有限公司","臺中市大里區工業九路1號1樓"
"53604839","都法國際娛樂開發有限公司","屏東縣恆春鎮鵝鑾里船頂路155號"
"53607738","駐宅股份有限公司","臺中市西屯區櫻城五街32號1樓"
"53612789","和園室內裝修有限公司","嘉義縣大林鎮平林里民族路128巷16號1樓"
"53620465","侑昇運動管理顧問股份有限公司","新竹縣竹北市竹仁里仁和街2巷21號(1樓)"
"53629557","陶竹林文創休閒產業有限公司","臺南市白河區關嶺里關子嶺15號1樓"
"53635827","尚禾開發有限公司","臺南市永康區西橋里大橋三街57巷6號2樓"
"53638535","佳淞有限公司","臺中市沙鹿區竹林里三民路137號1樓"
"53641356","鉦峰環保科技有限公司","臺東縣臺東市南王里更生北路559巷40號1樓"
"53646423","皇朝美容養生會館有限公司","臺中市北區賴明里漢口路四段47號1-2樓、47-1號1-2樓"
"53661107","薩摩亞商亞立基國際股份有限公司","臺北市大同區寧夏路11號地下1樓"
"53667165","金門樂活假期酒店股份有限公司","金門縣金寧鄉仁愛新邨110號"
"53676707","新加坡商亞洲三井不動產股份有限公司","臺北市松山區南京東路4段18號15樓"
"53678640","香港商奧羅曼股份有限公司","臺北市中正區杭州南路1段15-1號8樓"
"53680033","大漢建設股份有限公司","新北市永和區保生路1號15樓"
"53694120","都蘭休閒渡假開發股份有限公司","新北市中和區建八路16號9樓之1"
"53694894","潔莉屋有限公司","臺北市大安區忠孝東路4段169號12樓之1"
"53700946","皇泰國際企業有限公司","新北市新莊區中港一街49號(1樓)"
"53703232","麗島潛水用品有限公司","新北市板橋區明德街19號地下室"
"53710986","慧智基因股份有限公司","臺北市內湖區瑞光路607號8樓"
"53715194","尚晉開發股份有限公司","新北市新店區安祥路75號2樓"
"53718615","映象國際事業股份有限公司","新北市中和區秀朗路3段128巷33弄12號"
"53720464","輕車悠遊股份有限公司","宜蘭縣礁溪鄉玉石村公園路70巷60號"
"53723357","泉林大地股份有限公司","新北市烏來區馬岸7號"
"53725361","海原福雲有限公司","臺北市北投區大度路3段301巷55號1樓"
"53733600","佑禧有限公司","臺北市中山區長安東路1段37巷7號2樓"
"53738921","大立開發事業股份有限公司","臺北市萬華區西寧南路123號"
"53740187","老爺府城實業股份有限公司","臺南市東區東光里1鄰中華東路一段368號1樓、5-9樓"
"53740671","新國賓股份有限公司","新北市新店區安興路83之1號5樓"
"53745129","健湶生物科技股份有限公司","臺北市中山區復興北路48號3樓"
"53745351","金東蓮國際有限公司","臺北市信義區忠孝東路5段71巷12弄8號4樓之1"
"53748771","伸豐達股份有限公司","臺北市中山區林森北路600號"
"53749981","少帥禪園股份有限公司","臺北市北投區幽雅路34號"
"53750229","渥豐股份有限公司","臺北市信義區永吉路120巷12號"
"53750369","捷騰運動事業股份有限公司","新北市中和區自立路29巷14弄22號"
"53751439","普立斯國際開發股份有限公司","臺北市中正區博愛路38號7樓"
"53754935","美而饌有限公司","臺北市文山區景福街29號2樓"
"53758904","恆動力有限公司","臺北市信義區中坡北路13號5樓"
"53762560","沐舍時尚酒店有限公司","臺北市信義區吳興街600巷81號2樓"
"53766708","陸廣實業有限公司","臺北市北投區石牌路1段166巷46號2樓之1"
"53768255","富貴屋有限公司","苗栗縣頭屋鄉明德村明德路72之1號1樓"
"53777331","康億吉有限公司","臺北市信義區松仁路271號5樓"
"53777986","福美酒店股份有限公司","臺北市中山區南京東路3段21號9樓"
"53780053","和作有限公司","臺中市北區光大里中清路一段100號13樓之5"
"53783988","泰安溫泉取供事業股份有限公司","苗栗縣泰安鄉錦水村圓墩58之1號"
"53790952","華偉宸開發有限公司","桃園市龍潭區黃唐里4鄰龍平路632巷28弄32號"
"53811942","巴黎渡假有限公司","宜蘭縣礁溪鄉德陽村信義路7號"
"53813097","景瑋開發有限公司","雲林縣虎尾鎮東屯里大屯6之49號"
"53820230","舜豐有限公司","桃園市桃園區汴洲里經國路888號12樓之10"
"53822835","緻勝有限公司","桃園市中壢區仁義里中華路2段501號"
"53828113","紅賀國際開發股份有限公司","臺中市西區和龍里西屯路一段72號2樓"
"53830835","金飛躍企業有限公司","彰化縣彰化市竹中里三竹路47號"
"53835629","彩寶生物科技股份有限公司","高雄市三民區汾陽路25號1樓"
"53845746","五都大飯店股份有限公司","臺中市豐原區東北街1、3號"
"53846105","雲舞實業股份有限公司","臺中市西屯區潮洋里黎明路二段1060號1樓"
"53851198","美馬士有限公司","臺中市北區長青里武昌路181號1樓"
"53851676","墾丁微風會館有限公司","屏東縣恆春鎮砂島路252號2樓之1"
"53852387","和風管理顧問有限公司","澎湖縣馬公市民權路2號1樓"
"53853766","日華育樂事業有限公司","彰化縣花壇鄉三芬路360號"
"53855912","宜蘭力麗開發股份有限公司","宜蘭縣五結鄉二結村中正路三段21號6樓"
"53858642","約瑟美容事業有限公司","新竹市自由路109號1樓、地下1樓"
"53869155","浮雲客棧股份有限公司","臺中市西屯區西平里西安街277巷73號2樓"
"53878083","宏頡實業有限公司","新竹縣新埔鎮上寮里5鄰義民路二段153巷98弄38號"
"53882827","誠食餐飲有限公司","高雄市鼓山區美術東六街246號1樓"
"53884563","采姍國際開發有限公司","高雄市鼓山區鼓山三路44之2號2樓"
"53891240","士嫻農場有限公司","高雄市鳳山區文衡路281號15樓"
"53895983","卡米歐開發有限公司","高雄市三民區鼎山街201號2樓"
"53904765","嗨國際事業有限公司","高雄市三民區南華路228號3樓"
"53916360","地景澤股份有限公司","臺北市內湖區港墘路51號4樓"
"53921309","台北花園開發股份有限公司","臺北市大同區太原路57號"
"53921650","蘋果飯店股份有限公司","臺北市中山區長安東路2段63號4樓"
"53924256","璞浴精品有限公司","臺北市文山區溪口街10號"
"53931593","誠品旅館事業股份有限公司","臺北市信義區菸廠路98號、2樓、3樓及14樓"
"53935578","瀧乃湯溫泉會館股份有限公司","臺北市北投區光明路244號"
"53938408","蘭陽海洋大飯店股份有限公司","臺北市松山區復興北路181號15樓之3"
"53938414","昇恒昌金湖大飯店股份有限公司","金門縣金湖鎮新市里太湖路2段218號"
"53941488","麗媚生化科技有限公司","臺北市內湖區內湖路1段691之2號"
"53941706","老爺商務會館股份有限公司","臺北市中山區林森北路83號4-12樓"
"53946126","誼合國際開發股份有限公司","臺北市中山區八德路2段88巷5號1樓"
"53947547","皇雅閣有限公司","臺北市大安區忠孝東路4段107號12樓之1"
"53947933","忻慈健康事業股份有限公司","臺北市松山區復興北路369號2樓"
"53950205","友源有限公司","臺北市南港區重陽路59號"
"53950275","富亞有限公司","臺北市大安區忠孝東路4段169號6樓之1"
"53958972","清源健康股份有限公司","臺北市內湖區瑞光路439號9樓"
"53964257","珍愛食品股份有限公司","臺中市南屯區大墩二街241號"
"53967439","櫻之采休閒農場有限公司","花蓮縣瑞穗鄉瑞穗村2鄰中正南路一段93號"
"53973452","大興資產管理顧問有限公司","桃園市龜山區文化一路86-2號"
"53985295","有和展業有限公司","臺中市中區興中街64號2樓"
"53986870","紫藤湖水岸飯店有限公司","雲林縣斗六市長安里2鄰長安西路1-5號"
"53996531","六合益資產開發有限公司","臺中市西屯區台中港路三段41-8號"
"53996650","曼軒休閒有限公司","彰化縣福興鄉二港村福正路181巷5號"
"53999925","福品旅店有限公司","花蓮縣花蓮市主信里忠孝街73號"
"54005994","陽光水岸企業有限公司","南投縣國姓鄉北港村國姓路19號1樓之1"
"54007727","諾貝爾文化事業有限公司","嘉義縣太保市安仁里祥和一路東段67號1樓"
"54015450","湯館實業有限公司","新北市烏來區溫泉街86巷10號"
"54023563","捷勝企業管理顧問有限公司","新北市蘆洲區光華路47號2樓"
"54030656","永達休閒事業有限公司","新北市汐止區仁德里中正路38號"
"54040541","微笑有限公司","新北市三重區頂崁街206巷14號(2樓)"
"54045356","守盛事業有限公司","臺北市信義區松德路65號11樓之1"
"54049487","馨誠國際有限公司","新北市林口區麗林里14鄰文化二路1段68巷14號6樓之1"
"54054024","茲摩達司社會企業有限公司","新北市永和區秀元里永元路40巷40號"
"54064395","曼活休閒有限公司","臺南市北區玉皇里成功路120號12樓之1之2之3之4"
"54065036","雲頂休閒開發有限公司","臺南市東區小東路138號4樓"
"54071327","三喜企業有限公司","臺南市白河區關嶺里關子嶺53之6號"
"54071987","大億國際創意行銷有限公司","臺南市中西區青年里中山路30號2樓"
"54072727","平實策略行銷股份有限公司","臺南市東區裕農里裕農路375號3樓之1"
"54074181","田園野趣有限公司","臺南市後壁區土溝里土溝101-10號1樓"
"54075597","皆城建設股份有限公司","臺南市安平區文平里健康一街90號1樓"
"54076765","芯朵莉有限公司","臺南市東區崇善里崇善十一街54巷18號2樓"
"54079209","金馬國際投資股份有限公司","臺南市楠西區龜丹里龜丹39之4號1樓"
"54085146","知本瀧湯飯店股份有限公司","臺南市東區長榮路一段256號12樓之5"
"54089635","杉林實業有限公司","南投縣鹿谷鄉內湖村興產路2-2號"
"54096360","鴻甲運動事業股份有限公司","臺中市神岡區社口里中山路928號3樓"
"54096946","鳳凰鹿港小鎮股份有限公司","南投縣南投市漳和里文化路561號1樓"
"54100532","漢順股份有限公司","彰化縣彰化市建寶里建寶街20號1樓、2樓、5樓、8樓至10樓"
"54100553","激活有限公司","桃園市桃園區同安里新埔六街77號8樓之5"
"54101856","帝濠三溫暖有限公司","桃園市桃園區中山東路1巷2號2、3樓及中山東路9號4樓之5、7、9、11、13、15、17"
"54102166","苗栗山城溫泉山莊有限公司","苗栗縣苗栗市玉華里8鄰玉清路211號1樓"
"54109885","昱聲蕾國際健康事業有限公司","桃園市平鎮區忠孝路2號6樓之1"
"54115583","綠重商營股份有限公司","桃園市蘆竹區南榮里忠孝西路52號2樓"
"54116339","豐富休閒育樂事業有限公司","宜蘭縣頭城鎮城南里青雲路3段77號2樓"
"54120050","活力泉源運動國際有限公司","桃園市楊梅區新榮里5鄰電研路200巷20號"
"54120777","凱旋星光酒店股份有限公司","臺東縣臺東市富岡里松江路一段58巷33號1樓"
"54133359","三揚精品有限公司","桃園市中壢區自治里陸光五街7號1樓"
"54153050","燊活休閒事業有限公司","臺北市中正區中華路2段441巷9之1號2樓"
"54161684","活泉國際企業有限公司","臺北市松山區南京東路4段130號2樓之1"
"54162826","正好實業股份有限公司","臺北市中山區南京東路2段160號8樓"
"54163304","亞斯運動事業股份有限公司","臺北市信義區基隆路1段186號3樓之6"
"54170086","啤瓦多創意行銷有限公司","臺北市中正區金門街24巷35號"
"54170348","麒麟尚品有限公司","臺北市南港區重陽路59號"
"54171070","綺麗紡有限公司","新北市萬里區瑪鋉路206號"
"54177378","得露企業股份有限公司","臺北市信義區信義路4段383號3樓"
"54179397","家立諾管理顧問有限公司","臺北市中山區松江路514號3樓"
"54180556","月喜瑞有限公司","臺北市信義區基隆路2段107之5號11樓之1"
"54186833","葳皇時尚飯店有限公司","臺北市大同區延平北路2段197號3樓、4樓、11樓"
"54195299","柏諺運動事業股份有限公司","高雄市左營區博愛二路340號3樓"
"54200687","曾品甄養生會館有限公司","高雄市三民區同盟三路202號"
"54201911","左腳右腳休閒有限公司","高雄市三民區陽明路26號1樓、2樓及28號1樓、2樓"
"54207865","德派空間有限公司","彰化縣彰化市茄南里茄苳路一段247號4樓"
"54218650","辰昀國際開發有限公司","高雄市新興區五福二路116號12樓"
"54219356","亞斯文股份有限公司","臺東縣臺東市寶桑路233號1樓"
"54220311","愷威建設有限公司","宜蘭縣蘇澳鎮永春里公館路15號1樓"
"54221297","星漾開發企業股份有限公司","臺中市北區新北里錦南街17號，錦新街30號4-9樓，錦新街32號4-9樓"
"54222612","新都大飯店股份有限公司","臺東縣卑南鄉溫泉村龍泉路61號"
"54224914","君野大飯店股份有限公司","嘉義縣民雄鄉三興村升學一街19號"
"54226764","湯圍溝有限公司","宜蘭縣礁溪鄉信義路34巷6號6樓之9"
"54228398","夢幻海洋國際有限公司","臺中市西屯區福中里中工二路192號6樓"
"54231372","海天會館有限公司","屏東縣恆春鎮山腳里湖內路426號"
"54231669","恬園科技有限公司","桃園市平鎮區新富里新富四街8號9樓"
"54250258","礁溪九號股份有限公司","宜蘭縣礁溪鄉玉石村溫泉路85號"
"54255417","新悦國際飯店有限公司","桃園市平鎮區義民里復旦路二段119之1號1樓"
"54257739","韋恩不動產租賃有限公司","臺中市西區公德里精誠二十五街2號底層"
"54263330","日出育樂有限公司","雲林縣斗六市信義里大同路23號6樓"
"54267791","千陽建設股份有限公司","花蓮縣花蓮市中原路611號1樓"
"54268399","桐花渡假會館股份有限公司","苗栗縣三義鄉廣盛村41鄰八股路館前9巷1-15號2樓"
"54269340","北義資產開發股份有限公司","新北市板橋區四川路1段186號"
"54272020","美棧事業股份有限公司","新北市五股區成泰路1段189巷16號(1樓)"
"54272247","德原企管顧問有限公司","新北市三重區碧華里三德街36號4樓"
"54274809","三新奧特萊斯股份有限公司","新北市林口區文化三路1段358號2樓之8"
"54275700","永泰國際飯店股份有限公司","新北市汐止區中興路107巷4號2樓"
"54281323","璞國際事業有限公司","臺北市中山區復興北路80號5樓"
"54288254","名流水岸餐館有限公司","新北市新店區新烏路2段302號"
"54306041","慈云溫泉會館有限公司","新北市烏來區西羅岸路7號"
"54311184","三合緣有限公司","新北市板橋區四維路269巷17之1號"
"54326095","長佳開發股份有限公司","臺北市南港區三重路19之3號7樓之2"
"54330458","秀傳一零一皇家健康事業股份有限公司","臺北市信義區信義路5段7號56樓之1"
"54332414","丸平洋行有限公司","臺北市中正區寧波西街68號"
"54333048","駿宇大飯店股份有限公司","臺北市內湖區民權東路6段123巷34弄1號"
"54333574","意舍墾丁股份有限公司","臺北市中山區中山北路2段65巷9號2樓"
"54349626","碧靜國際有限公司","臺北市內湖區內湖路2段253巷5號"
"54355099","美漾國際股份有限公司","臺北市大安區敦化南路1段205號7樓之6及之7"
"54355534","環扣還扣文創企業有限公司","臺北市文山區下崙路11巷31號地下之3"
"54356301","供活股份有限公司","臺北市中山區錦州街154號"
"54368952","健泉生醫股份有限公司","臺北市內湖區瑞光路439號9樓"
"54369925","香港商雅生萊國際發展有限公司","臺北市中山區錦州街46號12樓之3"
"54387584","英屬維京群島商中瑞國際健康事業有限公司","臺北市松山區復興北路57號14樓之1"
"54392165","新加坡商葉葉渡假酒店管理顧問股份有限公司","臺中市南屯區文心路1段521號5樓"
"54393875","新加坡商萊札譜股份有限公司","臺北市大同區華陰街79號10樓之1"
"54502260","天母建設股份有限公司","嘉義縣民雄鄉双福村11鄰雙福78-201號"
"54503676","關山會館股份有限公司","臺東縣關山鎮順興路18-6號"
"54507390","悅川觀光事業股份有限公司","宜蘭縣宜蘭市宜中路127號"
"54512056","傅師父水功夫有限公司","桃園市中壢區大同路31號12樓"
"54514104","三祐國際資源開發股份有限公司","花蓮縣新城鄉嘉里村嘉里路17號1樓"
"54522977","丞舍企業股份有限公司","宜蘭縣礁溪鄉德陽村信義路7號"
"54524145","全國麗園大飯店有限公司","彰化縣花壇鄉橋頭村花南路33號"
"54525756","卡坦有氧健身中心股份有限公司","雲林縣斗六市三平里斗六六路258號"
"54536331","保富休閒事業有限公司","屏東縣恆春鎮山腳里恒南路8之15號"
"54549482","全國企業有限公司","臺南市南區建南里永成路2段587號"
"54549722","吉萊馬沙溝有限公司","臺南市南區廣州里6鄰大德街138號"
"54550261","居停建設有限公司","臺南市東區泉南里長榮路1段5號9樓之3"
"54552943","上鑽投資顧問有限公司","臺南市中西區保安里中正路239號1樓"
"54555569","恆昕投資顧問有限公司","臺南市北區大豐里文賢路365巷41號1樓"
"54558215","幸福永藏國際事業股份有限公司","臺南市永康區中山南路471巷1號"
"54560280","晶好國際有限公司","臺南市安平區建平里府前四街126號1樓"
"54561942","皇悅閣觀光股份有限公司","臺南市東區富強里中華東路2段22巷22號1樓"
"54562739","喬立開發股份有限公司","臺南市東區龍山里林森路1段377號9樓之3"
"54565412","辰香國際有限公司","臺南市東區崇學里中華東路3段172號1樓"
"54576375","宇宙星際投資開發有限公司","臺南市安平區中華西路2段49巷24弄60號1樓"
"54585867","義達軒實業有限公司","臺中市北屯區和平里軍和街318-1號"
"54602660","彩宸國際股份有限公司","臺中市西區民龍里館前路55號5樓之7"
"54604870","豐和立股份有限公司","臺中市西屯區西安里福吉街99號1樓"
"54608355","珦英溫泉有限公司","臺中市北區學士路288號"
"54609777","富都商務旅館有限公司","高雄市岡山區嘉新東路69之8號"
"54628916","軒揚有限公司","高雄市岡山區明得街87號1樓"
"54632046","暄辰生命科技有限公司","高雄市苓雅區光華一路232號9樓"
"54635254","尚麟貿易有限公司","高雄市楠梓區土庫二路210巷3號1樓"
"54639929","樂奕投資股份有限公司","臺北市內湖區港墘路183號11樓"
"54648743","森活健康事業股份有限公司","臺北市大安區復興南路1段368號8樓"
"54650472","兆全股份有限公司","臺北市信義區松仁路90號2樓"
"54651697","誠盟股份有限公司","臺北市松山區復興北路57號3樓之1"
"54668135","探索國際開發股份有限公司","臺北市中山區南京東路3段91號8樓"
"54669486","肯尚健康管理顧問有限公司","臺北市大安區信義路3段147巷5弄5號1樓"
"54670863","美麗華企業股份有限公司","臺北市中山區敬業一路160號3樓"
"54677325","牙行有限公司","臺北市松山區南京東路5段291巷5弄1號1樓"
"54701198","成吉思汗健身館有限公司","新北市蘆洲區永德里長安街156號地下1樓"
"54707257","品祥飯店股份有限公司","新北市新莊區復興路1段5號之2"
"54713552","內洞溫泉會館有限公司","新北市中和區中和路356號11樓"
"54715762","迪鑫國際有限公司","新北市新店區北新路3段205之3號9樓"
"54716002","莉雅國際實業有限公司","新北市新店區北新路3段205之3號9樓"
"54717754","簡單生活休閒有限公司","新北市新店區安康路3段355巷26號4樓"
"54732354","鐵木真健身館有限公司","新北市新莊區中原路137號地下1層之1、127號地下1層之1、127號地下1層之2、117號地下1層之1、117號地下1層之2、109號地下1層"
"54733305","皇泰國際事業有限公司","新北市新莊區中港一街49號(1樓)"
"54734873","甲基生醫科技股份有限公司","新北市土城區忠承路107號11樓"
"54736582","長松健康事業股份有限公司","新北市永和區得和路37號(1樓)"
"54751540","毅鼎新光電有限公司","臺中市神岡區社口里民權一街63號1樓"
"54765158","鼎璽建設股份有限公司","臺中市北屯區松竹路二段362-8號1樓"
"54769725","聖鴻興業有限公司","屏東縣潮州鎮三星里壽星路66號1樓"
"54774918","莪林生活事業股份有限公司","桃園市平鎮區環南路2段267號5樓之5"
"54775677","櫻花渡假會館有限公司","苗栗縣三義鄉廣盛村41鄰八股路館前8巷1-18號"
"54785963","龍宏育樂事業有限公司","澎湖縣馬公市重慶里海埔路5號1樓"
"54793871","少林寺行銷顧問有限公司","嘉義縣民雄鄉福權村福權2之68號1樓"
"54805932","國際綜合運動事業有限公司","桃園市桃園區中寧里中正路885號24樓"
"54807615","精宸國際開發有限公司","宜蘭縣宜蘭市女中路三段２９２號一樓"
"54814502","大長城綜合運動事業有限公司","新竹市北區東大路3段20之2號"
"54816641","紀和股份有限公司","桃園市桃園區自強路48號"
"54817389","寶城開發興業有限公司","桃園市桃園區瑞慶里莊一街192號1樓"
"54819696","永利達國際開發股份有限公司","高雄市新興區和平一路199號12樓"
"54820624","大福樂地產企業有限公司","高雄市新興區中正三路154號8樓之2"
"54823122","蘇羅婆娛樂開發有限公司","高雄市六龜區新寶11之13號1樓"
"54837667","易辰國際有限公司","新北市板橋區復興街82號（1樓）"
"54852890","燁聯資產管理顧問股份有限公司","新北市三重區中正南路197號"
"54866711","明月溫泉休閒有限公司","新北市烏來區溫泉街5號"
"54873781","津祥峰實業有限公司","新北市新店區安德街82巷1號7樓"
"54884669","遊利有限公司","臺中市西區民龍里英才路449號2樓"
"54890959","敦謙國際旅店管理顧問有限公司","臺中市西屯區西平里西安街277巷4弄33號1樓"
"54895048","璞漾實業有限公司","臺中市西屯區潮洋里黎明路二段1060號1樓"
"54895194","舞漾實業有限公司","臺中市西屯區潮洋里黎明路二段1060號1樓"
"54897236","樂浮寶寶有限公司","臺中市北區中達里英才路288號1樓"
"54898208","正翰旅館管理顧問有限公司","臺中市龍井區新東里遊園南路319巷15弄20號1樓"
"55789207","東谷旅遊事業有限公司","臺中市和平區東關路一段溫泉巷8之1號"
"65403770","耐斯企業股份有限公司","嘉義縣民雄鄉福樂村民雄工業區中山路21號"
"70359542","海洋傳奇開發股份有限公司","高雄市苓雅區新光路62巷20號32樓之3"
"70389406","亞太國寶股份有限公司","臺北市北投區溫泉路銀光巷21-2號"
"70402533","花與綠國際股份有限公司","高雄市三民區明誠一路五二八號、地下一層、二樓、三樓、四樓"
"70424558","海閣林休閒渡假酒店股份有限公司","臺東縣綠島鄉公館村柴口35號1樓之1"
"70427210","大成國際育樂開發股份有限公司","高雄市三民區九如1路952號12樓之2"
"70431609","家樂生活事業股份有限公司","臺北市中山區民權西路79號7樓"
"70453259","氧身股份有限公司","臺北市松山區南京東路４段１６號地下２樓"
"70480376","僑群建設有限公司","臺北市中山區民權東路2段26號11樓之4"
"70487292","雪森涵館股份有限公司","苗栗縣苗栗市北安街212號1樓"
"70501533","錦水溫泉飯店股份有限公司","苗栗縣泰安鄉錦水村橫龍山72號"
"70517465","双和開發育樂有限公司","桃園市桃園區國際路二段一一一巷四○、四○之一、四○之二、四○之三號"
"70519034","尚順文創產業股份有限公司","苗栗縣頭份鎮東庄里15鄰育樂街6之6號"
"70544147","亮碧思國際股份有限公司","臺北市中正區杭州南路1段15之1號8樓"
"70590704","藍帶健身有限公司","臺中市南區五權南路167號地下1層之1、2、3、5、6、7、8、9、10"
"70608113","詩晴企業有限公司","屏東縣內埔鄉東寧村自強路三四號"
"70626267","御威股份有限公司","臺中市梧棲區頂寮里四維東路一四九巷一七號二、三、四樓"
"70636292","富野渡假村股份有限公司","臺東縣卑南鄉溫泉村龍泉路16號"
"70673922","卓欣實業有限公司","臺北市中山區松江路293-1001號"
"70676878","桃源麗池有限公司","桃園市桃園區中正路430號"
"70687427","麗池股份有限公司","桃園市桃園區復興路186號8、9樓"
"70693589","鹿野鼎開發股份有限公司","臺北市大安區復興南路1段342號11樓之1"
"70707789","水噹噹育樂有限公司","宜蘭縣羅東鎮林森路六十八號四樓、五樓"
"70708823","新潮流管理顧問股份有限公司","臺中市西屯區西屯路三段一五三之五號七樓之一"
"70710412","金世界健康理容有限公司","新北市永和區中和路四九九號五樓"
"70720039","台灣萬寶祿農業生技股份有限公司","宜蘭縣羅東鎮公正里林森路206號一樓"
"70724921","憩體適能生活有限公司","桃園市桃園區中山東路二一號一一樓"
"70740181","泳將體育事業有限公司","新北市新店區安康路二段八一號一樓"
"70752073","英屬維京群島商加州健康事業有限公司","臺北市大安區忠孝東路4段201號3樓"
"70754163","龍城育樂休閒股份有限公司","桃園市桃園區中山東路一巷二號一樓"
"70754305","野美國際開發股份有限公司","臺中市西屯區河南路3段120號（地下1、2層及地上1、2、3、7、8、9層）"
"70765181","建鑫開發股份有限公司","臺北市信義區松壽路22號1樓、24號1樓、26號1樓、28號1樓、30號1樓、32號1樓、34號1樓、36號1樓"
"70836411","訊聯生物科技股份有限公司","臺北市內湖區新湖一路36巷28號1樓"
"70840490","舊金山總督溫泉有限公司","新北市金山區民生路１９６號"
"70842693","康原養生有限公司","臺北市松山區復興北路１５號５樓之１２"
"72141704","南寶鄉村實業股份有限公司","臺南市大內區頭社里136號"
"75537308","統一時代股份有限公司","高雄市前鎮區中華五路789號地下2樓"
"79958646","亞當三溫暖有限公司","臺中市中區雙十路一段19巷2號1、2樓"
"79959693","愛農事業有限公司","臺東縣延平鄉桃源村昇平路122號1樓"
"79966478","湯築開發有限公司","臺東縣臺東市岩灣里興安路1段620號"
"79966499","酋長文化村育樂有限公司","新北市烏來區烏來里瀑布路5號"
"79970640","金螞蟻育樂股份有限公司","高雄市湖內區湖中路460巷26號"
"79971303","茂田有限公司","新北市蘆洲區三民路211號2樓"
"79974131","媚妍有限公司","桃園市桃園區忠義里民光東路87號3樓"
"79975814","強茂科技實業有限公司","新北市汐止區龍安路202巷32號"
"79989063","安舶生物科技有限公司","新竹市民富街129號"
"79996058","綠寶石實業股份有限公司","臺中市西區土庫里美村路一段四九四號一樓"
"79996640","彩妍有限公司","新北市板橋區南門街61號7樓8樓9樓　"
"79998345","東風國際股份有限公司","宜蘭縣礁溪鄉德陽村溫泉路三六號一樓"
"80003628","廬山四季事業股份有限公司","南投縣埔里鎮中正一路廿號"
"80014575","雲頂溫泉行館有限公司","新北市烏來區西羅岸路45號1樓"
"80023103","美商世界健身事業有限公司","臺中市西區美村路一段22號14樓"
"80028682","英屬維京群島商費曼健康控股有限公司","臺中市北區三民路3段125號2樓"
"80036655","云誠實業有限公司","臺北市大安區安和路2段217巷4號"
"80036986","萬神殿國際渡假村開發股份有限公司","臺中市南區忠明南路789號12樓"
"80042707","約瑟生活事業股份有限公司","新竹市中正路107號2、3樓"
"80054082","廣興昌實業有限公司","雲林縣斗南鎮將軍里中正別莊19巷19號1樓"
"80056309","海天大飯店有限公司","新北市中和區安和里保健路四八巷七七號一樓"
"80058545","申德國際開發股份有限公司","桃園市中壢區元化路218號7樓"
"80062105","美人湯溫泉股份有限公司","新北市烏來區烏來里西羅岸路1號　"
"80064997","馬里亞納生物科技股份有限公司","臺北市信義區忠孝東路5段1之7號11樓"
"80078009","加賀開發有限公司","臺中市東勢區東新里東蘭路三七之二九號"
"80079393","寶祿生物科技股份有限公司","新竹縣竹北市十興里縣政二路390號2樓"
"80096610","川福建築開發有限公司","宜蘭縣羅東鎮北成里四維路八號一樓　"
"80097414","新晶點生活科技有限公司","新北市中和區大智街四二巷一︱六號"
"80098315","綠島之星大飯店股份有限公司","臺東縣綠島鄉公館村柴口55號"
"80108003","卡多里國際大飯店股份有限公司","臺中市北屯區文心路四段九五五號一五樓之五"
"80111871","蝶菈美學事業有限公司","南投縣草屯鎮山腳里民權路85號"
"80114552","東江農業股份有限公司","苗栗縣南庄鄉南江村東江31之3號"
"80114639","日月光溫泉休閒育樂有限公司","新北市烏來區烏來街85巷21號"
"80122440","達利溫泉會館股份有限公司","新北市板橋區文化路2段182巷1弄6號9樓"
"80147104","康適幸福股份有限公司","臺北市內湖區瑞光路433號9樓"
"80149709","豆腐岬國際開發股份有限公司","宜蘭縣蘇澳鎮福德路366巷8號"
"80175945","立德旅館事業股份有限公司","新北市新店區北新路3段205之3號9樓"
"80178859","統一佳佳股份有限公司","臺北市松山區民生東路5段149號地下1樓"
"80179267","重光健康生活事業開發股份有限公司","臺北市大安區安和路１段２９號１８樓"
"80184249","高峰會管理顧問股份有限公司","臺北市內湖區民權東路６段１０９號１０樓之１"
"80188977","庭筠有限公司","臺北市內湖區成功路３段９６號１樓"
"80197292","國際新思有限公司","臺北市內湖區成功路4段50號"
"80208039","御泉運動休閒有限公司","臺南市安平區育平里永華路2段857號"
"80211652","泰碩國際股份有限公司","臺北市中正區羅斯福路2段30巷8號1樓"
"80212033","滙智國際休閒育樂有限公司","臺中市北屯區山西路2段222號1樓　"
"80241797","毅多開發股份有限公司","臺中市北區長青里北平二街三四號一樓"
"80242156","達隆開發有限公司","新北市林口區文化二路1段96巷9號1樓"
"80246809","錦園國際休閒事業有限公司","新北市烏來區忠治里堰堤路六五號二樓"
"80253322","箱根苑企業股份有限公司","新北市烏來區忠治里堰堤77號"
"80270390","天地修閒產業股份有限公司","桃園市中壢區復華街85巷1號"
"80280051","泉國時霸有限公司","臺北市大安區安和路２段７８號６樓之１"
"80281690","福利聯合國股份有限公司","臺北市文山區興隆路1段146號2樓"
"80304618","伊蓮國際有限公司","臺北市內湖區成功路4段48號"
"80317058","山逸園休閒渡假有限公司","南投縣鹿谷鄉初鄉村中正路三段651巷56號"
"80321519","金山享泉有限公司","新北市金山區民生路一號"
"80322025","和風溫泉會館有限公司","宜蘭縣礁溪鄉德陽村礁溪路5段97號1樓"
"80326134","毅弘國際開發股份有限公司","臺中市西區臺灣大道二段459號十樓"
"80327035","狄獅耐國際事業股份有限公司","新北市中和區中山路二段二二八號二樓、二樓之二"
"80347807","英屬維京群島商好萊塢星光健康事業有限公司","臺北市士林區中山北路7段34號"
"80350041","保順育樂有限公司","連江縣南竿鄉清水村133號"
"80381157","維那斯仕女健康會館有限公司","高雄市苓雅區光華一路232號1樓、2樓及地下1樓"
"80382542","富達國際開發股份有限公司","高雄市苓雅區三多四路110號10樓之5"
"80392979","儷野大飯店股份有限公司","臺中市和平區武陵路3-16號"
"80400128","碧逸會館股份有限公司","臺北市中正區中山北路1段2號10樓"
"80403032","巴黎春天有限公司","新北市新店區北宜路二段一二三號地下一樓"
"80410408","谷關開發實業有限公司","臺中市烏日區仁德里中山路一段五一一號"
"80411151","天泉育樂開發股份有限公司","苗栗縣大湖鄉靜湖村信義路五二號一樓"
"80411510","圳頭溫泉開發股份有限公司","苗栗縣通霄鎮中山路一六九號一樓"
"80417789","麗湯渡假山莊有限公司","臺南市白河區關嶺里關子嶺22、24號"
"80433887","朝露股份有限公司","臺中市和平區東關路一段115號"
"80438026","全集物業有限公司","高雄市鳳山區光復路二段339之6號1樓"
"80438139","新竹楓的溫泉股份有限公司","臺中市南屯區溝墘里大光街6號1樓"
"80447783","明田國際有限公司","臺中市北區健行里健行路870之1號3樓"
"80447897","好昕實業股份有限公司","臺南市永康區復興路71巷5號"
"80455571","日發事業有限公司","新北市土城區立雲街一號六樓"
"80457846","蔡佳園企業有限公司","新北市萬里區大鵬里萬里加投18之4號"
"80458789","五福大飯店有限公司","新竹縣竹北市新泰路102號2樓"
"80460292","烏來藝術村有限公司","新北市新店區中央一街八號二樓"
"80471848","鴻龍開發工程有限公司","新北市三重區福樂里溪尾街120巷4號4樓"
"80472348","大埔硫磺渡假有限公司","新北市萬里區大鵬里加投路二○五之五號"
"80481120","全民觀光休閒農村股份有限公司","臺中市西區台中港路一段二○九號一樓"
"80483838","新偉有限公司","新竹縣新豐鄉重興村建興路二段七八二之四號五樓"
"80501224","東森休閒育樂股份有限公司","桃園市楊梅區東森路3號"
"80502080","美人湯國際股份有限公司","臺北市大安區忠孝東路３段１８２號２樓"
"80514945","伊豆欣業有限公司","臺北市北投區清江路３６號１樓"
"80523043","玉川溫泉會館有限公司","臺北市大安區新生南路１段１１１號８樓"
"80527863","達摩動館股份有限公司","臺北市中山區吉林路188號1、2樓"
"80528862","北投岩湯有限公司","臺北市北投區溫泉路銀光巷22號1樓"
"80536080","展青科技農業開發股份有限公司","臺北市大同區環河北路1段295之2號4樓"
"80538778","筱筑企業股份有限公司","臺北市大安區和平東路２段４９之３號２樓之１"
"80542392","漢學國際養生企業有限公司","臺北市大安區復興南路２段２８３號２樓之１"
"80543478","德盛開發股份有限公司","新北市土城區忠承路45號"
"80556374","近水樓台溫泉會館股份有限公司","苗栗縣大湖鄉明湖村中正路一一九號一樓　"
"80573839","塘漢飯店有限公司","宜蘭縣礁溪鄉德陽村礁溪路五段廿三巷二號"
"80577666","石上實業有限公司","新竹縣尖石鄉嘉樂村嘉樂45號"
"80596354","尚億國際開發有限公司","臺北市中正區忠孝西路1段41號5樓之17"
"80604973","棕梠湖國際開發股份有限公司","嘉義市東區盧厝里東洋新�恕雂遘馱@樓"
"80605298","采橙園有限公司","新北市新莊區中港路五守新村37巷6號1樓"
"80606135","金百澤實業股份有限公司","新竹縣竹北市十興里光明六路東1段189號"
"80610449","虎爺溫泉休閒事業有限公司","花蓮縣瑞穗鄉瑞祥村祥北路二段101號"
"80614206","藍山遊樂股份有限公司","花蓮縣花蓮市民生里三民街二八號一樓"
"80616653","安峰慶開發事業股份有限公司","新北市中和區中山路2段3巷22弄30號1樓"
"80617978","神泉有限公司","新北市土城區慶安街五十巷二號一樓"
"80624611","關子嶺林桂園實業有限公司","臺南市白河區關嶺里關子嶺53之18號"
"80629828","御群服務有限公司","臺中市和平區博愛里東關路一段99號、103號"
"80631303","威尼斯國際事業股份有限公司","新竹縣橫山鄉內灣村內灣33號"
"80639396","沙灘海岸美容美體有限公司","桃園市蘆竹區吉林路一四九號"
"80643032","芙多生化科技有限公司","花蓮縣玉里鎮興國路195之6號1樓"
"80643764","廣林溫泉別館股份有限公司","新北市烏來區溫泉路八五號"
"80645209","鼎立飯店股份有限公司","臺北市中正區中華路1段55號地下1樓"
"80669320","香根園有限公司","花蓮縣玉里鎮中城里中山路1段188號"
"80672535","東台灣文創產業開發股份有限公司","臺北市大安區敦化南路2段97號17樓"
"80684223","三重開發股份有限公司","臺北市松山區復興北路３６５號９樓"
"80685686","源大進企業有限公司","臺北市信義區松隆路３２７號１樓"
"80688092","環華豐股份有限公司","臺北市大同區市民大道1段209號10樓"
"80688494","美麗樂國際股份有限公司","臺北市信義區基隆路1段159號15樓"
"80690055","蝴蝶谷實業股份有限公司","花蓮縣瑞穗鄉富源村廣東路161號"
"80690082","陽明山水開發實業股份有限公司","新北市中和區福和里中山路2段87號1樓"
"80702025","鷹萬實業股份有限公司","新竹市食品路二七號二樓之一一"
"80706514","八煙會館有限公司","新北市金山區林口35號"
"80707231","窈窕美學股份有限公司","新北市新店區民權路四○號二樓"
"80708674","竣悅股份有限公司","南投縣埔里鎮西門里北平街169號"
"80712620","琴妮有限公司","新北市板橋區實踐路98號"
"80716105","九龍灣管理顧問有限公司","南投縣魚池鄉水社村中正路3號"
"80721178","永泉休閒股份有限公司","新竹縣竹東鎮仁愛里北岸8號"
"80732409","好景旅館股份有限公司","新北市新店區新烏路3段寶島巷3號"
"80732816","沐蘭旅館股份有限公司","臺中市西屯區市政路245號"
"80733688","廬山仙境育樂事業股份有限公司","南投縣仁愛鄉精英村榮華巷四○之一號"
"80744123","柏格司開發股份有限公司","臺中市太平區坪林里中山路2段126之1號1樓"
"84111563","智邦知行國際股份有限公司","臺北市松山區南京東路5段163號7樓"
"84229710","昇財麗禧三溫暖股份有限公司","臺中市北區大雅路27之8號地下層之1至之34、大雅路27之11號"
"84329963","尖美大飯店股份有限公司","高雄市三民區大昌二路266號1樓、8樓、11樓至21樓"
"84335711","麗尊開發股份有限公司","高雄市苓雅區五福一路105號"
"84388786","塔潽有限公司","新北市板橋區四川路一段23號5樓之2"
"84398399","瑞廣股份有限公司","新北市新莊區新泰路308號5樓"
"84546997","東寅建設有限公司","臺中市北屯區松強里松竹路2段362-25號1樓"
"84551668","沐蘭國際股份有限公司","臺中市西屯區何厝東二街23號2樓之5"
"84560809","尚仟國際有限公司","臺中市北屯區平安里崇德路二段28號18樓"
"84686650","昇頤企業有限公司","高雄市仁武區八德二路28巷29號"
"84708084","統合開發股份有限公司","新北市板橋區雙十路3段6號2樓"
"84906248","快瘦股份有限公司","臺北市中正區青島西路１１號３樓"
"84912038","康寧生活事業股份有限公司","臺北市內湖區成功路5段420巷28號1樓"
"84919932","海灣國際開發股份有限公司","臺中市西區大和路22號3樓"
"84939368","璞石興業股份有限公司","新北市中和區中和路366號14樓"
"85898033","隆大營建事業股份有限公司","高雄市前鎮區民權二路380號18樓之1"
"86014236","聖堡開發股份有限公司","臺北市中山區南京東路3段70號12樓"
"86041402","良全衛浴設備有限公司","臺南市東區東門路3段130號"
"86072087","立洲電機工程有限公司","臺中市大里區工業九路1號"
"86123662","美商如新華茂股份有限公司","臺北市內湖區舊宗路2段189號7樓之1"
"86145552","英姿企業有限公司","臺北市中山區天津街46號2樓"
"86200288","米蓮國際有限公司","高雄市楠梓區聖雲街141號1樓"
"86432800","沉逸齋有限公司","新北市三峽區紫微南路47號"
"86469398","阿曼開發股份有限公司","臺北市中山區南京東路3段217號10樓"
"86470769","萬里育樂事業股份有限公司","新竹縣關西鎮玉山里2鄰12號"
"86517976","承恩建設股份有限公司","新竹縣竹北市光明六路東1段265號"
"86609742","正旗實業股份有限公司","新竹縣竹北市泰和里新泰路一○二號一樓至一○樓"
"86718328","超群游泳池器材有限公司","新北市新莊區化成路113巷86之1號"
"86727305","永成利企業股份有限公司","臺中市大里區東興里永大街505號1樓"
"86747718","采堤室內裝修設計工程股份有限公司","臺中市外埔區大同里甲后路三九一號"
"86754604","日觀實業股份有限公司","新北市新店區北新路3段219號16樓"
"86764429","鼎雅建設股份有限公司","臺中市沙鹿區竹林里福田北街69號1樓"
"86870028","亞歷山大股份有限公司","臺北市中山區樂群三路218號4樓"
"89245598","汶記生技應用奈米有限公司","屏東縣鹽埔鄉洛陽村八德街31巷6號"
"89343444","明星電子遊戲場業股份有限公司","苗栗縣三義鄉雙湖村雙湖35之1號"
"89399761","三和育樂股份有限公司","臺中市北區大雅路１１３號３樓"
"89477034","亞旺實業有限公司","臺北市松山區南京東路5段163號7樓"
"89546124","虹印實業股份有限公司","新竹縣竹北市文化街82號4樓"
"89690181","悅華大酒店股份有限公司","桃園市龍潭區九龍里九座寮39號"
"89747683","順遠工程有限公司","高雄市三民區鼎強街358號"
"89754781","宥成國際股份有限公司","高雄市苓雅區正大里輔仁路151巷43號"
"89819898","東京育樂有限公司","臺中市北區大雅路111號1、2、3、4、5、6、7樓"
"89826835","豐營商務飯店股份有限公司","苗栗縣頭份鎮民族里7鄰中華路951號9樓至13樓"
"89850813","超能生化科技股份有限公司","新竹市樹下里牛埔南路388號"
"89935025","嘉賓閣旅館股份有限公司","臺北市北投區光明路230號1樓至7樓及地下1樓"
"93737413","東台旅社股份有限公司","臺東縣卑南鄉溫泉村龍泉路147號"
"93750837","泓泉旅社股份有限公司","臺東縣卑南鄉溫泉村龍泉路139巷1號"
"94813557","國雷水電工程有限公司","花蓮縣花蓮市國盛里國盛四街72號（1樓）"
"94851025","泰溢工程有限公司","花蓮縣花蓮市中原路339號"
"96867183","月眉國際開發股份有限公司","臺中市后里區福容路3號"
"96902718","拓利開發股份有限公司","臺中市豐原區大湳里大仁街廿號一樓"
"96937408","陽明山娛樂事業有限公司","臺北市信義區松高路1號22樓"
"96971221","水月涵國際健康事業股份有限公司","臺北市中山區樂群三路66號(1樓)"
"96978370","統正開發股份有限公司","高雄市前鎮區中華五路789號"
"97025153","大正銳業有限公司","桃園市新屋區石牌里6鄰石牌嶺1之3號"
"97118482","匯陽百貨事業股份有限公司","臺北市內湖區陽光街383號6樓"
"97125081","太子城企業有限公司","臺北市大安區忠孝東路4段330號地下樓"
"97170634","京華城股份有限公司","臺北市松山區八德路4段138號、138號7樓，138號12樓、138號地下1樓、138號地下2樓、138號地下3樓、138號地下4樓"
"97247113","瑞高建設有限公司","新竹市田美三街51號5樓"
"97252001","君鴻國際酒店股份有限公司","高雄市苓雅區自強三路1號37至85樓"
"97275715","大板根育樂事業股份有限公司","臺北市大同區承德路3段24巷12號7樓之1"
"97301988","滿地富國際開發股份有限公司","臺北市內湖區文德路19號"
"97428260","黑潮海洋生技股份有限公司","臺東縣臺東市岩灣里興安路1段614號"
"97440428","小川源投資開發有限公司","新北市烏來區烏來街32號1樓"
"97477509","富裔實業股份有限公司","臺北市士林區中山北路5段453號1樓"
"97481356","佳佳碧兒國際股份有限公司","臺南市永康區中華路22號17樓之8"
