"統一編號","商業名稱","商業地址","登記狀態"
"00348348","可佳食品行","高雄市前鎮區佛公路１２３巷１０號","核准設立"
"02118005","尚豐企業社","新北市八里區忠孝路187號(1樓)","核准設立"
"02140169","安佳生物科技社","新北市新店區錦秀路11巷96弄6號(1樓)","停業"
"02339627","淨茶坊","新北市淡水區學府路51巷1弄13號(1樓)","核准設立"
"02356408","壹貳壹貳企業社","新北市新莊區福樂街118巷17號3樓","歇業／撤銷"
"02396485","龍門東山鴨頭商行","新北市三重區中正北路208巷10弄6號","核准設立"
"02683584","忠信企業社","新竹縣竹東鎮上館里南寧路98巷5弄6號5樓","歇業／撤銷"
"06161869","實豐蜜餞工廠","雲林縣西螺鎮光華里建興路三三三巷一八號","核准設立"
"06187642","坤詮企業社","雲林縣水林鄉蘇秦村順安路一一之一號","核准設立"
"06187713","慶豐食品廠","雲林縣元長鄉西莊村西庄路一八號","核准設立"
"06190604","三和食品廠","雲林縣元長鄉合和村三房路三之一號","核准設立"
"06228257","陸霸王商行","雲林縣麥寮鄉興華村興華村30號","歇業／撤銷"
"06569830","海口現撈餐廳","臺南市新營區南興里新進路2段215之8號","核准設立"
"08741219","火車頭天皇日式涮涮屋","新北市板橋區廣權路８號","核准設立"
"09205068","上豐生物科技企業社","雲林縣斗南鎮新光里延平路1段270號","核准設立"
"09594236","上等商行","高雄市鳳山區鎮北里鳳仁路９２之１５號１樓","核准設立"
"09693159","華宴食品加工廠","新北市新莊區後港一路１４５號（２樓）","歇業／撤銷"
"09852727","祥奘健康生活館","新北市新店區復興路４３巷６弄１號１樓","歇業／撤銷"
"09883524","星郁商行","新北市新店區寶中路109號1樓","歇業／撤銷"
"09899407","參貳陸企業社","新北市土城區中央路３段３２號６樓","核准設立"
"09978937","祐霖企業社","新北市板橋區和平路２４巷４號","停業"
"09978937","祐霖企業社","新北市板橋區和平路２４巷４號","停業"
"09978937","祐霖企業社","新北市板橋區和平路２４巷４號","停業"
"09978937","祐霖企業社","新北市板橋區和平路２４巷４號","核准設立"
"10173753","禾豐企業社","嘉義縣梅山鄉梅北村吉祥街８３號","核准設立"
"10286736","戀戀冰工坊","高雄市苓雅區林泉街102號","核准設立"
"10287854","首席企業行","高雄市前金區文武2街86之3號","核准設立"
"10428334","元泉食品加工所","嘉義縣布袋鎮見龍里內田２５之２１號１樓","核准設立"
"10515273","禾宴滷味店","新北市三重區中興北街104巷19號","核准設立"
"10646227","興源肉品店","新北市淡水區民族路３１之２８號１樓","歇業／撤銷"
"10727213","?鑽農坊","臺南市麻豆區安東里安業49之1號1樓","核准設立"
"10900254","正豐企業社","雲林縣北港鎮新街里慶華街191巷20號1樓","廢止"
"10902020","育豐水產行","雲林縣口湖鄉臺子村蚶寮路57之10號","核准設立"
"10959607","聯成冷凍食品廠","彰化縣福興鄉廈粘村沿海路2段181號","核准設立"
"13688740","羿方食品行","新北市新莊區思源路３１５號","核准設立"
"13779663","凱業企業社","桃園市八德區廣隆里廣福路五一七之三號","核准設立"
"14165707","柯和易行","雲林縣大埤鄉興安村ㄧ號","核准設立"
"14835517","三騰實業社","高雄市三民區中都街１５號","停業"
"15669888","和松企業社","臺北市松山區光復北路60巷46號","核准設立"
"17245628","吉加利商行","臺南市永康區尚頂里中正南路220巷10號1樓","核准設立"
"17939043","阿萬之家臘味","宜蘭縣五結鄉利澤村利成路二段60巷20號一樓","核准設立"
"17939043","阿萬之家臘味","宜蘭縣五結鄉利澤村利成路二段60巷20號一樓","核准設立"
"18007737","昇港活海產","高雄市梓官區信蚵里漁港二路５４號１樓","核准設立"
"20103222","利玉居家肉類食品加工廠","金門縣金城鎮東門里民族路65巷3之1號","歇業／撤銷"
"21530005","大眾商行","新竹縣竹東鎮雞林里北興路１段４５６號１樓","核准設立"
"21535965","強億商行","新北市三重區中正北路１９３巷１１弄２４號１樓","歇業／撤銷"
"21547266","金城食品加工廠","金門縣金湖鎮新市里國順街１５號","歇業／撤銷"
"21690071","富津食品實業廠","臺南市學甲區頂山寮57之9號1樓","歇業／撤銷"
"21714496","昇元商行","臺北市萬華區南寧路35號2樓之1","遷他縣市"
"21714496","昇元商行","新北市新店區安豐路５４號３樓","遷他縣市"
"21714496","昇元商行","彰化縣花壇鄉橋頭村中橋街530號","核准設立"
"21975581","南陽食品行","屏東縣枋寮鄉新龍村中山路３８０號","核准設立"
"25485662","原富食品行","雲林縣斗六市虎溪里西平路804巷28號1樓","核准設立"
"25485662","原富食品行","雲林縣斗六市虎溪里西平路804巷28號1樓","歇業／撤銷"
"25485728","豪家味食品行","雲林縣北港鎮共榮里民榮街13號","歇業／撤銷"
"25492220","佳農發農產加工廠","雲林縣四湖鄉蔡厝村新興路29號","核准設立"
"25497772","新川味食品行","雲林縣斗南鎮明昌里南昌西路104巷51號","歇業／撤銷"
"25508237","杉圓商行","臺北市南港區成功路1段82巷7之1號2樓","歇業／撤銷"
"25569698","奔馳設計工作室","臺北市士林區承德路4段338號4樓","停業"
"25704723","蜜朵莉工作室","屏東縣九如鄉九明村光復街167巷1號","核准設立"
"25704723","蜜朵莉工作室","屏東縣九如鄉九明村光復街167巷1號","核准設立"
"25724191","南鮮水產行","高雄市梓官區信蚵里港五街８３號１樓","核准設立"
"25768036","小管家海鮮屋","澎湖縣馬公市鐵線里27之2號1樓","核准設立"
"25768330","皇家特產行","澎湖縣馬公市石泉里石泉1之71號(1樓)","核准設立"
"25768872","海隆食品行","澎湖縣白沙鄉赤崁村漁港新村60號(1樓)","核准設立"
"25852619","寶璽企業社","臺東縣臺東市豐年里中興路三段八十七巷十五號","歇業／撤銷"
"25985385","朋揚食品","高雄市大寮區崇仁街２０５號１樓","核准設立"
"26017688","定錞生技企業社","高雄市湖內區正義２路４６巷４弄７號","歇業／撤銷"
"26021064","榮華烘焙食品行","高雄市鼓山區銘傳路１１０號１樓","歇業／撤銷"
"26429366","春發企業社","臺南市永康區五王里中山東路292巷8號","核准設立"
"26459332","鴻洋貿易商行","臺南市永康區復國里復華一街19巷30弄3號","歇業／撤銷"
"26501704","東湧企業行","連江縣東引鄉中柳村42號","核准設立"
"26501704","東湧企業行","連江縣東引鄉中柳村75號","核准設立"
"26520076","康健香麻辣椒油行","新北市新店區大新街7巷25弄1號3樓","歇業／撤銷"
"26543900","村野企業社","新北市板橋區富山街38巷5弄2號","廢止"
"26552055","賊窩傳奇企業社","新北市蘆洲區中山二路46巷25弄15號","廢止"
"26569416","虹韻音樂娛樂工作室","宜蘭縣羅東鎮東安里禮運路58號二樓之8","核准設立"
"26573848","津品食品行","宜蘭縣羅東鎮成功里維揚路26巷12號六樓","歇業／撤銷"
"26612455","伍洲食品行","桃園市平鎮區廣仁里廣豐街三五巷二弄十一號","停業"
"26613790","大力水餃商行","桃園市龜山區文化里文化二路五三之一號","停業"
"26617120","昌美生活企業社","桃園市蘆竹區南興里大正街十二號九樓","歇業／撤銷"
"26700561","鴻承水電工程行","連江縣南竿鄉馬祖村57號","核准設立"
"26738285","卓記餅舖","新北市三重區中正北路508巷47號(3樓)","核准設立"
"26738671","久代日本料理店","新北市新莊區中華路1段45巷6號(1樓)","核准設立"
"26748523","立安人蔘食品行","新北市板橋區南雅南路2段11之15號13樓","核准設立"
"26817703","興山莊寵物館","臺中市潭子區聚興里潭興路一段湳底巷12號","核准設立"
"26900060","來得商行","臺中市新社區復盛里華豐街三村巷４９號１樓","核准設立"
"26940886","逢甲燒烤冷凍食品","彰化縣埔心鄉東門村武聖路541號","核准設立"
"26987220","歡喜手作屋","臺中市清水區文昌里光復街63之10號","歇業／撤銷"
"02228565","凱特凌主廚外燴家","新北市汐止區康寧街159號","核准設立"
"02385157","宏年食品行","新北市土城區中央路4段62號5樓","歇業／撤銷"
"02386753","李家食品行","新北市蘆洲區成功路187號(1樓)","核准設立"
"02416026","懋晟食品行","新北市三重區重新路3段130號7樓","歇業／撤銷"
"02689004","呂媽媽黑豬肉食品","新竹縣湖口鄉公有市場C類10號","核准設立"
"05974403","立昌新竹摃丸商行","彰化縣大村鄉黃厝村美港路336巷5弄10號","核准設立"
"06191929","尚振農產加工廠","雲林縣元長鄉五塊村南火路四之二號","核准設立"
"08905330","久霖汽車材料行","高雄市三民區重慶街２６６之３號３樓之３","核准設立"
"08905330","合十企業商行","高雄市三民區重慶街２６６之３號３樓之３","核准設立"
"09060598","允興食品廠","高雄市鳳山區鎮北里鳳仁路９２之１２號１樓","核准設立"
"09148996","廷佳企業行","臺南市安南區安慶里培安路476號1樓","歇業／撤銷"
"09544200","西井村食品企業社","臺南市安南區鳳凰里安中路1段568之5號1樓","核准設立"
"09647445","正裕生技商行","宜蘭縣五結鄉鎮安村西河一路４７號","核准設立"
"09682364","海利康洋行","新北市汐止區康寧街１６９巷３１號３樓","歇業／撤銷"
"09684567","晉全實業社","新北市三重區重新路５段６３９號８樓","核准設立"
"09749392","上芥青飲食店","新北市新莊區民安西路４６８巷１７號２樓","歇業／撤銷"
"09823385","葉青企業社","金門縣烈嶼鄉林湖村西宅２６之１號","核准設立"
"10019577","高麗國商品行","新北市三重區光復路1段9號(1樓)","核准設立"
"10067232","蔡技食品行","基隆市七堵區堵北里福一街１２９號１樓","核准設立"
"10076669","聚?食品行","基隆市中正區碧砂里環港街五號一樓","核准設立"
"10076669","聚?食品行","基隆市中正區碧砂里環港街5號1樓","核准設立"
"10402952","東興海產加工廠","澎湖縣馬公市烏崁里１２８－３號１樓","核准設立"
"10497726","福祿水果行","臺南市中西區水仙里國華街3段100號","核准設立"
"10697415","翱攬冷凍食品企業社","新北市新莊區福營路１１９號１樓","歇業／撤銷"
"10741926","自然主義企業社","臺東縣臺東市建業里西昌街二一五號一樓","歇業／撤銷"
"10745113","台勝食品行","臺南市安定區海寮里海寮201之26號1樓","核准設立"
"10745113","台勝食品行","臺南市安定區海寮里海寮201之26號1樓","核准設立"
"10749716","懋亨工程行","高雄市岡山區竹圍里竹圍東街１５２巷２６號７樓（營業所在地僅供辦公連絡用）（營業使用面積僅建物面積之六分之一）","核准設立"
"10865340","晨曦曙光企業社","臺南市南區新生里大同路2段100巷21弄17號","歇業／撤銷"
"10873398","東北麵實業社","臺南市東區虎尾里東成街99之1號1樓","核准設立"
"10925754","好食光生活商行","彰化縣伸港鄉定興村彰新路7段549號","核准設立"
"13660383","璀瑟洋行","臺北市北投區大度路3段213號","歇業／撤銷"
"13660383","璀瑟洋行","宜蘭縣羅東鎮公正里林森路一八三之一號二樓","遷他縣市"
"13919947","意瓏企業社","高雄市楠梓區經建路５之１巷２３號","核准設立"
"14166086","興南冷凍廠","雲林縣斗南鎮北銘里自強路一七號","核准設立"
"14184303","土羊哥食品創意購買加工行","新北市中和區連城路３４０巷１０弄２３、２５號（１樓）","核准設立"
"14499346","極品實業社","新北市新莊區化成路５號之７","核准設立"
"14644828","皇家首都企業社","新北市樹林區大安路５３４號１樓","歇業／撤銷"
"14766151","凱豪農產行","嘉義縣溪口鄉美北村崙尾七號","核准設立"
"14954365","石村肉品商行","桃園市龜山區大華里頂湖一街２３號","核准設立"
"14994900","忠誠食品行","臺南市永康區?洲里正南二街86巷40號","歇業／撤銷"
"17282897","永豐寧食品行","新北市土城區中央路３段５６號１樓","核准設立"
"17390896","汶阼蛋品行","臺中市神岡區岸裡里中山路214巷9-5號","核准設立"
"17929122","今日冷凍肉品商行","宜蘭縣宜蘭市新生里宜興路三段120巷45號","核准設立"
"18009550","頂記企業社","高雄市岡山區協和里吉安街９８號１樓","核准設立"
"18009550","頂記企業社","高雄市岡山區協和里吉安街９８號１樓","核准設立"
"18355860","搶先食品行","臺中市太平區中興里永義路１３０號","停業"
"19621373","古早雞休閒農場","彰化縣芬園鄉舊社村彰南路5段451巷36號","核准設立"
"19714169","好味珍食品行","臺南市東區泉南里府連路353號1樓","核准設立"
"20153587","帆船食品廠","臺南市安南區新順里永安路22號","核准設立"
"20257416","百豐傳牧場","臺南市麻豆區北勢里加輦邦16之6號","核准設立"
"21463738","德港科技開發洋行","雲林縣斗南鎮阿丹里阿丹151之5號","核准設立"
"21546668","懋霖便利商店","新北市泰山區貴陽街１０號１樓","歇業／撤銷"
"21761504","摩羯洋行","臺北市松山區八德路4段181巷17弄9號1樓","廢止"
"24172559","源泰昌食品工廠","彰化縣北斗鎮西安里復興路８８３號","核准設立"
"24172559","源泰昌食品工廠","彰化縣北斗鎮西安里復興路８８３號","核准設立"
"25275933","福亨農產加工廠","南投縣仁愛鄉互助村中華路９５號","核准設立"
"25356323","元福食品廠","彰化縣線西鄉線西村中央路２段５４８號","核准設立"
"25423414","欣果商行","臺中市神岡區岸裡里大里街57巷22號二樓","歇業／撤銷"
"25432976","珍福榕企業社","臺中市霧峰區六股里中正路289號1樓","核准設立"
"25484299","他里霧農產品加工廠","雲林縣斗南鎮將軍里221號","歇業／撤銷"
"25564791","洪聖勳餅店","臺北市大同區重慶北路3段86號","核准設立"
"25573145","好野人企業社","臺北市中山區新生北路2段58巷21號1樓","歇業／撤銷"
"25713883","長隆食品行","高雄市仁武區灣內里仁心路２０巷２２號１樓","歇業／撤銷"
"25717494","真味香食品","高雄市大寮區後庄里民義街３巷１２號１樓","停業"
"25723720","盛香津食品工廠","高雄市岡山區為隨里為隨東路６６巷５號","核准設立"
"25735021","米開朗農產行","臺東縣池上鄉福原村文化路二一一之五號","核准設立"
"25766733","睿吉企業社","臺南市東區文聖里裕農一街180巷28號1樓","核准設立"
"25768280","堯企食舍","澎湖縣馬公市陽明里陽明路7號1樓","核准設立"
"25771118","龍祥食品行","澎湖縣湖西鄉許家村港子尾11號1樓","歇業／撤銷"
"25852532","樂活米倉行","臺東縣池上鄉富興村水墜八十三號","核准設立"
"25855257","品香草莓砂糖橘觀光果園館","臺東縣臺東市豐原里中華路四段三四二號","核准設立"
"25931987","旺來食品商行","高雄市楠梓區大學廿五路１２０號１５樓","核准設立"
"25931987","旺來食品商行","高雄市大樹區溪埔里溪埔路３巷６０之３號","核准設立"
"25990107","好客庄企業社","高雄市美濃區中興路１段４７號１樓","歇業／撤銷"
"25992793","饒河商行","高雄市三民區寶興路１１２之１８號１樓","歇業／撤銷"
"26135995","亞達冷凍食品行","基隆市七堵區永安里俊德街20之1號","核准設立"
"26136087","家榮食品企業社","基隆市中正區真砂里祥豐街10號","歇業／撤銷"
"26208700","三五洋行","臺北市中山區吉林路369號2樓之9","歇業／撤銷"
"26245206","上和麵包店","臺北市士林區福國路5號7號1樓","歇業／撤銷"
"26408947","原味花菜干餐廳","澎湖縣馬公市東文里4-2號1樓","核准設立"
"26410177","富沅商行","澎湖縣西嶼鄉內垵村內垵8號1樓","核准設立"
"26422130","龍鯓企業社","臺南市南區鯤鯓里鯤鯓路101巷300號","核准設立"
"26436943","富裕田食品廠","臺南市後壁區菁寮里菁寮1之23號","停業"
"26436943","富裕田食品廠","臺南市後壁區菁寮里菁寮1之23號","停業"
"26443613","翁仕傑食品行","臺南市安南區淵東里智安二街10號1樓","核准設立"
"26467699","緯秋國際企業行","高雄市茄萣區嘉賜里茄萣路２段２４１號１樓","核准設立"
"00300029","明點企業社","高雄市鳳山區誠和路３９號１樓","核准設立"
"00650995","靖洋海產行","高雄市湖內區中正路二段４８０巷６０之３號１樓","核准設立"
"00652298","靖富行","高雄市茄萣區茄萣路一段２５２巷２１號１樓","歇業／撤銷"
"01703534","美味商號","桃園市桃園區西門里和興街21號1樓","核准設立"
"01844540","大欣盒餐行","臺北市士林區社中街99號2樓","核准設立"
"01995321","三豐食品工廠","新北市新莊區化成路１００之１號","核准設立"
"02131387","阿弟仔肉品商行","新北市土城區中華路1段33之1號8樓","核准設立"
"02898369","永得昌食品批發行","連江縣南竿鄉介壽村29號","核准設立"
"05820581","古門川海行","臺中市龍井區新庄里新興路226巷42號","核准設立"
"05907995","魚之鄉休閒旅遊餐廳","南投縣埔里鎮蜈蚣里中山路一段21之1號一樓","核准設立"
"05907995","魚之鄉休閒旅遊餐廳","臺中市和平區博愛里東關路一段松鶴一巷20之1號","核准設立"
"05907995","魚之鄉休閒旅遊餐廳","臺中市和平區博愛里東關路一段松鶴一巷20之1號","遷他縣市"
"06124817","大旗農產社","南投縣國姓鄉北港村北原路一六號一樓（僅供辦公室使用現場不得堆棧）","歇業／撤銷"
"07906000","長鈺企業社","高雄市美濃區廣德里民族路９２之１號１樓","核准設立"
"07939754","大福進冷凍加工廠","高雄市茄萣區崎漏里大發路４５號","核准設立"
"08729284","憶緯食品行","新北市中和區永和路１７１巷１弄２號","核准設立"
"08977360","佳侖水果醋坊","臺東縣太麻里鄉大王村佳崙七十五號一樓","核准設立"
"09074523","老農農產品加工廠","嘉義縣水上鄉南鄉村牛稠埔８４號","核准設立"
"09095560","馨勝商號","臺東縣臺東市豐谷里中華路二段二一四巷十七弄六號一樓","核准設立"
"09156593","緣味食品行","臺中市潭子區大豐里潭富路二段１０１號１樓","核准設立"
"09685664","福興洋行","新北市汐止區康寧路１６９巷３１號３樓之３","歇業／撤銷"
"09809784","冠翎企業社","新北市三重區光復路１段６８巷２之１號２樓","歇業／撤銷"
"09818593","亞士頓歐式外燴坊","新北市新莊區中正路６４９之２號４樓","核准設立"
"09929541","禾億實業社","桃園市楊梅區梅溪里新農街二段209巷55號","核准設立"
"10429684","豐發黑輪店","臺南市中西區中正里正興街90號1樓","停業"
"10429684","豐發黑輪店","臺南市中西區中正里正興街90號1樓","核准設立"
"10621844","金陵黃昏商行","桃園市平鎮區北興里金陵路２段５２１號１樓","核准設立"
"10686310","珍虹商行","桃園市八德區大宏里桃德路１３７號１樓","核准設立"
"10733329","陞福水產加工廠","臺南市七股區大埕里大埕28之6號","歇業／撤銷"
"10747323","御品嗣翰羊肉爐","臺南市安南區海東里同安路225巷53號1樓","歇業／撤銷"
"10752943","楊家醬食品企業社","臺東縣臺東市新生里傳廣路五０八號一樓","歇業／撤銷"
"10803197","鑫山食品廠","屏東縣竹田鄉糶糴村永興路１３１號","核准設立"
"10838800","尚多客五金百貨行","臺南市麻豆區巷口里興國路51之2號","核准設立"
"10851269","立森行","臺南市永康區?洲里?洲一街63巷35號1樓","歇業／撤銷"
"13799470","埔隆興業商行","新北市汐止區大同路３段２０８號１０樓","停業"
"13799470","埔隆興業商行","新北市汐止區大同路３段２０８號１０樓","停業"
"13808479","正意食品廠","臺中市梧棲區永安里港南路二段３２２巷２８號","歇業／撤銷"
"13951729","二師兄珍肉燒腸食品行","彰化縣北斗鎮七星里斗功路216號","核准設立"
"14631485","日春農產行","彰化縣芳苑鄉草湖村功湖路草湖段四五巷五號一樓","遷他縣市"
"14631485","日春農產行","新竹市北區客雅里延平路一段261巷75號一樓","停業"
"17205935","榮發企業工程行","臺南市安南區大安里大安街82巷23號1樓","遷他縣市"
"17205935","榮發企業工程行","連江縣南竿鄉馬祖村31號","核准設立"
"17367332","有騏商行","高雄市鳥松區仁美里美山路３６巷１號","核准設立"
"17410176","安憶企業行","高雄市岡山區大義二路６２號１樓","核准設立"
"17410176","安憶企業行","高雄市岡山區岡燕路４８５巷４６之１號","核准設立"
"17924484","山豬園小酒坊","臺東縣卑南鄉明峰村龍過脈一一二號一樓","核准設立"
"18141312","上宜醬園","南投縣草屯鎮土城里中正路128-30號","核准設立"
"18232333","妙妙屋休閒餐飲店","澎湖縣馬公市光復里中華路42號1樓","歇業／撤銷"
"18344816","理想食品廠","雲林縣虎尾鎮安溪里安溪一七八之ㄧ號一樓","核准設立"
"18385132","福臨商行","臺北市松山區八德路2段366巷16號","歇業／撤銷"
"19254947","八味珍","南投縣埔里鎮溪南里玉生路八０巷一九號（所在地僅供辦公室使用）","歇業／撤銷"
"19570114","三富花園企業社","宜蘭縣冬山鄉中山村新寮二路一六一巷八二號","歇業／撤銷"
"19586431","佳新實業社","宜蘭縣五結鄉福興村五結路三段五０二號一樓","核准設立"
"21317258","延生料理坊","高雄市楠梓區德民路919號2樓","停業"
"21686978","佳展農產食品加工廠","臺南市佳里區海澄里萊芊寮1之120號","核准設立"
"21942463","家州食品調理廠","臺南市安南區安順里開安三街59號","歇業／撤銷"
"21942463","家州食品調理廠","臺南市安南區安順里開安三街59號","核准設立"
"25237220","頂饌國際美食企業社","臺中市潭子區頭家里和平路１５１－１號","歇業／撤銷"
"25248351","貓朋友企業社","臺中市太平區長億里太平三街197號","歇業／撤銷"
"25251876","速得堡食品行","臺中市潭子區栗林里中山路3段303號1樓","歇業／撤銷"
"25295369","東加和食品行","彰化縣溪州鄉舊眉村頭前路8號1樓","歇業／撤銷"
"25426974","佺眾商行","臺中市東區東信里振興路375巷59號","歇業／撤銷"
"25482686","國昌食品行","雲林縣斗南鎮南昌里中山路37之1號2樓","歇業／撤銷"
"25488470","泰萬盛冷凍食品行","雲林縣虎尾鎮立仁里林森路二段86號1樓","歇業／撤銷"
"25490089","華旺食品加工行","雲林縣斗南鎮新光里興業一街41號","停業"
"25493473","皮爾有機農產企業社","雲林縣斗六市林頭里大學路一段五九三號一○樓","歇業／撤銷"
"25573150","北大皇食坊","臺北市中山區新生北路2段58巷21號1樓","核准設立"
"25715496","黃記食品企業行","高雄市大寮區大寮里保生街１６巷１２號１樓","停業"
"25727985","寶濎企業社","高雄市永安區永安里忠孝街６巷１５號１樓","核准設立"
"25731019","發宇珍味齋","高雄市大寮區三隆里立隆街１２９號","核准設立"
"25767986","瑞發食品行","澎湖縣馬公市西文里11-20號(3F)","核准設立"
"25768227","第一?味食品廠","澎湖縣馬公市山水里１１９-５號","核准設立"
"25769181","霞之屋美食坊","澎湖縣白沙鄉後寮村103-1號","核准設立"
"25769339","川龍海產行","澎湖縣馬公市鎖港里153-7號(1樓)","核准設立"
"25769942","長豐食品商行","澎湖縣馬公市長安里光明路49巷1號(1樓)","歇業／撤銷"
"25852815","鄒族企業社","臺東縣成功鎮忠仁里公民路二之十五號一樓","歇業／撤銷"
"25981509","崇寶企業商行","高雄市小港區崇明街１０９之４號５樓","停業"
"25986265","豐隆農產加工廠","屏東縣內埔鄉興南村展興路96號","核准設立"
"25986265","豐隆農產加工廠","高雄市小港區松金街28號1樓","遷他縣市"
"25990465","愛和健康國際美食企業社","高雄市燕巢區安招里安林４街３４號１樓","核准設立"
"25990465","愛和健康國際美食企業社","高雄市燕巢區安招里安林４街３４號１樓","歇業／撤銷"
"26009603","夏?拉餐坊","高雄市苓雅區海邊路４８號２樓之１","核准設立"
"26011349","印象國際貿易商行","高雄市鳳山區建國路三段２４５之４號","核准設立"
"26208292","金泰餐坊","臺北市內湖區舊宗路2段121巷34號","歇業／撤銷"
"26369276","新自然烘焙工坊","臺北市大安區復興南路2段193巷3號","核准設立"
"26410205","山海加工行","澎湖縣湖西鄉南寮村85號1樓","核准設立"
"02143237","振德印花企業社","新北市蘆洲區和平路114巷7號4樓","核准設立"
"02406792","拓德威烘培坊","新北市板橋區中山路2段237號(1樓)","核准設立"
"03570102","德孚貿易行","臺北市中正區寶慶路37號7樓","核准設立"
"06159792","茂新農產行","雲林縣大埤鄉興安村興安路一之一號","核准設立"
"06193026","春豐食品廠","雲林縣元長鄉西莊村西庄路二四號","核准設立"
"09685926","開普企業社","新北市新莊區中正路５４８號","歇業／撤銷"
"09959853","麗翔企業社","新北市板橋區廣權路１３號１樓","歇業／撤銷"
"09997126","豪佳食品行","新北市汐止區福德一路４０８號１樓","歇業／撤銷"
"10128097","涵氧活水洋行","嘉義縣民雄鄉北斗村成功一街４７號","核准設立"
"10293954","長青工坊","高雄市新興區自立橫路45號","歇業／撤銷"
"10403024","澎香海產行","澎湖縣馬公市鎖港里鎖港管１５３－３７號１樓","核准設立"
"10491286","家興食品企業社","臺南市安平區平安里安平路418號1樓","核准設立"
"10839272","特特科技室內裝修工程","臺南市永康區?行里中正六街177號8樓之1","核准設立"
"10842380","三巧商行","臺南市新市區永就里中山路199之4號","歇業／撤銷"
"10854575","良信商行","臺南市安南區海西里海環街229巷17弄26號1樓","停業"
"10882312","佳饡商行","臺南市東區南聖里裕信一街9之1號","核准設立"
"10898834","慶鵬企業行","屏東縣屏東市新生里復興南路1段66巷12號1樓","遷他縣市"
"10898834","慶鵬企業行","高雄市湖內區信義路６號１樓","核准設立"
"10922807","中僑農特產物流商行","南投縣名間鄉炭寮村炭寮巷1之10號","核准設立"
"10980046","森泰生活事業商行","臺中市北屯區北屯里太原路三段243巷2號3樓之2","核准設立"
"10987821","享達企業社","臺中市東勢區新盛里東關路保安巷18之51號1樓","歇業／撤銷"
"10992388","風林小舖","臺中市新社區福興里民裕32之3號","核准設立"
"12064491","東洋漁行","臺東縣關山鎮中福里中華路六十二號一樓","核准設立"
"12064491","東洋漁行","臺東縣關山鎮中福里中華路六十二號一樓","核准設立"
"14195548","建帝行","臺東縣臺東市豐樂里大孝路七十六號","核准設立"
"14487242","宏茂商行","屏東縣東港鎮盛漁里興漁街121號1樓","核准設立"
"14603827","尚古居","南投縣埔里鎮愛蘭里梅村一路九之四號","遷他縣市"
"14603827","尚古居","臺中市潭子區潭陽里潭興路二段332巷10弄6號1樓","核准設立"
"14603827","尚古居","臺中市潭子區潭陽里潭興路二段332巷10弄6號1樓","核准設立"
"14629447","貴美肉品屋鮮肉商行","彰化縣彰化市文化里中民街１８號１樓","核准設立"
"14629447","貴美肉品屋鮮肉商行","彰化縣彰化市文化里中民街１８號１樓","核准設立"
"14763485","泓達農產食品行","嘉義縣鹿草鄉後寮村後寮38之5號","核准設立"
"14763485","泓達農產食品行","嘉義縣鹿草鄉後寮村後寮38之5號","核准設立"
"15598152","瑞興食品行","雲林縣西螺鎮鹿場里南興14號","核准設立"
"17162324","保證責任嘉義縣東石合作農場","嘉義縣東石鄉蔦松村40之34號","核准設立"
"17169993","日興堂食品廠","嘉義縣新港鄉南港村南港一六號","核准設立"
"17181552","憬宏餐盒食品工廠","臺中市西屯區何仁里天水西六街２０號","核准設立"
"17467732","丸昌食品行","雲林縣臺西鄉永豐村忠孝路３４號","核准設立"
"17837025","百面俗商行","臺南市永康區龍潭里中山北路214號1樓","歇業／撤銷"
"19201631","棗莊古藝庭園膳坊","苗栗縣公館鄉福星村43之6號","核准設立"
"19201631","棗莊古藝庭園膳坊","苗栗縣公館鄉福星村43之6號","核准設立"
"19919439","巧津食品行","高雄市前鎮區西山里台鋁１巷４號４樓","核准設立"
"20129118","金廈海運行","金門縣金湖鎮山外里復興西路１６號４Ｆ","核准設立"
"20154431","三一八食品行","臺南市安南區淵中里本田路3段221號1樓","核准設立"
"20154431","三一八食品行","臺南市安南區淵中里本田路3段221號1樓","核准設立"
"21476591","銳興冷凍食品行","臺中市外埔區中山里東西巷１４－１號","歇業／撤銷"
"21529513","永茂商行","新北市土城區亞洲路３２巷１１號１樓","歇業／撤銷"
"21764312","花見糖果號","臺北市文山區景興路85巷7號4樓","歇業／撤銷"
"21889713","陽明食品行","雲林縣北港鎮樹腳里陽明街29號1樓","核准設立"
"25379727","合美食品行","雲林縣東勢鄉月眉村中山路26號","停業"
"25425503","何獅食品","臺中市太平區宜佳里新平路二段157號","核准設立"
"25482779","慶豐冷凍分切廠","雲林縣元長鄉西莊村西庄路109-17號","核准設立"
"25484880","隆壹食品","雲林縣斗南鎮新光里延平路一段318號","核准設立"
"25559354","品?工坊","臺北市松山區復興北路313巷39號1樓","核准設立"
"25718260","八八企業社","高雄市六龜區光復路３２號１樓","停業"
"25769767","珊瑚礁特產行","澎湖縣馬公市案山里20之5號(1樓)","核准設立"
"25924156","豐譽蔬果企業社","高雄市鼓山區美術南3路128、130、132號","核准設立"
"25931207","易昌醬園","高雄市三民區大昌2路121之8號9樓","核准設立"
"25934719","台味大商行","高雄市前鎮區台鋁1巷4號4樓","核准設立"
"26004369","宇成生物科技商行","高雄市三民區民族巷３６號","核准設立"
"26019969","名川行","高雄市鳥松區美山路７０巷９１號","核准設立"
"26140580","鼎杰食品行","基隆市中正區真砂里中正路318巷113號","歇業／撤銷"
"26253768","歸綠生活工作室","新北市新店區中正路328巷28號(1樓)","核准設立"
"26253768","歸綠生活工作室","臺北市中正區許昌街42之1號10樓","遷他縣市"
"26253768","歸綠生活工作室","新北市新店區中正路328巷28號(1樓)","核准設立"
"26361083","元中寶食坊","臺北市中山區松江路204巷4號1樓","歇業／撤銷"
"26365551","洪瑞珍餅店","臺北市內湖區金湖路1號1樓","核准設立"
"26370148","萊茵洋行","臺北市文山區景明街11巷4號","停業"
"26410161","澎湖灣食品加工行","澎湖縣馬公市朝陽里光復路154巷7號1樓","歇業／撤銷"
"26431953","牧場工坊","臺南市北區長榮里長榮路5段5號1樓","歇業／撤銷"
"26475987","蜂龍企業社","高雄市阿蓮區中正路３２１號１樓","核准設立"
"26475987","蜂龍企業社","高雄市阿蓮區中正路３２１號１樓","核准設立"
"26510464","奇香食品行","新北市中和區環中路136號(1樓)","歇業／撤銷"
"26537203","美臻企業社","新北市三重區六張街168號1樓","歇業／撤銷"
"26572897","長青數位企業社","宜蘭縣壯圍鄉新南村新南路96號","廢止"
"26666424","金隆企業社","新竹縣湖口鄉信義村12鄰狗頭5號","核准設立"
"26743597","興祿美商行","新北市汐止區福德一路268號2樓","核准設立"
"26849557","永大食品行","苗栗縣頭份鎮後庄里八德一路305巷3弄3號1樓","核准設立"
"26995880","懿菇堡農業科技行","臺中市新社區新社里中和街四段３６８號一樓","核准設立"
"30306507","全味津食品行","新北市板橋區四川路2段47巷4弄11號1樓","核准設立"
"30320260","宏大工程行","連江縣南竿鄉馬祖村連江縣南竿鄉馬祖村57號","歇業／撤銷"
"30341618","宜蘭的果食品行","宜蘭縣頭城鎮竹安里頭濱路二段207巷18號一樓","核准設立"
"30345430","南方澳珊瑚漁業企業社","宜蘭縣蘇澳鎮南安里南安路126號","核准設立"
"31440691","昇裕企業社","金門縣金湖鎮溪湖里溪邊４５號","核准設立"
"31480378","東昇企業社","花蓮縣吉安鄉慶豐村慶北３街４４２巷２號","核准設立"
"31480378","東昇企業社","花蓮縣吉安鄉慶豐村慶北３街４４２巷２號","核准設立"
"31683943","佳香醬園廠","新北市板橋區和平路63巷6號","申覆（辯）期"
"31690917","捷立饌品企業社","新北市三重區重新路5段609巷12號9樓之17","核准設立"
"31690917","捷立饌品企業社","新北市三重區重新路5段609巷12號9樓之17","歇業／撤銷"
"31774084","利玉佳食品行","金門縣金城鎮東門里民族路65巷3之1號","核准設立"
"31794862","包淨企業社","花蓮縣花蓮市民運里中興路142號1樓","核准設立"
"31871662","華師傅商行","臺北市信義區基隆路1段103號","停業"
"34761128","金唯合食品行","新北市三重區三和路4段135巷7號1樓","核准設立"
"34767143","周五八九商行","新北市板橋區龍泉街82巷2號","歇業／撤銷"
"34789553","麻吉食坊","宜蘭縣宜蘭市復興里農權路246號","核准設立"
"34936915","非限定創意料理","新竹市北區湳雅里湳雅街141號","歇業／撤銷"
"34960689","阿旺獅料理舖","嘉義縣水上鄉三界村三界埔２６０號附1","核准設立"
"34960689","阿旺獅料理舖","嘉義縣水上鄉三界村三界埔２６０號附1","歇業／撤銷"
"36683680","志華水產企業行","高雄市梓官區信蚵里中正五街８號１樓","核准設立"
"36683680","志華水產企業行","高雄市梓官區信蚵里中正五街８號１樓","核准設立"
"36747811","弘宇企業社","臺東縣臺東市寶桑里勝利街一０九號","核准設立"
"36747811","弘宇企業社","臺東縣臺東市寶桑里勝利街一０九號","核准設立"
"36794237","榮倉商行","嘉義縣義竹鄉傳芳村8鄰義竹506之2號","核准設立"
"36799063","日嚐生活坊","臺東縣臺東市中心里開封街七０四號","核准設立"
"36862781","東舖興業社","臺東縣東河鄉都蘭村都蘭路一二一之一號","核准設立"
"36876883","龍勝興號","澎湖縣馬公市陽明里新生路158號","核准設立"
"36877784","安可食品企業行","澎湖縣馬公市陽明里中華路121號1樓","核准設立"
"36878355","精緻企業","澎湖縣馬公市鎖港里鎖管港39-1號1樓","核准設立"
"36879474","虎井海島休閒","澎湖縣馬公市虎井里75-9號","核准設立"
"36912522","自然甘田工作坊","高雄市三民區自由一路６號１樓","核准設立"
"36923078","奇英水產商行","高雄市鼓山區明華路１８號２樓","核准設立"
"36935594","自然釀造食品廠","高雄市大樹區竹寮路９６６號","歇業／撤銷"
"36951144","三禾農產行","高雄市路竹區新生路２０５巷４３號","停業"
"37553165","辰陽商行","臺南市北區成德里文成五街70號1樓","核准設立"
"37610383","大世界科技整合行銷","新北市板橋區中山路1段102之3號2樓","核准設立"
"37610383","鴻璽網路整合行銷","臺東縣臺東市自強里漢中街三十三號二樓","遷他縣市"
"37713418","慈雲海產行","嘉義縣東石鄉型厝村型厝寮57-1號","核准設立"
"37713418","慈雲海產行","嘉義縣東石鄉型厝村型厝寮57-1號","核准設立"
"37716718","韓媽咪農產行","嘉義縣大林鎮平林里19鄰蘭洲街6號","核准設立"
"37716718","韓媽咪農產行","嘉義縣大林鎮平林里19鄰蘭洲街6號","核准設立"
"37717147","菁菁生技食品企業社","嘉義縣民雄鄉興南村建國路三段237巷14號","核准設立"
"37823409","灃洋農漁業企業社","連江縣南竿鄉介壽村51號","停業"
"37823409","灃洋農漁業企業社","連江縣南竿鄉介壽村51號","停業"
"37843502","武暖企業社","宜蘭縣礁溪鄉光武村武暖路121之2號一樓","核准設立"
"37843502","武暖企業社","宜蘭縣礁溪鄉光武村武暖路121之2號一樓","歇業／撤銷"
"37846732","唯香食品加工行","新竹市北區新雅里竹光路364號一樓","歇業／撤銷"
"37877278","巧妹工房","新北市中和區景新街467巷20弄14之3號","廢止"
"38005483","台灣恆順醬醋廠","臺北市松山區舊族里379番地","歇業／撤銷"
"38471830","福至點心坊","臺北市北投區振華里明德路335巷24號3樓","歇業／撤銷"
"38510073","為薪企業社","臺北市中山區復興北路400號3樓之2","核准設立"
"38557034","恒鼎食品商行","臺北市萬華區成都路61之1號","核准設立"
"38562894","果昂食品商行","臺北市大同區赤峰街41巷1之1號","核准設立"
"38580529","豐物美食行","臺北市內湖區東湖路43巷15號","核准設立"
"38694678","綸爸爸韓式泡菜","高雄市前鎮區新光路７號６樓之２","停業"
"38698082","高登企業社","高雄市鳳山區松江街７４號１樓","核准設立"
"38726469","美香濃興業","高雄市美濃區民生路６３號","核准設立"
"38763148","惠普康食品社","彰化縣鹿港鎮洋厝里新厝巷124號","核准設立"
"38780097","台灣蜜田養蜂場","雲林縣虎尾鎮興南里64之1號1樓","核准設立"
"38789180","興義軒食品廠","雲林縣口湖鄉成龍村成龍197號1樓","核准設立"
"38790721","廣宇農產行","雲林縣西螺鎮新豐里福來路8巷19號","停業"
"38795747","美而香農產加工廠","雲林縣虎尾鎮建國里建國四村45號","核准設立"
"38826431","禾久相古法雞精","臺中市沙鹿區六路里南陽路５６號","核准設立"
"38883501","成桔農產行","南投縣竹山鎮中正里下橫街第一巷25號","核准設立"
"38928850","天馨商行","彰化縣線西鄉頂犁村中車路680號","核准設立"
"38962131","私芳宅制坊","南投縣南投市內興里南新路145巷9號一樓","歇業／撤銷"
"39652893","叡皓文化企業社","臺中市潭子區頭家里中山路一段３６２巷３０號","核准設立"
"39678155","紅瓦厝創意生活美食館","苗栗縣後龍鎮灣寶里1鄰圪仔內3-5號","核准設立"
"39708685","金海水產企業社","雲林縣口湖鄉港東村民主路10之1號1樓","核准設立"
"39712891","沈坤喜土虱養殖場","雲林縣斗南鎮明昌里明昌路127巷22號","核准設立"
"39777198","裕伯商行","彰化縣永靖鄉新莊村永社路9巷101號","停業"
"39777198","裕伯商行","彰化縣永靖鄉新莊村永社路9巷101號","停業"
"39827134","湖南寶慶臘肉商行","臺中市東區富仁里進德路１１４號１樓","核准設立"
"39858425","金泉食品行","雲林縣臺西鄉和豐村復興38號","核准設立"
"39875156","王記鑫食品行","苗栗縣苑裡鎮苑南里和平路118號1樓","核准設立"
"39919400","宏忠農產行","南投縣竹山鎮山崇里山崇巷1之7號","核准設立"
"39950859","女王菜舖子","花蓮縣花蓮市國興里建國路2段702號1樓","核准設立"
"40303901","姮美手工坊","臺中市大雅區三和里義和路７之７０號４樓","核准設立"
"40527965","正枝魚行","宜蘭縣頭城鎮大里里蕃薯寮路６０號","歇業／撤銷"
"40539266","麒麟王食品商行","臺中市梧棲區安仁里臺灣大道九段７２號１樓","核准設立"
"40539266","麒麟王食品商行","臺中市梧棲區安仁里台灣大道九段６６號１樓","核准設立"
"40554717","益正魚號","宜蘭縣頭城鎮石城里石城路一二三號","歇業／撤銷"
"40648757","如善園商行","臺中市西區昇平里華美街１３１－２號","核准設立"
"40659260","友蘭食作坊","臺中市東區新庄里復興路四段２１８之８號２樓","核准設立"
"40730881","瘋果醬本舖","臺南市永康區大橋里大橋二街163號1樓","核准設立"
"40734319","鹿陶農產鮮果行","臺南市玉井區玉田里民權路39巷10號1樓","核准設立"
"40735611","冠宇代工企業社","臺南市鹽水區舊營里舊營1之28號","歇業／撤銷"
"40738434","一品屋食品行","臺南市新化區太平里中正路691巷36之2號1樓","核准設立"
"40800181","良豆記食品","屏東縣內埔鄉富田村富豐路327號","核准設立"
"40862171","綠廷企業社","臺南市安南區東和里環館三路13巷30弄58號1樓","核准設立"
"40970707","食肆企業社","宜蘭縣壯圍鄉美城村美功路二段８２號一樓","核准設立"
"41009862","儂好食品商行","花蓮縣豐濱鄉靜浦村三富橋21號1樓","核准設立"
"41044875","真如益企業商行","桃園市龍潭區高原里15鄰泥橋子1-6號","核准設立"
"41098230","葛來美食品行","新北市淡水區忠寮里口湖子1之7號","核准設立"
"41169451","民玉小舖","新竹縣竹北市東平里隘口六街31號2樓之6","核准設立"
"41198287","二六零雪花店","宜蘭縣宜蘭市新民里舊城東路２１之１號一樓","核准設立"
"41288294","晉商商行","高雄市岡山區本洲一街１６８號１樓","停業"
"41297701","蜀妃工坊","高雄市鳳山區合作街３４巷３８號１樓","核准設立"
"41297701","蜀妃工坊","高雄市鳳山區合作街３４巷３８號１樓","歇業／撤銷"
"41300993","好客庄企業社","高雄市美濃區中興路一段４７號１樓","核准設立"
"26482039","川頁企業社","高雄市楠梓區常德路２９８巷６號３樓","核准設立"
"26510014","幸福分享食品工坊","新北市中和區景新街295巷8之3號4樓","停業"
"26525332","自然形成空間工作室","新北市新店區文化路78巷3弄11號3樓","核准設立"
"26535845","開葉實業社","新北市三重區永福街197巷37弄15號","歇業／撤銷"
"26545490","灣灣生態農莊","新北市深坑區北深路3段251號4樓","歇業／撤銷"
"26546527","健營美營養食品專賣店","新北市中和區中正路1207號5樓之2","核准設立"
"26670659","奕竹食品行","金門縣金沙鎮何斗里高坑3號","核准設立"
"26692106","永勝蛋品企業社","新竹市北區文雅里城北街137巷7弄30號一樓","停業"
"26729510","昌冠食品行","新北市中和區民樂路3號3樓之2","歇業／撤銷"
"26746813","澎湃食品行","新北市土城區中央路4段62號5樓","歇業／撤銷"
"26961116","四季陽光食品行","臺中市太平區新福里樹德一街45巷10弄20號1樓","歇業／撤銷"
"26964991","四季陽光食品行","臺中市太平區新福里樹德一街45巷10弄20號1樓","歇業／撤銷"
"26990484","國堡企業社","臺中市北區錦洲里進化路508號4樓之2","停業"
"30130058","蕊心蔬菜行","新北市板橋區三民路１段５２之１號","歇業／撤銷"
"30201829","兆星行","花蓮縣吉安鄉北昌村莊敬路117號1樓","歇業／撤銷"
"30207909","震澔企業社","花蓮縣新城鄉康樂村精舍街22號","歇業／撤銷"
"30271021","小潘美食家","新北市板橋區信義路163巷2號3樓","核准設立"
"30290630","玉岑企業社","新北市中和區建康路65號8樓","歇業／撤銷"
"30301658","粉紅廚坊","臺南市西港區西港里中山路232號2樓","核准設立"
"30301658","米蘭工作室","臺南市西港區西港里中山路232號2樓","核准設立"
"30301658","米蘭工作室","新北市中和區中正路169號5樓之13","遷他縣市"
"30314773","凡馳行銷實業社","新北市汐止區伯爵街97巷25號6樓","核准設立"
"30332033","欣園客家美食坊","新竹縣關西鎮東安里中豐新路１３５號","核准設立"
"30338655","大王菜舖子","花蓮縣壽豐鄉平和村平和2街8號","核准設立"
"30369544","莊氏食品行","新竹市香山區香山里香北路211號","核准設立"
"30369544","莊氏食品行","新竹市香山區香山里香北路211號","歇業／撤銷"
"31576325","素益多輕素食","桃園市龜山區南美里南祥路67之1號","核准設立"
"31622974","旺財企業社","金門縣烈嶼鄉林湖村西宅14號","核准設立"
"31684062","悅馨企業社","新北市新店區民權路87之1號2樓","核准設立"
"31688519","鴻寬國際創藝坊","新北市土城區永寧路22號","核准設立"
"31691900","媽媽酵素之家","新北市淡水區學府路51巷1弄13號","核准設立"
"31691900","媽媽酵素之家","新北市淡水區學府路51巷1弄13號","核准設立"
"31693061","佳聖食品行","新北市中和區建二路157號","遷他縣市"
"31693061","立民食品行","桃園市龍潭區烏林里工五路191巷67弄71號","核准設立"
"31704102","佳豐食品行","新北市蘆洲區水湳街261號","停業"
"31704102","佳豐食品行","新北市蘆洲區水湳街261號","停業"
"31735013","玉森食品實業社","宜蘭縣羅東鎮東安里東宜四路56號一樓","核准設立"
"31745482","永群畜牧場","金門縣金湖鎮瓊林里前山門301號","廢止"
"31786835","森光企業社","新竹縣尖石鄉嘉樂村3鄰109號2F","停業"
"31787428","糖姐兒點心手工坊","新竹縣竹北市成功一街87號4樓","核准設立"
"31868511","品樂食品行","臺北市松山區民生東路3段113巷25弄13號","核准設立"
"31963493","美味研究餐館","臺北市文山區景華街92號1樓","歇業／撤銷"
"33940665","新和元行","新北市中和區建三路５７號","歇業／撤銷"
"34845345","康博利企業社","連江縣南竿鄉介壽村174號","停業"
"34845345","康博利企業社","連江縣南竿鄉介壽村174號","停業"
"34892199","康樂企業社","花蓮縣光復鄉大華村林森路239號","核准設立"
"34930623","寬德企業社","新竹市北區境福里成功路13巷6弄29號","核准設立"
"34959260","敦富商行","嘉義縣新港鄉宮前村中山路85-5號1樓","核准設立"
"36613783","富漁水產行","高雄市林園區潭頭里工業二路２５０巷５０號２樓","核准設立"
"36659915","屏東小米之家商行","屏東縣屏東市北興里中正路467之2號","遷他縣市"
"36659915","阿娜達原住民企業社","高雄市茂林區茂林巷６３號","核准設立"
"36659915","阿娜達原住民企業社(屏東遷入統一編號36659915","高雄市茂林區茂林里茂林巷６３號","核准設立"
"36745861","大漢文創企業社","臺東縣臺東市新生里更生路七八六號三樓","停業"
"36828145","植樂食品行","臺南市東區龍山里龍山街93號3樓","歇業／撤銷"
"36842414","吉鮮食品行","臺南市永康區五王里中華路578巷2號7樓之8","核准設立"
"36859126","洪恩行","臺東縣東河鄉都蘭村都蘭路二二五之三十五號","核准設立"
"36927166","山本生物科技行","高雄市三民區義華路２９５號１２樓之１","歇業／撤銷"
"37593878","鳳巢有機鳳梨","臺南市關廟區東勢里東榮街47號","核准設立"
"37610460","銘太企業社","臺東縣臺東市豐樂里大勇路八號","核准設立"
"37643238","漁樂商行","臺南市東區中西里長榮路2段71巷6之1號","核准設立"
"37679663","王客企業行","屏東縣枋山鄉楓港村港新路２號","核准設立"
"37715035","偉傑斯鰻魚水產養殖企業社","嘉義縣東石鄉塭港村19鄰196號1樓","核准設立"
"37716225","榮鑫食品製造社","嘉義縣太保市太保里12鄰249號","核准設立"
"37719362","太豐湖水產行","嘉義縣義竹鄉新店村新店12號","核准設立"
"37729299","八根茅農畜產品企業社","臺東縣鹿野鄉鹿野村和平路二十七號一樓","核准設立"
"37803918","統和農場","桃園市新屋區後庄里9鄰後庄61之7號","核准設立"
"37836930","西米廚房","宜蘭縣員山鄉深溝村長堤路32巷16號","核准設立"
"37845277","南北東西食品行","新竹市東區科園里科學園路107巷8號十五樓之1","核准設立"
"37847704","萃鮮食品行","新竹市北區育英里四維路136號一樓","歇業／撤銷"
"37847704","萃鮮食品行","新竹市北區育英里四維路136號一樓","核准設立"
"37866407","韓道食品實業商行","新北市板橋區大觀路1段28巷4弄28號之5","申覆（辯）期"
"37866407","韓道食品實業商行","新北市板橋區大觀路1段28巷4弄28號之5","核准設立"
"37866407","韓道食品實業商行","新北市板橋區大觀路1段28巷4弄28號之5","核准設立"
"37866407","韓道食品實業商行","新北市板橋區大觀路1段28巷4弄28號之5","歇業／撤銷"
"37887867","雙荷食堂","新北市樹林區佳園路3段452號8樓","歇業／撤銷"
"37912417","行義企業社","臺北市北投區石牌路2段357巷1號1樓","核准設立"
"37912417","行義企業社","新北市板橋區府後街1巷12號2樓","遷他縣市"
"37944585","榕之香食品工作坊","新竹縣寶山鄉湳坑一街13號","核准設立"
"38686918","雄好實業社","高雄市橋頭區仕元路右邊巷３２號","停業"
"38719164","千子油飯","高雄市楠梓區吉昌街３２巷１８號","核准設立"
"38735122","鮮鑫行","高雄市燕巢區四林路８之５號１樓","核准設立"
"38735122","鮮鑫行","高雄市燕巢區四林路８之５號１樓","停業"
"38760297","自然野甜企業社","彰化縣田中鎮西路里中正路473號","核准設立"
"38780694","三和農場","雲林縣褒忠鄉龍岩村三和路50號","核准設立"
"38780694","三和農場","雲林縣褒忠鄉龍岩村三和路50號","核准設立"
"38782089","琢湘商行","雲林縣土庫鎮西平里民權路64號1樓","停業"
"38787916","元展科技開發洋行","雲林縣西螺鎮廣福里廣興路162號","核准設立"
"38788154","明和醬園","雲林縣虎尾鎮建國里文科路1193號","核准設立"
"38791550","建輝農產品行","雲林縣水林鄉大山村大山128之72號","核准設立"
"38797392","振園農產企業社","雲林縣古坑鄉朝陽村朝陽28巷8號1樓","核准設立"
"38812611","純真好食工作室","苗栗縣苑裡鎮山腳里8鄰253號1樓","核准設立"
"41368347","國光冷凍企業社","新北市貢寮區新港街26巷1之1號","核准設立"
"41368347","國光冷凍企業社","新北市貢寮區保健街37巷2弄4號4樓","核准設立"
"41374489","農心商行","新北市永和區永和路1段72巷6號13樓之1","核准設立"
"41390431","美麗魔手工作室","新北市新莊區立信三街４９號５樓","核准設立"
"41393438","呈冠坊","新北市鶯歌區南昌街10號","核准設立"
"41393438","呈冠坊","新北市鶯歌區南昌街8號(1樓)","核准設立"
"39701043","奇萊山農場","南投縣竹山鎮下坪里枋坪巷5-1弄28號","核准設立"
"39863193","大明農產行","雲林縣大埤鄉興安村興安85之32號","核准設立"
"39803484","恩典的果實手作果醬坊","臺中市龍井區東海里遠東街８１巷１－４６號５樓","核准設立"
"38694678","綸爸爸韓式泡菜","高雄市前鎮區新光路７號６樓之２","歇業／撤銷"
"37993229","後山曾媽媽商行","花蓮縣壽豐鄉志學村中山路三段48號1樓","核准設立"
"41394577","安東食品","新北市三重區龍濱路8號2樓之2","核准設立"
"41581656","永大蜜餞加工部","宜蘭縣羅東鎮羅莊里羅莊街四一七、四一九號一樓﹝分戶牆部份不得拆除﹞","核准設立"
"45360887","愷達企業社","彰化縣大村鄉大崙村大崙二巷23之13號","歇業／撤銷"
"45383517","五福商行","彰化縣鹿港鎮廖厝里廖厝巷397號","核准設立"
"45593886","品達肉品行","雲林縣土庫鎮興新里一一鄰頂圍路二巷一三號一樓","核准設立"
"45602652","華城食品行","雲林縣西螺鎮公?里三源一八九之一號一樓","核准設立"
"45792029","兩品冷凍食品調理廠","雲林縣虎尾鎮墾地里墾地路79號","核准設立"
"45827553","好彩頭商行","苗栗縣竹南鎮營盤里建國路８４巷５２弄１１號１樓","停業"
"45856114","淑彙工作坊","臺中市南屯區溝墘里大墩15街11號3樓","停業"
"45861138","禾豐食品行","臺中市北區健行里健行路692-3號1樓","歇業／撤銷"
"47390275","西螺阿芳食品行","雲林縣西螺鎮漢光里金府街11號1樓","核准設立"
"48687583","幸福滋味餃子工坊","新北市汐止區康寧街169巷27之1號5樓之3","停業"
"48687583","幸福滋味餃子工坊","臺北市內湖區港墘路127巷29號1樓","遷他縣市"
"48694959","錦華興食品行","臺北市南港區東新街170巷30號1樓","歇業／撤銷"
"48804908","台勝生商行","臺北市南港區忠孝東路6段427號1樓","核准設立"
"48946337","日隆商行","臺北市南港區忠孝東路6段425號","廢止"
"49940114","佰和企業社","宜蘭縣五結鄉成興村利成路一段五０巷四號二樓","核准設立"
"49940661","張紅嬰食料品店","宜蘭縣羅東鎮賢文里忠孝路九０巷一二號一樓","歇業／撤銷"
"57944802","聖吉洋行","高雄市三民區德旺街３６８號","核准設立"
"64324700","洽泉成醬油工廠","雲林縣虎尾鎮公安里林森路1段460號","歇業／撤銷"
"65775505","義興醬園","嘉義市西區北新里許厝庄仔２６之７號一樓","核准設立"
"67856237","天福老謝食品企業社","雲林縣斗六市鎮南里中山路424號","核准設立"
"67856237","天福老謝食品企業社","雲林縣斗六市鎮南里中山路424號","核准設立"
"67867419","瑞記食品行","雲林縣口湖鄉口湖村中正路一段299號","核准設立"
"73713173","永發食品廠","臺南市仁德區保安里開發一路2號","核准設立"
"77216318","瑋株冷凍食品行","臺中市西屯區福雅里臺灣大道四段７８６巷３８號１樓","核准設立"
"78546554","平英醬園","苗栗縣苗栗市嘉盛里19鄰育英街50號","歇業／撤銷"
"78751180","馬祖農漁產品企業社","連江縣北竿鄉橋仔村120號","核准設立"
"80800757","進寶行","澎湖縣馬公市陽明里新生路１５８號１樓","歇業／撤銷"
"80803277","朝樂水產","澎湖縣馬公市陽明里永安街28號1樓","核准設立"
"80803781","宏明干貝醬","澎湖縣馬公市石泉里石泉1號之96（1樓）","核准設立"
"80806078","東味食品行","澎湖縣馬公市東衛里９９－２號１樓","核准設立"
"80940271","廣珍休閒酒莊","高雄市大寮區會結路１３９之２５號１樓","核准設立"
"80940271","廣珍休閒酒莊","高雄市大寮區會結路１３９之２５號１樓","核准設立"
"81870668","國峰貿易行","高雄市三民區遼北街２２０號１樓","歇業／撤銷"
"91747843","金山食品廠","屏東縣屏東市清溪里清進巷１８２號","核准設立"
"93895257","宗華調理食品廠","彰化縣二林鎮華崙里挖子路3之21號","核准設立"
"98839179","滄發油廠","雲林縣北港鎮東華里益安路77號1樓","核准設立"
"99195858","順禾發企業社","高雄市岡山區竹圍里新庄路７８號１樓","歇業／撤銷"
"99391795","頂發食品企業社","高雄市鳥松區美山路７０巷９１號","核准設立"
"99685428","遠東香醬園","彰化縣埔心鄉二重村瑤鳳路3段523號","核准設立"
"99838368","妙香圓商行","新北市三重區三和路４段１０３之２號１０樓","核准設立"
"99882005","樸實園醋庄","南投縣魚池鄉新城村香茶巷十二之二號","核准設立"
"29260932","釀酒人酒莊","基隆市中正區砂灣里正榮街一一二巷一號一樓","歇業／撤銷"
"29281508","正文肉店","新北市汐止區南陽街２６５號","核准設立"
"29281508","正文肉店","新北市汐止區南陽街２６５號","核准設立"
"29337334","柏陞資訊行","新竹縣竹北市莊敬三路116號","核准設立"
"29337334","柏陞資訊行","新北市新店區碧安街１１巷１１號２樓（現場僅供辦公室使用）","遷他縣市"
"30293664","偉客企業社","新北市中和區中山路3段114巷28弄6之2號","核准設立"
"30300742","一口香食品行","新北市林口區文化一路1段133之1號","核准設立"
"30311163","沅鴻食品行","新北市新莊區化成路814巷17號","廢止"
"31413701","神弓企業社","新竹縣竹東鎮二重里中興路３段２０８之１號１樓","核准設立"
"31435281","麥之田食品屋","新北市五股區五工二路106巷5號(3樓)","核准設立"
"31476607","味展企業社","新北市新莊區頭前路２巷７號２樓","核准設立"
"31583445","貝豐食品商行","桃園市觀音區富源里9鄰公園三街37巷7號","核准設立"
"31596693","鴻揚食品行","新竹縣竹東鎮中山里大林路26巷2弄7號1F","歇業／撤銷"
"31698713","味萱飲食坊","新北市新莊區思源路145號","遷他縣市"
"31698713","味萱飲食坊","桃園市蘆竹區內厝里長興路三段247號","核准設立"
"33750778","日來興商店","新北市淡水區淡金路３段３３３號１樓","歇業／撤銷"
"34812175","台灣味農產行","桃園市八德區大同里福國北街八八號十二樓之一","歇業／撤銷"
"34845632","茗荈實業社","連江縣南竿鄉復興村196號","歇業／撤銷"
"34958760","淞品屠宰場","嘉義縣溪口鄉美北村1鄰崙尾１-１７號","歇業／撤銷"
"36669054","楊哥楊嫂食品廠","臺南市南區彰南里新義南路54號","核准設立"
"36745530","鹿鳴精社","臺東縣卑南鄉明峰村鹿鳴橋五之一號","核准設立"
"36821889","李家?商行","臺南市永康區勝利里勝利街197巷8弄10號7樓之3","核准設立"
"36825554","九珍九寶養生食品行","臺南市中西區開山里大埔街6號1樓","核准設立"
"36825554","九珍九寶養生食品行","臺南市東區崇德里崇德路508巷43號1樓","核准設立"
"36863418","文寬製麵商行","臺東縣臺東市中正里中華路一段二八六號","核准設立"
"36863493","良欣企業社","臺東縣臺東市新興里福建路二七三號","核准設立"
"36894637","樂味食品行","屏東縣九如鄉九清村忠孝路32號1樓","廢止"
"36895066","活食食品","屏東縣潮州鎮光華里南進路29號1樓","核准設立"
"36923491","安麗企業行","高雄市旗津區中洲二路１５１之３０號附１","歇業／撤銷"
"36923491","安麗企業行","高雄市旗津區中洲二路１５１之３０號附１","核准設立"
"36945919","倪記食品企業","高雄市大寮區進學路１１８巷３０之１７號１樓","核准設立"
"36946635","烹草本養生實業社","高雄市鳳山區鳳仁路３９巷５號１樓","核准設立"
"36950291","皓大農產行","高雄市茄萣區濱海路一段６５之３０號１樓","歇業／撤銷"
"37556986","程果食品企業社","臺南市新市區大營里豐榮3之1號","核准設立"
"37562376","吉快樂寵物蛋糕屋","臺南市北區元寶里開元路485巷41弄3號1樓","核准設立"
"37563179","大員人力工作室","臺南市中西區光賢里和善街125巷12弄12號","核准設立"
"37659553","布魯斯國際商行","臺東縣臺東市豐榮里仁義北路一五五號","核准設立"
"37659553","布魯斯國際商行","臺東縣臺東市豐榮里仁義北路一五五號","停業"
"37665458","永發小吃部","澎湖縣望安鄉東安村東安村81號","核准設立"
"37718151","戀雅實業","嘉義縣東石鄉鰲鼓村四股29號","核准設立"
"37721228","展揚商行","嘉義縣新港鄉共和村黃厝15-1號","核准設立"
"37754310","好佳美食行","基隆市信義區東明路77巷30號","核准設立"
"37794333","東興行","桃園市龜山區大同里大同路382號1樓","遷他縣市"
"37794333","東興食品行","臺北市內湖區環山路2段26巷11號4樓","核准設立"
"37797248","弘味食品行","桃園市蘆竹區瓦窯里南山路一段90巷20號1樓","核准設立"
"37801720","理德寶實業社","桃園市桃園區中德里國際路一段680巷110號","核准設立"
"37802657","台灣堅果之家企業社","桃園市楊梅區瑞坪里福羚路214號6樓之1","歇業／撤銷"
"37813036","光明齋商行","桃園市桃園區西埔里富國路717巷12之4號","核准設立"
"37823421","高成企業社","連江縣北竿鄉白沙村11號","核准設立"
"37885278","翊飛企業社","新北市八里區龍米路1段246號5樓之1","核准設立"
"37908618","家香肉品行","新北市新莊區化成路814巷17號","核准設立"
"38006180","新茂成行","臺北市大同區建成區建明里第6鄰","核准設立"
"38523099","後頭厝廚房","臺北市北投區行義路186巷60號3樓","核准設立"
"38570986","駿工翡翠泡菜屋","臺北市大同區南京西路109號1樓","核准設立"
"38693354","福緣食品行","高雄市三民區大福街１０號","核准設立"
"38703156","豐霖水產養殖企業行","高雄市美濃區民生路５２之２號１樓","停業"
"38781928","天使生態農場","雲林縣斗六市崙峰里崙北路4之15號1樓","核准設立"
"38791670","海瑞行","雲林縣口湖鄉蚵寮村福德街35號","核准設立"
"38795161","均銘食品行","雲林縣臺西鄉和豐村復興38號","核准設立"
"38824855","工夫傳統食品工坊","臺中市北區賴厝里北平路二段３０巷６之２號","核准設立"
"38928227","天馨商行","彰化縣和美鎮糖友里健康新村六街46號","歇業／撤銷"
"38966397","陽光山城烘培坊","南投縣埔里鎮大城里恒吉巷17之1號一樓","核准設立"
"38984228","良新生機行","苗栗縣銅鑼鄉九湖村18鄰九湖101-15號","核准設立"
"38986957","田美醬坊","苗栗縣頭份鎮成功里1鄰忠孝一路318號7樓","核准設立"
"38986957","田美醬坊","苗栗縣頭份鎮成功里1鄰忠孝一路318號7樓","核准設立"
"39672716","金盛禾商行","苗栗縣苗栗市北苗里13鄰中華路98號2樓","停業"
"39673757","佐宜商行","苗栗縣通霄鎮白東里19鄰福泰路108巷24號","核准設立"
"39712203","雲之南食品行","雲林縣元長鄉瓦?村北安路76號","核准設立"
"39712668","宏一食品行","雲林縣斗六市虎溪里西平路901巷11弄11號","核准設立"
"39712668","宏一食品行","雲林縣斗六市虎溪里西平路901巷11弄11號","核准設立"
"39827562","承富食品批發商行","臺中市太平區成功里成功路１１０巷１號","停業"
"39859629","大地節作工作坊","雲林縣斗六市八德里引善路168巷75號","歇業／撤銷"
"39861293","裕景牛肉商行","雲林縣崙背鄉豐榮村東佃路6號1樓","歇業／撤銷"
"39867022","阿輝農產行","雲林縣西螺鎮大園里大橋南路168巷6號","核准設立"
"39867022","阿輝農產行","雲林縣西螺鎮大園里大橋南路168巷6號","核准設立"
"39919149","洪也企業社","南投縣竹山鎮延和里安定巷146號一樓","停業"
"39987928","卜門宣手工皂工作室","新竹市北區金竹里金竹路102巷42號","核准設立"
"40266589","登香軒蜜餞行","宜蘭縣宜蘭市進士里健康路一段115號一樓","核准設立"
"40634965","日日昌商行","臺中市太平區新興里新安街２１２號","核准設立"
"40659000","每天美天工作室","臺中市北屯區水湳里瀋陽北路２０號１樓","核准設立"
"40710702","鹿陶農產企業行","臺南市玉井區玉田里中山路59號2樓","停業"
"40719491","樂農實業社","臺南市麻豆區安正里社子10之12號","核准設立"
"40732945","牛帝麥磨石焙麵包坊","臺南市北區華興里南園街96巷17號","核准設立"
"40740614","糖前家創作所","臺南市永康區安康里中華西街122巷9弄7號1樓","核准設立"
"40746455","尚恒企業社","臺南市仁德區土庫里太乙八街12號","核准設立"
"40746455","尚恒企業社","臺南市仁德區土庫里太乙八街12號","歇業／撤銷"
"40973845","上新食品行","宜蘭縣五結鄉季新村新店路１２４之２號一樓","核准設立"
"40983604","不拉客美食工坊","新竹縣新埔鎮文山里關埔路水車頭段555巷8號","歇業／撤銷"
"26410964","鮮發食品行","澎湖縣馬公市山水里48-5號1樓","歇業／撤銷"
"26411014","陽琳海產加工廠","澎湖縣馬公市鎖港里985號1樓","歇業／撤銷"
"26445984","鮮饌商行","臺南市佳里區鎮山里鎮山街160巷39號1樓","歇業／撤銷"
"26501726","鴻吉實業行","連江縣南竿鄉清水村99之8號","核准設立"
"26501774","桑阜行","連江縣北竿鄉塘岐村55號","停業"
"26530519","鼎諭企業社","新北市三重區中正北路530巷11號","核准設立"
"26532066","臺灣水工行","新北市板橋區民權路202巷17弄63號2樓","歇業／撤銷"
"26536350","神奇食品行","新北市五股區四維路123巷2號7樓","歇業／撤銷"
"26624348","雞大王食品加工廠","桃園市八德區茄苳里永豐路343號","核准設立"
"26643865","阿辰師高梁泡菜","金門縣金城鎮賢庵里西海路三段106巷15弄1號","核准設立"
"26700746","偉創企業社","連江縣南竿鄉清水村20號","核准設立"
"26752547","華揚食品商行","新北市汐止區康寧街141巷47號5樓","歇業／撤銷"
"26768647","腸城企業社","新北市新莊區中正路837號(1樓)","歇業／撤銷"
"26783083","進全食品行","宜蘭縣蘇澳鎮蘇西里中山路一段175號一樓","核准設立"
"26824704","仁國食品企業社","南投縣名間鄉濁水村員集路1-25號","核准設立"
"26824704","仁國食品企業社","南投縣名間鄉濁水村員集路1-25號","核准設立"
"26826702","鞍境家不動產租賃社","南投縣竹山鎮大鞍里頂林路491號","核准設立"
"26826702","鞍境家不動產租賃社","南投縣竹山鎮大鞍里頂林路491號","停業"
"26958055","阿惠製餅皮工廠","臺中市太平區太平里永豐路157巷18號1樓","核准設立"
"26962895","禾升企業社","臺中市西屯區林厝里安林路96-4號1樓","核准設立"
"26965112","永田食品廠","臺中市豐原區鎌村里鎌村路210巷52弄50號1樓","核准設立"
"26988945","好的手作烘料理工作室","臺中市西區忠誠里忠義街8巷20號1樓","核准設立"
"26999555","樂蔬果企業社","臺中市西區公民里自治街９０號１樓","停業"
"30101315","百富企業社","宜蘭縣宜蘭市新生里中山路五段252巷32號","核准設立"
"30138208","尚禾行","新北市三重區興德路１４５號（１樓）","歇業／撤銷"
"30261733","洋大食品工坊","金門縣金沙鎮大洋里東山２１號","核准設立"
"30293691","海角日式饗宴涮涮鍋","新北市中和區中山路2段401、401之1號","核准設立"
"30293691","海角日式饗宴涮涮鍋","新北市中和區中山路2段401、401之1號","歇業／撤銷"
"30306295","全德食品企業社","新北市鶯歌區黃厝街33之1號5樓","歇業／撤銷"
"30320389","壹零捌企業社","連江縣南竿鄉福沃村128-1號3F","歇業／撤銷"
"30341379","欣隆企業社","宜蘭縣冬山鄉香和村香城路200巷36號","歇業／撤銷"
"30371773","三元食品米粉廠","桃園市桃園區汴洲里春日路１６５１巷２４弄８號１樓","核准設立"
"30974084","青淞健康生活事業商行","臺北市大安區信義路4段250號地下樓","停業"
"31576346","順吉商行","桃園市八德區龍友里榮友新村41號","核准設立"
"31582163","正軒創業家實業社","桃園市中壢區篤行里興仁路二段648巷15-2號1樓","歇業／撤銷"
"31593464","財記食品商行","新竹縣竹北市東海里6鄰東興路一段七六九巷３０１號","核准設立"
"31645456","廣捷實業","新竹市香山區牛埔里東華路12巷11號八樓","核准設立"
"31681488","巧味鹹水雞","新北市新店區中央路60號之1","歇業／撤銷"
"31682022","鮮食屋","新北市林口區文化北路2段228號(1樓)","廢止"
"31686189","逸品食品行","新北市蘆洲區三民路273號1樓","廢止"
"31690923","廣灃水產行","新北市八里區龍米路2段117巷5號13樓","停業"
"31690923","廣灃水產行","新北市八里區龍米路2段117巷5號13樓","歇業／撤銷"
"31699706","阿弟仔雞肉食品行","新北市板橋區民享街158巷2號","核准設立"
"31787975","精靈村廚房","新竹縣尖石鄉梅花村梅花189號","核准設立"
"31866149","啤瓦多創意行銷商行","臺北市中正區金門街24巷35號","歇業／撤銷"
"31948352","八田企業社","臺北市北投區中央南路1段166號","歇業／撤銷"
"34762999","多伯特企業社","新北市淡水區大忠街79號(1樓)","核准設立"
"34762999","多伯特企業社","新北市板橋區中山路2段60巷1弄9號","核准設立"
"34782799","愛子企業社","新北市樹林區三俊街90巷6號","核准設立"
"34888907","宜佳企業社","花蓮縣吉安鄉慶豐村慶南3街234號1樓","停業"
"34926450","智誠科技工作室","新竹縣芎林鄉永興村富林路1段572巷3號","停業"
"34955861","鳳梨滿農產行","嘉義縣民雄鄉北斗村新生街１之１號一樓","核准設立"
"34961358","緯宸農產企業社","嘉義縣太保市梅埔里5鄰梅子厝35-9號","核准設立"
"36679779","新明農產","嘉義縣竹崎鄉獅埜村火炭埔１０之１６號","核准設立"
"36679779","新明農產","嘉義縣竹崎鄉獅埜村火炭埔１０之１６號","核准設立"
"36698332","廣通冷凍食品行","臺南市新市區港墘里中山路106巷11號1樓","核准設立"
"36832909","宜康食品行","臺南市仁德區仁德里文南街56號2樓","核准設立"
"36832909","宜康食品行","臺南市仁德區仁德里文南街56號2樓","歇業／撤銷"
"36908230","國榮生鮮食品","高雄市岡山區大仁南路１６６號１樓","核准設立"
"36908230","國榮生鮮食品","高雄市岡山區大仁南路１６６號１樓","核准設立"
"36952805","仕達水產企業行","高雄市鳳山區過埤路１０７號１樓","核准設立"
"37560383","阿中商行","臺南市安南區安順里開安二街47號1樓","核准設立"
"37562360","陳柏慶商行","臺南市佳里區六安里六安街137號","核准設立"
"37583175","小作行","臺南市東區泉南里林森路1段151號15樓","停業"
"37592809","龍春水產行","臺南市將軍區鯤鯓里鯤鯓56之1號","核准設立"
"37596538","嚼嚼企業","臺南市永康區永康里文化路42號1樓","核准設立"
"37663326","吉品食品企業","澎湖縣馬公市菜園59號1樓","核准設立"
"37703262","上佳屠宰場","嘉義市西區頭港里育人路３８１巷５１號一樓","核准設立"
"37728046","春圓農產行","臺東縣東河鄉尚德村前寮路七十九號","核准設立"
"37734912","日出禾作社","臺東縣關山鎮電光里中興五十二號","核准設立"
"37735118","幸福食堂企業社","臺東縣東河鄉興昌村興昌路九十八號","核准設立"
"37744670","萬和行","臺南市玉井區玉田里民生路267號1樓","核准設立"
"37744828","毛煮媳食品行","臺南市永康區勝利里中華一路272巷37號1樓","歇業／撤銷"
"37748205","六合成商行","臺南市新營區新南里新北五街145號1樓","核准設立"
"37748205","六合成商行","臺南市新營區護鎮里118之1號","核准設立"
"37748205","六合成商行","臺南市新營區新南里新北五街145號1樓","核准設立"
"37811868","珍饌企業社","桃園市龜山區南上里民生北路一段492號1樓","核准設立"
"37838091","大蘭陽食品企業行","宜蘭縣礁溪鄉德陽村德陽街19號五樓","核准設立"
"37890976","順泰水產商行","新北市三重區安慶街54號3樓","核准設立"
"37899300","雙荷食堂","新北市樹林區佳園路3段452號8樓","核准設立"
"37902023","孝昌商行","新北市三峽區民生街186號(2樓59號攤位)","核准設立"
"37911732","品鑫實業商行","新北市樹林區新興街19巷28號","核准設立"
"37945418","玄同企業社","新竹縣橫山鄉橫山村中豐路一段96巷8弄2號1樓","核准設立"
"38463515","花?山外燴城","臺北市松山區八德路4段123號2樓之4","歇業／撤銷"
"38470282","玉岑企業社","臺北市中山區長安東路2段169之6號5樓之3","歇業／撤銷"
"38556632","廣灃水產行","臺北市萬華區西園路2段281巷18號1樓","核准設立"
"38580106","及第貿易商行","臺北市中山區中山北路2段85巷15號","核准設立"
"38671801","美華不動產房屋","高雄市前鎮區瑞和街３８巷２２號","核准設立"
"38689540","佳樂農產行","高雄市旗山區旗文路１４４之２號","核准設立"
"38720660","布緯食聊企業社","高雄市苓雅區和平二路３２２巷１弄３７號","核准設立"
"38815005","石圍墻休閒農場","苗栗縣公館鄉福基村6鄰福基143之3號1樓","核准設立"
"38815005","石圍牆休閒農場","苗栗縣公館鄉福基村6鄰福基143之3號1樓","核准設立"
"38867690","漫漫生活商行","臺中市大里區日新里中興路二段６５４巷３２號一樓","核准設立"
"38927304","聚增食品行","彰化縣田中鎮頂潭里員集路3段450號","歇業／撤銷"
"38927304","聚增食品行","彰化縣田中鎮頂潭里員集路3段450號","核准設立"
"38927917","詰園商行","彰化縣鹿港鎮洋厝里鹿草路3段381號","核准設立"
"38929703","阿夷庄林企業社","彰化縣彰化市阿夷里建國東路170號2樓","歇業／撤銷"
"38931855","吉益農產加工社","彰化縣田尾鄉正義村中正路1段442號","核准設立"
"38934179","丸港企業社","彰化縣福興鄉福興村福興路62-191號","核准設立"
"38981284","豐禾有機商行","苗栗縣後龍鎮南港里5鄰南北坑43-5號1樓","核准設立"
"39680574","意添農產行","苗栗縣苑裡鎮田心里田心50-22號1樓","核准設立"
"39810289","盛馨商行","臺中市西屯區逢甲里福星路６５１號１樓","停業"
"39839075","秝洋商行","臺中市潭子區栗林里中山路三段６２５號","歇業／撤銷"
"39865875","元毅商行","雲林縣元長鄉長南村中山路3之25號","核准設立"
"39877680","享鴻食品行","苗栗縣苑裡鎮苑坑里2鄰21之21號1樓","核准設立"
"39918562","布蕾克莊園","南投縣魚池鄉東池村魚池街229號","核准設立"
"39919345","鉅滋茶業","南投縣鹿谷鄉竹豐村光復路31之10號一樓","核准設立"
"40716874","由心設計","臺南市永康區勝利里勝利街42巷20號1樓","核准設立"
"40716874","由心設計","臺南市永康區勝利里勝利街42巷20號1樓","停業"
"40726866","芒果先生農產行","臺南市玉井區望明里公館14號","核准設立"
"40727582","芬多餐飲店","臺南市永康區中華里忠孝路9號1樓","歇業／撤銷"
"40731805","清吉爺爺水產行","臺南市七股區城內里城內96之6號1樓","歇業／撤銷"
"40745343","真好味貢丸商店","臺南市中西區西湖里頂美三街241巷22號1樓","核准設立"
"40797799","海興冷凍食品行","屏東縣東港鎮興東里興東路52之10號","核准設立"
"40830468","卉羚藝術工作坊","臺東縣臺東市中心里長安街二九五號一樓","核准設立"
"40873634","青郁企業社","臺南市永康區二王里中山南路568巷1弄12號1樓","核准設立"
"40874269","東品商行","臺南市東區富強里東門路2段301巷80弄29號1樓","核准設立"
"40874319","深白曙光工房","臺南市東區大智里長東街145巷16號1樓","核准設立"
"40874887","大丘園農場","臺南市北區和順里臨安路2段249巷22之4號","核准設立"
"40875632","哈樂味香腸專賣店","臺南市南區府南里大成路2段5號1樓","核准設立"
"40875632","哈樂味香腸專賣店","臺南市南區府南里大成路2段5號1樓","歇業／撤銷"
"40981654","在來醬號","新竹縣湖口鄉湖鏡村湖口老街226號","核准設立"
"41010805","禮山人企業社","花蓮縣富里鄉豐南村四維１６號","核准設立"
"41010805","禮山人企業社","花蓮縣富里鄉豐南村四維１６號","核准設立"
"41037023","家勝企業社","桃園市八德區廣興里廣興路980巷23之1號","歇業／撤銷"
"41038493","宇之屋食品行","桃園市桃園區會稽里興二街92巷21弄2號","核准設立"
"41053515","卡斯伯企業社","新北市新莊區五工三路78巷16號","核准設立"
"41060728","雅君麵包現烤烘培坊","新北市三重區自強路一段133號(1樓)","核准設立"
"41065771","這係韓企業社","新北市新莊區和平里思源路419巷1弄25號2樓","停業"
"41065771","這係韓企業社","新北市新莊區和平里思源路419巷1弄25號2樓","停業"
"41089801","二十張桌食坊","新北市新店區二十張路73號(1樓)","核准設立"
"41198694","黔味企業社","宜蘭縣五結鄉福興村中福南路6-11號一樓","核准設立"
"41219240","明星食品行","新竹市香山區美山里中華路五段320巷5弄29號一樓","核准設立"
"41253669","好味甜不辣店","基隆市仁愛區獅球路36號1樓","核准設立"
"41305391","高雄巧農糧油行","高雄市鼓山區華豐街１２４巷９號１０樓","核准設立"
"41308952","食草山房商行","高雄市美濃區福美路２巷１號１樓","核准設立"
"41310937","美農石頭屋工作坊","高雄市三民區民禮路８１之１號８樓","核准設立"
"41313033","餓了素食食品","高雄市三民區九如一路４３２號２樓","核准設立"
"41316833","馮豐商行","高雄市鼓山區九如四路２０１４巷４３號","核准設立"
"41316833","馮豐商行","高雄市大寮區光華路２９８巷５９之１號１樓","核准設立"
"41357192","米酪商行","基隆市七堵區自強里自強路96號2樓","核准設立"
"41357307","瑞豐冷凍食品行","基隆市七堵區明德一路330號","核准設立"
"41368037","甦活食品","新北市林口區民族路199號6樓","核准設立"
"41379858","頂豊肉品企業社","新北市新店區五?路７０巷１１號２樓","核准設立"
"41387864","易洋企業社","新北市板橋區僑中一街１０２巷７弄２之２號","核准設立"
"41393198","興福泰食品行","新北市中和區員山路611巷4弄33之3號(2樓)","核准設立"
"38821061","源晟水產行","雲林縣口湖鄉湖東村民主路15之2號1樓","核准設立"
"37997055","禾昇有機商行","花蓮縣花蓮市國慶里中山路1段109巷41弄12號","核准設立"
"31848059","寶瓶企業社","臺北市中山區松江路45巷3號","核准設立"
"40830024","駱駝小吃部","臺東縣臺東市仁愛里福建路三十號","核准設立"
"40651653","新興海產行","宜蘭縣頭城鎮大溪里濱海路五段一五八號","核准設立"
"40738201","傑克香草莊園","臺南市善化區坐駕里自立路111巷5號1樓","核准設立"
"40723517","統饌水產商行","臺南市佳里區六安里林園街212之5號11樓","核准設立"
"37729299","八根茅農畜產品企業社","臺東縣鹿野鄉鹿野村和平路二十七號一樓","核准設立"
"41402669","樂予正能量工作室","新北市新店區北宜路1段121之9號7樓","核准設立"
"41532804","丸朝海產加工廠","宜蘭縣蘇澳鎮南安里南安路40號","核准設立"
"45222386","東昌冷凍鮮食品加工廠","雲林縣東勢鄉昌南村安南路一二二之ㄧＯ二號","歇業／撤銷"
"45235973","千苗企業社","雲林縣斗六市林頭里榮譽路四Ｏ號一樓","核准設立"
"45298152","崇友食品廠","雲林縣斗南鎮小東里大業路四六號","廢止"
"45300376","味宏食品行","臺中市大甲區頂店里中山路１段１２１０巷９號１樓","核准設立"
"45343023","大千企業社","南投縣埔里鎮北門里民權路７３號一樓","核准設立"
"45764086","聖元食品廠","雲林縣褒忠鄉中民村中正路289號","核准設立"
"45767470","笠靖生物科技企業社","雲林縣崙背鄉港尾村新鎮路117號1樓","核准設立"
"45771397","芳明食品行","雲林縣斗六市保庄里建興路111巷9號","停業"
"45776914","泰簧雕塑創藝坊","雲林縣土庫鎮石廟里復興路15巷7號","核准設立"
"45829779","鉅加工業社","臺中市外埔區三崁里二崁路３－６號","核准設立"
"45845320","厚嘉食品商行","臺中市南區樹德里大慶街二段9巷32號1樓","停業"
"45864120","吃吃看魚鬆舖","臺中市南屯區新生里環中路四段2號展C7,8區","核准設立"
"46036760","元新醬園","新竹市北區金雅里東大路二段四四六巷二八二號","核准設立"
"47350956","海洋冷凍食品行","南投縣魚池鄉水社村中山路128號","核准設立"
"47367719","牧誠食品行","彰化縣溪湖鎮湖東里興學街14號","核准設立"
"47390182","月雲商行","雲林縣西螺鎮中和里修文路16號1樓","核准設立"
"47427337","上埔泡菜小舖","苗栗縣頭份市上埔里11鄰興隆路196號","核准設立"
"48534996","正佳企業社","臺北市中山區長春路348之4號6樓","歇業／撤銷"
"49143201","東和食品工廠","苗栗縣苗栗市綠苗里僑育街7號","歇業／撤銷"
"49756714","裕豐食品加工廠","苗栗縣大湖鄉大寮村八鄰舊糖廠一０之二號","核准設立"
"49801561","大湖草莓農場","苗栗縣獅潭鄉竹木村北庄11-2號","核准設立"
"52517581","連城農產加工廠","臺中市大雅區大楓里雅潭路四段３７０巷１１８號１樓","核准設立"
"59460009","中興醬園","彰化縣田中鎮南路里中州路１段２３５號","核准設立"
"60361885","尚浩海產加工廠","澎湖縣馬公市陽明里新生路１３６號１樓","核准設立"
"62914552","建榮農產加工廠","嘉義縣大林鎮中林里１５鄰中林７４之５０號","核准設立"
"64169708","三珍醬油工廠","雲林縣西螺鎮廣福里新街路四０號","核准設立"
"67743570","巧福食品行","彰化縣北斗鎮中寮里中寮一路70巷33號","核准設立"
"68374309","溪仔香腸熟肉專賣店","臺南市中西區民權里金華路4段110號","核准設立"
"73736176","佳美實業社","臺南市永康區永康里永大五路151號1樓","核准設立"
"74917371","晉領企業社","臺東縣成功鎮忠仁里港邊路十四號一樓","核准設立"
"75768503","聯豐食品工廠","高雄市苓雅區林森２路１０６巷１０號","核准設立"
"77006137","勝吉行","高雄市大寮區會社里鳳林三路９－４號（限一樓）","核准設立"
"77187572","吉盛行","澎湖縣馬公市陽明里北辰街20號(魚蝦類1B49攤位)","核准設立"
"78102572","賀凱農技企業社","南投縣埔里鎮珠格里珠生路三三巷一二六號","核准設立"
"78472574","卜健食品行","臺南市新營區民榮里新榮六街50號","核准設立"
"78750540","翔傑企業社","連江縣南竿鄉介壽村七十一號","核准設立"
"78760499","玄宇商號","臺東縣臺東市豐田里中興路四段二巷三九０號一樓","核准設立"
"80755704","佳豐食品廠","桃園市大園區埔心里18鄰92之17號","核准設立"
"80799647","美美海產專賣店","澎湖縣馬公市光明里信義路２７號","核准設立"
"81981926","菁津醬園","南投縣草屯鎮新庄里芬草路二段363巷10號一樓","核准設立"
"83659748","蕭記食品企業社","高雄市橋頭區鹽南路１７號","核准設立"
"88835625","國柱商號","雲林縣斗南鎮西岐里六合街七五號","核准設立"
"92813399","長燊煤氣行","彰化縣芬園鄉茄荖村芬草路1段582號","核准設立"
"93311606","復盛醬園","臺東縣臺東市新興里鐵花路一七四巷三十五號一樓","歇業／撤銷"
"93835343","鹽水鎮冷凍肉雞產銷班肉雞電宰廠","臺南市鹽水區孫厝里孫厝寮4之9號","核准設立"
"96625242","東興海產加工廠","澎湖縣馬公市烏崁里１２８之３號","歇業／撤銷"
"96684987","吉安商號","澎湖縣望安鄉東安村81號","核准設立"
"97605048","大同食品廠","雲林縣斗南鎮將軍里將軍150號1樓","核准設立"
"97608684","利順肉商號","雲林縣西螺鎮正興里建興路六Ｏ之一二號一樓","核准設立"
"97879258","安記食品廠","臺中市龍井區龍崗里竹師路二段１１２巷３６號１樓","核准設立"
"99419920","金品剝皮辣椒","花蓮縣鳳林鎮鳳義里水源路13號1樓","核准設立"
"99623161","金昌商行","臺北市內湖區新明路267號1樓","歇業／撤銷"
"99723788","馮記肉品行","高雄市左營區果貿公有零售市場乙字第３４號畜肉類攤位","核准設立"
"99723788","馮記肉品行","高雄市左營區果貿公有零售市場乙字第３４號畜肉類攤位","核准設立"
"38725270","育銓食品行","高雄市湖內區新興街３４巷６號","核准設立"
"38756815","菈菈手工創意坊","彰化縣員林市大饒里員集路2段244巷100弄13號","核准設立"
"38756815","菈菈手工創意坊","彰化縣員林市大饒里員集路2段244巷100弄13號","核准設立"
"38763822","泳富食品","彰化縣彰化市福山里山中街81巷47弄1號","核准設立"
"38764505","紀氏美味商行","彰化縣彰化市莿桐里彰水路99巷169號","核准設立"
"38783876","金圓食品行","雲林縣土庫鎮石廟里復興路66號","核准設立"
"38785419","德顏農產行","雲林縣古坑鄉田心村田心45之1號1樓","核准設立"
"38789251","正?水產行","雲林縣麥寮鄉後安村後安５８號","核准設立"
"38794228","建全商行","雲林縣口湖鄉蚵寮村蚵寮路311號","核准設立"
"38883798","加好運食品行","南投縣南投市平山里仁和路1之1號","核准設立"
"38984212","鮮活農產商行","苗栗縣公館鄉石墻村13鄰石墻268-1號","歇業／撤銷"
"39700396","兆翔美食家","南投縣竹山鎮桂林里中正新村10號一樓","核准設立"
"39704273","不完美原創工作室","雲林縣北港鎮新街里公園路277之1號1樓","核准設立"
"39704766","南洋行","雲林縣虎尾鎮平和里光明路73巷21號","核准設立"
"39757995","新川食品廠","臺中市北屯區軍功里一新一街５弄１８號１樓","核准設立"
"39769471","奇緣食品行","彰化縣溪州鄉菜公村民生路1段592號1樓","核准設立"
"39769471","奇緣食品行","彰化縣溪州鄉菜公村民生路1段592號1樓","歇業／撤銷"
"39771568","三新企業社","彰化縣彰化市文化里永安街136巷25號","停業"
"39771883","吉益農產加工社","彰化縣田尾鄉正義村中正路1段442號","歇業／撤銷"
"39817305","品宸食品行","臺中市潭子區潭興路二段２３２號","歇業／撤銷"
"39825950","南師傅食品社","臺中市大里區仁化里仁美路３３號１樓","歇業／撤銷"
"40554456","連大魚行","宜蘭縣頭城鎮大里里大里路６９號","核准設立"
"40566875","德合記食品廠","宜蘭縣礁溪鄉龍潭村龍泉路六九巷十八號","核准設立"
"40660718","花芽兒商行","臺中市西區昇平里民生路３６８巷２弄３號２樓","核准設立"
"40714030","哲宣鮮果社","臺南市玉井區玉田里中華路29號1樓","核准設立"
"40743942","喬馨食品坊","臺南市安南區安富里郡安路5段164巷14弄15號1樓","核准設立"
"40799353","津麗農坊實業","屏東縣東港鎮下?里下?路127之3號","核准設立"
"40828272","嘎拉喇工作坊","臺東縣海端鄉海端村初來路二十九號之一","核准設立"
"40828907","吉瓜愛食品餐飲舖","臺東縣池上鄉富興村水墜六十二之一號","核准設立"
"40861953","好味饌商行","臺南市南區金華里健康路2段377號1樓","核准設立"
"40862812","馨香手工水餃","臺南市南區府南里大成路2段59號1樓","核准設立"
"40871538","天宇企業社","臺南市永康區甲頂里中華路917號1樓","核准設立"
"40874562","鄉沁廚房","臺南市安南區國安里郡安路6段111巷29號1樓","核准設立"
"41069447","北屋商行","新北市深坑區北深路一段112巷5弄10號(1樓)","歇業／撤銷"
"41069447","北屋商行","新北市深坑區北深路一段112巷5弄10號(1樓)","核准設立"
"41098554","驛陞企業社","新北市三峽區介壽路1段420巷4號","核准設立"
"41157981","東東食品批發行","連江縣南竿鄉介壽村29號","核准設立"
"41158193","柒號商行","連江縣南竿鄉福沃村128-1號3樓","核准設立"
"41194971","馥味食品企業社","宜蘭縣礁溪鄉三民村礁溪路三段18號","核准設立"
"41300760","品萓企業社","高雄市鳳山區青年路二段５９８巷３４號","歇業／撤銷"
"41300760","品萓企業社","高雄市鳳山區青年路二段５９８巷３４號","核准設立"
"41311112","仁美好物嚴選商行","高雄市旗山區兩界巷２３之３號","核准設立"
"41366018","辣娘娘美食館","新北市蘆洲區民族路422巷15弄5之1號4樓","核准設立"
"41376775","優美利思生技事業社","新北市蘆洲區信義路266巷24弄9號(1樓)","核准設立"
"41382903","王記地瓜企業社","新北市樹林區保安街1段16巷33號","核准設立"
"41459178","小農有機日記商行","花蓮縣鳳林鎮鳳信里中正路一段３６５號","核准設立"
"41461168","明麗農產行","花蓮縣壽豐鄉月眉村月眉二段35號","核准設立"
"45298441","上園農產食品加工廠","雲林縣斗南鎮小東里大業路四八號","歇業／撤銷"
"45529371","龍宏農產食品加工廠","雲林縣林內鄉烏麻村永昌1之60號","核准設立"
"45783289","金利食品行","雲林縣元長鄉長南村中山路二六一號之一","核准設立"
"45810510","正龍農產行","彰化縣田中鎮北路里員集路２段６２３巷２０弄１０號１樓","核准設立"
"45810510","正龍農產行","彰化縣田中鎮北路里員集路２段６２３巷２０弄１０號１樓","核准設立"
"47037534","正大益醬園","新竹市北區新雅里和平路219巷1弄1號　　　　　　　　　","歇業／撤銷"
"47037534","正大益醬園","新竹市北區新雅里和平路219巷1弄1號","核准設立"
"48998670","百吉企業社","臺北市南港區南港路3段80巷55號1樓","核准設立"
"59187966","瑞津實業社","彰化縣彰化市莿桐里彰水路183巷6號","核准設立"
"59661126","海山蜜餞行","彰化縣員林市林厝里大饒路１６９號","核准設立"
"60292467","協昌蜜餞行","彰化縣員林市崙雅里崙雅巷１之２８號","核准設立"
"62916340","順鳳料理食品行","臺南市東山區三榮里許秀才9之3號","歇業／撤銷"
"62940355","酒江街洋菸酒專賣店","臺東縣臺東市豐谷里漢陽北路一九九號","核准設立"
"66553903","萬泰山產行","嘉義縣水上鄉三界村三界埔155之4號","核准設立"
"66961915","頂成商行","新北市樹林區俊英街１１６巷９號（１樓）","歇業／撤銷"
"67949524","濟民行","花蓮縣玉里鎮永昌里新生街２號〈限１樓營業〉","核准設立"
"74718942","福成醬園","臺南市佳里區佳化里佳里興46之2號","核准設立"
"78106205","埔里農產企業社","南投縣埔里鎮蜈蚣里中山路一段一七八之二號","核准設立"
"78826859","信泰企業社","桃園市平鎮區復興里民族路二段８９巷１２號１樓","核准設立"
"78922305","全欣肉品專賣店","雲林縣西螺鎮正興里興農西路六六號一樓","核准設立"
"78922847","永惠商行","雲林縣口湖鄉蚵寮村蚵寮路251巷50號","核准設立"
"80804249","黑潮特產行","澎湖縣馬公市中央里中央街１巷３號１樓","核准設立"
"80807246","上琦的店","澎湖縣白沙鄉赤崁村大赤崁３６７－３號１樓","核准設立"
"80939773","樹林酒廠","新北市樹林區中正路６４２巷１９號","核准設立"
"81659285","華楓太興腊味食品行","新北市汐止區福德一路392巷33號","核准設立"
"81659285","華楓太興腊味食品行","臺北市南港區忠孝東路7段545號2樓","遷他縣市"
"83926007","茂億食品行","臺北市中山區民族東路410巷2弄16號1樓","核准設立"
"87844371","桶頭竹筍加工廠","南投縣竹山鎮鯉南路三０九之三號","停業"
"88855620","川璟企業社","新竹縣竹北市鹿場里成功九街91號1F","遷他縣市"
"88855620","川璟企業社","新竹市東區南門里勝利路一二六號四樓之一七","遷他縣市"
"88855620","川璟企業社","新竹縣竹北市鹿場里成功九街91號1F","核准設立"
"88855620","川璟企業社","新竹市東區復興里中央路309巷30號一樓","核准設立"
"92831349","泉溢蛋類食品工廠","雲林縣林內鄉林中村新興路五八之一四號一樓","核准設立"
"93828434","毓泰商號","臺南市後壁區後壁里168之20號1樓","核准設立"
"95870858","富統冷凍食品行","新北市土城區日新街５２號","停業"
"98857268","育正肉品行","臺中市豐原區翁子里豐勢路１段３７９巷２號","核准設立"
"99289692","鳳靖商行","臺南市安南區安順里開安二街47號1樓","歇業／撤銷"
"99640801","坤華商行","臺北市士林區大北路22號1樓","歇業／撤銷"
"99870253","秀水渡假別館","南投縣魚池鄉魚池村秀水巷25-6.25-7.25-8號","歇業／撤銷"
"99894500","天寶農產青草坊","南投縣國姓鄉福龜村長壽巷二號","核准設立"
"99942236","華秝有機油坊","南投縣埔里鎮東門里忠孝路250號","核准設立"
"40995101","澄品企業社","新竹市北區南寮里東大路四段221號","核准設立"
"41009933","富世農產行","花蓮縣秀林鄉富世村富世271號1樓","核准設立"
"41034454","本沅企業社","桃園市大溪區一德里文化路273巷1號1樓","核准設立"
"41040131","鈺庭食品行","桃園市平鎮區湧豐里雅豐街19巷20號1樓","停業"
"41041315","欣安企業社","桃園市平鎮區華安里平東路246巷6弄10號1樓","核准設立"
"41063936","粲珍食品行","新北市新莊區化成路363巷19號(2樓)","核准設立"
"41075193","有紋小商鋪","新北市新店區中央路133巷13號","核准設立"
"41086728","拓德威烘培坊新莊分店","新北市新莊區中和街123號(1樓)","核准設立"
"41088789","品冠食品行","新北市永和區仁愛路205巷8號","核准設立"
"41091617","樺毅工作坊","新北市蘆洲區信義路188巷19號(2樓)","停業"
"41091617","樺毅工作坊","新北市蘆洲區信義路188巷19號(2樓)","停業"
"41220345","丸楊摃丸號","新竹市北區崇禮里集福街39巷2號","核准設立"
"41298357","明和食品行","高雄市鳳山區林森路３２９巷２７號","核准設立"
"41300059","勝鴻家禽農場","高雄市橋頭區筆秀路廟前巷３０號１樓","核准設立"
"41300059","勝鴻農場","高雄市橋頭區筆秀路廟前巷３０號１樓","停業"
"41305370","味四季食品行","高雄市新興區七賢一路４２６號７樓","核准設立"
"41307047","鼎葉津食品行","高雄市左營區勝利路１６１號１樓","核准設立"
"41314461","聖王食品行","高雄市湖內區中山路二段２２６巷５弄１２號１樓","核准設立"
"41329529","興紀食品行","高雄市岡山區竹圍里大仁北路５６巷８號","核准設立"
"41330770","味魔方產品設計工作室","高雄市苓雅區和平一路１４７之４號６樓","核准設立"
"41370744","創新手作食品行","新北市新莊區中港路504號12樓","歇業／撤銷"
"41370744","創新手作食品行","新北市新莊區中港路504號12樓","核准設立"
"41370744","創新手作食品行","新北市新莊區中港路504號12樓","核准設立"
"41383966","旺旺美食坊","新北市林口區竹林路446巷3弄1號","核准設立"
"41396890","德默特爾烘焙坊","新北市新莊區五權一路80號(1樓)","歇業／撤銷"
"41396890","德默特爾烘焙坊","新北市新莊區五權一路80號(1樓)","核准設立"
"41399290","五虎神將商行","新北市萬里區孝七街22號(1樓)","核准設立"
"41399828","春合工坊","新北市三重區正義南路３９號二樓","核准設立"
"41460082","吉羽計劃工作室","花蓮縣瑞穗鄉舞鶴村迦納納二路１６９號1樓","核准設立"
"41460442","觀心農產行","花蓮縣秀林鄉富世村富世271號1樓","核准設立"
"42020680","吉城熱炒小吃店","新北市三峽區復興路179號","核准設立"
"42020680","吉城企業社","新北市三峽區復興路179號","核准設立"
"42271172","日隆商行","臺北市南港區忠孝東路6段269巷4弄1號","核准設立"
"40998037","一番山食品企業社","新竹市東區東山里東山街27巷17號二樓","核准設立"
"40831348","長興企業社","臺東縣關山鎮豐泉里自由路十二號一樓","核准設立"
"45258519","永乙行","南投縣魚池鄉東池村文武巷22之1號","核准設立"
"45320611","螺香農產加工廠","雲林縣崙背鄉崙前村溪底路五七號","核准設立"
"45320703","永鑫冷凍食品商行","臺中市神岡區北庄里中山路1010巷2-3號1樓","核准設立"
"45347246","鴻昌食品","南投縣埔里鎮南村里桃南路７３號一樓","停業"
"45412956","東懋行","南投縣魚池鄉大雁村大雁巷３１－１號﹝僅供辦公室使用現場不得堆棧﹞","歇業／撤銷"
"45625326","家豐商行","苗栗縣苗栗市上苗里長安街105號","核准設立"
"45645293","億豐食品工廠","彰化縣溪湖鎮中山里成功路田寮巷95號","核准設立"
"45761807","慶豐屠宰場","雲林縣元長鄉西莊村12鄰西庄109-17號","核准設立"
"45763707","日嘉農產行","雲林縣斗六市虎溪里西平路901巷11弄11號1樓","核准設立"
"45766774","曾家莊食品廠","雲林縣西螺鎮正興里福安街111號1樓、113號1樓","核准設立"
"45768013","里恩行","雲林縣大埤鄉怡然村怡美路5之3號1樓","核准設立"
"45768631","松柏坑農園台灣咖啡小館","雲林縣斗六市社口里六合街40號","停業"
"45771093","尚園農產食品加工廠","雲林縣崙背鄉羅厝村東興72之7號","核准設立"
"45790438","穎泉企業社","雲林縣東勢鄉昌南村安南路一二二之一Ｏ二號","核准設立"
"45833963","金大立食品行","臺中市北屯區同榮里昌平路2段197-35號1樓","歇業／撤銷"
"45847875","海大佬美食工坊","臺中市南屯區大業里大墩十二街102號14樓","核准設立"
"47288150","順興號肉脯店","新竹市北區福林里東大路二段士林市場內11號","核准設立"
"47350597","穆芮國際企業社","南投縣埔里鎮北門里中山路二段289號3樓之29","核准設立"
"57960838","雙帆企業行","高雄市旗津區中洲2路163號1樓","歇業／撤銷"
"66368105","元泉益食品工廠","嘉義縣布袋鎮見龍里內田３８號","核准設立"
"66939718","玉葉水果行","新北市中和區秀峰街91號1樓","核准設立"
"67894210","正和臘味食品行","宜蘭縣五結鄉利澤村利成路二段一二五號一樓","核准設立"
"70979938","優墾產銷商行","臺北市大安區忠孝東路3段136號10樓之3","核准設立"
"70979938","潤通便利商店","高雄市六龜區義寶里維新街６３號一樓","遷他縣市"
"72041260","維味香食品工廠","臺南市六甲區龜港里龜子港142號","核准設立"
"72041260","維味香食品工廠","臺南市六甲區龜港里龜子港142號","核准設立"
"72090091","鳳城食品廠","臺南市新化區協興里太平街150巷129號1樓","核准設立"
"73047946","永信加工廠","臺南市永康區永康里永大路789巷34號","核准設立"
"76759593","星沙齋商行","臺北市文山區木新路3段310巷12弄12號4樓","核准設立"
"76759593","星沙齋商行","新北市新店區寶慶街４０號１樓","遷他縣市"
"77586228","正昇食品行","臺中市南區樹義里樹義２街２２號","核准設立"
"78116512","杜康行","南投縣魚池鄉東池村平正巷56-12號一樓","核准設立"
"80802137","宏揚企業社","澎湖縣湖西鄉南寮村南寮１８７之１號１樓","核准設立"
"80803797","一品興業食品廠","澎湖縣馬公市中央里中山路75號(1樓)","停業"
"80806719","明宏海產加工廠","澎湖縣馬公市時裡里漁工新村１５號１樓","核准設立"
"80808580","宏展海產行","澎湖縣湖西鄉龍門村良文港１１９－４６號１樓","核准設立"
"80809027","龍香干貝醬","澎湖縣馬公市光明里忠孝路５２號１樓","核准設立"
"81878140","嘉新免洗餐具行","高雄市仁武區南勢巷６之１號","核准設立"
"85645360","淵仁素齋加工廠","高雄市大社區三奶里三民路３２１巷３２號","核准設立"
"87098901","金全珍醬油廠","高雄市旗山區竹峰里中山路１９０號","停業"
"88820382","宏田農產行","雲林縣二崙鄉三和村三塊厝一０三之八０號","核准設立"
"93984510","唯軒食品行","高雄市大寮區新厝里鳳林二路２９３之６７號","核准設立"
"98716872","千恆國際企業社","高雄市前鎮區盛興里三多３路１６５號３樓之１","歇業／撤銷"
"98913085","銀湯匙泰式自助主題餐廳","臺北市松山區南京東路4段21之1號1樓","遷他縣市"
"98913085","銀湯匙泰式自助主題餐廳","新北市中和區立德街88號(1樓)","核准設立"
"98943068","浤彤企業社","雲林縣虎尾鎮東屯里大屯六之四二號一樓","核准設立"
"98944876","新允農產行","雲林縣大埤鄉興安村興安64之4號","核准設立"
"98990131","兩岸漁農食品企業社","連江縣南竿鄉介壽村一三三號","核准設立"
"98991862","伏羲工作坊","連江縣南竿鄉介壽村３０９號","歇業／撤銷"
"98992150","鋒源產業服務行","連江縣北竿鄉？里村１５號","停業"
"98992166","永得昌食品批發行","連江縣南竿鄉介壽村２９號","歇業／撤銷"
"99197379","華友食品廠","高雄市仁武區竹後里鳳仁路３６９巷２８弄２７號１樓","列入廢止中"
"99295126","元健觀音亭素食批發行","新北市樹林區中正路２３４巷１６號（現場僅供辦公室使用）","核准設立"
"99666013","曾記企業社","雲林縣斗六市忠孝里內環路六０二之二號一樓","核准設立"
"99676429","香腸文食品行","南投縣埔里鎮大城里中山路３段１８６號【限辦公室使用現場不得堆棧】","核准設立"
"99805583","傑翔食品行","基隆市中正區碧砂里環港街五號一樓","歇業／撤銷"
"99854943","荷苞酒莊","雲林縣古坑鄉水碓村圳頭一號之一","核准設立"
"99899224","拂水醋莊","南投縣魚池鄉共和村五馬巷二之十五號","核准設立"
